ISO-10303-21;
HEADER;
/* Generated by software containing ST-Developer
 * from STEP Tools, Inc. (www.steptools.com) 
 */

FILE_DESCRIPTION(
/* description */ (''),
/* implementation_level */ '2;1');

FILE_NAME(
/* name */ 'bowl_support.step',
/* time_stamp */ '2026-01-02T12:12:04+01:00',
/* author */ (''),
/* organization */ (''),
/* preprocessor_version */ 'ST-DEVELOPER v20.1',
/* originating_system */ 'Autodesk Translation Framework v14.21.0.0',
/* authorisation */ '');

FILE_SCHEMA (('AUTOMOTIVE_DESIGN { 1 0 10303 214 3 1 1 }'));
ENDSEC;

DATA;
#10=MECHANICAL_DESIGN_GEOMETRIC_PRESENTATION_REPRESENTATION('',(#13),#5106);
#11=SHAPE_REPRESENTATION_RELATIONSHIP('SRR','None',#5112,#12);
#12=ADVANCED_BREP_SHAPE_REPRESENTATION('',(#14),#5105);
#13=STYLED_ITEM('',(#5121),#14);
#14=MANIFOLD_SOLID_BREP('Body35',#1737);
#15=CONICAL_SURFACE('',#1858,1.49999999999999,0.785398163397446);
#16=CONICAL_SURFACE('',#1866,1.49999999999999,0.785398163397446);
#17=B_SPLINE_SURFACE_WITH_KNOTS('',3,3,((#3581,#3582,#3583,#3584,#3585,
#3586,#3587,#3588,#3589,#3590,#3591,#3592,#3593,#3594,#3595,#3596,#3597,
#3598,#3599,#3600,#3601,#3602,#3603,#3604,#3605,#3606,#3607,#3608,#3609,
#3610,#3611,#3612,#3613,#3614,#3615,#3616,#3617),(#3618,#3619,#3620,#3621,
#3622,#3623,#3624,#3625,#3626,#3627,#3628,#3629,#3630,#3631,#3632,#3633,
#3634,#3635,#3636,#3637,#3638,#3639,#3640,#3641,#3642,#3643,#3644,#3645,
#3646,#3647,#3648,#3649,#3650,#3651,#3652,#3653,#3654),(#3655,#3656,#3657,
#3658,#3659,#3660,#3661,#3662,#3663,#3664,#3665,#3666,#3667,#3668,#3669,
#3670,#3671,#3672,#3673,#3674,#3675,#3676,#3677,#3678,#3679,#3680,#3681,
#3682,#3683,#3684,#3685,#3686,#3687,#3688,#3689,#3690,#3691),(#3692,#3693,
#3694,#3695,#3696,#3697,#3698,#3699,#3700,#3701,#3702,#3703,#3704,#3705,
#3706,#3707,#3708,#3709,#3710,#3711,#3712,#3713,#3714,#3715,#3716,#3717,
#3718,#3719,#3720,#3721,#3722,#3723,#3724,#3725,#3726,#3727,#3728)),
 .UNSPECIFIED.,.F.,.F.,.F.,(4,4),(4,1,1,1,1,1,1,1,1,1,1,1,1,1,1,1,1,1,1,
1,1,1,1,1,1,1,1,1,1,1,1,1,1,1,4),(0.,0.0260384971404528),(11.8317818718443,
12.8159284988759,13.8000751259074,14.7842217529389,15.7683683799705,16.752515007002,
17.7366616340335,18.720808261065,19.7049548880966,20.6891015151281,21.6732481421596,
22.6573947691912,23.6415413962227,24.6256880232542,25.6098346502857,26.5939812773173,
27.5781279043488,28.5622745313803,29.5464211584119,30.5305677854434,31.5147144124749,
32.4988610395065,33.483007666538,34.4671542935695,35.451300920601,36.4354475476326,
37.4195941746641,38.4037408016956,39.3878874287272,40.3720340557587,41.3561806827902,
42.3403273098217,43.3244739368533,44.3086205638848,45.2927671909163),
 .UNSPECIFIED.);
#18=B_SPLINE_SURFACE_WITH_KNOTS('',3,3,((#3906,#3907,#3908,#3909,#3910,
#3911,#3912,#3913,#3914,#3915,#3916,#3917,#3918,#3919,#3920,#3921,#3922,
#3923,#3924,#3925,#3926,#3927,#3928,#3929,#3930,#3931,#3932,#3933,#3934,
#3935,#3936,#3937,#3938,#3939,#3940,#3941,#3942),(#3943,#3944,#3945,#3946,
#3947,#3948,#3949,#3950,#3951,#3952,#3953,#3954,#3955,#3956,#3957,#3958,
#3959,#3960,#3961,#3962,#3963,#3964,#3965,#3966,#3967,#3968,#3969,#3970,
#3971,#3972,#3973,#3974,#3975,#3976,#3977,#3978,#3979),(#3980,#3981,#3982,
#3983,#3984,#3985,#3986,#3987,#3988,#3989,#3990,#3991,#3992,#3993,#3994,
#3995,#3996,#3997,#3998,#3999,#4000,#4001,#4002,#4003,#4004,#4005,#4006,
#4007,#4008,#4009,#4010,#4011,#4012,#4013,#4014,#4015,#4016),(#4017,#4018,
#4019,#4020,#4021,#4022,#4023,#4024,#4025,#4026,#4027,#4028,#4029,#4030,
#4031,#4032,#4033,#4034,#4035,#4036,#4037,#4038,#4039,#4040,#4041,#4042,
#4043,#4044,#4045,#4046,#4047,#4048,#4049,#4050,#4051,#4052,#4053)),
 .UNSPECIFIED.,.F.,.F.,.F.,(4,4),(4,1,1,1,1,1,1,1,1,1,1,1,1,1,1,1,1,1,1,
1,1,1,1,1,1,1,1,1,1,1,1,1,1,1,4),(0.,0.0260384971404528),(14.3974932272898,
15.3816398543213,16.3657864813528,17.3499331083844,18.3340797354159,19.3182263624474,
20.3023729894789,21.2865196165105,22.270666243542,23.2548128705735,24.2389594976051,
25.2231061246366,26.2072527516681,27.1913993786997,28.1755460057312,29.1596926327627,
30.1438392597942,31.1279858868258,32.1121325138573,33.0962791408888,34.0804257679204,
35.0645723949519,36.0487190219834,37.032865649015,38.0170122760465,39.001158903078,
39.9853055301095,40.9694521571411,41.9535987841726,42.9377454112041,43.9218920382357,
44.9060386652672,45.8901852922987,46.8743319193302,47.8584785463618),
 .UNSPECIFIED.);
#19=B_SPLINE_SURFACE_WITH_KNOTS('',3,3,((#4259,#4260,#4261,#4262,#4263,
#4264,#4265,#4266,#4267,#4268,#4269,#4270,#4271,#4272,#4273,#4274,#4275,
#4276,#4277,#4278,#4279,#4280,#4281,#4282,#4283,#4284,#4285,#4286,#4287,
#4288,#4289,#4290,#4291,#4292,#4293,#4294,#4295),(#4296,#4297,#4298,#4299,
#4300,#4301,#4302,#4303,#4304,#4305,#4306,#4307,#4308,#4309,#4310,#4311,
#4312,#4313,#4314,#4315,#4316,#4317,#4318,#4319,#4320,#4321,#4322,#4323,
#4324,#4325,#4326,#4327,#4328,#4329,#4330,#4331,#4332),(#4333,#4334,#4335,
#4336,#4337,#4338,#4339,#4340,#4341,#4342,#4343,#4344,#4345,#4346,#4347,
#4348,#4349,#4350,#4351,#4352,#4353,#4354,#4355,#4356,#4357,#4358,#4359,
#4360,#4361,#4362,#4363,#4364,#4365,#4366,#4367,#4368,#4369),(#4370,#4371,
#4372,#4373,#4374,#4375,#4376,#4377,#4378,#4379,#4380,#4381,#4382,#4383,
#4384,#4385,#4386,#4387,#4388,#4389,#4390,#4391,#4392,#4393,#4394,#4395,
#4396,#4397,#4398,#4399,#4400,#4401,#4402,#4403,#4404,#4405,#4406)),
 .UNSPECIFIED.,.F.,.F.,.F.,(4,4),(4,1,1,1,1,1,1,1,1,1,1,1,1,1,1,1,1,1,1,
1,1,1,1,1,1,1,1,1,1,1,1,1,1,1,4),(0.,0.0260384971404528),(11.8317818718443,
12.8159284988759,13.8000751259074,14.7842217529389,15.7683683799705,16.752515007002,
17.7366616340335,18.720808261065,19.7049548880966,20.6891015151281,21.6732481421596,
22.6573947691912,23.6415413962227,24.6256880232542,25.6098346502858,26.5939812773173,
27.5781279043488,28.5622745313803,29.5464211584119,30.5305677854434,31.5147144124749,
32.4988610395065,33.483007666538,34.4671542935695,35.451300920601,36.4354475476326,
37.4195941746641,38.4037408016956,39.3878874287272,40.3720340557587,41.3561806827902,
42.3403273098218,43.3244739368533,44.3086205638848,45.2927671909163),
 .UNSPECIFIED.);
#20=B_SPLINE_SURFACE_WITH_KNOTS('',3,3,((#4584,#4585,#4586,#4587,#4588,
#4589,#4590,#4591,#4592,#4593,#4594,#4595,#4596,#4597,#4598,#4599,#4600,
#4601,#4602,#4603,#4604,#4605,#4606,#4607,#4608,#4609,#4610,#4611,#4612,
#4613,#4614,#4615,#4616,#4617,#4618,#4619,#4620),(#4621,#4622,#4623,#4624,
#4625,#4626,#4627,#4628,#4629,#4630,#4631,#4632,#4633,#4634,#4635,#4636,
#4637,#4638,#4639,#4640,#4641,#4642,#4643,#4644,#4645,#4646,#4647,#4648,
#4649,#4650,#4651,#4652,#4653,#4654,#4655,#4656,#4657),(#4658,#4659,#4660,
#4661,#4662,#4663,#4664,#4665,#4666,#4667,#4668,#4669,#4670,#4671,#4672,
#4673,#4674,#4675,#4676,#4677,#4678,#4679,#4680,#4681,#4682,#4683,#4684,
#4685,#4686,#4687,#4688,#4689,#4690,#4691,#4692,#4693,#4694),(#4695,#4696,
#4697,#4698,#4699,#4700,#4701,#4702,#4703,#4704,#4705,#4706,#4707,#4708,
#4709,#4710,#4711,#4712,#4713,#4714,#4715,#4716,#4717,#4718,#4719,#4720,
#4721,#4722,#4723,#4724,#4725,#4726,#4727,#4728,#4729,#4730,#4731)),
 .UNSPECIFIED.,.F.,.F.,.F.,(4,4),(4,1,1,1,1,1,1,1,1,1,1,1,1,1,1,1,1,1,1,
1,1,1,1,1,1,1,1,1,1,1,1,1,1,1,4),(0.,0.0260384971404528),(14.3974932272898,
15.3816398543213,16.3657864813528,17.3499331083844,18.3340797354159,19.3182263624474,
20.3023729894789,21.2865196165105,22.270666243542,23.2548128705735,24.2389594976051,
25.2231061246366,26.2072527516681,27.1913993786996,28.1755460057312,29.1596926327627,
30.1438392597942,31.1279858868258,32.1121325138573,33.0962791408888,34.0804257679204,
35.0645723949519,36.0487190219834,37.0328656490149,38.0170122760465,39.001158903078,
39.9853055301095,40.9694521571411,41.9535987841726,42.9377454112041,43.9218920382356,
44.9060386652672,45.8901852922987,46.8743319193302,47.8584785463618),
 .UNSPECIFIED.);
#21=B_SPLINE_SURFACE_WITH_KNOTS('',3,3,((#4928,#4929,#4930,#4931,#4932,
#4933),(#4934,#4935,#4936,#4937,#4938,#4939),(#4940,#4941,#4942,#4943,#4944,
#4945),(#4946,#4947,#4948,#4949,#4950,#4951)),.UNSPECIFIED.,.F.,.F.,.F.,
(4,4),(4,1,1,4),(0.,1.),(-2.27540962922379,-1.67145536999902,-1.26881919718252,
-0.866183024366006),.UNSPECIFIED.);
#22=B_SPLINE_SURFACE_WITH_KNOTS('',3,3,((#5006,#5007,#5008,#5009,#5010,
#5011),(#5012,#5013,#5014,#5015,#5016,#5017),(#5018,#5019,#5020,#5021,#5022,
#5023),(#5024,#5025,#5026,#5027,#5028,#5029)),.UNSPECIFIED.,.F.,.F.,.F.,
(4,4),(4,1,1,4),(0.,1.),(0.866183024366029,1.47013728359077,1.87277345640727,
2.27540962922377),.UNSPECIFIED.);
#23=FACE_BOUND('',#209,.T.);
#24=FACE_BOUND('',#210,.T.);
#25=FACE_BOUND('',#211,.T.);
#26=FACE_BOUND('',#254,.T.);
#27=FACE_BOUND('',#255,.T.);
#28=TOROIDAL_SURFACE('',#1795,11.1420251649628,4.);
#29=TOROIDAL_SURFACE('',#1862,16.1420251649628,1.);
#30=TOROIDAL_SURFACE('',#1870,16.1420251649628,1.);
#31=PLANE('',#1767);
#32=PLANE('',#1768);
#33=PLANE('',#1769);
#34=PLANE('',#1770);
#35=PLANE('',#1771);
#36=PLANE('',#1772);
#37=PLANE('',#1773);
#38=PLANE('',#1774);
#39=PLANE('',#1775);
#40=PLANE('',#1776);
#41=PLANE('',#1777);
#42=PLANE('',#1778);
#43=PLANE('',#1779);
#44=PLANE('',#1780);
#45=PLANE('',#1781);
#46=PLANE('',#1782);
#47=PLANE('',#1783);
#48=PLANE('',#1784);
#49=PLANE('',#1785);
#50=PLANE('',#1786);
#51=PLANE('',#1787);
#52=PLANE('',#1788);
#53=PLANE('',#1789);
#54=PLANE('',#1790);
#55=PLANE('',#1791);
#56=PLANE('',#1792);
#57=PLANE('',#1793);
#58=PLANE('',#1794);
#59=PLANE('',#1812);
#60=PLANE('',#1856);
#61=PLANE('',#1857);
#62=PLANE('',#1886);
#63=PLANE('',#1887);
#64=PLANE('',#1888);
#65=PLANE('',#1891);
#66=FACE_OUTER_BOUND('',#159,.T.);
#67=FACE_OUTER_BOUND('',#160,.T.);
#68=FACE_OUTER_BOUND('',#161,.T.);
#69=FACE_OUTER_BOUND('',#162,.T.);
#70=FACE_OUTER_BOUND('',#163,.T.);
#71=FACE_OUTER_BOUND('',#164,.T.);
#72=FACE_OUTER_BOUND('',#165,.T.);
#73=FACE_OUTER_BOUND('',#166,.T.);
#74=FACE_OUTER_BOUND('',#167,.T.);
#75=FACE_OUTER_BOUND('',#168,.T.);
#76=FACE_OUTER_BOUND('',#169,.T.);
#77=FACE_OUTER_BOUND('',#170,.T.);
#78=FACE_OUTER_BOUND('',#171,.T.);
#79=FACE_OUTER_BOUND('',#172,.T.);
#80=FACE_OUTER_BOUND('',#173,.T.);
#81=FACE_OUTER_BOUND('',#174,.T.);
#82=FACE_OUTER_BOUND('',#175,.T.);
#83=FACE_OUTER_BOUND('',#176,.T.);
#84=FACE_OUTER_BOUND('',#177,.T.);
#85=FACE_OUTER_BOUND('',#178,.T.);
#86=FACE_OUTER_BOUND('',#179,.T.);
#87=FACE_OUTER_BOUND('',#180,.T.);
#88=FACE_OUTER_BOUND('',#181,.T.);
#89=FACE_OUTER_BOUND('',#182,.T.);
#90=FACE_OUTER_BOUND('',#183,.T.);
#91=FACE_OUTER_BOUND('',#184,.T.);
#92=FACE_OUTER_BOUND('',#185,.T.);
#93=FACE_OUTER_BOUND('',#186,.T.);
#94=FACE_OUTER_BOUND('',#187,.T.);
#95=FACE_OUTER_BOUND('',#188,.T.);
#96=FACE_OUTER_BOUND('',#189,.T.);
#97=FACE_OUTER_BOUND('',#190,.T.);
#98=FACE_OUTER_BOUND('',#191,.T.);
#99=FACE_OUTER_BOUND('',#192,.T.);
#100=FACE_OUTER_BOUND('',#193,.T.);
#101=FACE_OUTER_BOUND('',#194,.T.);
#102=FACE_OUTER_BOUND('',#195,.T.);
#103=FACE_OUTER_BOUND('',#196,.T.);
#104=FACE_OUTER_BOUND('',#197,.T.);
#105=FACE_OUTER_BOUND('',#198,.T.);
#106=FACE_OUTER_BOUND('',#199,.T.);
#107=FACE_OUTER_BOUND('',#200,.T.);
#108=FACE_OUTER_BOUND('',#201,.T.);
#109=FACE_OUTER_BOUND('',#202,.T.);
#110=FACE_OUTER_BOUND('',#203,.T.);
#111=FACE_OUTER_BOUND('',#204,.T.);
#112=FACE_OUTER_BOUND('',#205,.T.);
#113=FACE_OUTER_BOUND('',#206,.T.);
#114=FACE_OUTER_BOUND('',#207,.T.);
#115=FACE_OUTER_BOUND('',#208,.T.);
#116=FACE_OUTER_BOUND('',#212,.T.);
#117=FACE_OUTER_BOUND('',#213,.T.);
#118=FACE_OUTER_BOUND('',#214,.T.);
#119=FACE_OUTER_BOUND('',#215,.T.);
#120=FACE_OUTER_BOUND('',#216,.T.);
#121=FACE_OUTER_BOUND('',#217,.T.);
#122=FACE_OUTER_BOUND('',#218,.T.);
#123=FACE_OUTER_BOUND('',#219,.T.);
#124=FACE_OUTER_BOUND('',#220,.T.);
#125=FACE_OUTER_BOUND('',#221,.T.);
#126=FACE_OUTER_BOUND('',#222,.T.);
#127=FACE_OUTER_BOUND('',#223,.T.);
#128=FACE_OUTER_BOUND('',#224,.T.);
#129=FACE_OUTER_BOUND('',#225,.T.);
#130=FACE_OUTER_BOUND('',#226,.T.);
#131=FACE_OUTER_BOUND('',#227,.T.);
#132=FACE_OUTER_BOUND('',#228,.T.);
#133=FACE_OUTER_BOUND('',#229,.T.);
#134=FACE_OUTER_BOUND('',#230,.T.);
#135=FACE_OUTER_BOUND('',#231,.T.);
#136=FACE_OUTER_BOUND('',#232,.T.);
#137=FACE_OUTER_BOUND('',#233,.T.);
#138=FACE_OUTER_BOUND('',#234,.T.);
#139=FACE_OUTER_BOUND('',#235,.T.);
#140=FACE_OUTER_BOUND('',#236,.T.);
#141=FACE_OUTER_BOUND('',#237,.T.);
#142=FACE_OUTER_BOUND('',#238,.T.);
#143=FACE_OUTER_BOUND('',#239,.T.);
#144=FACE_OUTER_BOUND('',#240,.T.);
#145=FACE_OUTER_BOUND('',#241,.T.);
#146=FACE_OUTER_BOUND('',#242,.T.);
#147=FACE_OUTER_BOUND('',#243,.T.);
#148=FACE_OUTER_BOUND('',#244,.T.);
#149=FACE_OUTER_BOUND('',#245,.T.);
#150=FACE_OUTER_BOUND('',#246,.T.);
#151=FACE_OUTER_BOUND('',#247,.T.);
#152=FACE_OUTER_BOUND('',#248,.T.);
#153=FACE_OUTER_BOUND('',#249,.T.);
#154=FACE_OUTER_BOUND('',#250,.T.);
#155=FACE_OUTER_BOUND('',#251,.T.);
#156=FACE_OUTER_BOUND('',#252,.T.);
#157=FACE_OUTER_BOUND('',#253,.T.);
#158=FACE_OUTER_BOUND('',#256,.T.);
#159=EDGE_LOOP('',(#1067,#1068,#1069,#1070));
#160=EDGE_LOOP('',(#1071,#1072,#1073,#1074));
#161=EDGE_LOOP('',(#1075,#1076,#1077,#1078));
#162=EDGE_LOOP('',(#1079,#1080,#1081,#1082));
#163=EDGE_LOOP('',(#1083,#1084,#1085,#1086));
#164=EDGE_LOOP('',(#1087,#1088,#1089,#1090));
#165=EDGE_LOOP('',(#1091,#1092,#1093,#1094));
#166=EDGE_LOOP('',(#1095,#1096,#1097,#1098));
#167=EDGE_LOOP('',(#1099,#1100,#1101,#1102));
#168=EDGE_LOOP('',(#1103,#1104,#1105,#1106));
#169=EDGE_LOOP('',(#1107,#1108,#1109,#1110));
#170=EDGE_LOOP('',(#1111,#1112,#1113,#1114));
#171=EDGE_LOOP('',(#1115,#1116,#1117,#1118));
#172=EDGE_LOOP('',(#1119,#1120,#1121,#1122));
#173=EDGE_LOOP('',(#1123,#1124,#1125,#1126));
#174=EDGE_LOOP('',(#1127,#1128,#1129,#1130));
#175=EDGE_LOOP('',(#1131,#1132,#1133,#1134));
#176=EDGE_LOOP('',(#1135,#1136,#1137,#1138));
#177=EDGE_LOOP('',(#1139,#1140,#1141,#1142));
#178=EDGE_LOOP('',(#1143,#1144,#1145,#1146));
#179=EDGE_LOOP('',(#1147,#1148,#1149,#1150));
#180=EDGE_LOOP('',(#1151,#1152,#1153,#1154));
#181=EDGE_LOOP('',(#1155,#1156,#1157,#1158));
#182=EDGE_LOOP('',(#1159,#1160,#1161,#1162));
#183=EDGE_LOOP('',(#1163,#1164,#1165,#1166));
#184=EDGE_LOOP('',(#1167,#1168,#1169,#1170));
#185=EDGE_LOOP('',(#1171,#1172,#1173,#1174));
#186=EDGE_LOOP('',(#1175,#1176,#1177,#1178));
#187=EDGE_LOOP('',(#1179,#1180,#1181,#1182));
#188=EDGE_LOOP('',(#1183,#1184,#1185,#1186));
#189=EDGE_LOOP('',(#1187,#1188,#1189,#1190));
#190=EDGE_LOOP('',(#1191,#1192,#1193,#1194));
#191=EDGE_LOOP('',(#1195,#1196,#1197,#1198));
#192=EDGE_LOOP('',(#1199,#1200,#1201,#1202));
#193=EDGE_LOOP('',(#1203,#1204,#1205,#1206));
#194=EDGE_LOOP('',(#1207,#1208,#1209,#1210));
#195=EDGE_LOOP('',(#1211,#1212,#1213,#1214));
#196=EDGE_LOOP('',(#1215,#1216,#1217,#1218));
#197=EDGE_LOOP('',(#1219,#1220,#1221,#1222));
#198=EDGE_LOOP('',(#1223,#1224,#1225,#1226));
#199=EDGE_LOOP('',(#1227,#1228,#1229,#1230));
#200=EDGE_LOOP('',(#1231,#1232,#1233,#1234));
#201=EDGE_LOOP('',(#1235,#1236,#1237,#1238));
#202=EDGE_LOOP('',(#1239,#1240,#1241,#1242));
#203=EDGE_LOOP('',(#1243,#1244,#1245,#1246));
#204=EDGE_LOOP('',(#1247,#1248,#1249,#1250));
#205=EDGE_LOOP('',(#1251,#1252,#1253,#1254));
#206=EDGE_LOOP('',(#1255,#1256,#1257,#1258));
#207=EDGE_LOOP('',(#1259,#1260,#1261,#1262,#1263,#1264,#1265,#1266,#1267,
#1268,#1269,#1270,#1271,#1272,#1273,#1274,#1275,#1276,#1277,#1278,#1279,
#1280,#1281,#1282,#1283,#1284,#1285,#1286,#1287,#1288,#1289,#1290,#1291,
#1292,#1293,#1294,#1295,#1296,#1297,#1298,#1299,#1300,#1301,#1302,#1303));
#208=EDGE_LOOP('',(#1304,#1305,#1306,#1307,#1308,#1309,#1310,#1311,#1312,
#1313,#1314,#1315,#1316,#1317,#1318,#1319,#1320,#1321,#1322,#1323,#1324,
#1325,#1326,#1327,#1328,#1329,#1330,#1331,#1332,#1333,#1334,#1335,#1336,
#1337,#1338,#1339,#1340,#1341,#1342,#1343,#1344,#1345,#1346,#1347,#1348,
#1349,#1350,#1351,#1352,#1353));
#209=EDGE_LOOP('',(#1354));
#210=EDGE_LOOP('',(#1355));
#211=EDGE_LOOP('',(#1356));
#212=EDGE_LOOP('',(#1357,#1358,#1359,#1360));
#213=EDGE_LOOP('',(#1361,#1362,#1363,#1364));
#214=EDGE_LOOP('',(#1365,#1366,#1367,#1368));
#215=EDGE_LOOP('',(#1369,#1370,#1371,#1372));
#216=EDGE_LOOP('',(#1373,#1374,#1375,#1376));
#217=EDGE_LOOP('',(#1377,#1378,#1379,#1380));
#218=EDGE_LOOP('',(#1381,#1382,#1383,#1384));
#219=EDGE_LOOP('',(#1385,#1386,#1387,#1388,#1389,#1390,#1391,#1392));
#220=EDGE_LOOP('',(#1393,#1394,#1395,#1396));
#221=EDGE_LOOP('',(#1397,#1398,#1399,#1400));
#222=EDGE_LOOP('',(#1401,#1402,#1403,#1404));
#223=EDGE_LOOP('',(#1405,#1406,#1407,#1408,#1409,#1410,#1411,#1412));
#224=EDGE_LOOP('',(#1413,#1414,#1415,#1416));
#225=EDGE_LOOP('',(#1417,#1418,#1419,#1420));
#226=EDGE_LOOP('',(#1421,#1422,#1423,#1424));
#227=EDGE_LOOP('',(#1425,#1426,#1427,#1428,#1429,#1430,#1431,#1432,#1433,
#1434,#1435,#1436,#1437,#1438));
#228=EDGE_LOOP('',(#1439,#1440,#1441,#1442,#1443,#1444,#1445,#1446,#1447,
#1448,#1449,#1450,#1451,#1452));
#229=EDGE_LOOP('',(#1453,#1454,#1455,#1456));
#230=EDGE_LOOP('',(#1457,#1458,#1459,#1460,#1461,#1462,#1463,#1464,#1465,
#1466,#1467,#1468,#1469,#1470));
#231=EDGE_LOOP('',(#1471,#1472,#1473,#1474,#1475,#1476,#1477,#1478,#1479,
#1480,#1481,#1482,#1483,#1484));
#232=EDGE_LOOP('',(#1485,#1486,#1487,#1488));
#233=EDGE_LOOP('',(#1489,#1490,#1491,#1492));
#234=EDGE_LOOP('',(#1493,#1494,#1495,#1496,#1497));
#235=EDGE_LOOP('',(#1498,#1499,#1500,#1501));
#236=EDGE_LOOP('',(#1502,#1503,#1504,#1505,#1506,#1507));
#237=EDGE_LOOP('',(#1508,#1509,#1510,#1511,#1512,#1513));
#238=EDGE_LOOP('',(#1514,#1515,#1516,#1517,#1518));
#239=EDGE_LOOP('',(#1519,#1520,#1521,#1522));
#240=EDGE_LOOP('',(#1523,#1524,#1525,#1526,#1527,#1528));
#241=EDGE_LOOP('',(#1529,#1530,#1531,#1532,#1533,#1534));
#242=EDGE_LOOP('',(#1535,#1536,#1537,#1538,#1539));
#243=EDGE_LOOP('',(#1540,#1541,#1542,#1543,#1544));
#244=EDGE_LOOP('',(#1545,#1546,#1547,#1548));
#245=EDGE_LOOP('',(#1549,#1550,#1551,#1552,#1553));
#246=EDGE_LOOP('',(#1554,#1555,#1556,#1557));
#247=EDGE_LOOP('',(#1558,#1559,#1560,#1561,#1562));
#248=EDGE_LOOP('',(#1563,#1564,#1565,#1566,#1567,#1568));
#249=EDGE_LOOP('',(#1569,#1570,#1571,#1572,#1573,#1574));
#250=EDGE_LOOP('',(#1575));
#251=EDGE_LOOP('',(#1576,#1577,#1578,#1579));
#252=EDGE_LOOP('',(#1580,#1581,#1582,#1583));
#253=EDGE_LOOP('',(#1584));
#254=EDGE_LOOP('',(#1585,#1586,#1587,#1588));
#255=EDGE_LOOP('',(#1589,#1590,#1591,#1592));
#256=EDGE_LOOP('',(#1593,#1594,#1595,#1596));
#257=CIRCLE('',#1740,0.8115);
#258=CIRCLE('',#1745,0.8115);
#259=CIRCLE('',#1747,0.8115);
#260=CIRCLE('',#1752,0.8115);
#261=CIRCLE('',#1754,1.037);
#262=CIRCLE('',#1759,1.037);
#263=CIRCLE('',#1761,1.037);
#264=CIRCLE('',#1766,1.037);
#265=CIRCLE('',#1796,11.1420251649628);
#266=CIRCLE('',#1797,4.);
#267=CIRCLE('',#1798,15.1420251649628);
#268=CIRCLE('',#1799,15.1420251649628);
#269=CIRCLE('',#1800,15.1420251649628);
#270=CIRCLE('',#1801,15.1420251649628);
#271=CIRCLE('',#1802,15.1420251649628);
#272=CIRCLE('',#1803,15.1420251649628);
#273=CIRCLE('',#1804,15.1420251649628);
#274=CIRCLE('',#1805,15.1420251649628);
#275=CIRCLE('',#1806,15.1420251649628);
#276=CIRCLE('',#1807,15.1420251649628);
#277=CIRCLE('',#1808,15.1420251649628);
#278=CIRCLE('',#1809,15.1420251649628);
#279=CIRCLE('',#1810,15.1420251649628);
#280=CIRCLE('',#1811,15.1420251649628);
#281=CIRCLE('',#1813,15.1420251649628);
#282=CIRCLE('',#1814,15.1420251649628);
#283=CIRCLE('',#1815,15.1420251649628);
#284=CIRCLE('',#1816,2.5);
#285=CIRCLE('',#1817,5.);
#286=CIRCLE('',#1818,2.5);
#287=CIRCLE('',#1819,15.1420251649628);
#288=CIRCLE('',#1820,15.1420251649628);
#289=CIRCLE('',#1821,15.1420251649628);
#290=CIRCLE('',#1822,15.1420251649628);
#291=CIRCLE('',#1823,15.1420251649628);
#292=CIRCLE('',#1824,15.1420251649628);
#293=CIRCLE('',#1825,15.1420251649628);
#294=CIRCLE('',#1826,15.1420251649628);
#295=CIRCLE('',#1827,2.5);
#296=CIRCLE('',#1828,5.);
#297=CIRCLE('',#1829,2.5);
#298=CIRCLE('',#1830,15.1420251649628);
#299=CIRCLE('',#1831,15.1420251649628);
#300=CIRCLE('',#1832,15.1420251649628);
#301=CIRCLE('',#1833,15.1420251649628);
#302=CIRCLE('',#1834,15.1420251649628);
#303=CIRCLE('',#1835,12.8751170969472);
#304=CIRCLE('',#1836,0.999999999999996);
#305=CIRCLE('',#1837,0.999999999999996);
#306=CIRCLE('',#1846,15.1420251649628);
#307=CIRCLE('',#1851,15.1420251649628);
#308=CIRCLE('',#1859,0.999999999999996);
#309=CIRCLE('',#1860,0.999999999999996);
#310=CIRCLE('',#1861,1.99999999999999);
#311=CIRCLE('',#1863,16.1420251649628);
#312=CIRCLE('',#1864,16.1420251649628);
#313=CIRCLE('',#1867,0.999999999999996);
#314=CIRCLE('',#1868,0.999999999999996);
#315=CIRCLE('',#1869,1.99999999999999);
#316=CIRCLE('',#1871,16.1420251649628);
#317=CIRCLE('',#1872,16.1420251649628);
#318=CIRCLE('',#1875,2.5);
#319=CIRCLE('',#1877,2.5);
#320=CIRCLE('',#1879,5.);
#321=CIRCLE('',#1881,2.5);
#322=CIRCLE('',#1883,5.);
#323=CIRCLE('',#1885,2.5);
#324=CIRCLE('',#1892,12.8751170969472);
#325=B_SPLINE_CURVE_WITH_KNOTS('',3,(#2317,#2318,#2319,#2320),
 .UNSPECIFIED.,.F.,.F.,(4,4),(32.7263965765571,33.460985319072),
 .UNSPECIFIED.);
#326=B_SPLINE_CURVE_WITH_KNOTS('',3,(#2323,#2324,#2325,#2326,#2327,#2328,
#2329,#2330,#2331,#2332),.UNSPECIFIED.,.F.,.F.,(4,3,3,4),(-31.415926535898,
-30.5085454379774,-29.5243988109459,-29.008922624823),.UNSPECIFIED.);
#327=B_SPLINE_CURVE_WITH_KNOTS('',3,(#2337,#2338,#2339,#2340,#2341,#2342,
#2343,#2344,#2345,#2346,#2347,#2348,#2349,#2350,#2351,#2352,#2353,#2354,
#2355,#2356,#2357,#2358,#2359,#2360,#2361),.UNSPECIFIED.,.F.,.F.,(4,3,3,
3,3,3,3,3,4),(26.4432112693776,26.5719589298513,27.5561055568828,28.5402521839144,
29.5243988109459,30.5085454379774,31.492692065009,32.4768386920405,32.7263965765571),
 .UNSPECIFIED.);
#328=B_SPLINE_CURVE_WITH_KNOTS('',3,(#2362,#2363,#2364,#2365,#2366,#2367,
#2368,#2369,#2370,#2371,#2372,#2373,#2374,#2375,#2376,#2377,#2378,#2379,
#2380,#2381,#2382,#2383),.UNSPECIFIED.,.F.,.F.,(4,3,3,3,3,3,3,4),(-29.008922624823,
-28.5402521839144,-27.5561055568828,-26.5719589298513,-25.5878123028198,
-24.6036656757882,-23.6195190487567,-22.7257373176434),.UNSPECIFIED.);
#329=B_SPLINE_CURVE_WITH_KNOTS('',3,(#2388,#2389,#2390,#2391,#2392,#2393,
#2394,#2395,#2396,#2397,#2398,#2399,#2400,#2401,#2402,#2403,#2404,#2405,
#2406,#2407,#2408,#2409),.UNSPECIFIED.,.F.,.F.,(4,3,3,3,3,3,3,4),(20.160025962198,
20.6670791676621,21.6512257946937,22.6353724217252,23.6195190487567,24.6036656757882,
25.5878123028198,26.4432112693776),.UNSPECIFIED.);
#330=B_SPLINE_CURVE_WITH_KNOTS('',3,(#2410,#2411,#2412,#2413,#2414,#2415,
#2416,#2417,#2418,#2419,#2420,#2421,#2422,#2423,#2424,#2425,#2426,#2427,
#2428,#2429,#2430,#2431,#2432,#2433,#2434),.UNSPECIFIED.,.F.,.F.,(4,3,3,
3,3,3,3,3,4),(-22.7257373176434,-22.6353724217252,-21.6512257946937,-20.6670791676621,
-19.6829325406306,-18.6987859135991,-17.7146392865675,-16.730492659536,
-16.4425520104638),.UNSPECIFIED.);
#331=B_SPLINE_CURVE_WITH_KNOTS('',3,(#2439,#2440,#2441,#2442,#2443,#2444,
#2445,#2446,#2447,#2448,#2449,#2450,#2451,#2452,#2453,#2454,#2455,#2456,
#2457,#2458,#2459,#2460),.UNSPECIFIED.,.F.,.F.,(4,3,3,3,3,3,3,4),(13.8768406550184,
14.762199405473,15.7463460325045,16.730492659536,17.7146392865675,18.6987859135991,
19.6829325406306,20.160025962198),.UNSPECIFIED.);
#332=B_SPLINE_CURVE_WITH_KNOTS('',3,(#2461,#2462,#2463,#2464,#2465,#2466,
#2467,#2468,#2469,#2470,#2471,#2472,#2473,#2474,#2475,#2476,#2477,#2478,
#2479,#2480,#2481,#2482),.UNSPECIFIED.,.F.,.F.,(4,3,3,3,3,3,3,4),(-16.4425520104638,
-15.7463460325045,-14.762199405473,-13.7780527784414,-12.7939061514099,
-11.8097595243784,-10.8256128973468,-10.1593667032842),.UNSPECIFIED.);
#333=B_SPLINE_CURVE_WITH_KNOTS('',3,(#2488,#2489,#2490,#2491,#2492,#2493,
#2494,#2495,#2496,#2497,#2498,#2499,#2500),.UNSPECIFIED.,.F.,.F.,(4,3,3,
3,4),(-3.87618139610465,-2.9524398810946,-1.96829325406306,-0.984146627031532,
0.),.UNSPECIFIED.);
#334=B_SPLINE_CURVE_WITH_KNOTS('',3,(#2503,#2504,#2505,#2506,#2507,#2508,
#2509,#2510,#2511,#2512,#2513,#2514,#2515,#2516,#2517,#2518,#2519,#2520,
#2521),.UNSPECIFIED.,.F.,.F.,(4,3,3,3,3,3,4),(2.04505878317403,2.95243988109459,
3.93658650812613,4.92073313515766,5.90487976218918,6.88902638922072,7.5936553478388),
 .UNSPECIFIED.);
#335=B_SPLINE_CURVE_WITH_KNOTS('',3,(#2527,#2528,#2529,#2530),
 .UNSPECIFIED.,.F.,.F.,(4,4),(32.7263965765571,33.460985319072),
 .UNSPECIFIED.);
#336=B_SPLINE_CURVE_WITH_KNOTS('',3,(#2533,#2534,#2535,#2536,#2537,#2538,
#2539,#2540,#2541,#2542),.UNSPECIFIED.,.F.,.F.,(4,3,3,4),(-31.415926535898,
-30.5085454379774,-29.5243988109459,-29.008922624823),.UNSPECIFIED.);
#337=B_SPLINE_CURVE_WITH_KNOTS('',3,(#2547,#2548,#2549,#2550,#2551,#2552,
#2553,#2554,#2555,#2556,#2557,#2558,#2559,#2560,#2561,#2562,#2563,#2564,
#2565,#2566,#2567,#2568,#2569,#2570,#2571),.UNSPECIFIED.,.F.,.F.,(4,3,3,
3,3,3,3,3,4),(26.4432112693775,26.5719589298513,27.5561055568828,28.5402521839144,
29.5243988109459,30.5085454379774,31.4926920650089,32.4768386920405,32.7263965765571),
 .UNSPECIFIED.);
#338=B_SPLINE_CURVE_WITH_KNOTS('',3,(#2572,#2573,#2574,#2575,#2576,#2577,
#2578,#2579,#2580,#2581,#2582,#2583,#2584,#2585,#2586,#2587,#2588,#2589,
#2590,#2591,#2592,#2593),.UNSPECIFIED.,.F.,.F.,(4,3,3,3,3,3,3,4),(-29.008922624823,
-28.5402521839144,-27.5561055568828,-26.5719589298513,-25.5878123028198,
-24.6036656757882,-23.6195190487567,-22.7257373176434),.UNSPECIFIED.);
#339=B_SPLINE_CURVE_WITH_KNOTS('',3,(#2598,#2599,#2600,#2601,#2602,#2603,
#2604,#2605,#2606,#2607,#2608,#2609,#2610,#2611,#2612,#2613,#2614,#2615,
#2616,#2617,#2618,#2619),.UNSPECIFIED.,.F.,.F.,(4,3,3,3,3,3,3,4),(20.160025962198,
20.6670791676621,21.6512257946936,22.6353724217252,23.6195190487567,24.6036656757882,
25.5878123028198,26.4432112693775),.UNSPECIFIED.);
#340=B_SPLINE_CURVE_WITH_KNOTS('',3,(#2620,#2621,#2622,#2623,#2624,#2625,
#2626,#2627,#2628,#2629,#2630,#2631,#2632,#2633,#2634,#2635,#2636,#2637,
#2638,#2639,#2640,#2641,#2642,#2643,#2644),.UNSPECIFIED.,.F.,.F.,(4,3,3,
3,3,3,3,3,4),(-22.7257373176434,-22.6353724217252,-21.6512257946937,-20.6670791676621,
-19.6829325406306,-18.6987859135991,-17.7146392865675,-16.730492659536,
-16.4425520104638),.UNSPECIFIED.);
#341=B_SPLINE_CURVE_WITH_KNOTS('',3,(#2649,#2650,#2651,#2652,#2653,#2654,
#2655,#2656,#2657,#2658,#2659,#2660,#2661,#2662,#2663,#2664,#2665,#2666,
#2667,#2668,#2669,#2670),.UNSPECIFIED.,.F.,.F.,(4,3,3,3,3,3,3,4),(13.8768406550184,
14.7621994054729,15.7463460325045,16.730492659536,17.7146392865675,18.6987859135991,
19.6829325406306,20.160025962198),.UNSPECIFIED.);
#342=B_SPLINE_CURVE_WITH_KNOTS('',3,(#2671,#2672,#2673,#2674,#2675,#2676,
#2677,#2678,#2679,#2680,#2681,#2682,#2683,#2684,#2685,#2686,#2687,#2688,
#2689,#2690,#2691,#2692),.UNSPECIFIED.,.F.,.F.,(4,3,3,3,3,3,3,4),(-16.4425520104638,
-15.7463460325045,-14.7621994054729,-13.7780527784414,-12.7939061514099,
-11.8097595243784,-10.8256128973468,-10.1593667032842),.UNSPECIFIED.);
#343=B_SPLINE_CURVE_WITH_KNOTS('',3,(#2698,#2699,#2700,#2701,#2702,#2703,
#2704,#2705,#2706,#2707,#2708,#2709,#2710),.UNSPECIFIED.,.F.,.F.,(4,3,3,
3,4),(-3.87618139610465,-2.9524398810946,-1.96829325406306,-0.984146627031532,
0.),.UNSPECIFIED.);
#344=B_SPLINE_CURVE_WITH_KNOTS('',3,(#2713,#2714,#2715,#2716,#2717,#2718,
#2719,#2720,#2721,#2722,#2723,#2724,#2725,#2726,#2727,#2728,#2729,#2730,
#2731),.UNSPECIFIED.,.F.,.F.,(4,3,3,3,3,3,4),(2.04505878317403,2.95243988109459,
3.93658650812612,4.92073313515765,5.90487976218918,6.88902638922071,7.59365534783878),
 .UNSPECIFIED.);
#345=B_SPLINE_CURVE_WITH_KNOTS('',3,(#2737,#2738,#2739,#2740,#2741,#2742,
#2743,#2744),.UNSPECIFIED.,.F.,.F.,(4,1,1,1,1,4),(40.8407044966673,41.3561806827902,
42.3403273098218,43.3244739368533,44.3086205638848,45.2927671909163),
 .UNSPECIFIED.);
#346=B_SPLINE_CURVE_WITH_KNOTS('',3,(#2747,#2748,#2749,#2750,#2751,#2752,
#2753,#2754,#2755),.UNSPECIFIED.,.F.,.F.,(4,1,1,1,1,1,4),(40.8407044966673,
40.9694521571411,41.9535987841726,42.9377454112041,43.9218920382356,44.9060386652672,
45.8134197631877),.UNSPECIFIED.);
#347=B_SPLINE_CURVE_WITH_KNOTS('',3,(#2760,#2761,#2762,#2763,#2764,#2765,
#2766,#2767,#2768,#2769),.UNSPECIFIED.,.F.,.F.,(4,1,1,1,1,1,1,4),(34.5575191894877,
35.451300920601,36.4354475476326,37.4195941746641,38.4037408016956,39.3878874287272,
40.3720340557587,40.8407044966673),.UNSPECIFIED.);
#348=B_SPLINE_CURVE_WITH_KNOTS('',3,(#2770,#2771,#2772,#2773,#2774,#2775,
#2776,#2777,#2778,#2779),.UNSPECIFIED.,.F.,.F.,(4,1,1,1,1,1,1,4),(34.5575191894877,
35.0645723949519,36.0487190219834,37.0328656490149,38.0170122760465,39.001158903078,
39.9853055301095,40.8407044966673),.UNSPECIFIED.);
#349=B_SPLINE_CURVE_WITH_KNOTS('',3,(#2784,#2785,#2786,#2787,#2788,#2789,
#2790,#2791,#2792,#2793,#2794),.UNSPECIFIED.,.F.,.F.,(4,1,1,1,1,1,1,1,4),
(28.2743338823081,28.5622745313803,29.5464211584119,30.5305677854434,31.5147144124749,
32.4988610395065,33.483007666538,34.4671542935695,34.5575191894877),
 .UNSPECIFIED.);
#350=B_SPLINE_CURVE_WITH_KNOTS('',3,(#2795,#2796,#2797,#2798,#2799,#2800,
#2801,#2802,#2803,#2804),.UNSPECIFIED.,.F.,.F.,(4,1,1,1,1,1,1,4),(28.2743338823081,
29.1596926327627,30.1438392597942,31.1279858868258,32.1121325138573,33.0962791408888,
34.0804257679204,34.5575191894877),.UNSPECIFIED.);
#351=B_SPLINE_CURVE_WITH_KNOTS('',3,(#2809,#2810,#2811,#2812,#2813,#2814,
#2815,#2816,#2817,#2818),.UNSPECIFIED.,.F.,.F.,(4,1,1,1,1,1,1,4),(21.9911485751285,
22.6573947691912,23.6415413962227,24.6256880232542,25.6098346502858,26.5939812773173,
27.5781279043488,28.2743338823081),.UNSPECIFIED.);
#352=B_SPLINE_CURVE_WITH_KNOTS('',3,(#2819,#2820,#2821,#2822,#2823,#2824,
#2825,#2826,#2827,#2828,#2829),.UNSPECIFIED.,.F.,.F.,(4,1,1,1,1,1,1,1,4),
(21.9911485751285,22.270666243542,23.2548128705735,24.2389594976051,25.2231061246366,
26.2072527516681,27.1913993786996,28.1755460057312,28.2743338823081),
 .UNSPECIFIED.);
#353=B_SPLINE_CURVE_WITH_KNOTS('',3,(#2835,#2836,#2837,#2838,#2839),
 .UNSPECIFIED.,.F.,.F.,(4,1,4),(14.3974932272898,15.3816398543213,15.7079632679489),
 .UNSPECIFIED.);
#354=B_SPLINE_CURVE_WITH_KNOTS('',3,(#2842,#2843,#2844,#2845,#2846),
 .UNSPECIFIED.,.F.,.F.,(4,1,4),(13.8768406550184,14.7842217529389,15.707963267949),
 .UNSPECIFIED.);
#355=B_SPLINE_CURVE_WITH_KNOTS('',3,(#2852,#2853,#2854,#2855,#2856,#2857,
#2858,#2859),.UNSPECIFIED.,.F.,.F.,(4,1,1,1,1,4),(40.8407044966673,41.3561806827902,
42.3403273098217,43.3244739368533,44.3086205638848,45.2927671909163),
 .UNSPECIFIED.);
#356=B_SPLINE_CURVE_WITH_KNOTS('',3,(#2862,#2863,#2864,#2865,#2866,#2867,
#2868,#2869,#2870),.UNSPECIFIED.,.F.,.F.,(4,1,1,1,1,1,4),(40.8407044966673,
40.9694521571411,41.9535987841726,42.9377454112041,43.9218920382357,44.9060386652672,
45.8134197631877),.UNSPECIFIED.);
#357=B_SPLINE_CURVE_WITH_KNOTS('',3,(#2875,#2876,#2877,#2878,#2879,#2880,
#2881,#2882,#2883,#2884),.UNSPECIFIED.,.F.,.F.,(4,1,1,1,1,1,1,4),(34.5575191894877,
35.451300920601,36.4354475476326,37.4195941746641,38.4037408016956,39.3878874287272,
40.3720340557587,40.8407044966673),.UNSPECIFIED.);
#358=B_SPLINE_CURVE_WITH_KNOTS('',3,(#2885,#2886,#2887,#2888,#2889,#2890,
#2891,#2892,#2893,#2894),.UNSPECIFIED.,.F.,.F.,(4,1,1,1,1,1,1,4),(34.5575191894877,
35.0645723949519,36.0487190219834,37.032865649015,38.0170122760465,39.001158903078,
39.9853055301095,40.8407044966673),.UNSPECIFIED.);
#359=B_SPLINE_CURVE_WITH_KNOTS('',3,(#2899,#2900,#2901,#2902,#2903,#2904,
#2905,#2906,#2907,#2908,#2909),.UNSPECIFIED.,.F.,.F.,(4,1,1,1,1,1,1,1,4),
(28.2743338823081,28.5622745313803,29.5464211584119,30.5305677854434,31.5147144124749,
32.4988610395065,33.483007666538,34.4671542935695,34.5575191894877),
 .UNSPECIFIED.);
#360=B_SPLINE_CURVE_WITH_KNOTS('',3,(#2910,#2911,#2912,#2913,#2914,#2915,
#2916,#2917,#2918,#2919),.UNSPECIFIED.,.F.,.F.,(4,1,1,1,1,1,1,4),(28.2743338823081,
29.1596926327627,30.1438392597942,31.1279858868258,32.1121325138573,33.0962791408888,
34.0804257679204,34.5575191894877),.UNSPECIFIED.);
#361=B_SPLINE_CURVE_WITH_KNOTS('',3,(#2924,#2925,#2926,#2927,#2928,#2929,
#2930,#2931,#2932,#2933),.UNSPECIFIED.,.F.,.F.,(4,1,1,1,1,1,1,4),(21.9911485751285,
22.6573947691912,23.6415413962227,24.6256880232542,25.6098346502857,26.5939812773173,
27.5781279043488,28.2743338823081),.UNSPECIFIED.);
#362=B_SPLINE_CURVE_WITH_KNOTS('',3,(#2934,#2935,#2936,#2937,#2938,#2939,
#2940,#2941,#2942,#2943,#2944),.UNSPECIFIED.,.F.,.F.,(4,1,1,1,1,1,1,1,4),
(21.9911485751285,22.270666243542,23.2548128705735,24.2389594976051,25.2231061246366,
26.2072527516681,27.1913993786997,28.1755460057312,28.2743338823081),
 .UNSPECIFIED.);
#363=B_SPLINE_CURVE_WITH_KNOTS('',3,(#2950,#2951,#2952,#2953,#2954),
 .UNSPECIFIED.,.F.,.F.,(4,1,4),(14.3974932272898,15.3816398543213,15.7079632679489),
 .UNSPECIFIED.);
#364=B_SPLINE_CURVE_WITH_KNOTS('',3,(#2957,#2958,#2959,#2960,#2961),
 .UNSPECIFIED.,.F.,.F.,(4,1,4),(13.8768406550184,14.7842217529389,15.707963267949),
 .UNSPECIFIED.);
#365=B_SPLINE_CURVE_WITH_KNOTS('',3,(#2967,#2968,#2969,#2970,#2971,#2972,
#2973,#2974,#2975,#2976,#2977,#2978),.UNSPECIFIED.,.F.,.F.,(4,2,2,2,2,4),
(3.0568681960613,3.08108133926774,3.17584439007471,3.24277850305157,3.30971261602843,
3.42241316991354),.UNSPECIFIED.);
#366=B_SPLINE_CURVE_WITH_KNOTS('',3,(#2984,#2985,#2986,#2987,#2988,#2989,
#2990,#2991,#2992,#2993,#2994,#2995),.UNSPECIFIED.,.F.,.F.,(4,2,2,2,2,4),
(1.14080438997118,1.25350494385629,1.32043905683315,1.38737316981,1.48213622061697,
1.50634936382342),.UNSPECIFIED.);
#367=B_SPLINE_CURVE_WITH_KNOTS('',3,(#3004,#3005,#3006,#3007,#3008,#3009,
#3010,#3011,#3012,#3013,#3014,#3015),.UNSPECIFIED.,.F.,.F.,(4,2,2,2,2,4),
(3.05686819606131,3.08108133926775,3.17584439007472,3.24277850305158,3.30971261602844,
3.42241316991355),.UNSPECIFIED.);
#368=B_SPLINE_CURVE_WITH_KNOTS('',3,(#3021,#3022,#3023,#3024,#3025,#3026,
#3027,#3028,#3029,#3030,#3031,#3032),.UNSPECIFIED.,.F.,.F.,(4,2,2,2,2,4),
(1.14080438997118,1.2535049438563,1.32043905683316,1.38737316981001,1.48213622061698,
1.50634936382343),.UNSPECIFIED.);
#369=B_SPLINE_CURVE_WITH_KNOTS('',3,(#3044,#3045,#3046,#3047,#3048,#3049,
#3050,#3051,#3052,#3053,#3054,#3055),.UNSPECIFIED.,.F.,.F.,(4,2,2,2,2,4),
(1.14080438997118,1.2535049438563,1.32043905683316,1.38737316981002,1.48213622061699,
1.50634936382343),.UNSPECIFIED.);
#370=B_SPLINE_CURVE_WITH_KNOTS('',3,(#3058,#3059,#3060,#3061,#3062,#3063,
#3064,#3065,#3066,#3067,#3068,#3069),.UNSPECIFIED.,.F.,.F.,(4,2,2,2,2,4),
(3.05686819606131,3.08108133926775,3.17584439007472,3.24277850305158,3.30971261602844,
3.42241316991355),.UNSPECIFIED.);
#371=B_SPLINE_CURVE_WITH_KNOTS('',3,(#3078,#3079,#3080,#3081,#3082,#3083,
#3084,#3085,#3086,#3087,#3088,#3089),.UNSPECIFIED.,.F.,.F.,(4,2,2,2,2,4),
(3.05686819606131,3.08108133926776,3.17584439007473,3.24277850305158,3.30971261602844,
3.42241316991356),.UNSPECIFIED.);
#372=B_SPLINE_CURVE_WITH_KNOTS('',3,(#3095,#3096,#3097,#3098,#3099,#3100,
#3101,#3102,#3103,#3104,#3105,#3106),.UNSPECIFIED.,.F.,.F.,(4,2,2,2,2,4),
(1.14080438997118,1.2535049438563,1.32043905683316,1.38737316981001,1.48213622061698,
1.50634936382343),.UNSPECIFIED.);
#373=B_SPLINE_CURVE_WITH_KNOTS('',3,(#3115,#3116,#3117,#3118,#3119,#3120,
#3121,#3122,#3123,#3124,#3125,#3126),.UNSPECIFIED.,.F.,.F.,(4,2,2,2,2,4),
(3.05686819606129,3.08108133926774,3.17584439007471,3.24277850305157,3.30971261602842,
3.42241316991354),.UNSPECIFIED.);
#374=B_SPLINE_CURVE_WITH_KNOTS('',3,(#3132,#3133,#3134,#3135,#3136,#3137,
#3138,#3139,#3140,#3141,#3142,#3143),.UNSPECIFIED.,.F.,.F.,(4,2,2,2,2,4),
(1.14080438997118,1.25350494385629,1.32043905683315,1.38737316981001,1.48213622061698,
1.50634936382342),.UNSPECIFIED.);
#375=B_SPLINE_CURVE_WITH_KNOTS('',3,(#3152,#3153,#3154,#3155,#3156,#3157,
#3158,#3159,#3160,#3161,#3162,#3163),.UNSPECIFIED.,.F.,.F.,(4,2,2,2,2,4),
(3.05686819606129,3.08108133926773,3.17584439007471,3.24277850305156,3.30971261602842,
3.42241316991354),.UNSPECIFIED.);
#376=B_SPLINE_CURVE_WITH_KNOTS('',3,(#3169,#3170,#3171,#3172,#3173,#3174,
#3175,#3176,#3177,#3178,#3179,#3180),.UNSPECIFIED.,.F.,.F.,(4,2,2,2,2,4),
(1.14080438997118,1.2535049438563,1.32043905683316,1.38737316981002,1.48213622061699,
1.50634936382343),.UNSPECIFIED.);
#377=B_SPLINE_CURVE_WITH_KNOTS('',3,(#3189,#3190,#3191,#3192,#3193,#3194,
#3195,#3196,#3197,#3198,#3199,#3200),.UNSPECIFIED.,.F.,.F.,(4,2,2,2,2,4),
(3.05686819606132,3.08108133926776,3.17584439007473,3.24277850305159,3.30971261602844,
3.42241316991356),.UNSPECIFIED.);
#378=B_SPLINE_CURVE_WITH_KNOTS('',3,(#3206,#3207,#3208,#3209,#3210,#3211,
#3212,#3213,#3214,#3215,#3216,#3217),.UNSPECIFIED.,.F.,.F.,(4,2,2,2,2,4),
(1.14080438997118,1.2535049438563,1.32043905683315,1.38737316981001,1.48213622061698,
1.50634936382343),.UNSPECIFIED.);
#379=B_SPLINE_CURVE_WITH_KNOTS('',3,(#3226,#3227,#3228,#3229,#3230,#3231,
#3232,#3233,#3234,#3235,#3236,#3237),.UNSPECIFIED.,.F.,.F.,(4,2,2,2,2,4),
(3.05686819606131,3.08108133926775,3.17584439007472,3.24277850305158,3.30971261602844,
3.42241316991355),.UNSPECIFIED.);
#380=B_SPLINE_CURVE_WITH_KNOTS('',3,(#3243,#3244,#3245,#3246,#3247,#3248,
#3249,#3250,#3251,#3252,#3253,#3254),.UNSPECIFIED.,.F.,.F.,(4,2,2,2,2,4),
(1.14080438997118,1.2535049438563,1.32043905683316,1.38737316981002,1.48213622061699,
1.50634936382343),.UNSPECIFIED.);
#381=B_SPLINE_CURVE_WITH_KNOTS('',3,(#3263,#3264,#3265,#3266,#3267,#3268,
#3269,#3270,#3271,#3272,#3273,#3274),.UNSPECIFIED.,.F.,.F.,(4,2,2,2,2,4),
(3.0568681960613,3.08108133926775,3.17584439007472,3.24277850305157,3.30971261602843,
3.42241316991355),.UNSPECIFIED.);
#382=B_SPLINE_CURVE_WITH_KNOTS('',3,(#3280,#3281,#3282,#3283,#3284,#3285,
#3286,#3287,#3288,#3289,#3290,#3291),.UNSPECIFIED.,.F.,.F.,(4,2,2,2,2,4),
(1.14080438997119,1.2535049438563,1.32043905683316,1.38737316981002,1.48213622061699,
1.50634936382343),.UNSPECIFIED.);
#383=B_SPLINE_CURVE_WITH_KNOTS('',3,(#3300,#3301,#3302,#3303,#3304,#3305,
#3306,#3307,#3308,#3309,#3310,#3311),.UNSPECIFIED.,.F.,.F.,(4,2,2,2,2,4),
(3.0568681960613,3.08108133926774,3.17584439007471,3.24277850305157,3.30971261602843,
3.42241316991354),.UNSPECIFIED.);
#384=B_SPLINE_CURVE_WITH_KNOTS('',3,(#3317,#3318,#3319,#3320,#3321,#3322,
#3323,#3324,#3325,#3326,#3327,#3328),.UNSPECIFIED.,.F.,.F.,(4,2,2,2,2,4),
(1.14080438997119,1.2535049438563,1.32043905683316,1.38737316981002,1.48213622061699,
1.50634936382343),.UNSPECIFIED.);
#385=B_SPLINE_CURVE_WITH_KNOTS('',3,(#3337,#3338,#3339,#3340,#3341,#3342,
#3343,#3344,#3345,#3346,#3347,#3348),.UNSPECIFIED.,.F.,.F.,(4,2,2,2,2,4),
(3.0568681960613,3.08108133926774,3.17584439007471,3.24277850305157,3.30971261602843,
3.42241316991354),.UNSPECIFIED.);
#386=B_SPLINE_CURVE_WITH_KNOTS('',3,(#3354,#3355,#3356,#3357,#3358,#3359,
#3360,#3361,#3362,#3363,#3364,#3365),.UNSPECIFIED.,.F.,.F.,(4,2,2,2,2,4),
(1.14080438997118,1.2535049438563,1.32043905683316,1.38737316981002,1.48213622061699,
1.50634936382343),.UNSPECIFIED.);
#387=B_SPLINE_CURVE_WITH_KNOTS('',3,(#3374,#3375,#3376,#3377,#3378,#3379,
#3380,#3381,#3382,#3383,#3384,#3385),.UNSPECIFIED.,.F.,.F.,(4,2,2,2,2,4),
(3.05686819606131,3.08108133926776,3.17584439007473,3.24277850305158,3.30971261602844,
3.42241316991356),.UNSPECIFIED.);
#388=B_SPLINE_CURVE_WITH_KNOTS('',3,(#3391,#3392,#3393,#3394,#3395,#3396,
#3397,#3398,#3399,#3400,#3401,#3402),.UNSPECIFIED.,.F.,.F.,(4,2,2,2,2,4),
(1.14080438997118,1.2535049438563,1.32043905683316,1.38737316981001,1.48213622061698,
1.50634936382343),.UNSPECIFIED.);
#389=B_SPLINE_CURVE_WITH_KNOTS('',3,(#3411,#3412,#3413,#3414,#3415,#3416,
#3417,#3418,#3419,#3420,#3421,#3422),.UNSPECIFIED.,.F.,.F.,(4,2,2,2,2,4),
(3.05686819606131,3.08108133926776,3.17584439007473,3.24277850305158,3.30971261602844,
3.42241316991356),.UNSPECIFIED.);
#390=B_SPLINE_CURVE_WITH_KNOTS('',3,(#3428,#3429,#3430,#3431,#3432,#3433,
#3434,#3435,#3436,#3437,#3438,#3439),.UNSPECIFIED.,.F.,.F.,(4,2,2,2,2,4),
(1.14080438997119,1.25350494385631,1.32043905683316,1.38737316981002,1.48213622061699,
1.50634936382344),.UNSPECIFIED.);
#391=B_SPLINE_CURVE_WITH_KNOTS('',3,(#3448,#3449,#3450,#3451,#3452,#3453,
#3454,#3455,#3456,#3457,#3458,#3459),.UNSPECIFIED.,.F.,.F.,(4,2,2,2,2,4),
(3.05686819606131,3.08108133926775,3.17584439007472,3.24277850305158,3.30971261602844,
3.42241316991356),.UNSPECIFIED.);
#392=B_SPLINE_CURVE_WITH_KNOTS('',3,(#3465,#3466,#3467,#3468,#3469,#3470,
#3471,#3472,#3473,#3474,#3475,#3476),.UNSPECIFIED.,.F.,.F.,(4,2,2,2,2,4),
(1.14080438997119,1.2535049438563,1.32043905683316,1.38737316981002,1.48213622061699,
1.50634936382343),.UNSPECIFIED.);
#393=B_SPLINE_CURVE_WITH_KNOTS('',3,(#3560,#3561,#3562,#3563,#3564,#3565,
#3566,#3567,#3568,#3569,#3570),.UNSPECIFIED.,.F.,.F.,(4,1,1,1,1,1,1,1,4),
(15.707963267949,15.7683683799705,16.752515007002,17.7366616340335,18.720808261065,
19.7049548880966,20.6891015151281,21.6732481421596,21.9911485751285),
 .UNSPECIFIED.);
#394=B_SPLINE_CURVE_WITH_KNOTS('',3,(#3571,#3572,#3573,#3574,#3575,#3576,
#3577,#3578,#3579,#3580),.UNSPECIFIED.,.F.,.F.,(4,1,1,1,1,1,1,4),(15.7079632679489,
16.3657864813528,17.3499331083844,18.3340797354159,19.3182263624474,20.3023729894789,
21.2865196165105,21.9911485751285),.UNSPECIFIED.);
#395=B_SPLINE_CURVE_WITH_KNOTS('',3,(#3729,#3730,#3731,#3732,#3733,#3734,
#3735,#3736,#3737,#3738,#3739,#3740,#3741,#3742,#3743,#3744,#3745,#3746,
#3747,#3748,#3749,#3750,#3751,#3752,#3753,#3754,#3755,#3756,#3757,#3758,
#3759,#3760,#3761,#3762,#3763,#3764,#3765,#3766,#3767,#3768,#3769,#3770,
#3771,#3772,#3773,#3774,#3775,#3776,#3777,#3778,#3779,#3780,#3781,#3782,
#3783,#3784,#3785,#3786,#3787,#3788,#3789,#3790,#3791,#3792,#3793,#3794,
#3795,#3796,#3797,#3798,#3799,#3800,#3801,#3802,#3803,#3804,#3805,#3806,
#3807),.UNSPECIFIED.,.F.,.F.,(4,3,3,3,3,3,3,3,3,3,3,3,3,3,3,3,3,3,3,3,3,
3,3,3,3,3,4),(-0.190345339459192,-0.176909211724277,-0.165804414157887,
-0.16191660599699,-0.148724684779493,-0.141631299549709,-0.138591008144801,
-0.136005927516106,-0.123310648998102,-0.110884172513471,-0.105198607377257,
-0.101567699600147,-0.0990971657474284,-0.0932020418749136,-0.0808052017187016,
-0.0714955771263198,-0.0680091669216979,-0.0656129312587607,-0.0536376783235915,
-0.0418103099876054,-0.0363857603948773,-0.0333409638934628,-0.0305326150774162,
-0.019196698600247,-0.00823652879788859,-0.00632820497964719,0.),
 .UNSPECIFIED.);
#396=B_SPLINE_CURVE_WITH_KNOTS('',3,(#3808,#3809,#3810,#3811,#3812,#3813,
#3814,#3815,#3816,#3817,#3818,#3819,#3820,#3821,#3822,#3823,#3824,#3825,
#3826,#3827,#3828,#3829,#3830,#3831,#3832,#3833,#3834,#3835,#3836,#3837,
#3838,#3839,#3840,#3841,#3842,#3843,#3844,#3845,#3846,#3847,#3848,#3849,
#3850,#3851,#3852,#3853,#3854,#3855,#3856,#3857,#3858,#3859,#3860,#3861,
#3862,#3863,#3864,#3865,#3866,#3867,#3868,#3869,#3870,#3871,#3872,#3873,
#3874,#3875,#3876,#3877,#3878,#3879,#3880),.UNSPECIFIED.,.F.,.F.,(4,3,3,
3,3,3,3,3,3,3,3,3,3,3,3,3,3,3,3,3,3,3,3,3,4),(0.,0.0110123168297624,0.0223329561682961,
0.030431133514577,0.033854550076382,0.0455679629419889,0.0563387564116258,
0.0638543988157962,0.0663266826631747,0.0787196807293218,0.0860465404311247,
0.0980908080194845,0.100908317450985,0.103105172892461,0.115513489967343,
0.128245493800013,0.135014892217262,0.137992492224483,0.140653649819654,
0.153861527416981,0.161668998890651,0.166303257111577,0.17975911205592,
0.182400681138003,0.19034533945915),.UNSPECIFIED.);
#397=B_SPLINE_CURVE_WITH_KNOTS('',3,(#3881,#3882,#3883,#3884,#3885,#3886,
#3887,#3888,#3889,#3890,#3891,#3892,#3893,#3894,#3895,#3896,#3897,#3898,
#3899,#3900,#3901,#3902,#3903,#3904,#3905),.UNSPECIFIED.,.F.,.F.,(4,3,3,
3,3,3,3,3,4),(-10.1593667032842,-9.8414662703153,-8.85731964328377,-7.87317301625224,
-6.88902638922071,-5.90487976218918,-4.92073313515766,-3.93658650812613,
-3.87618139610465),.UNSPECIFIED.);
#398=B_SPLINE_CURVE_WITH_KNOTS('',3,(#4054,#4055,#4056,#4057,#4058,#4059,
#4060,#4061,#4062,#4063,#4064,#4065,#4066,#4067,#4068,#4069,#4070,#4071,
#4072,#4073,#4074,#4075,#4076,#4077,#4078,#4079,#4080,#4081,#4082,#4083,
#4084,#4085,#4086,#4087,#4088,#4089,#4090,#4091,#4092,#4093,#4094,#4095,
#4096,#4097,#4098,#4099,#4100,#4101,#4102,#4103,#4104,#4105,#4106,#4107,
#4108,#4109,#4110,#4111,#4112,#4113,#4114,#4115,#4116,#4117,#4118,#4119,
#4120,#4121,#4122,#4123,#4124,#4125,#4126,#4127,#4128,#4129,#4130,#4131,
#4132),.UNSPECIFIED.,.F.,.F.,(4,3,3,3,3,3,3,3,3,3,3,3,3,3,3,3,3,3,3,3,3,
3,3,3,3,3,4),(-0.191341112058217,-0.180541590143572,-0.17424134158049,-0.170706506358692,
-0.168109894370206,-0.15649058533631,-0.14897968124936,-0.14631376215869,
-0.13419545530346,-0.122023846755582,-0.116170749363871,-0.113651119188519,
-0.111197172938546,-0.104944936741054,-0.0927288605778185,-0.0821361957055655,
-0.0781577647306522,-0.0756582364585815,-0.062953322621065,-0.0499532962125264,
-0.0435028931697486,-0.0403223019633414,-0.0377726851394613,-0.0243431844404038,
-0.0109874889420996,-0.00798754159979476,0.),.UNSPECIFIED.);
#399=B_SPLINE_CURVE_WITH_KNOTS('',3,(#4133,#4134,#4135,#4136,#4137,#4138,
#4139,#4140,#4141,#4142,#4143,#4144,#4145,#4146,#4147,#4148,#4149,#4150,
#4151,#4152,#4153,#4154,#4155,#4156,#4157),.UNSPECIFIED.,.F.,.F.,(4,3,3,
3,3,3,3,3,4),(7.59365534783878,7.87317301625224,8.85731964328377,9.84146627031529,
10.8256128973468,11.8097595243784,12.7939061514099,13.7780527784414,13.8768406550184),
 .UNSPECIFIED.);
#400=B_SPLINE_CURVE_WITH_KNOTS('',3,(#4158,#4159,#4160,#4161,#4162,#4163,
#4164,#4165,#4166,#4167,#4168,#4169,#4170,#4171,#4172,#4173,#4174,#4175,
#4176,#4177,#4178,#4179,#4180,#4181,#4182,#4183,#4184,#4185,#4186,#4187,
#4188,#4189,#4190,#4191,#4192,#4193,#4194,#4195,#4196,#4197,#4198,#4199,
#4200,#4201,#4202,#4203,#4204,#4205,#4206,#4207,#4208,#4209,#4210,#4211,
#4212,#4213,#4214,#4215,#4216,#4217,#4218,#4219,#4220,#4221,#4222,#4223,
#4224,#4225,#4226,#4227,#4228,#4229,#4230,#4231,#4232,#4233,#4234,#4235,
#4236),.UNSPECIFIED.,.F.,.F.,(4,3,3,3,3,3,3,3,3,3,3,3,3,3,3,3,3,3,3,3,3,
3,3,3,3,3,4),(0.,0.0133256160706192,0.0267827563232735,0.0356538845058131,
0.0389348330262198,0.0411864648477307,0.0542148876615818,0.0669117573605456,
0.0746217634663067,0.0772285405847895,0.0798130240543339,0.0920755666377159,
0.09775178178359,0.108656278103634,0.112322713947862,0.115312183689681,
0.127489107593608,0.139576479639499,0.145751728678199,0.148477430975793,
0.160079355026402,0.166737955779682,0.169877646347048,0.172872848147031,
0.183931498804105,0.184987752343943,0.191341112058249),.UNSPECIFIED.);
#401=B_SPLINE_CURVE_WITH_KNOTS('',3,(#4238,#4239,#4240,#4241,#4242,#4243,
#4244,#4245,#4246,#4247,#4248),.UNSPECIFIED.,.F.,.F.,(4,1,1,1,1,1,1,1,4),
(15.707963267949,15.7683683799705,16.752515007002,17.7366616340335,18.720808261065,
19.7049548880966,20.6891015151281,21.6732481421596,21.9911485751285),
 .UNSPECIFIED.);
#402=B_SPLINE_CURVE_WITH_KNOTS('',3,(#4249,#4250,#4251,#4252,#4253,#4254,
#4255,#4256,#4257,#4258),.UNSPECIFIED.,.F.,.F.,(4,1,1,1,1,1,1,4),(15.7079632679489,
16.3657864813528,17.3499331083844,18.3340797354159,19.3182263624474,20.3023729894789,
21.2865196165105,21.9911485751285),.UNSPECIFIED.);
#403=B_SPLINE_CURVE_WITH_KNOTS('',3,(#4407,#4408,#4409,#4410,#4411,#4412,
#4413,#4414,#4415,#4416,#4417,#4418,#4419,#4420,#4421,#4422,#4423,#4424,
#4425,#4426,#4427,#4428,#4429,#4430,#4431,#4432,#4433,#4434,#4435,#4436,
#4437,#4438,#4439,#4440,#4441,#4442,#4443,#4444,#4445,#4446,#4447,#4448,
#4449,#4450,#4451,#4452,#4453,#4454,#4455,#4456,#4457,#4458,#4459,#4460,
#4461,#4462,#4463,#4464,#4465,#4466,#4467,#4468,#4469,#4470,#4471,#4472,
#4473,#4474,#4475,#4476,#4477,#4478,#4479,#4480,#4481,#4482,#4483,#4484,
#4485),.UNSPECIFIED.,.F.,.F.,(4,3,3,3,3,3,3,3,3,3,3,3,3,3,3,3,3,3,3,3,3,
3,3,3,3,3,4),(-0.190345339459127,-0.176909054074472,-0.165803984552513,
-0.16191650899022,-0.148724629241952,-0.141631158713068,-0.13859123093131,
-0.136005937190968,-0.123310777201966,-0.110884398064974,-0.105198961790223,
-0.101568544643095,-0.0990973307267097,-0.0932020418748919,-0.0808051711424719,
-0.071495550372119,-0.0680091778276818,-0.0656130267839942,-0.0536377427740306,
-0.0418103583254351,-0.0363858598496963,-0.0333417992427138,-0.0305329232399545,
-0.0191970971141294,-0.00823717433889336,-0.00632820497964842,0.),
 .UNSPECIFIED.);
#404=B_SPLINE_CURVE_WITH_KNOTS('',3,(#4486,#4487,#4488,#4489,#4490,#4491,
#4492,#4493,#4494,#4495,#4496,#4497,#4498,#4499,#4500,#4501,#4502,#4503,
#4504,#4505,#4506,#4507,#4508,#4509,#4510,#4511,#4512,#4513,#4514,#4515,
#4516,#4517,#4518,#4519,#4520,#4521,#4522,#4523,#4524,#4525,#4526,#4527,
#4528,#4529,#4530,#4531,#4532,#4533,#4534,#4535,#4536,#4537,#4538,#4539,
#4540,#4541,#4542,#4543,#4544,#4545,#4546,#4547,#4548,#4549,#4550,#4551,
#4552,#4553,#4554,#4555,#4556,#4557,#4558),.UNSPECIFIED.,.F.,.F.,(4,3,3,
3,3,3,3,3,3,3,3,3,3,3,3,3,3,3,3,3,3,3,3,3,4),(0.,0.0110128038896493,0.02233382378882,
0.0304326569312017,0.0338543963728907,0.0455681968847644,0.0563392954506461,
0.0638551632972603,0.0663281164835577,0.0787211443195688,0.0860465404311203,
0.0980908080194746,0.100908277549983,0.10310512507302,0.115513136005363,
0.128244992745799,0.135014453794818,0.13798919144027,0.14064936439853,0.153857184384288,
0.16166354152943,0.166303613976763,0.179759478034062,0.182400681137955,
0.1903453394591),.UNSPECIFIED.);
#405=B_SPLINE_CURVE_WITH_KNOTS('',3,(#4559,#4560,#4561,#4562,#4563,#4564,
#4565,#4566,#4567,#4568,#4569,#4570,#4571,#4572,#4573,#4574,#4575,#4576,
#4577,#4578,#4579,#4580,#4581,#4582,#4583),.UNSPECIFIED.,.F.,.F.,(4,3,3,
3,3,3,3,3,4),(-10.1593667032842,-9.84146627031531,-8.85731964328378,-7.87317301625225,
-6.88902638922072,-5.90487976218919,-4.92073313515766,-3.93658650812613,
-3.87618139610465),.UNSPECIFIED.);
#406=B_SPLINE_CURVE_WITH_KNOTS('',3,(#4732,#4733,#4734,#4735,#4736,#4737,
#4738,#4739,#4740,#4741,#4742,#4743,#4744,#4745,#4746,#4747,#4748,#4749,
#4750,#4751,#4752,#4753,#4754,#4755,#4756,#4757,#4758,#4759,#4760,#4761,
#4762,#4763,#4764,#4765,#4766,#4767,#4768,#4769,#4770,#4771,#4772,#4773,
#4774,#4775,#4776,#4777,#4778,#4779,#4780,#4781,#4782,#4783,#4784,#4785,
#4786,#4787,#4788,#4789,#4790,#4791,#4792,#4793,#4794,#4795,#4796,#4797,
#4798,#4799,#4800,#4801,#4802,#4803,#4804,#4805,#4806,#4807,#4808,#4809,
#4810),.UNSPECIFIED.,.F.,.F.,(4,3,3,3,3,3,3,3,3,3,3,3,3,3,3,3,3,3,3,3,3,
3,3,3,3,3,4),(-0.19134111205818,-0.18054159014354,-0.17424134443922,-0.170706452338526,
-0.16810980622565,-0.156490122200566,-0.148978848916461,-0.146313151493373,
-0.134194621640055,-0.122023061201676,-0.116169857512508,-0.113650114726325,
-0.111196944610145,-0.104944936741056,-0.0927291585106363,-0.0821364563967811,
-0.0781617718915984,-0.0756602678226807,-0.062955682114498,-0.0499557825321087,
-0.043505471140825,-0.0403226438027895,-0.0377728836956755,-0.0243434533052044,
-0.0109877465786889,-0.00798754159979476,0.),.UNSPECIFIED.);
#407=B_SPLINE_CURVE_WITH_KNOTS('',3,(#4811,#4812,#4813,#4814,#4815,#4816,
#4817,#4818,#4819,#4820,#4821,#4822,#4823,#4824,#4825,#4826,#4827,#4828,
#4829,#4830,#4831,#4832,#4833,#4834,#4835),.UNSPECIFIED.,.F.,.F.,(4,3,3,
3,3,3,3,3,4),(7.5936553478388,7.87317301625224,8.85731964328378,9.8414662703153,
10.8256128973468,11.8097595243784,12.7939061514099,13.7780527784414,13.8768406550184),
 .UNSPECIFIED.);
#408=B_SPLINE_CURVE_WITH_KNOTS('',3,(#4836,#4837,#4838,#4839,#4840,#4841,
#4842,#4843,#4844,#4845,#4846,#4847,#4848,#4849,#4850,#4851,#4852,#4853,
#4854,#4855,#4856,#4857,#4858,#4859,#4860,#4861,#4862,#4863,#4864,#4865,
#4866,#4867,#4868,#4869,#4870,#4871,#4872,#4873,#4874,#4875,#4876,#4877,
#4878,#4879,#4880,#4881,#4882,#4883,#4884,#4885,#4886,#4887,#4888,#4889,
#4890,#4891,#4892,#4893,#4894,#4895,#4896,#4897,#4898,#4899,#4900,#4901,
#4902,#4903,#4904,#4905,#4906,#4907,#4908,#4909,#4910,#4911,#4912,#4913,
#4914),.UNSPECIFIED.,.F.,.F.,(4,3,3,3,3,3,3,3,3,3,3,3,3,3,3,3,3,3,3,3,3,
3,3,3,3,3,4),(0.,0.0133258895296746,0.0267830177379875,0.0356541132436844,
0.0389350460158026,0.0411867573907921,0.0542151572793441,0.0669119049245836,
0.0746218741393283,0.0772285319741599,0.0798130513501586,0.092075487564172,
0.0977517817835625,0.108656278103596,0.112322544886285,0.115312115854672,
0.127489071392715,0.139576408633004,0.145751563484826,0.148477326615589,
0.160079138498577,0.166737824748147,0.169877333695659,0.172872766752644,
0.18393119649536,0.184987752343833,0.191341112058135),.UNSPECIFIED.);
#409=B_SPLINE_CURVE_WITH_KNOTS('',3,(#4952,#4953,#4954,#4955,#4956,#4957),
 .UNSPECIFIED.,.F.,.F.,(4,1,1,4),(0.866183024366006,1.26881919718252,1.67145536999902,
2.27540962922379),.UNSPECIFIED.);
#410=B_SPLINE_CURVE_WITH_KNOTS('',3,(#4958,#4959,#4960,#4961,#4962,#4963),
 .UNSPECIFIED.,.F.,.F.,(4,1,1,4),(-2.27540962922379,-1.67145536999902,-1.26881919718252,
-0.866183024366006),.UNSPECIFIED.);
#411=B_SPLINE_CURVE_WITH_KNOTS('',3,(#4967,#4968,#4969,#4970,#4971,#4972,
#4973,#4974,#4975,#4976,#4977,#4978),.UNSPECIFIED.,.F.,.F.,(4,2,2,2,2,4),
(-0.898795261477252,-0.898175378847931,-0.828847576392523,-0.76110981285869,
-0.689112760469775,-0.64380386409254),.UNSPECIFIED.);
#412=B_SPLINE_CURVE_WITH_KNOTS('',3,(#4980,#4981,#4982,#4983,#4984,#4985,
#4986,#4987,#4988,#4989,#4990,#4991),.UNSPECIFIED.,.F.,.F.,(4,2,2,2,2,4),
(-0.254371514735749,-0.209062618362114,-0.137065565978477,-0.0693278024498351,
5.55111512312578E-17,0.000619882628615924),.UNSPECIFIED.);
#413=B_SPLINE_CURVE_WITH_KNOTS('',3,(#5030,#5031,#5032,#5033,#5034,#5035),
 .UNSPECIFIED.,.F.,.F.,(4,1,1,4),(-2.27540962922377,-1.87277345640727,-1.47013728359077,
-0.866183024366029),.UNSPECIFIED.);
#414=B_SPLINE_CURVE_WITH_KNOTS('',3,(#5036,#5037,#5038,#5039,#5040,#5041),
 .UNSPECIFIED.,.F.,.F.,(4,1,1,4),(0.866183024366029,1.47013728359077,1.87277345640727,
2.27540962922377),.UNSPECIFIED.);
#415=B_SPLINE_CURVE_WITH_KNOTS('',3,(#5045,#5046,#5047,#5048,#5049,#5050,
#5051,#5052,#5053,#5054,#5055,#5056),.UNSPECIFIED.,.F.,.F.,(4,2,2,2,2,4),
(-0.89879526113457,-0.898175378506012,-0.82884757607892,-0.761109812570848,
-0.689112760208921,-0.643803863848608),.UNSPECIFIED.);
#416=B_SPLINE_CURVE_WITH_KNOTS('',3,(#5058,#5059,#5060,#5061,#5062,#5063,
#5064,#5065,#5066,#5067,#5068,#5069),.UNSPECIFIED.,.F.,.F.,(4,2,2,2,2,4),
(-0.254371514743112,-0.209062618367961,-0.137065565982328,-0.0693278024518378,
5.55111512312578E-17,0.000619882628757564),.UNSPECIFIED.);
#417=LINE('',#2315,#522);
#418=LINE('',#2336,#523);
#419=LINE('',#2387,#524);
#420=LINE('',#2438,#525);
#421=LINE('',#2486,#526);
#422=LINE('',#2525,#527);
#423=LINE('',#2546,#528);
#424=LINE('',#2597,#529);
#425=LINE('',#2648,#530);
#426=LINE('',#2696,#531);
#427=LINE('',#2735,#532);
#428=LINE('',#2759,#533);
#429=LINE('',#2783,#534);
#430=LINE('',#2808,#535);
#431=LINE('',#2833,#536);
#432=LINE('',#2850,#537);
#433=LINE('',#2874,#538);
#434=LINE('',#2898,#539);
#435=LINE('',#2923,#540);
#436=LINE('',#2948,#541);
#437=LINE('',#2965,#542);
#438=LINE('',#2980,#543);
#439=LINE('',#2981,#544);
#440=LINE('',#2997,#545);
#441=LINE('',#2998,#546);
#442=LINE('',#3002,#547);
#443=LINE('',#3017,#548);
#444=LINE('',#3018,#549);
#445=LINE('',#3034,#550);
#446=LINE('',#3035,#551);
#447=LINE('',#3039,#552);
#448=LINE('',#3041,#553);
#449=LINE('',#3043,#554);
#450=LINE('',#3071,#555);
#451=LINE('',#3072,#556);
#452=LINE('',#3076,#557);
#453=LINE('',#3091,#558);
#454=LINE('',#3092,#559);
#455=LINE('',#3108,#560);
#456=LINE('',#3109,#561);
#457=LINE('',#3113,#562);
#458=LINE('',#3128,#563);
#459=LINE('',#3129,#564);
#460=LINE('',#3145,#565);
#461=LINE('',#3146,#566);
#462=LINE('',#3150,#567);
#463=LINE('',#3165,#568);
#464=LINE('',#3166,#569);
#465=LINE('',#3182,#570);
#466=LINE('',#3183,#571);
#467=LINE('',#3187,#572);
#468=LINE('',#3202,#573);
#469=LINE('',#3203,#574);
#470=LINE('',#3219,#575);
#471=LINE('',#3220,#576);
#472=LINE('',#3224,#577);
#473=LINE('',#3239,#578);
#474=LINE('',#3240,#579);
#475=LINE('',#3256,#580);
#476=LINE('',#3257,#581);
#477=LINE('',#3261,#582);
#478=LINE('',#3276,#583);
#479=LINE('',#3277,#584);
#480=LINE('',#3293,#585);
#481=LINE('',#3294,#586);
#482=LINE('',#3298,#587);
#483=LINE('',#3313,#588);
#484=LINE('',#3314,#589);
#485=LINE('',#3330,#590);
#486=LINE('',#3331,#591);
#487=LINE('',#3335,#592);
#488=LINE('',#3350,#593);
#489=LINE('',#3351,#594);
#490=LINE('',#3367,#595);
#491=LINE('',#3368,#596);
#492=LINE('',#3372,#597);
#493=LINE('',#3387,#598);
#494=LINE('',#3388,#599);
#495=LINE('',#3404,#600);
#496=LINE('',#3405,#601);
#497=LINE('',#3409,#602);
#498=LINE('',#3424,#603);
#499=LINE('',#3425,#604);
#500=LINE('',#3441,#605);
#501=LINE('',#3442,#606);
#502=LINE('',#3446,#607);
#503=LINE('',#3461,#608);
#504=LINE('',#3462,#609);
#505=LINE('',#3478,#610);
#506=LINE('',#3479,#611);
#507=LINE('',#3544,#612);
#508=LINE('',#3547,#613);
#509=LINE('',#3553,#614);
#510=LINE('',#3556,#615);
#511=LINE('',#4920,#616);
#512=LINE('',#4926,#617);
#513=LINE('',#4994,#618);
#514=LINE('',#4998,#619);
#515=LINE('',#5004,#620);
#516=LINE('',#5072,#621);
#517=LINE('',#5075,#622);
#518=LINE('',#5080,#623);
#519=LINE('',#5086,#624);
#520=LINE('',#5090,#625);
#521=LINE('',#5102,#626);
#522=VECTOR('',#1898,1.14999999999998);
#523=VECTOR('',#1903,1.14999999999998);
#524=VECTOR('',#1906,1.14999999999998);
#525=VECTOR('',#1909,1.14999999999998);
#526=VECTOR('',#1912,1.14999999999998);
#527=VECTOR('',#1917,1.14999999999998);
#528=VECTOR('',#1922,1.14999999999998);
#529=VECTOR('',#1925,1.14999999999998);
#530=VECTOR('',#1928,1.14999999999998);
#531=VECTOR('',#1931,1.14999999999998);
#532=VECTOR('',#1936,1.037);
#533=VECTOR('',#1941,1.037);
#534=VECTOR('',#1944,1.037);
#535=VECTOR('',#1947,1.037);
#536=VECTOR('',#1950,1.037);
#537=VECTOR('',#1955,1.037);
#538=VECTOR('',#1960,1.037);
#539=VECTOR('',#1963,1.037);
#540=VECTOR('',#1966,1.037);
#541=VECTOR('',#1969,1.037);
#542=VECTOR('',#1974,10.);
#543=VECTOR('',#1975,10.);
#544=VECTOR('',#1976,10.);
#545=VECTOR('',#1979,10.);
#546=VECTOR('',#1980,10.);
#547=VECTOR('',#1983,10.);
#548=VECTOR('',#1984,10.);
#549=VECTOR('',#1985,10.);
#550=VECTOR('',#1988,10.);
#551=VECTOR('',#1989,10.);
#552=VECTOR('',#1992,10.);
#553=VECTOR('',#1993,10.);
#554=VECTOR('',#1994,10.);
#555=VECTOR('',#1997,10.);
#556=VECTOR('',#1998,10.);
#557=VECTOR('',#2001,10.);
#558=VECTOR('',#2002,10.);
#559=VECTOR('',#2003,10.);
#560=VECTOR('',#2006,10.);
#561=VECTOR('',#2007,10.);
#562=VECTOR('',#2010,10.);
#563=VECTOR('',#2011,10.);
#564=VECTOR('',#2012,10.);
#565=VECTOR('',#2015,10.);
#566=VECTOR('',#2016,10.);
#567=VECTOR('',#2019,10.);
#568=VECTOR('',#2020,10.);
#569=VECTOR('',#2021,10.);
#570=VECTOR('',#2024,10.);
#571=VECTOR('',#2025,10.);
#572=VECTOR('',#2028,10.);
#573=VECTOR('',#2029,10.);
#574=VECTOR('',#2030,10.);
#575=VECTOR('',#2033,10.);
#576=VECTOR('',#2034,10.);
#577=VECTOR('',#2037,10.);
#578=VECTOR('',#2038,10.);
#579=VECTOR('',#2039,10.);
#580=VECTOR('',#2042,10.);
#581=VECTOR('',#2043,10.);
#582=VECTOR('',#2046,10.);
#583=VECTOR('',#2047,10.);
#584=VECTOR('',#2048,10.);
#585=VECTOR('',#2051,10.);
#586=VECTOR('',#2052,10.);
#587=VECTOR('',#2055,10.);
#588=VECTOR('',#2056,10.);
#589=VECTOR('',#2057,10.);
#590=VECTOR('',#2060,10.);
#591=VECTOR('',#2061,10.);
#592=VECTOR('',#2064,10.);
#593=VECTOR('',#2065,10.);
#594=VECTOR('',#2066,10.);
#595=VECTOR('',#2069,10.);
#596=VECTOR('',#2070,10.);
#597=VECTOR('',#2073,10.);
#598=VECTOR('',#2074,10.);
#599=VECTOR('',#2075,10.);
#600=VECTOR('',#2078,10.);
#601=VECTOR('',#2079,10.);
#602=VECTOR('',#2082,10.);
#603=VECTOR('',#2083,10.);
#604=VECTOR('',#2084,10.);
#605=VECTOR('',#2087,10.);
#606=VECTOR('',#2088,10.);
#607=VECTOR('',#2091,10.);
#608=VECTOR('',#2092,10.);
#609=VECTOR('',#2093,10.);
#610=VECTOR('',#2096,10.);
#611=VECTOR('',#2097,10.);
#612=VECTOR('',#2200,10.);
#613=VECTOR('',#2203,10.);
#614=VECTOR('',#2212,10.);
#615=VECTOR('',#2215,10.);
#616=VECTOR('',#2230,10.);
#617=VECTOR('',#2235,10.);
#618=VECTOR('',#2246,0.999999999999996);
#619=VECTOR('',#2249,10.);
#620=VECTOR('',#2254,10.);
#621=VECTOR('',#2265,0.999999999999996);
#622=VECTOR('',#2268,10.);
#623=VECTOR('',#2275,10.);
#624=VECTOR('',#2284,10.);
#625=VECTOR('',#2289,10.);
#626=VECTOR('',#2310,12.8751170969472);
#627=VERTEX_POINT('',#2313);
#628=VERTEX_POINT('',#2314);
#629=VERTEX_POINT('',#2316);
#630=VERTEX_POINT('',#2321);
#631=VERTEX_POINT('',#2334);
#632=VERTEX_POINT('',#2335);
#633=VERTEX_POINT('',#2385);
#634=VERTEX_POINT('',#2386);
#635=VERTEX_POINT('',#2436);
#636=VERTEX_POINT('',#2437);
#637=VERTEX_POINT('',#2484);
#638=VERTEX_POINT('',#2485);
#639=VERTEX_POINT('',#2487);
#640=VERTEX_POINT('',#2501);
#641=VERTEX_POINT('',#2523);
#642=VERTEX_POINT('',#2524);
#643=VERTEX_POINT('',#2526);
#644=VERTEX_POINT('',#2531);
#645=VERTEX_POINT('',#2544);
#646=VERTEX_POINT('',#2545);
#647=VERTEX_POINT('',#2595);
#648=VERTEX_POINT('',#2596);
#649=VERTEX_POINT('',#2646);
#650=VERTEX_POINT('',#2647);
#651=VERTEX_POINT('',#2694);
#652=VERTEX_POINT('',#2695);
#653=VERTEX_POINT('',#2697);
#654=VERTEX_POINT('',#2711);
#655=VERTEX_POINT('',#2733);
#656=VERTEX_POINT('',#2734);
#657=VERTEX_POINT('',#2736);
#658=VERTEX_POINT('',#2745);
#659=VERTEX_POINT('',#2757);
#660=VERTEX_POINT('',#2758);
#661=VERTEX_POINT('',#2781);
#662=VERTEX_POINT('',#2782);
#663=VERTEX_POINT('',#2806);
#664=VERTEX_POINT('',#2807);
#665=VERTEX_POINT('',#2831);
#666=VERTEX_POINT('',#2832);
#667=VERTEX_POINT('',#2834);
#668=VERTEX_POINT('',#2840);
#669=VERTEX_POINT('',#2848);
#670=VERTEX_POINT('',#2849);
#671=VERTEX_POINT('',#2851);
#672=VERTEX_POINT('',#2860);
#673=VERTEX_POINT('',#2872);
#674=VERTEX_POINT('',#2873);
#675=VERTEX_POINT('',#2896);
#676=VERTEX_POINT('',#2897);
#677=VERTEX_POINT('',#2921);
#678=VERTEX_POINT('',#2922);
#679=VERTEX_POINT('',#2946);
#680=VERTEX_POINT('',#2947);
#681=VERTEX_POINT('',#2949);
#682=VERTEX_POINT('',#2955);
#683=VERTEX_POINT('',#2963);
#684=VERTEX_POINT('',#2964);
#685=VERTEX_POINT('',#2966);
#686=VERTEX_POINT('',#2979);
#687=VERTEX_POINT('',#2983);
#688=VERTEX_POINT('',#2996);
#689=VERTEX_POINT('',#3000);
#690=VERTEX_POINT('',#3001);
#691=VERTEX_POINT('',#3003);
#692=VERTEX_POINT('',#3016);
#693=VERTEX_POINT('',#3020);
#694=VERTEX_POINT('',#3033);
#695=VERTEX_POINT('',#3037);
#696=VERTEX_POINT('',#3038);
#697=VERTEX_POINT('',#3040);
#698=VERTEX_POINT('',#3042);
#699=VERTEX_POINT('',#3057);
#700=VERTEX_POINT('',#3070);
#701=VERTEX_POINT('',#3074);
#702=VERTEX_POINT('',#3075);
#703=VERTEX_POINT('',#3077);
#704=VERTEX_POINT('',#3090);
#705=VERTEX_POINT('',#3094);
#706=VERTEX_POINT('',#3107);
#707=VERTEX_POINT('',#3111);
#708=VERTEX_POINT('',#3112);
#709=VERTEX_POINT('',#3114);
#710=VERTEX_POINT('',#3127);
#711=VERTEX_POINT('',#3131);
#712=VERTEX_POINT('',#3144);
#713=VERTEX_POINT('',#3148);
#714=VERTEX_POINT('',#3149);
#715=VERTEX_POINT('',#3151);
#716=VERTEX_POINT('',#3164);
#717=VERTEX_POINT('',#3168);
#718=VERTEX_POINT('',#3181);
#719=VERTEX_POINT('',#3185);
#720=VERTEX_POINT('',#3186);
#721=VERTEX_POINT('',#3188);
#722=VERTEX_POINT('',#3201);
#723=VERTEX_POINT('',#3205);
#724=VERTEX_POINT('',#3218);
#725=VERTEX_POINT('',#3222);
#726=VERTEX_POINT('',#3223);
#727=VERTEX_POINT('',#3225);
#728=VERTEX_POINT('',#3238);
#729=VERTEX_POINT('',#3242);
#730=VERTEX_POINT('',#3255);
#731=VERTEX_POINT('',#3259);
#732=VERTEX_POINT('',#3260);
#733=VERTEX_POINT('',#3262);
#734=VERTEX_POINT('',#3275);
#735=VERTEX_POINT('',#3279);
#736=VERTEX_POINT('',#3292);
#737=VERTEX_POINT('',#3296);
#738=VERTEX_POINT('',#3297);
#739=VERTEX_POINT('',#3299);
#740=VERTEX_POINT('',#3312);
#741=VERTEX_POINT('',#3316);
#742=VERTEX_POINT('',#3329);
#743=VERTEX_POINT('',#3333);
#744=VERTEX_POINT('',#3334);
#745=VERTEX_POINT('',#3336);
#746=VERTEX_POINT('',#3349);
#747=VERTEX_POINT('',#3353);
#748=VERTEX_POINT('',#3366);
#749=VERTEX_POINT('',#3370);
#750=VERTEX_POINT('',#3371);
#751=VERTEX_POINT('',#3373);
#752=VERTEX_POINT('',#3386);
#753=VERTEX_POINT('',#3390);
#754=VERTEX_POINT('',#3403);
#755=VERTEX_POINT('',#3407);
#756=VERTEX_POINT('',#3408);
#757=VERTEX_POINT('',#3410);
#758=VERTEX_POINT('',#3423);
#759=VERTEX_POINT('',#3427);
#760=VERTEX_POINT('',#3440);
#761=VERTEX_POINT('',#3444);
#762=VERTEX_POINT('',#3445);
#763=VERTEX_POINT('',#3447);
#764=VERTEX_POINT('',#3460);
#765=VERTEX_POINT('',#3464);
#766=VERTEX_POINT('',#3477);
#767=VERTEX_POINT('',#3481);
#768=VERTEX_POINT('',#3501);
#769=VERTEX_POINT('',#3503);
#770=VERTEX_POINT('',#3505);
#771=VERTEX_POINT('',#3507);
#772=VERTEX_POINT('',#3516);
#773=VERTEX_POINT('',#3518);
#774=VERTEX_POINT('',#3520);
#775=VERTEX_POINT('',#3522);
#776=VERTEX_POINT('',#3529);
#777=VERTEX_POINT('',#3531);
#778=VERTEX_POINT('',#3533);
#779=VERTEX_POINT('',#3543);
#780=VERTEX_POINT('',#3545);
#781=VERTEX_POINT('',#3552);
#782=VERTEX_POINT('',#3554);
#783=VERTEX_POINT('',#4918);
#784=VERTEX_POINT('',#4919);
#785=VERTEX_POINT('',#4921);
#786=VERTEX_POINT('',#4923);
#787=VERTEX_POINT('',#4925);
#788=VERTEX_POINT('',#4965);
#789=VERTEX_POINT('',#4979);
#790=VERTEX_POINT('',#4996);
#791=VERTEX_POINT('',#4997);
#792=VERTEX_POINT('',#4999);
#793=VERTEX_POINT('',#5001);
#794=VERTEX_POINT('',#5003);
#795=VERTEX_POINT('',#5043);
#796=VERTEX_POINT('',#5057);
#797=VERTEX_POINT('',#5074);
#798=VERTEX_POINT('',#5078);
#799=VERTEX_POINT('',#5084);
#800=VERTEX_POINT('',#5088);
#801=VERTEX_POINT('',#5099);
#802=EDGE_CURVE('',#627,#628,#417,.T.);
#803=EDGE_CURVE('',#628,#629,#325,.T.);
#804=EDGE_CURVE('',#629,#630,#257,.F.);
#805=EDGE_CURVE('',#630,#627,#326,.T.);
#806=EDGE_CURVE('',#631,#632,#418,.T.);
#807=EDGE_CURVE('',#632,#628,#327,.T.);
#808=EDGE_CURVE('',#627,#631,#328,.T.);
#809=EDGE_CURVE('',#633,#634,#419,.T.);
#810=EDGE_CURVE('',#634,#632,#329,.T.);
#811=EDGE_CURVE('',#631,#633,#330,.T.);
#812=EDGE_CURVE('',#635,#636,#420,.T.);
#813=EDGE_CURVE('',#636,#634,#331,.T.);
#814=EDGE_CURVE('',#633,#635,#332,.T.);
#815=EDGE_CURVE('',#637,#638,#421,.T.);
#816=EDGE_CURVE('',#637,#639,#333,.T.);
#817=EDGE_CURVE('',#640,#639,#258,.F.);
#818=EDGE_CURVE('',#640,#638,#334,.T.);
#819=EDGE_CURVE('',#641,#642,#422,.T.);
#820=EDGE_CURVE('',#642,#643,#335,.T.);
#821=EDGE_CURVE('',#643,#644,#259,.F.);
#822=EDGE_CURVE('',#644,#641,#336,.T.);
#823=EDGE_CURVE('',#645,#646,#423,.T.);
#824=EDGE_CURVE('',#646,#642,#337,.T.);
#825=EDGE_CURVE('',#641,#645,#338,.T.);
#826=EDGE_CURVE('',#647,#648,#424,.T.);
#827=EDGE_CURVE('',#648,#646,#339,.T.);
#828=EDGE_CURVE('',#645,#647,#340,.T.);
#829=EDGE_CURVE('',#649,#650,#425,.T.);
#830=EDGE_CURVE('',#650,#648,#341,.T.);
#831=EDGE_CURVE('',#647,#649,#342,.T.);
#832=EDGE_CURVE('',#651,#652,#426,.T.);
#833=EDGE_CURVE('',#651,#653,#343,.T.);
#834=EDGE_CURVE('',#654,#653,#260,.F.);
#835=EDGE_CURVE('',#654,#652,#344,.T.);
#836=EDGE_CURVE('',#655,#656,#427,.T.);
#837=EDGE_CURVE('',#656,#657,#345,.T.);
#838=EDGE_CURVE('',#658,#657,#261,.T.);
#839=EDGE_CURVE('',#655,#658,#346,.T.);
#840=EDGE_CURVE('',#659,#660,#428,.T.);
#841=EDGE_CURVE('',#660,#656,#347,.T.);
#842=EDGE_CURVE('',#659,#655,#348,.T.);
#843=EDGE_CURVE('',#661,#662,#429,.T.);
#844=EDGE_CURVE('',#662,#660,#349,.T.);
#845=EDGE_CURVE('',#661,#659,#350,.T.);
#846=EDGE_CURVE('',#663,#664,#430,.T.);
#847=EDGE_CURVE('',#664,#662,#351,.T.);
#848=EDGE_CURVE('',#663,#661,#352,.T.);
#849=EDGE_CURVE('',#665,#666,#431,.T.);
#850=EDGE_CURVE('',#667,#665,#353,.T.);
#851=EDGE_CURVE('',#668,#667,#262,.T.);
#852=EDGE_CURVE('',#668,#666,#354,.T.);
#853=EDGE_CURVE('',#669,#670,#432,.T.);
#854=EDGE_CURVE('',#670,#671,#355,.T.);
#855=EDGE_CURVE('',#672,#671,#263,.T.);
#856=EDGE_CURVE('',#669,#672,#356,.T.);
#857=EDGE_CURVE('',#673,#674,#433,.T.);
#858=EDGE_CURVE('',#674,#670,#357,.T.);
#859=EDGE_CURVE('',#673,#669,#358,.T.);
#860=EDGE_CURVE('',#675,#676,#434,.T.);
#861=EDGE_CURVE('',#676,#674,#359,.T.);
#862=EDGE_CURVE('',#675,#673,#360,.T.);
#863=EDGE_CURVE('',#677,#678,#435,.T.);
#864=EDGE_CURVE('',#678,#676,#361,.T.);
#865=EDGE_CURVE('',#677,#675,#362,.T.);
#866=EDGE_CURVE('',#679,#680,#436,.T.);
#867=EDGE_CURVE('',#681,#679,#363,.T.);
#868=EDGE_CURVE('',#682,#681,#264,.T.);
#869=EDGE_CURVE('',#682,#680,#364,.T.);
#870=EDGE_CURVE('',#683,#684,#437,.T.);
#871=EDGE_CURVE('',#685,#683,#365,.T.);
#872=EDGE_CURVE('',#685,#686,#438,.T.);
#873=EDGE_CURVE('',#684,#686,#439,.T.);
#874=EDGE_CURVE('',#687,#685,#366,.T.);
#875=EDGE_CURVE('',#688,#687,#440,.T.);
#876=EDGE_CURVE('',#686,#688,#441,.T.);
#877=EDGE_CURVE('',#689,#690,#442,.T.);
#878=EDGE_CURVE('',#691,#689,#367,.T.);
#879=EDGE_CURVE('',#691,#692,#443,.T.);
#880=EDGE_CURVE('',#690,#692,#444,.T.);
#881=EDGE_CURVE('',#693,#691,#368,.T.);
#882=EDGE_CURVE('',#694,#693,#445,.T.);
#883=EDGE_CURVE('',#692,#694,#446,.T.);
#884=EDGE_CURVE('',#695,#696,#447,.T.);
#885=EDGE_CURVE('',#697,#695,#448,.T.);
#886=EDGE_CURVE('',#698,#697,#449,.T.);
#887=EDGE_CURVE('',#696,#698,#369,.T.);
#888=EDGE_CURVE('',#698,#699,#370,.T.);
#889=EDGE_CURVE('',#700,#697,#450,.T.);
#890=EDGE_CURVE('',#699,#700,#451,.T.);
#891=EDGE_CURVE('',#701,#702,#452,.T.);
#892=EDGE_CURVE('',#703,#701,#371,.T.);
#893=EDGE_CURVE('',#703,#704,#453,.T.);
#894=EDGE_CURVE('',#702,#704,#454,.T.);
#895=EDGE_CURVE('',#705,#703,#372,.T.);
#896=EDGE_CURVE('',#706,#705,#455,.T.);
#897=EDGE_CURVE('',#704,#706,#456,.T.);
#898=EDGE_CURVE('',#707,#708,#457,.T.);
#899=EDGE_CURVE('',#709,#707,#373,.T.);
#900=EDGE_CURVE('',#709,#710,#458,.T.);
#901=EDGE_CURVE('',#708,#710,#459,.T.);
#902=EDGE_CURVE('',#711,#709,#374,.T.);
#903=EDGE_CURVE('',#712,#711,#460,.T.);
#904=EDGE_CURVE('',#710,#712,#461,.T.);
#905=EDGE_CURVE('',#713,#714,#462,.T.);
#906=EDGE_CURVE('',#715,#713,#375,.T.);
#907=EDGE_CURVE('',#715,#716,#463,.T.);
#908=EDGE_CURVE('',#714,#716,#464,.T.);
#909=EDGE_CURVE('',#717,#715,#376,.T.);
#910=EDGE_CURVE('',#718,#717,#465,.T.);
#911=EDGE_CURVE('',#716,#718,#466,.T.);
#912=EDGE_CURVE('',#719,#720,#467,.T.);
#913=EDGE_CURVE('',#721,#719,#377,.T.);
#914=EDGE_CURVE('',#721,#722,#468,.T.);
#915=EDGE_CURVE('',#720,#722,#469,.T.);
#916=EDGE_CURVE('',#723,#721,#378,.T.);
#917=EDGE_CURVE('',#724,#723,#470,.T.);
#918=EDGE_CURVE('',#722,#724,#471,.T.);
#919=EDGE_CURVE('',#725,#726,#472,.T.);
#920=EDGE_CURVE('',#727,#725,#379,.T.);
#921=EDGE_CURVE('',#727,#728,#473,.T.);
#922=EDGE_CURVE('',#726,#728,#474,.T.);
#923=EDGE_CURVE('',#729,#727,#380,.T.);
#924=EDGE_CURVE('',#730,#729,#475,.T.);
#925=EDGE_CURVE('',#728,#730,#476,.T.);
#926=EDGE_CURVE('',#731,#732,#477,.T.);
#927=EDGE_CURVE('',#733,#731,#381,.T.);
#928=EDGE_CURVE('',#733,#734,#478,.T.);
#929=EDGE_CURVE('',#732,#734,#479,.T.);
#930=EDGE_CURVE('',#735,#733,#382,.T.);
#931=EDGE_CURVE('',#736,#735,#480,.T.);
#932=EDGE_CURVE('',#734,#736,#481,.T.);
#933=EDGE_CURVE('',#737,#738,#482,.T.);
#934=EDGE_CURVE('',#739,#737,#383,.T.);
#935=EDGE_CURVE('',#739,#740,#483,.T.);
#936=EDGE_CURVE('',#738,#740,#484,.T.);
#937=EDGE_CURVE('',#741,#739,#384,.T.);
#938=EDGE_CURVE('',#742,#741,#485,.T.);
#939=EDGE_CURVE('',#740,#742,#486,.T.);
#940=EDGE_CURVE('',#743,#744,#487,.T.);
#941=EDGE_CURVE('',#745,#743,#385,.T.);
#942=EDGE_CURVE('',#745,#746,#488,.T.);
#943=EDGE_CURVE('',#744,#746,#489,.T.);
#944=EDGE_CURVE('',#747,#745,#386,.T.);
#945=EDGE_CURVE('',#748,#747,#490,.T.);
#946=EDGE_CURVE('',#746,#748,#491,.T.);
#947=EDGE_CURVE('',#749,#750,#492,.T.);
#948=EDGE_CURVE('',#751,#749,#387,.T.);
#949=EDGE_CURVE('',#751,#752,#493,.T.);
#950=EDGE_CURVE('',#750,#752,#494,.T.);
#951=EDGE_CURVE('',#753,#751,#388,.T.);
#952=EDGE_CURVE('',#754,#753,#495,.T.);
#953=EDGE_CURVE('',#752,#754,#496,.T.);
#954=EDGE_CURVE('',#755,#756,#497,.T.);
#955=EDGE_CURVE('',#757,#755,#389,.T.);
#956=EDGE_CURVE('',#757,#758,#498,.T.);
#957=EDGE_CURVE('',#756,#758,#499,.T.);
#958=EDGE_CURVE('',#759,#757,#390,.T.);
#959=EDGE_CURVE('',#760,#759,#500,.T.);
#960=EDGE_CURVE('',#758,#760,#501,.T.);
#961=EDGE_CURVE('',#761,#762,#502,.T.);
#962=EDGE_CURVE('',#763,#761,#391,.T.);
#963=EDGE_CURVE('',#763,#764,#503,.T.);
#964=EDGE_CURVE('',#762,#764,#504,.T.);
#965=EDGE_CURVE('',#765,#763,#392,.T.);
#966=EDGE_CURVE('',#766,#765,#505,.T.);
#967=EDGE_CURVE('',#764,#766,#506,.T.);
#968=EDGE_CURVE('',#767,#767,#265,.T.);
#969=EDGE_CURVE('',#767,#727,#266,.T.);
#970=EDGE_CURVE('',#725,#759,#267,.T.);
#971=EDGE_CURVE('',#755,#717,#268,.T.);
#972=EDGE_CURVE('',#713,#693,#269,.T.);
#973=EDGE_CURVE('',#689,#735,#270,.T.);
#974=EDGE_CURVE('',#731,#753,#271,.T.);
#975=EDGE_CURVE('',#749,#711,#272,.T.);
#976=EDGE_CURVE('',#707,#696,#273,.T.);
#977=EDGE_CURVE('',#699,#741,#274,.T.);
#978=EDGE_CURVE('',#737,#747,#275,.T.);
#979=EDGE_CURVE('',#743,#705,#276,.T.);
#980=EDGE_CURVE('',#701,#765,#277,.T.);
#981=EDGE_CURVE('',#761,#723,#278,.T.);
#982=EDGE_CURVE('',#719,#687,#279,.T.);
#983=EDGE_CURVE('',#683,#729,#280,.T.);
#984=EDGE_CURVE('',#720,#688,#281,.T.);
#985=EDGE_CURVE('',#762,#724,#282,.T.);
#986=EDGE_CURVE('',#768,#766,#283,.T.);
#987=EDGE_CURVE('',#769,#768,#284,.T.);
#988=EDGE_CURVE('',#770,#769,#285,.T.);
#989=EDGE_CURVE('',#771,#770,#286,.T.);
#990=EDGE_CURVE('',#702,#771,#287,.T.);
#991=EDGE_CURVE('',#744,#706,#288,.T.);
#992=EDGE_CURVE('',#738,#748,#289,.T.);
#993=EDGE_CURVE('',#700,#742,#290,.T.);
#994=EDGE_CURVE('',#708,#695,#291,.T.);
#995=EDGE_CURVE('',#750,#712,#292,.T.);
#996=EDGE_CURVE('',#732,#754,#293,.T.);
#997=EDGE_CURVE('',#772,#736,#294,.T.);
#998=EDGE_CURVE('',#773,#772,#295,.T.);
#999=EDGE_CURVE('',#774,#773,#296,.T.);
#1000=EDGE_CURVE('',#775,#774,#297,.T.);
#1001=EDGE_CURVE('',#690,#775,#298,.T.);
#1002=EDGE_CURVE('',#714,#694,#299,.T.);
#1003=EDGE_CURVE('',#756,#718,#300,.T.);
#1004=EDGE_CURVE('',#726,#760,#301,.T.);
#1005=EDGE_CURVE('',#684,#730,#302,.T.);
#1006=EDGE_CURVE('',#776,#776,#303,.T.);
#1007=EDGE_CURVE('',#777,#777,#304,.T.);
#1008=EDGE_CURVE('',#778,#778,#305,.T.);
#1009=EDGE_CURVE('',#779,#771,#507,.T.);
#1010=EDGE_CURVE('',#779,#780,#306,.T.);
#1011=EDGE_CURVE('',#768,#780,#508,.T.);
#1012=EDGE_CURVE('',#781,#775,#509,.T.);
#1013=EDGE_CURVE('',#781,#782,#307,.T.);
#1014=EDGE_CURVE('',#772,#782,#510,.T.);
#1015=EDGE_CURVE('',#680,#678,#393,.T.);
#1016=EDGE_CURVE('',#679,#677,#394,.T.);
#1017=EDGE_CURVE('',#671,#644,#395,.T.);
#1018=EDGE_CURVE('',#653,#682,#396,.T.);
#1019=EDGE_CURVE('',#649,#651,#397,.T.);
#1020=EDGE_CURVE('',#643,#672,#398,.T.);
#1021=EDGE_CURVE('',#652,#650,#399,.T.);
#1022=EDGE_CURVE('',#681,#654,#400,.T.);
#1023=EDGE_CURVE('',#666,#664,#401,.T.);
#1024=EDGE_CURVE('',#665,#663,#402,.T.);
#1025=EDGE_CURVE('',#657,#630,#403,.T.);
#1026=EDGE_CURVE('',#639,#668,#404,.T.);
#1027=EDGE_CURVE('',#635,#637,#405,.T.);
#1028=EDGE_CURVE('',#629,#658,#406,.T.);
#1029=EDGE_CURVE('',#638,#636,#407,.T.);
#1030=EDGE_CURVE('',#667,#640,#408,.T.);
#1031=EDGE_CURVE('',#783,#784,#511,.T.);
#1032=EDGE_CURVE('',#784,#785,#308,.T.);
#1033=EDGE_CURVE('',#785,#786,#309,.T.);
#1034=EDGE_CURVE('',#786,#787,#512,.T.);
#1035=EDGE_CURVE('',#787,#783,#310,.T.);
#1036=EDGE_CURVE('',#783,#787,#409,.T.);
#1037=EDGE_CURVE('',#786,#784,#410,.T.);
#1038=EDGE_CURVE('',#783,#788,#311,.T.);
#1039=EDGE_CURVE('',#782,#788,#411,.T.);
#1040=EDGE_CURVE('',#781,#789,#412,.F.);
#1041=EDGE_CURVE('',#789,#787,#312,.T.);
#1042=EDGE_CURVE('',#785,#778,#513,.T.);
#1043=EDGE_CURVE('',#790,#791,#514,.T.);
#1044=EDGE_CURVE('',#791,#792,#313,.T.);
#1045=EDGE_CURVE('',#792,#793,#314,.T.);
#1046=EDGE_CURVE('',#793,#794,#515,.T.);
#1047=EDGE_CURVE('',#794,#790,#315,.T.);
#1048=EDGE_CURVE('',#790,#794,#413,.T.);
#1049=EDGE_CURVE('',#793,#791,#414,.T.);
#1050=EDGE_CURVE('',#790,#795,#316,.T.);
#1051=EDGE_CURVE('',#780,#795,#415,.T.);
#1052=EDGE_CURVE('',#779,#796,#416,.F.);
#1053=EDGE_CURVE('',#796,#794,#317,.T.);
#1054=EDGE_CURVE('',#792,#777,#516,.T.);
#1055=EDGE_CURVE('',#770,#797,#517,.T.);
#1056=EDGE_CURVE('',#796,#797,#318,.F.);
#1057=EDGE_CURVE('',#795,#798,#319,.T.);
#1058=EDGE_CURVE('',#798,#769,#518,.T.);
#1059=EDGE_CURVE('',#797,#798,#320,.T.);
#1060=EDGE_CURVE('',#788,#799,#321,.T.);
#1061=EDGE_CURVE('',#799,#773,#519,.T.);
#1062=EDGE_CURVE('',#800,#799,#322,.T.);
#1063=EDGE_CURVE('',#774,#800,#520,.T.);
#1064=EDGE_CURVE('',#789,#800,#323,.F.);
#1065=EDGE_CURVE('',#801,#801,#324,.T.);
#1066=EDGE_CURVE('',#801,#776,#521,.T.);
#1067=ORIENTED_EDGE('',*,*,#802,.T.);
#1068=ORIENTED_EDGE('',*,*,#803,.T.);
#1069=ORIENTED_EDGE('',*,*,#804,.T.);
#1070=ORIENTED_EDGE('',*,*,#805,.T.);
#1071=ORIENTED_EDGE('',*,*,#806,.T.);
#1072=ORIENTED_EDGE('',*,*,#807,.T.);
#1073=ORIENTED_EDGE('',*,*,#802,.F.);
#1074=ORIENTED_EDGE('',*,*,#808,.T.);
#1075=ORIENTED_EDGE('',*,*,#809,.T.);
#1076=ORIENTED_EDGE('',*,*,#810,.T.);
#1077=ORIENTED_EDGE('',*,*,#806,.F.);
#1078=ORIENTED_EDGE('',*,*,#811,.T.);
#1079=ORIENTED_EDGE('',*,*,#812,.T.);
#1080=ORIENTED_EDGE('',*,*,#813,.T.);
#1081=ORIENTED_EDGE('',*,*,#809,.F.);
#1082=ORIENTED_EDGE('',*,*,#814,.T.);
#1083=ORIENTED_EDGE('',*,*,#815,.F.);
#1084=ORIENTED_EDGE('',*,*,#816,.T.);
#1085=ORIENTED_EDGE('',*,*,#817,.F.);
#1086=ORIENTED_EDGE('',*,*,#818,.T.);
#1087=ORIENTED_EDGE('',*,*,#819,.T.);
#1088=ORIENTED_EDGE('',*,*,#820,.T.);
#1089=ORIENTED_EDGE('',*,*,#821,.T.);
#1090=ORIENTED_EDGE('',*,*,#822,.T.);
#1091=ORIENTED_EDGE('',*,*,#823,.T.);
#1092=ORIENTED_EDGE('',*,*,#824,.T.);
#1093=ORIENTED_EDGE('',*,*,#819,.F.);
#1094=ORIENTED_EDGE('',*,*,#825,.T.);
#1095=ORIENTED_EDGE('',*,*,#826,.T.);
#1096=ORIENTED_EDGE('',*,*,#827,.T.);
#1097=ORIENTED_EDGE('',*,*,#823,.F.);
#1098=ORIENTED_EDGE('',*,*,#828,.T.);
#1099=ORIENTED_EDGE('',*,*,#829,.T.);
#1100=ORIENTED_EDGE('',*,*,#830,.T.);
#1101=ORIENTED_EDGE('',*,*,#826,.F.);
#1102=ORIENTED_EDGE('',*,*,#831,.T.);
#1103=ORIENTED_EDGE('',*,*,#832,.F.);
#1104=ORIENTED_EDGE('',*,*,#833,.T.);
#1105=ORIENTED_EDGE('',*,*,#834,.F.);
#1106=ORIENTED_EDGE('',*,*,#835,.T.);
#1107=ORIENTED_EDGE('',*,*,#836,.T.);
#1108=ORIENTED_EDGE('',*,*,#837,.T.);
#1109=ORIENTED_EDGE('',*,*,#838,.F.);
#1110=ORIENTED_EDGE('',*,*,#839,.F.);
#1111=ORIENTED_EDGE('',*,*,#840,.T.);
#1112=ORIENTED_EDGE('',*,*,#841,.T.);
#1113=ORIENTED_EDGE('',*,*,#836,.F.);
#1114=ORIENTED_EDGE('',*,*,#842,.F.);
#1115=ORIENTED_EDGE('',*,*,#843,.T.);
#1116=ORIENTED_EDGE('',*,*,#844,.T.);
#1117=ORIENTED_EDGE('',*,*,#840,.F.);
#1118=ORIENTED_EDGE('',*,*,#845,.F.);
#1119=ORIENTED_EDGE('',*,*,#846,.T.);
#1120=ORIENTED_EDGE('',*,*,#847,.T.);
#1121=ORIENTED_EDGE('',*,*,#843,.F.);
#1122=ORIENTED_EDGE('',*,*,#848,.F.);
#1123=ORIENTED_EDGE('',*,*,#849,.F.);
#1124=ORIENTED_EDGE('',*,*,#850,.F.);
#1125=ORIENTED_EDGE('',*,*,#851,.F.);
#1126=ORIENTED_EDGE('',*,*,#852,.T.);
#1127=ORIENTED_EDGE('',*,*,#853,.T.);
#1128=ORIENTED_EDGE('',*,*,#854,.T.);
#1129=ORIENTED_EDGE('',*,*,#855,.F.);
#1130=ORIENTED_EDGE('',*,*,#856,.F.);
#1131=ORIENTED_EDGE('',*,*,#857,.T.);
#1132=ORIENTED_EDGE('',*,*,#858,.T.);
#1133=ORIENTED_EDGE('',*,*,#853,.F.);
#1134=ORIENTED_EDGE('',*,*,#859,.F.);
#1135=ORIENTED_EDGE('',*,*,#860,.T.);
#1136=ORIENTED_EDGE('',*,*,#861,.T.);
#1137=ORIENTED_EDGE('',*,*,#857,.F.);
#1138=ORIENTED_EDGE('',*,*,#862,.F.);
#1139=ORIENTED_EDGE('',*,*,#863,.T.);
#1140=ORIENTED_EDGE('',*,*,#864,.T.);
#1141=ORIENTED_EDGE('',*,*,#860,.F.);
#1142=ORIENTED_EDGE('',*,*,#865,.F.);
#1143=ORIENTED_EDGE('',*,*,#866,.F.);
#1144=ORIENTED_EDGE('',*,*,#867,.F.);
#1145=ORIENTED_EDGE('',*,*,#868,.F.);
#1146=ORIENTED_EDGE('',*,*,#869,.T.);
#1147=ORIENTED_EDGE('',*,*,#870,.F.);
#1148=ORIENTED_EDGE('',*,*,#871,.F.);
#1149=ORIENTED_EDGE('',*,*,#872,.T.);
#1150=ORIENTED_EDGE('',*,*,#873,.F.);
#1151=ORIENTED_EDGE('',*,*,#874,.F.);
#1152=ORIENTED_EDGE('',*,*,#875,.F.);
#1153=ORIENTED_EDGE('',*,*,#876,.F.);
#1154=ORIENTED_EDGE('',*,*,#872,.F.);
#1155=ORIENTED_EDGE('',*,*,#877,.F.);
#1156=ORIENTED_EDGE('',*,*,#878,.F.);
#1157=ORIENTED_EDGE('',*,*,#879,.T.);
#1158=ORIENTED_EDGE('',*,*,#880,.F.);
#1159=ORIENTED_EDGE('',*,*,#881,.F.);
#1160=ORIENTED_EDGE('',*,*,#882,.F.);
#1161=ORIENTED_EDGE('',*,*,#883,.F.);
#1162=ORIENTED_EDGE('',*,*,#879,.F.);
#1163=ORIENTED_EDGE('',*,*,#884,.F.);
#1164=ORIENTED_EDGE('',*,*,#885,.F.);
#1165=ORIENTED_EDGE('',*,*,#886,.F.);
#1166=ORIENTED_EDGE('',*,*,#887,.F.);
#1167=ORIENTED_EDGE('',*,*,#888,.F.);
#1168=ORIENTED_EDGE('',*,*,#886,.T.);
#1169=ORIENTED_EDGE('',*,*,#889,.F.);
#1170=ORIENTED_EDGE('',*,*,#890,.F.);
#1171=ORIENTED_EDGE('',*,*,#891,.F.);
#1172=ORIENTED_EDGE('',*,*,#892,.F.);
#1173=ORIENTED_EDGE('',*,*,#893,.T.);
#1174=ORIENTED_EDGE('',*,*,#894,.F.);
#1175=ORIENTED_EDGE('',*,*,#895,.F.);
#1176=ORIENTED_EDGE('',*,*,#896,.F.);
#1177=ORIENTED_EDGE('',*,*,#897,.F.);
#1178=ORIENTED_EDGE('',*,*,#893,.F.);
#1179=ORIENTED_EDGE('',*,*,#898,.F.);
#1180=ORIENTED_EDGE('',*,*,#899,.F.);
#1181=ORIENTED_EDGE('',*,*,#900,.T.);
#1182=ORIENTED_EDGE('',*,*,#901,.F.);
#1183=ORIENTED_EDGE('',*,*,#902,.F.);
#1184=ORIENTED_EDGE('',*,*,#903,.F.);
#1185=ORIENTED_EDGE('',*,*,#904,.F.);
#1186=ORIENTED_EDGE('',*,*,#900,.F.);
#1187=ORIENTED_EDGE('',*,*,#905,.F.);
#1188=ORIENTED_EDGE('',*,*,#906,.F.);
#1189=ORIENTED_EDGE('',*,*,#907,.T.);
#1190=ORIENTED_EDGE('',*,*,#908,.F.);
#1191=ORIENTED_EDGE('',*,*,#909,.F.);
#1192=ORIENTED_EDGE('',*,*,#910,.F.);
#1193=ORIENTED_EDGE('',*,*,#911,.F.);
#1194=ORIENTED_EDGE('',*,*,#907,.F.);
#1195=ORIENTED_EDGE('',*,*,#912,.F.);
#1196=ORIENTED_EDGE('',*,*,#913,.F.);
#1197=ORIENTED_EDGE('',*,*,#914,.T.);
#1198=ORIENTED_EDGE('',*,*,#915,.F.);
#1199=ORIENTED_EDGE('',*,*,#916,.F.);
#1200=ORIENTED_EDGE('',*,*,#917,.F.);
#1201=ORIENTED_EDGE('',*,*,#918,.F.);
#1202=ORIENTED_EDGE('',*,*,#914,.F.);
#1203=ORIENTED_EDGE('',*,*,#919,.F.);
#1204=ORIENTED_EDGE('',*,*,#920,.F.);
#1205=ORIENTED_EDGE('',*,*,#921,.T.);
#1206=ORIENTED_EDGE('',*,*,#922,.F.);
#1207=ORIENTED_EDGE('',*,*,#923,.F.);
#1208=ORIENTED_EDGE('',*,*,#924,.F.);
#1209=ORIENTED_EDGE('',*,*,#925,.F.);
#1210=ORIENTED_EDGE('',*,*,#921,.F.);
#1211=ORIENTED_EDGE('',*,*,#926,.F.);
#1212=ORIENTED_EDGE('',*,*,#927,.F.);
#1213=ORIENTED_EDGE('',*,*,#928,.T.);
#1214=ORIENTED_EDGE('',*,*,#929,.F.);
#1215=ORIENTED_EDGE('',*,*,#930,.F.);
#1216=ORIENTED_EDGE('',*,*,#931,.F.);
#1217=ORIENTED_EDGE('',*,*,#932,.F.);
#1218=ORIENTED_EDGE('',*,*,#928,.F.);
#1219=ORIENTED_EDGE('',*,*,#933,.F.);
#1220=ORIENTED_EDGE('',*,*,#934,.F.);
#1221=ORIENTED_EDGE('',*,*,#935,.T.);
#1222=ORIENTED_EDGE('',*,*,#936,.F.);
#1223=ORIENTED_EDGE('',*,*,#937,.F.);
#1224=ORIENTED_EDGE('',*,*,#938,.F.);
#1225=ORIENTED_EDGE('',*,*,#939,.F.);
#1226=ORIENTED_EDGE('',*,*,#935,.F.);
#1227=ORIENTED_EDGE('',*,*,#940,.F.);
#1228=ORIENTED_EDGE('',*,*,#941,.F.);
#1229=ORIENTED_EDGE('',*,*,#942,.T.);
#1230=ORIENTED_EDGE('',*,*,#943,.F.);
#1231=ORIENTED_EDGE('',*,*,#944,.F.);
#1232=ORIENTED_EDGE('',*,*,#945,.F.);
#1233=ORIENTED_EDGE('',*,*,#946,.F.);
#1234=ORIENTED_EDGE('',*,*,#942,.F.);
#1235=ORIENTED_EDGE('',*,*,#947,.F.);
#1236=ORIENTED_EDGE('',*,*,#948,.F.);
#1237=ORIENTED_EDGE('',*,*,#949,.T.);
#1238=ORIENTED_EDGE('',*,*,#950,.F.);
#1239=ORIENTED_EDGE('',*,*,#951,.F.);
#1240=ORIENTED_EDGE('',*,*,#952,.F.);
#1241=ORIENTED_EDGE('',*,*,#953,.F.);
#1242=ORIENTED_EDGE('',*,*,#949,.F.);
#1243=ORIENTED_EDGE('',*,*,#954,.F.);
#1244=ORIENTED_EDGE('',*,*,#955,.F.);
#1245=ORIENTED_EDGE('',*,*,#956,.T.);
#1246=ORIENTED_EDGE('',*,*,#957,.F.);
#1247=ORIENTED_EDGE('',*,*,#958,.F.);
#1248=ORIENTED_EDGE('',*,*,#959,.F.);
#1249=ORIENTED_EDGE('',*,*,#960,.F.);
#1250=ORIENTED_EDGE('',*,*,#956,.F.);
#1251=ORIENTED_EDGE('',*,*,#961,.F.);
#1252=ORIENTED_EDGE('',*,*,#962,.F.);
#1253=ORIENTED_EDGE('',*,*,#963,.T.);
#1254=ORIENTED_EDGE('',*,*,#964,.F.);
#1255=ORIENTED_EDGE('',*,*,#965,.F.);
#1256=ORIENTED_EDGE('',*,*,#966,.F.);
#1257=ORIENTED_EDGE('',*,*,#967,.F.);
#1258=ORIENTED_EDGE('',*,*,#963,.F.);
#1259=ORIENTED_EDGE('',*,*,#968,.T.);
#1260=ORIENTED_EDGE('',*,*,#969,.T.);
#1261=ORIENTED_EDGE('',*,*,#920,.T.);
#1262=ORIENTED_EDGE('',*,*,#970,.T.);
#1263=ORIENTED_EDGE('',*,*,#958,.T.);
#1264=ORIENTED_EDGE('',*,*,#955,.T.);
#1265=ORIENTED_EDGE('',*,*,#971,.T.);
#1266=ORIENTED_EDGE('',*,*,#909,.T.);
#1267=ORIENTED_EDGE('',*,*,#906,.T.);
#1268=ORIENTED_EDGE('',*,*,#972,.T.);
#1269=ORIENTED_EDGE('',*,*,#881,.T.);
#1270=ORIENTED_EDGE('',*,*,#878,.T.);
#1271=ORIENTED_EDGE('',*,*,#973,.T.);
#1272=ORIENTED_EDGE('',*,*,#930,.T.);
#1273=ORIENTED_EDGE('',*,*,#927,.T.);
#1274=ORIENTED_EDGE('',*,*,#974,.T.);
#1275=ORIENTED_EDGE('',*,*,#951,.T.);
#1276=ORIENTED_EDGE('',*,*,#948,.T.);
#1277=ORIENTED_EDGE('',*,*,#975,.T.);
#1278=ORIENTED_EDGE('',*,*,#902,.T.);
#1279=ORIENTED_EDGE('',*,*,#899,.T.);
#1280=ORIENTED_EDGE('',*,*,#976,.T.);
#1281=ORIENTED_EDGE('',*,*,#887,.T.);
#1282=ORIENTED_EDGE('',*,*,#888,.T.);
#1283=ORIENTED_EDGE('',*,*,#977,.T.);
#1284=ORIENTED_EDGE('',*,*,#937,.T.);
#1285=ORIENTED_EDGE('',*,*,#934,.T.);
#1286=ORIENTED_EDGE('',*,*,#978,.T.);
#1287=ORIENTED_EDGE('',*,*,#944,.T.);
#1288=ORIENTED_EDGE('',*,*,#941,.T.);
#1289=ORIENTED_EDGE('',*,*,#979,.T.);
#1290=ORIENTED_EDGE('',*,*,#895,.T.);
#1291=ORIENTED_EDGE('',*,*,#892,.T.);
#1292=ORIENTED_EDGE('',*,*,#980,.T.);
#1293=ORIENTED_EDGE('',*,*,#965,.T.);
#1294=ORIENTED_EDGE('',*,*,#962,.T.);
#1295=ORIENTED_EDGE('',*,*,#981,.T.);
#1296=ORIENTED_EDGE('',*,*,#916,.T.);
#1297=ORIENTED_EDGE('',*,*,#913,.T.);
#1298=ORIENTED_EDGE('',*,*,#982,.T.);
#1299=ORIENTED_EDGE('',*,*,#874,.T.);
#1300=ORIENTED_EDGE('',*,*,#871,.T.);
#1301=ORIENTED_EDGE('',*,*,#983,.T.);
#1302=ORIENTED_EDGE('',*,*,#923,.T.);
#1303=ORIENTED_EDGE('',*,*,#969,.F.);
#1304=ORIENTED_EDGE('',*,*,#873,.T.);
#1305=ORIENTED_EDGE('',*,*,#876,.T.);
#1306=ORIENTED_EDGE('',*,*,#984,.F.);
#1307=ORIENTED_EDGE('',*,*,#915,.T.);
#1308=ORIENTED_EDGE('',*,*,#918,.T.);
#1309=ORIENTED_EDGE('',*,*,#985,.F.);
#1310=ORIENTED_EDGE('',*,*,#964,.T.);
#1311=ORIENTED_EDGE('',*,*,#967,.T.);
#1312=ORIENTED_EDGE('',*,*,#986,.F.);
#1313=ORIENTED_EDGE('',*,*,#987,.F.);
#1314=ORIENTED_EDGE('',*,*,#988,.F.);
#1315=ORIENTED_EDGE('',*,*,#989,.F.);
#1316=ORIENTED_EDGE('',*,*,#990,.F.);
#1317=ORIENTED_EDGE('',*,*,#894,.T.);
#1318=ORIENTED_EDGE('',*,*,#897,.T.);
#1319=ORIENTED_EDGE('',*,*,#991,.F.);
#1320=ORIENTED_EDGE('',*,*,#943,.T.);
#1321=ORIENTED_EDGE('',*,*,#946,.T.);
#1322=ORIENTED_EDGE('',*,*,#992,.F.);
#1323=ORIENTED_EDGE('',*,*,#936,.T.);
#1324=ORIENTED_EDGE('',*,*,#939,.T.);
#1325=ORIENTED_EDGE('',*,*,#993,.F.);
#1326=ORIENTED_EDGE('',*,*,#889,.T.);
#1327=ORIENTED_EDGE('',*,*,#885,.T.);
#1328=ORIENTED_EDGE('',*,*,#994,.F.);
#1329=ORIENTED_EDGE('',*,*,#901,.T.);
#1330=ORIENTED_EDGE('',*,*,#904,.T.);
#1331=ORIENTED_EDGE('',*,*,#995,.F.);
#1332=ORIENTED_EDGE('',*,*,#950,.T.);
#1333=ORIENTED_EDGE('',*,*,#953,.T.);
#1334=ORIENTED_EDGE('',*,*,#996,.F.);
#1335=ORIENTED_EDGE('',*,*,#929,.T.);
#1336=ORIENTED_EDGE('',*,*,#932,.T.);
#1337=ORIENTED_EDGE('',*,*,#997,.F.);
#1338=ORIENTED_EDGE('',*,*,#998,.F.);
#1339=ORIENTED_EDGE('',*,*,#999,.F.);
#1340=ORIENTED_EDGE('',*,*,#1000,.F.);
#1341=ORIENTED_EDGE('',*,*,#1001,.F.);
#1342=ORIENTED_EDGE('',*,*,#880,.T.);
#1343=ORIENTED_EDGE('',*,*,#883,.T.);
#1344=ORIENTED_EDGE('',*,*,#1002,.F.);
#1345=ORIENTED_EDGE('',*,*,#908,.T.);
#1346=ORIENTED_EDGE('',*,*,#911,.T.);
#1347=ORIENTED_EDGE('',*,*,#1003,.F.);
#1348=ORIENTED_EDGE('',*,*,#957,.T.);
#1349=ORIENTED_EDGE('',*,*,#960,.T.);
#1350=ORIENTED_EDGE('',*,*,#1004,.F.);
#1351=ORIENTED_EDGE('',*,*,#922,.T.);
#1352=ORIENTED_EDGE('',*,*,#925,.T.);
#1353=ORIENTED_EDGE('',*,*,#1005,.F.);
#1354=ORIENTED_EDGE('',*,*,#1006,.F.);
#1355=ORIENTED_EDGE('',*,*,#1007,.F.);
#1356=ORIENTED_EDGE('',*,*,#1008,.F.);
#1357=ORIENTED_EDGE('',*,*,#933,.T.);
#1358=ORIENTED_EDGE('',*,*,#992,.T.);
#1359=ORIENTED_EDGE('',*,*,#945,.T.);
#1360=ORIENTED_EDGE('',*,*,#978,.F.);
#1361=ORIENTED_EDGE('',*,*,#926,.T.);
#1362=ORIENTED_EDGE('',*,*,#996,.T.);
#1363=ORIENTED_EDGE('',*,*,#952,.T.);
#1364=ORIENTED_EDGE('',*,*,#974,.F.);
#1365=ORIENTED_EDGE('',*,*,#919,.T.);
#1366=ORIENTED_EDGE('',*,*,#1004,.T.);
#1367=ORIENTED_EDGE('',*,*,#959,.T.);
#1368=ORIENTED_EDGE('',*,*,#970,.F.);
#1369=ORIENTED_EDGE('',*,*,#917,.T.);
#1370=ORIENTED_EDGE('',*,*,#981,.F.);
#1371=ORIENTED_EDGE('',*,*,#961,.T.);
#1372=ORIENTED_EDGE('',*,*,#985,.T.);
#1373=ORIENTED_EDGE('',*,*,#910,.T.);
#1374=ORIENTED_EDGE('',*,*,#971,.F.);
#1375=ORIENTED_EDGE('',*,*,#954,.T.);
#1376=ORIENTED_EDGE('',*,*,#1003,.T.);
#1377=ORIENTED_EDGE('',*,*,#903,.T.);
#1378=ORIENTED_EDGE('',*,*,#975,.F.);
#1379=ORIENTED_EDGE('',*,*,#947,.T.);
#1380=ORIENTED_EDGE('',*,*,#995,.T.);
#1381=ORIENTED_EDGE('',*,*,#896,.T.);
#1382=ORIENTED_EDGE('',*,*,#979,.F.);
#1383=ORIENTED_EDGE('',*,*,#940,.T.);
#1384=ORIENTED_EDGE('',*,*,#991,.T.);
#1385=ORIENTED_EDGE('',*,*,#891,.T.);
#1386=ORIENTED_EDGE('',*,*,#990,.T.);
#1387=ORIENTED_EDGE('',*,*,#1009,.F.);
#1388=ORIENTED_EDGE('',*,*,#1010,.T.);
#1389=ORIENTED_EDGE('',*,*,#1011,.F.);
#1390=ORIENTED_EDGE('',*,*,#986,.T.);
#1391=ORIENTED_EDGE('',*,*,#966,.T.);
#1392=ORIENTED_EDGE('',*,*,#980,.F.);
#1393=ORIENTED_EDGE('',*,*,#890,.T.);
#1394=ORIENTED_EDGE('',*,*,#993,.T.);
#1395=ORIENTED_EDGE('',*,*,#938,.T.);
#1396=ORIENTED_EDGE('',*,*,#977,.F.);
#1397=ORIENTED_EDGE('',*,*,#884,.T.);
#1398=ORIENTED_EDGE('',*,*,#976,.F.);
#1399=ORIENTED_EDGE('',*,*,#898,.T.);
#1400=ORIENTED_EDGE('',*,*,#994,.T.);
#1401=ORIENTED_EDGE('',*,*,#882,.T.);
#1402=ORIENTED_EDGE('',*,*,#972,.F.);
#1403=ORIENTED_EDGE('',*,*,#905,.T.);
#1404=ORIENTED_EDGE('',*,*,#1002,.T.);
#1405=ORIENTED_EDGE('',*,*,#877,.T.);
#1406=ORIENTED_EDGE('',*,*,#1001,.T.);
#1407=ORIENTED_EDGE('',*,*,#1012,.F.);
#1408=ORIENTED_EDGE('',*,*,#1013,.T.);
#1409=ORIENTED_EDGE('',*,*,#1014,.F.);
#1410=ORIENTED_EDGE('',*,*,#997,.T.);
#1411=ORIENTED_EDGE('',*,*,#931,.T.);
#1412=ORIENTED_EDGE('',*,*,#973,.F.);
#1413=ORIENTED_EDGE('',*,*,#875,.T.);
#1414=ORIENTED_EDGE('',*,*,#982,.F.);
#1415=ORIENTED_EDGE('',*,*,#912,.T.);
#1416=ORIENTED_EDGE('',*,*,#984,.T.);
#1417=ORIENTED_EDGE('',*,*,#870,.T.);
#1418=ORIENTED_EDGE('',*,*,#1005,.T.);
#1419=ORIENTED_EDGE('',*,*,#924,.T.);
#1420=ORIENTED_EDGE('',*,*,#983,.F.);
#1421=ORIENTED_EDGE('',*,*,#866,.T.);
#1422=ORIENTED_EDGE('',*,*,#1015,.T.);
#1423=ORIENTED_EDGE('',*,*,#863,.F.);
#1424=ORIENTED_EDGE('',*,*,#1016,.F.);
#1425=ORIENTED_EDGE('',*,*,#1017,.F.);
#1426=ORIENTED_EDGE('',*,*,#854,.F.);
#1427=ORIENTED_EDGE('',*,*,#858,.F.);
#1428=ORIENTED_EDGE('',*,*,#861,.F.);
#1429=ORIENTED_EDGE('',*,*,#864,.F.);
#1430=ORIENTED_EDGE('',*,*,#1015,.F.);
#1431=ORIENTED_EDGE('',*,*,#869,.F.);
#1432=ORIENTED_EDGE('',*,*,#1018,.F.);
#1433=ORIENTED_EDGE('',*,*,#833,.F.);
#1434=ORIENTED_EDGE('',*,*,#1019,.F.);
#1435=ORIENTED_EDGE('',*,*,#831,.F.);
#1436=ORIENTED_EDGE('',*,*,#828,.F.);
#1437=ORIENTED_EDGE('',*,*,#825,.F.);
#1438=ORIENTED_EDGE('',*,*,#822,.F.);
#1439=ORIENTED_EDGE('',*,*,#1020,.F.);
#1440=ORIENTED_EDGE('',*,*,#820,.F.);
#1441=ORIENTED_EDGE('',*,*,#824,.F.);
#1442=ORIENTED_EDGE('',*,*,#827,.F.);
#1443=ORIENTED_EDGE('',*,*,#830,.F.);
#1444=ORIENTED_EDGE('',*,*,#1021,.F.);
#1445=ORIENTED_EDGE('',*,*,#835,.F.);
#1446=ORIENTED_EDGE('',*,*,#1022,.F.);
#1447=ORIENTED_EDGE('',*,*,#867,.T.);
#1448=ORIENTED_EDGE('',*,*,#1016,.T.);
#1449=ORIENTED_EDGE('',*,*,#865,.T.);
#1450=ORIENTED_EDGE('',*,*,#862,.T.);
#1451=ORIENTED_EDGE('',*,*,#859,.T.);
#1452=ORIENTED_EDGE('',*,*,#856,.T.);
#1453=ORIENTED_EDGE('',*,*,#849,.T.);
#1454=ORIENTED_EDGE('',*,*,#1023,.T.);
#1455=ORIENTED_EDGE('',*,*,#846,.F.);
#1456=ORIENTED_EDGE('',*,*,#1024,.F.);
#1457=ORIENTED_EDGE('',*,*,#1025,.F.);
#1458=ORIENTED_EDGE('',*,*,#837,.F.);
#1459=ORIENTED_EDGE('',*,*,#841,.F.);
#1460=ORIENTED_EDGE('',*,*,#844,.F.);
#1461=ORIENTED_EDGE('',*,*,#847,.F.);
#1462=ORIENTED_EDGE('',*,*,#1023,.F.);
#1463=ORIENTED_EDGE('',*,*,#852,.F.);
#1464=ORIENTED_EDGE('',*,*,#1026,.F.);
#1465=ORIENTED_EDGE('',*,*,#816,.F.);
#1466=ORIENTED_EDGE('',*,*,#1027,.F.);
#1467=ORIENTED_EDGE('',*,*,#814,.F.);
#1468=ORIENTED_EDGE('',*,*,#811,.F.);
#1469=ORIENTED_EDGE('',*,*,#808,.F.);
#1470=ORIENTED_EDGE('',*,*,#805,.F.);
#1471=ORIENTED_EDGE('',*,*,#1028,.F.);
#1472=ORIENTED_EDGE('',*,*,#803,.F.);
#1473=ORIENTED_EDGE('',*,*,#807,.F.);
#1474=ORIENTED_EDGE('',*,*,#810,.F.);
#1475=ORIENTED_EDGE('',*,*,#813,.F.);
#1476=ORIENTED_EDGE('',*,*,#1029,.F.);
#1477=ORIENTED_EDGE('',*,*,#818,.F.);
#1478=ORIENTED_EDGE('',*,*,#1030,.F.);
#1479=ORIENTED_EDGE('',*,*,#850,.T.);
#1480=ORIENTED_EDGE('',*,*,#1024,.T.);
#1481=ORIENTED_EDGE('',*,*,#848,.T.);
#1482=ORIENTED_EDGE('',*,*,#845,.T.);
#1483=ORIENTED_EDGE('',*,*,#842,.T.);
#1484=ORIENTED_EDGE('',*,*,#839,.T.);
#1485=ORIENTED_EDGE('',*,*,#1020,.T.);
#1486=ORIENTED_EDGE('',*,*,#855,.T.);
#1487=ORIENTED_EDGE('',*,*,#1017,.T.);
#1488=ORIENTED_EDGE('',*,*,#821,.F.);
#1489=ORIENTED_EDGE('',*,*,#1028,.T.);
#1490=ORIENTED_EDGE('',*,*,#838,.T.);
#1491=ORIENTED_EDGE('',*,*,#1025,.T.);
#1492=ORIENTED_EDGE('',*,*,#804,.F.);
#1493=ORIENTED_EDGE('',*,*,#1031,.T.);
#1494=ORIENTED_EDGE('',*,*,#1032,.T.);
#1495=ORIENTED_EDGE('',*,*,#1033,.T.);
#1496=ORIENTED_EDGE('',*,*,#1034,.T.);
#1497=ORIENTED_EDGE('',*,*,#1035,.T.);
#1498=ORIENTED_EDGE('',*,*,#1031,.F.);
#1499=ORIENTED_EDGE('',*,*,#1036,.T.);
#1500=ORIENTED_EDGE('',*,*,#1034,.F.);
#1501=ORIENTED_EDGE('',*,*,#1037,.T.);
#1502=ORIENTED_EDGE('',*,*,#1036,.F.);
#1503=ORIENTED_EDGE('',*,*,#1038,.T.);
#1504=ORIENTED_EDGE('',*,*,#1039,.F.);
#1505=ORIENTED_EDGE('',*,*,#1013,.F.);
#1506=ORIENTED_EDGE('',*,*,#1040,.T.);
#1507=ORIENTED_EDGE('',*,*,#1041,.T.);
#1508=ORIENTED_EDGE('',*,*,#1032,.F.);
#1509=ORIENTED_EDGE('',*,*,#1037,.F.);
#1510=ORIENTED_EDGE('',*,*,#1033,.F.);
#1511=ORIENTED_EDGE('',*,*,#1042,.T.);
#1512=ORIENTED_EDGE('',*,*,#1008,.T.);
#1513=ORIENTED_EDGE('',*,*,#1042,.F.);
#1514=ORIENTED_EDGE('',*,*,#1043,.T.);
#1515=ORIENTED_EDGE('',*,*,#1044,.T.);
#1516=ORIENTED_EDGE('',*,*,#1045,.T.);
#1517=ORIENTED_EDGE('',*,*,#1046,.T.);
#1518=ORIENTED_EDGE('',*,*,#1047,.T.);
#1519=ORIENTED_EDGE('',*,*,#1043,.F.);
#1520=ORIENTED_EDGE('',*,*,#1048,.T.);
#1521=ORIENTED_EDGE('',*,*,#1046,.F.);
#1522=ORIENTED_EDGE('',*,*,#1049,.T.);
#1523=ORIENTED_EDGE('',*,*,#1048,.F.);
#1524=ORIENTED_EDGE('',*,*,#1050,.T.);
#1525=ORIENTED_EDGE('',*,*,#1051,.F.);
#1526=ORIENTED_EDGE('',*,*,#1010,.F.);
#1527=ORIENTED_EDGE('',*,*,#1052,.T.);
#1528=ORIENTED_EDGE('',*,*,#1053,.T.);
#1529=ORIENTED_EDGE('',*,*,#1044,.F.);
#1530=ORIENTED_EDGE('',*,*,#1049,.F.);
#1531=ORIENTED_EDGE('',*,*,#1045,.F.);
#1532=ORIENTED_EDGE('',*,*,#1054,.T.);
#1533=ORIENTED_EDGE('',*,*,#1007,.T.);
#1534=ORIENTED_EDGE('',*,*,#1054,.F.);
#1535=ORIENTED_EDGE('',*,*,#1052,.F.);
#1536=ORIENTED_EDGE('',*,*,#1009,.T.);
#1537=ORIENTED_EDGE('',*,*,#989,.T.);
#1538=ORIENTED_EDGE('',*,*,#1055,.T.);
#1539=ORIENTED_EDGE('',*,*,#1056,.F.);
#1540=ORIENTED_EDGE('',*,*,#1057,.T.);
#1541=ORIENTED_EDGE('',*,*,#1058,.T.);
#1542=ORIENTED_EDGE('',*,*,#987,.T.);
#1543=ORIENTED_EDGE('',*,*,#1011,.T.);
#1544=ORIENTED_EDGE('',*,*,#1051,.T.);
#1545=ORIENTED_EDGE('',*,*,#1055,.F.);
#1546=ORIENTED_EDGE('',*,*,#988,.T.);
#1547=ORIENTED_EDGE('',*,*,#1058,.F.);
#1548=ORIENTED_EDGE('',*,*,#1059,.F.);
#1549=ORIENTED_EDGE('',*,*,#1060,.T.);
#1550=ORIENTED_EDGE('',*,*,#1061,.T.);
#1551=ORIENTED_EDGE('',*,*,#998,.T.);
#1552=ORIENTED_EDGE('',*,*,#1014,.T.);
#1553=ORIENTED_EDGE('',*,*,#1039,.T.);
#1554=ORIENTED_EDGE('',*,*,#1061,.F.);
#1555=ORIENTED_EDGE('',*,*,#1062,.F.);
#1556=ORIENTED_EDGE('',*,*,#1063,.F.);
#1557=ORIENTED_EDGE('',*,*,#999,.T.);
#1558=ORIENTED_EDGE('',*,*,#1040,.F.);
#1559=ORIENTED_EDGE('',*,*,#1012,.T.);
#1560=ORIENTED_EDGE('',*,*,#1000,.T.);
#1561=ORIENTED_EDGE('',*,*,#1063,.T.);
#1562=ORIENTED_EDGE('',*,*,#1064,.F.);
#1563=ORIENTED_EDGE('',*,*,#1047,.F.);
#1564=ORIENTED_EDGE('',*,*,#1053,.F.);
#1565=ORIENTED_EDGE('',*,*,#1056,.T.);
#1566=ORIENTED_EDGE('',*,*,#1059,.T.);
#1567=ORIENTED_EDGE('',*,*,#1057,.F.);
#1568=ORIENTED_EDGE('',*,*,#1050,.F.);
#1569=ORIENTED_EDGE('',*,*,#1035,.F.);
#1570=ORIENTED_EDGE('',*,*,#1041,.F.);
#1571=ORIENTED_EDGE('',*,*,#1064,.T.);
#1572=ORIENTED_EDGE('',*,*,#1062,.T.);
#1573=ORIENTED_EDGE('',*,*,#1060,.F.);
#1574=ORIENTED_EDGE('',*,*,#1038,.F.);
#1575=ORIENTED_EDGE('',*,*,#968,.F.);
#1576=ORIENTED_EDGE('',*,*,#832,.T.);
#1577=ORIENTED_EDGE('',*,*,#1021,.T.);
#1578=ORIENTED_EDGE('',*,*,#829,.F.);
#1579=ORIENTED_EDGE('',*,*,#1019,.T.);
#1580=ORIENTED_EDGE('',*,*,#815,.T.);
#1581=ORIENTED_EDGE('',*,*,#1029,.T.);
#1582=ORIENTED_EDGE('',*,*,#812,.F.);
#1583=ORIENTED_EDGE('',*,*,#1027,.T.);
#1584=ORIENTED_EDGE('',*,*,#1065,.T.);
#1585=ORIENTED_EDGE('',*,*,#1022,.T.);
#1586=ORIENTED_EDGE('',*,*,#834,.T.);
#1587=ORIENTED_EDGE('',*,*,#1018,.T.);
#1588=ORIENTED_EDGE('',*,*,#868,.T.);
#1589=ORIENTED_EDGE('',*,*,#1030,.T.);
#1590=ORIENTED_EDGE('',*,*,#817,.T.);
#1591=ORIENTED_EDGE('',*,*,#1026,.T.);
#1592=ORIENTED_EDGE('',*,*,#851,.T.);
#1593=ORIENTED_EDGE('',*,*,#1065,.F.);
#1594=ORIENTED_EDGE('',*,*,#1066,.T.);
#1595=ORIENTED_EDGE('',*,*,#1006,.T.);
#1596=ORIENTED_EDGE('',*,*,#1066,.F.);
#1597=CYLINDRICAL_SURFACE('',#1739,0.8115);
#1598=CYLINDRICAL_SURFACE('',#1741,0.8115);
#1599=CYLINDRICAL_SURFACE('',#1742,0.8115);
#1600=CYLINDRICAL_SURFACE('',#1743,0.8115);
#1601=CYLINDRICAL_SURFACE('',#1744,0.8115);
#1602=CYLINDRICAL_SURFACE('',#1746,0.8115);
#1603=CYLINDRICAL_SURFACE('',#1748,0.8115);
#1604=CYLINDRICAL_SURFACE('',#1749,0.8115);
#1605=CYLINDRICAL_SURFACE('',#1750,0.8115);
#1606=CYLINDRICAL_SURFACE('',#1751,0.8115);
#1607=CYLINDRICAL_SURFACE('',#1753,1.037);
#1608=CYLINDRICAL_SURFACE('',#1755,1.037);
#1609=CYLINDRICAL_SURFACE('',#1756,1.037);
#1610=CYLINDRICAL_SURFACE('',#1757,1.037);
#1611=CYLINDRICAL_SURFACE('',#1758,1.037);
#1612=CYLINDRICAL_SURFACE('',#1760,1.037);
#1613=CYLINDRICAL_SURFACE('',#1762,1.037);
#1614=CYLINDRICAL_SURFACE('',#1763,1.037);
#1615=CYLINDRICAL_SURFACE('',#1764,1.037);
#1616=CYLINDRICAL_SURFACE('',#1765,1.037);
#1617=CYLINDRICAL_SURFACE('',#1838,15.1420251649628);
#1618=CYLINDRICAL_SURFACE('',#1839,15.1420251649628);
#1619=CYLINDRICAL_SURFACE('',#1840,15.1420251649628);
#1620=CYLINDRICAL_SURFACE('',#1841,15.1420251649628);
#1621=CYLINDRICAL_SURFACE('',#1842,15.1420251649628);
#1622=CYLINDRICAL_SURFACE('',#1843,15.1420251649628);
#1623=CYLINDRICAL_SURFACE('',#1844,15.1420251649628);
#1624=CYLINDRICAL_SURFACE('',#1845,15.1420251649628);
#1625=CYLINDRICAL_SURFACE('',#1847,15.1420251649628);
#1626=CYLINDRICAL_SURFACE('',#1848,15.1420251649628);
#1627=CYLINDRICAL_SURFACE('',#1849,15.1420251649628);
#1628=CYLINDRICAL_SURFACE('',#1850,15.1420251649628);
#1629=CYLINDRICAL_SURFACE('',#1852,15.1420251649628);
#1630=CYLINDRICAL_SURFACE('',#1853,15.1420251649628);
#1631=CYLINDRICAL_SURFACE('',#1854,1.037);
#1632=CYLINDRICAL_SURFACE('',#1855,1.037);
#1633=CYLINDRICAL_SURFACE('',#1865,0.999999999999996);
#1634=CYLINDRICAL_SURFACE('',#1873,0.999999999999996);
#1635=CYLINDRICAL_SURFACE('',#1874,2.5);
#1636=CYLINDRICAL_SURFACE('',#1876,2.5);
#1637=CYLINDRICAL_SURFACE('',#1878,5.);
#1638=CYLINDRICAL_SURFACE('',#1880,2.5);
#1639=CYLINDRICAL_SURFACE('',#1882,5.);
#1640=CYLINDRICAL_SURFACE('',#1884,2.5);
#1641=CYLINDRICAL_SURFACE('',#1889,0.8115);
#1642=CYLINDRICAL_SURFACE('',#1890,0.8115);
#1643=CYLINDRICAL_SURFACE('',#1893,12.8751170969472);
#1644=ADVANCED_FACE('',(#66),#1597,.F.);
#1645=ADVANCED_FACE('',(#67),#1598,.F.);
#1646=ADVANCED_FACE('',(#68),#1599,.F.);
#1647=ADVANCED_FACE('',(#69),#1600,.F.);
#1648=ADVANCED_FACE('',(#70),#1601,.F.);
#1649=ADVANCED_FACE('',(#71),#1602,.F.);
#1650=ADVANCED_FACE('',(#72),#1603,.F.);
#1651=ADVANCED_FACE('',(#73),#1604,.F.);
#1652=ADVANCED_FACE('',(#74),#1605,.F.);
#1653=ADVANCED_FACE('',(#75),#1606,.F.);
#1654=ADVANCED_FACE('',(#76),#1607,.F.);
#1655=ADVANCED_FACE('',(#77),#1608,.F.);
#1656=ADVANCED_FACE('',(#78),#1609,.F.);
#1657=ADVANCED_FACE('',(#79),#1610,.F.);
#1658=ADVANCED_FACE('',(#80),#1611,.F.);
#1659=ADVANCED_FACE('',(#81),#1612,.F.);
#1660=ADVANCED_FACE('',(#82),#1613,.F.);
#1661=ADVANCED_FACE('',(#83),#1614,.F.);
#1662=ADVANCED_FACE('',(#84),#1615,.F.);
#1663=ADVANCED_FACE('',(#85),#1616,.F.);
#1664=ADVANCED_FACE('',(#86),#31,.F.);
#1665=ADVANCED_FACE('',(#87),#32,.F.);
#1666=ADVANCED_FACE('',(#88),#33,.F.);
#1667=ADVANCED_FACE('',(#89),#34,.F.);
#1668=ADVANCED_FACE('',(#90),#35,.F.);
#1669=ADVANCED_FACE('',(#91),#36,.F.);
#1670=ADVANCED_FACE('',(#92),#37,.F.);
#1671=ADVANCED_FACE('',(#93),#38,.F.);
#1672=ADVANCED_FACE('',(#94),#39,.F.);
#1673=ADVANCED_FACE('',(#95),#40,.F.);
#1674=ADVANCED_FACE('',(#96),#41,.F.);
#1675=ADVANCED_FACE('',(#97),#42,.F.);
#1676=ADVANCED_FACE('',(#98),#43,.F.);
#1677=ADVANCED_FACE('',(#99),#44,.F.);
#1678=ADVANCED_FACE('',(#100),#45,.F.);
#1679=ADVANCED_FACE('',(#101),#46,.F.);
#1680=ADVANCED_FACE('',(#102),#47,.F.);
#1681=ADVANCED_FACE('',(#103),#48,.F.);
#1682=ADVANCED_FACE('',(#104),#49,.F.);
#1683=ADVANCED_FACE('',(#105),#50,.F.);
#1684=ADVANCED_FACE('',(#106),#51,.F.);
#1685=ADVANCED_FACE('',(#107),#52,.F.);
#1686=ADVANCED_FACE('',(#108),#53,.F.);
#1687=ADVANCED_FACE('',(#109),#54,.F.);
#1688=ADVANCED_FACE('',(#110),#55,.F.);
#1689=ADVANCED_FACE('',(#111),#56,.F.);
#1690=ADVANCED_FACE('',(#112),#57,.F.);
#1691=ADVANCED_FACE('',(#113),#58,.F.);
#1692=ADVANCED_FACE('',(#114),#28,.T.);
#1693=ADVANCED_FACE('',(#115,#23,#24,#25),#59,.F.);
#1694=ADVANCED_FACE('',(#116),#1617,.T.);
#1695=ADVANCED_FACE('',(#117),#1618,.T.);
#1696=ADVANCED_FACE('',(#118),#1619,.T.);
#1697=ADVANCED_FACE('',(#119),#1620,.T.);
#1698=ADVANCED_FACE('',(#120),#1621,.T.);
#1699=ADVANCED_FACE('',(#121),#1622,.T.);
#1700=ADVANCED_FACE('',(#122),#1623,.T.);
#1701=ADVANCED_FACE('',(#123),#1624,.T.);
#1702=ADVANCED_FACE('',(#124),#1625,.T.);
#1703=ADVANCED_FACE('',(#125),#1626,.T.);
#1704=ADVANCED_FACE('',(#126),#1627,.T.);
#1705=ADVANCED_FACE('',(#127),#1628,.T.);
#1706=ADVANCED_FACE('',(#128),#1629,.T.);
#1707=ADVANCED_FACE('',(#129),#1630,.T.);
#1708=ADVANCED_FACE('',(#130),#1631,.F.);
#1709=ADVANCED_FACE('',(#131),#17,.F.);
#1710=ADVANCED_FACE('',(#132),#18,.F.);
#1711=ADVANCED_FACE('',(#133),#1632,.F.);
#1712=ADVANCED_FACE('',(#134),#19,.F.);
#1713=ADVANCED_FACE('',(#135),#20,.F.);
#1714=ADVANCED_FACE('',(#136),#60,.F.);
#1715=ADVANCED_FACE('',(#137),#61,.F.);
#1716=ADVANCED_FACE('',(#138),#15,.F.);
#1717=ADVANCED_FACE('',(#139),#21,.T.);
#1718=ADVANCED_FACE('',(#140),#29,.F.);
#1719=ADVANCED_FACE('',(#141),#1633,.F.);
#1720=ADVANCED_FACE('',(#142),#16,.F.);
#1721=ADVANCED_FACE('',(#143),#22,.T.);
#1722=ADVANCED_FACE('',(#144),#30,.F.);
#1723=ADVANCED_FACE('',(#145),#1634,.F.);
#1724=ADVANCED_FACE('',(#146),#1635,.F.);
#1725=ADVANCED_FACE('',(#147),#1636,.F.);
#1726=ADVANCED_FACE('',(#148),#1637,.T.);
#1727=ADVANCED_FACE('',(#149),#1638,.F.);
#1728=ADVANCED_FACE('',(#150),#1639,.T.);
#1729=ADVANCED_FACE('',(#151),#1640,.F.);
#1730=ADVANCED_FACE('',(#152),#62,.T.);
#1731=ADVANCED_FACE('',(#153),#63,.T.);
#1732=ADVANCED_FACE('',(#154),#64,.T.);
#1733=ADVANCED_FACE('',(#155),#1641,.F.);
#1734=ADVANCED_FACE('',(#156),#1642,.F.);
#1735=ADVANCED_FACE('',(#157,#26,#27),#65,.F.);
#1736=ADVANCED_FACE('',(#158),#1643,.F.);
#1737=CLOSED_SHELL('',(#1644,#1645,#1646,#1647,#1648,#1649,#1650,#1651,
#1652,#1653,#1654,#1655,#1656,#1657,#1658,#1659,#1660,#1661,#1662,#1663,
#1664,#1665,#1666,#1667,#1668,#1669,#1670,#1671,#1672,#1673,#1674,#1675,
#1676,#1677,#1678,#1679,#1680,#1681,#1682,#1683,#1684,#1685,#1686,#1687,
#1688,#1689,#1690,#1691,#1692,#1693,#1694,#1695,#1696,#1697,#1698,#1699,
#1700,#1701,#1702,#1703,#1704,#1705,#1706,#1707,#1708,#1709,#1710,#1711,
#1712,#1713,#1714,#1715,#1716,#1717,#1718,#1719,#1720,#1721,#1722,#1723,
#1724,#1725,#1726,#1727,#1728,#1729,#1730,#1731,#1732,#1733,#1734,#1735,
#1736));
#1738=AXIS2_PLACEMENT_3D('',#2311,#1894,#1895);
#1739=AXIS2_PLACEMENT_3D('',#2312,#1896,#1897);
#1740=AXIS2_PLACEMENT_3D('',#2322,#1899,#1900);
#1741=AXIS2_PLACEMENT_3D('',#2333,#1901,#1902);
#1742=AXIS2_PLACEMENT_3D('',#2384,#1904,#1905);
#1743=AXIS2_PLACEMENT_3D('',#2435,#1907,#1908);
#1744=AXIS2_PLACEMENT_3D('',#2483,#1910,#1911);
#1745=AXIS2_PLACEMENT_3D('',#2502,#1913,#1914);
#1746=AXIS2_PLACEMENT_3D('',#2522,#1915,#1916);
#1747=AXIS2_PLACEMENT_3D('',#2532,#1918,#1919);
#1748=AXIS2_PLACEMENT_3D('',#2543,#1920,#1921);
#1749=AXIS2_PLACEMENT_3D('',#2594,#1923,#1924);
#1750=AXIS2_PLACEMENT_3D('',#2645,#1926,#1927);
#1751=AXIS2_PLACEMENT_3D('',#2693,#1929,#1930);
#1752=AXIS2_PLACEMENT_3D('',#2712,#1932,#1933);
#1753=AXIS2_PLACEMENT_3D('',#2732,#1934,#1935);
#1754=AXIS2_PLACEMENT_3D('',#2746,#1937,#1938);
#1755=AXIS2_PLACEMENT_3D('',#2756,#1939,#1940);
#1756=AXIS2_PLACEMENT_3D('',#2780,#1942,#1943);
#1757=AXIS2_PLACEMENT_3D('',#2805,#1945,#1946);
#1758=AXIS2_PLACEMENT_3D('',#2830,#1948,#1949);
#1759=AXIS2_PLACEMENT_3D('',#2841,#1951,#1952);
#1760=AXIS2_PLACEMENT_3D('',#2847,#1953,#1954);
#1761=AXIS2_PLACEMENT_3D('',#2861,#1956,#1957);
#1762=AXIS2_PLACEMENT_3D('',#2871,#1958,#1959);
#1763=AXIS2_PLACEMENT_3D('',#2895,#1961,#1962);
#1764=AXIS2_PLACEMENT_3D('',#2920,#1964,#1965);
#1765=AXIS2_PLACEMENT_3D('',#2945,#1967,#1968);
#1766=AXIS2_PLACEMENT_3D('',#2956,#1970,#1971);
#1767=AXIS2_PLACEMENT_3D('',#2962,#1972,#1973);
#1768=AXIS2_PLACEMENT_3D('',#2982,#1977,#1978);
#1769=AXIS2_PLACEMENT_3D('',#2999,#1981,#1982);
#1770=AXIS2_PLACEMENT_3D('',#3019,#1986,#1987);
#1771=AXIS2_PLACEMENT_3D('',#3036,#1990,#1991);
#1772=AXIS2_PLACEMENT_3D('',#3056,#1995,#1996);
#1773=AXIS2_PLACEMENT_3D('',#3073,#1999,#2000);
#1774=AXIS2_PLACEMENT_3D('',#3093,#2004,#2005);
#1775=AXIS2_PLACEMENT_3D('',#3110,#2008,#2009);
#1776=AXIS2_PLACEMENT_3D('',#3130,#2013,#2014);
#1777=AXIS2_PLACEMENT_3D('',#3147,#2017,#2018);
#1778=AXIS2_PLACEMENT_3D('',#3167,#2022,#2023);
#1779=AXIS2_PLACEMENT_3D('',#3184,#2026,#2027);
#1780=AXIS2_PLACEMENT_3D('',#3204,#2031,#2032);
#1781=AXIS2_PLACEMENT_3D('',#3221,#2035,#2036);
#1782=AXIS2_PLACEMENT_3D('',#3241,#2040,#2041);
#1783=AXIS2_PLACEMENT_3D('',#3258,#2044,#2045);
#1784=AXIS2_PLACEMENT_3D('',#3278,#2049,#2050);
#1785=AXIS2_PLACEMENT_3D('',#3295,#2053,#2054);
#1786=AXIS2_PLACEMENT_3D('',#3315,#2058,#2059);
#1787=AXIS2_PLACEMENT_3D('',#3332,#2062,#2063);
#1788=AXIS2_PLACEMENT_3D('',#3352,#2067,#2068);
#1789=AXIS2_PLACEMENT_3D('',#3369,#2071,#2072);
#1790=AXIS2_PLACEMENT_3D('',#3389,#2076,#2077);
#1791=AXIS2_PLACEMENT_3D('',#3406,#2080,#2081);
#1792=AXIS2_PLACEMENT_3D('',#3426,#2085,#2086);
#1793=AXIS2_PLACEMENT_3D('',#3443,#2089,#2090);
#1794=AXIS2_PLACEMENT_3D('',#3463,#2094,#2095);
#1795=AXIS2_PLACEMENT_3D('',#3480,#2098,#2099);
#1796=AXIS2_PLACEMENT_3D('',#3482,#2100,#2101);
#1797=AXIS2_PLACEMENT_3D('',#3483,#2102,#2103);
#1798=AXIS2_PLACEMENT_3D('',#3484,#2104,#2105);
#1799=AXIS2_PLACEMENT_3D('',#3485,#2106,#2107);
#1800=AXIS2_PLACEMENT_3D('',#3486,#2108,#2109);
#1801=AXIS2_PLACEMENT_3D('',#3487,#2110,#2111);
#1802=AXIS2_PLACEMENT_3D('',#3488,#2112,#2113);
#1803=AXIS2_PLACEMENT_3D('',#3489,#2114,#2115);
#1804=AXIS2_PLACEMENT_3D('',#3490,#2116,#2117);
#1805=AXIS2_PLACEMENT_3D('',#3491,#2118,#2119);
#1806=AXIS2_PLACEMENT_3D('',#3492,#2120,#2121);
#1807=AXIS2_PLACEMENT_3D('',#3493,#2122,#2123);
#1808=AXIS2_PLACEMENT_3D('',#3494,#2124,#2125);
#1809=AXIS2_PLACEMENT_3D('',#3495,#2126,#2127);
#1810=AXIS2_PLACEMENT_3D('',#3496,#2128,#2129);
#1811=AXIS2_PLACEMENT_3D('',#3497,#2130,#2131);
#1812=AXIS2_PLACEMENT_3D('',#3498,#2132,#2133);
#1813=AXIS2_PLACEMENT_3D('',#3499,#2134,#2135);
#1814=AXIS2_PLACEMENT_3D('',#3500,#2136,#2137);
#1815=AXIS2_PLACEMENT_3D('',#3502,#2138,#2139);
#1816=AXIS2_PLACEMENT_3D('',#3504,#2140,#2141);
#1817=AXIS2_PLACEMENT_3D('',#3506,#2142,#2143);
#1818=AXIS2_PLACEMENT_3D('',#3508,#2144,#2145);
#1819=AXIS2_PLACEMENT_3D('',#3509,#2146,#2147);
#1820=AXIS2_PLACEMENT_3D('',#3510,#2148,#2149);
#1821=AXIS2_PLACEMENT_3D('',#3511,#2150,#2151);
#1822=AXIS2_PLACEMENT_3D('',#3512,#2152,#2153);
#1823=AXIS2_PLACEMENT_3D('',#3513,#2154,#2155);
#1824=AXIS2_PLACEMENT_3D('',#3514,#2156,#2157);
#1825=AXIS2_PLACEMENT_3D('',#3515,#2158,#2159);
#1826=AXIS2_PLACEMENT_3D('',#3517,#2160,#2161);
#1827=AXIS2_PLACEMENT_3D('',#3519,#2162,#2163);
#1828=AXIS2_PLACEMENT_3D('',#3521,#2164,#2165);
#1829=AXIS2_PLACEMENT_3D('',#3523,#2166,#2167);
#1830=AXIS2_PLACEMENT_3D('',#3524,#2168,#2169);
#1831=AXIS2_PLACEMENT_3D('',#3525,#2170,#2171);
#1832=AXIS2_PLACEMENT_3D('',#3526,#2172,#2173);
#1833=AXIS2_PLACEMENT_3D('',#3527,#2174,#2175);
#1834=AXIS2_PLACEMENT_3D('',#3528,#2176,#2177);
#1835=AXIS2_PLACEMENT_3D('',#3530,#2178,#2179);
#1836=AXIS2_PLACEMENT_3D('',#3532,#2180,#2181);
#1837=AXIS2_PLACEMENT_3D('',#3534,#2182,#2183);
#1838=AXIS2_PLACEMENT_3D('',#3535,#2184,#2185);
#1839=AXIS2_PLACEMENT_3D('',#3536,#2186,#2187);
#1840=AXIS2_PLACEMENT_3D('',#3537,#2188,#2189);
#1841=AXIS2_PLACEMENT_3D('',#3538,#2190,#2191);
#1842=AXIS2_PLACEMENT_3D('',#3539,#2192,#2193);
#1843=AXIS2_PLACEMENT_3D('',#3540,#2194,#2195);
#1844=AXIS2_PLACEMENT_3D('',#3541,#2196,#2197);
#1845=AXIS2_PLACEMENT_3D('',#3542,#2198,#2199);
#1846=AXIS2_PLACEMENT_3D('',#3546,#2201,#2202);
#1847=AXIS2_PLACEMENT_3D('',#3548,#2204,#2205);
#1848=AXIS2_PLACEMENT_3D('',#3549,#2206,#2207);
#1849=AXIS2_PLACEMENT_3D('',#3550,#2208,#2209);
#1850=AXIS2_PLACEMENT_3D('',#3551,#2210,#2211);
#1851=AXIS2_PLACEMENT_3D('',#3555,#2213,#2214);
#1852=AXIS2_PLACEMENT_3D('',#3557,#2216,#2217);
#1853=AXIS2_PLACEMENT_3D('',#3558,#2218,#2219);
#1854=AXIS2_PLACEMENT_3D('',#3559,#2220,#2221);
#1855=AXIS2_PLACEMENT_3D('',#4237,#2222,#2223);
#1856=AXIS2_PLACEMENT_3D('',#4915,#2224,#2225);
#1857=AXIS2_PLACEMENT_3D('',#4916,#2226,#2227);
#1858=AXIS2_PLACEMENT_3D('',#4917,#2228,#2229);
#1859=AXIS2_PLACEMENT_3D('',#4922,#2231,#2232);
#1860=AXIS2_PLACEMENT_3D('',#4924,#2233,#2234);
#1861=AXIS2_PLACEMENT_3D('',#4927,#2236,#2237);
#1862=AXIS2_PLACEMENT_3D('',#4964,#2238,#2239);
#1863=AXIS2_PLACEMENT_3D('',#4966,#2240,#2241);
#1864=AXIS2_PLACEMENT_3D('',#4992,#2242,#2243);
#1865=AXIS2_PLACEMENT_3D('',#4993,#2244,#2245);
#1866=AXIS2_PLACEMENT_3D('',#4995,#2247,#2248);
#1867=AXIS2_PLACEMENT_3D('',#5000,#2250,#2251);
#1868=AXIS2_PLACEMENT_3D('',#5002,#2252,#2253);
#1869=AXIS2_PLACEMENT_3D('',#5005,#2255,#2256);
#1870=AXIS2_PLACEMENT_3D('',#5042,#2257,#2258);
#1871=AXIS2_PLACEMENT_3D('',#5044,#2259,#2260);
#1872=AXIS2_PLACEMENT_3D('',#5070,#2261,#2262);
#1873=AXIS2_PLACEMENT_3D('',#5071,#2263,#2264);
#1874=AXIS2_PLACEMENT_3D('',#5073,#2266,#2267);
#1875=AXIS2_PLACEMENT_3D('',#5076,#2269,#2270);
#1876=AXIS2_PLACEMENT_3D('',#5077,#2271,#2272);
#1877=AXIS2_PLACEMENT_3D('',#5079,#2273,#2274);
#1878=AXIS2_PLACEMENT_3D('',#5081,#2276,#2277);
#1879=AXIS2_PLACEMENT_3D('',#5082,#2278,#2279);
#1880=AXIS2_PLACEMENT_3D('',#5083,#2280,#2281);
#1881=AXIS2_PLACEMENT_3D('',#5085,#2282,#2283);
#1882=AXIS2_PLACEMENT_3D('',#5087,#2285,#2286);
#1883=AXIS2_PLACEMENT_3D('',#5089,#2287,#2288);
#1884=AXIS2_PLACEMENT_3D('',#5091,#2290,#2291);
#1885=AXIS2_PLACEMENT_3D('',#5092,#2292,#2293);
#1886=AXIS2_PLACEMENT_3D('',#5093,#2294,#2295);
#1887=AXIS2_PLACEMENT_3D('',#5094,#2296,#2297);
#1888=AXIS2_PLACEMENT_3D('',#5095,#2298,#2299);
#1889=AXIS2_PLACEMENT_3D('',#5096,#2300,#2301);
#1890=AXIS2_PLACEMENT_3D('',#5097,#2302,#2303);
#1891=AXIS2_PLACEMENT_3D('',#5098,#2304,#2305);
#1892=AXIS2_PLACEMENT_3D('',#5100,#2306,#2307);
#1893=AXIS2_PLACEMENT_3D('',#5101,#2308,#2309);
#1894=DIRECTION('axis',(0.,0.,1.));
#1895=DIRECTION('refdir',(1.,0.,0.));
#1896=DIRECTION('center_axis',(0.,0.,-1.));
#1897=DIRECTION('ref_axis',(-0.359524753732624,0.93313554827447,0.));
#1898=DIRECTION('',(0.,0.,-1.));
#1899=DIRECTION('center_axis',(0.,0.,1.));
#1900=DIRECTION('ref_axis',(1.,0.,0.));
#1901=DIRECTION('center_axis',(0.,0.,-1.));
#1902=DIRECTION('ref_axis',(1.,0.,0.));
#1903=DIRECTION('',(0.,0.,-1.));
#1904=DIRECTION('center_axis',(0.,0.,-1.));
#1905=DIRECTION('ref_axis',(1.,0.,0.));
#1906=DIRECTION('',(0.,0.,-1.));
#1907=DIRECTION('center_axis',(0.,0.,-1.));
#1908=DIRECTION('ref_axis',(1.,0.,0.));
#1909=DIRECTION('',(0.,0.,-1.));
#1910=DIRECTION('center_axis',(0.,0.,-1.));
#1911=DIRECTION('ref_axis',(0.933228691047227,-0.359282911096922,0.));
#1912=DIRECTION('',(0.,0.,-1.));
#1913=DIRECTION('center_axis',(0.,0.,1.));
#1914=DIRECTION('ref_axis',(1.,0.,0.));
#1915=DIRECTION('center_axis',(0.,0.,-1.));
#1916=DIRECTION('ref_axis',(-0.359533747262453,0.933132083136904,0.));
#1917=DIRECTION('',(0.,0.,-1.));
#1918=DIRECTION('center_axis',(0.,0.,1.));
#1919=DIRECTION('ref_axis',(1.,0.,0.));
#1920=DIRECTION('center_axis',(0.,0.,-1.));
#1921=DIRECTION('ref_axis',(1.,0.,0.));
#1922=DIRECTION('',(0.,0.,-1.));
#1923=DIRECTION('center_axis',(0.,0.,-1.));
#1924=DIRECTION('ref_axis',(1.,0.,0.));
#1925=DIRECTION('',(0.,0.,-1.));
#1926=DIRECTION('center_axis',(0.,0.,-1.));
#1927=DIRECTION('ref_axis',(1.,0.,0.));
#1928=DIRECTION('',(0.,0.,-1.));
#1929=DIRECTION('center_axis',(0.,0.,-1.));
#1930=DIRECTION('ref_axis',(0.933228554534522,-0.359283265685179,0.));
#1931=DIRECTION('',(0.,0.,-1.));
#1932=DIRECTION('center_axis',(0.,0.,1.));
#1933=DIRECTION('ref_axis',(1.,0.,0.));
#1934=DIRECTION('center_axis',(0.,0.,-1.));
#1935=DIRECTION('ref_axis',(0.792998871493272,0.609223103477205,0.));
#1936=DIRECTION('',(1.22464679914735E-16,1.03389811939374E-30,-1.));
#1937=DIRECTION('center_axis',(0.,0.,1.));
#1938=DIRECTION('ref_axis',(1.,8.56488350723362E-15,0.));
#1939=DIRECTION('center_axis',(0.,0.,-1.));
#1940=DIRECTION('ref_axis',(1.,8.56488350723362E-15,0.));
#1941=DIRECTION('',(1.22464679914735E-16,1.03389811939374E-30,-1.));
#1942=DIRECTION('center_axis',(0.,0.,-1.));
#1943=DIRECTION('ref_axis',(1.,8.56488350723362E-15,0.));
#1944=DIRECTION('',(1.22464679914735E-16,1.03389811939374E-30,-1.));
#1945=DIRECTION('center_axis',(0.,0.,-1.));
#1946=DIRECTION('ref_axis',(1.,8.56488350723362E-15,0.));
#1947=DIRECTION('',(1.22464679914735E-16,1.03389811939374E-30,-1.));
#1948=DIRECTION('center_axis',(0.,0.,-1.));
#1949=DIRECTION('ref_axis',(-0.60930797710297,-0.792933659922875,0.));
#1950=DIRECTION('',(1.22464679914735E-16,1.03389811939374E-30,-1.));
#1951=DIRECTION('center_axis',(0.,0.,-1.));
#1952=DIRECTION('ref_axis',(1.,8.56488350723362E-15,0.));
#1953=DIRECTION('center_axis',(0.,0.,-1.));
#1954=DIRECTION('ref_axis',(0.792998398655937,0.609223718948236,0.));
#1955=DIRECTION('',(1.22464679914735E-16,7.71674190088652E-31,-1.));
#1956=DIRECTION('center_axis',(0.,0.,1.));
#1957=DIRECTION('ref_axis',(1.,6.42366263042521E-15,0.));
#1958=DIRECTION('center_axis',(0.,0.,-1.));
#1959=DIRECTION('ref_axis',(1.,6.42366263042521E-15,0.));
#1960=DIRECTION('',(1.22464679914735E-16,7.71674190088652E-31,-1.));
#1961=DIRECTION('center_axis',(0.,0.,-1.));
#1962=DIRECTION('ref_axis',(1.,6.42366263042521E-15,0.));
#1963=DIRECTION('',(1.22464679914735E-16,7.71674190088652E-31,-1.));
#1964=DIRECTION('center_axis',(0.,0.,-1.));
#1965=DIRECTION('ref_axis',(1.,6.42366263042521E-15,0.));
#1966=DIRECTION('',(1.22464679914735E-16,7.71674190088652E-31,-1.));
#1967=DIRECTION('center_axis',(0.,0.,-1.));
#1968=DIRECTION('ref_axis',(-0.609308670953698,-0.792933126751959,0.));
#1969=DIRECTION('',(1.22464679914735E-16,7.71674190088652E-31,-1.));
#1970=DIRECTION('center_axis',(0.,0.,-1.));
#1971=DIRECTION('ref_axis',(1.,6.42366263042521E-15,0.));
#1972=DIRECTION('center_axis',(-0.592407663046077,-0.805638356065726,0.));
#1973=DIRECTION('ref_axis',(0.805638356065726,-0.592407663046077,0.));
#1974=DIRECTION('',(0.,0.,1.));
#1975=DIRECTION('',(0.,0.,1.));
#1976=DIRECTION('',(-0.805638356065726,0.592407663046077,0.));
#1977=DIRECTION('center_axis',(-0.952810211378812,0.303566633693928,0.));
#1978=DIRECTION('ref_axis',(-0.303566633693928,-0.952810211378812,0.));
#1979=DIRECTION('',(0.,0.,-1.));
#1980=DIRECTION('',(0.303566633693928,0.952810211378812,0.));
#1981=DIRECTION('center_axis',(-0.94927164379281,0.314457224898548,0.));
#1982=DIRECTION('ref_axis',(-0.314457224898548,-0.94927164379281,0.));
#1983=DIRECTION('',(0.,0.,1.));
#1984=DIRECTION('',(0.,0.,1.));
#1985=DIRECTION('',(0.314457224898548,0.94927164379281,0.));
#1986=DIRECTION('center_axis',(-0.00572552262563881,0.999983609061,0.));
#1987=DIRECTION('ref_axis',(-0.999983609061,-0.00572552262563881,0.));
#1988=DIRECTION('',(0.,0.,-1.));
#1989=DIRECTION('',(0.999983609061,0.00572552262563881,0.));
#1990=DIRECTION('center_axis',(0.812369111587759,-0.58314357283444,0.));
#1991=DIRECTION('ref_axis',(0.58314357283444,0.812369111587759,0.));
#1992=DIRECTION('',(0.,0.,-1.));
#1993=DIRECTION('',(-0.58314357283444,-0.812369111587759,0.));
#1994=DIRECTION('',(0.,0.,1.));
#1995=DIRECTION('center_axis',(0.812369111587759,0.58314357283444,0.));
#1996=DIRECTION('ref_axis',(-0.58314357283444,0.812369111587759,0.));
#1997=DIRECTION('',(0.58314357283444,-0.812369111587759,0.));
#1998=DIRECTION('',(0.,0.,1.));
#1999=DIRECTION('center_axis',(0.94927164379281,-0.314457224898548,0.));
#2000=DIRECTION('ref_axis',(0.314457224898548,0.94927164379281,0.));
#2001=DIRECTION('',(0.,0.,1.));
#2002=DIRECTION('',(0.,0.,1.));
#2003=DIRECTION('',(-0.314457224898548,-0.94927164379281,0.));
#2004=DIRECTION('center_axis',(0.00572552262563877,-0.999983609061,0.));
#2005=DIRECTION('ref_axis',(0.999983609061,0.00572552262563877,0.));
#2006=DIRECTION('',(0.,0.,-1.));
#2007=DIRECTION('',(-0.999983609061,-0.00572552262563877,0.));
#2008=DIRECTION('center_axis',(0.592407663046079,0.805638356065725,0.));
#2009=DIRECTION('ref_axis',(-0.805638356065725,0.592407663046079,0.));
#2010=DIRECTION('',(0.,0.,1.));
#2011=DIRECTION('',(0.,0.,1.));
#2012=DIRECTION('',(0.805638356065725,-0.592407663046079,0.));
#2013=DIRECTION('center_axis',(0.952810211378812,-0.303566633693929,0.));
#2014=DIRECTION('ref_axis',(0.303566633693929,0.952810211378812,0.));
#2015=DIRECTION('',(0.,0.,-1.));
#2016=DIRECTION('',(-0.303566633693929,-0.952810211378812,0.));
#2017=DIRECTION('center_axis',(-0.999983609061,0.00572552262563874,0.));
#2018=DIRECTION('ref_axis',(-0.00572552262563874,-0.999983609061,0.));
#2019=DIRECTION('',(0.,0.,1.));
#2020=DIRECTION('',(0.,0.,1.));
#2021=DIRECTION('',(0.00572552262563874,0.999983609061,0.));
#2022=DIRECTION('center_axis',(-0.314457224898548,0.94927164379281,0.));
#2023=DIRECTION('ref_axis',(-0.94927164379281,-0.314457224898548,0.));
#2024=DIRECTION('',(0.,0.,-1.));
#2025=DIRECTION('',(0.94927164379281,0.314457224898548,0.));
#2026=DIRECTION('center_axis',(-0.314457224898548,-0.94927164379281,0.));
#2027=DIRECTION('ref_axis',(0.94927164379281,-0.314457224898548,0.));
#2028=DIRECTION('',(0.,0.,1.));
#2029=DIRECTION('',(0.,0.,1.));
#2030=DIRECTION('',(-0.94927164379281,0.314457224898548,0.));
#2031=DIRECTION('center_axis',(-0.999983609061,-0.00572552262563877,0.));
#2032=DIRECTION('ref_axis',(0.00572552262563877,-0.999983609061,0.));
#2033=DIRECTION('',(0.,0.,-1.));
#2034=DIRECTION('',(-0.00572552262563877,0.999983609061,0.));
#2035=DIRECTION('center_axis',(-0.812369111587759,-0.58314357283444,0.));
#2036=DIRECTION('ref_axis',(0.58314357283444,-0.812369111587759,0.));
#2037=DIRECTION('',(0.,0.,1.));
#2038=DIRECTION('',(0.,0.,1.));
#2039=DIRECTION('',(-0.58314357283444,0.812369111587759,0.));
#2040=DIRECTION('center_axis',(-0.812369111587759,0.58314357283444,0.));
#2041=DIRECTION('ref_axis',(-0.58314357283444,-0.812369111587759,0.));
#2042=DIRECTION('',(0.,0.,-1.));
#2043=DIRECTION('',(0.58314357283444,0.812369111587759,0.));
#2044=DIRECTION('center_axis',(0.00572552262563877,0.999983609061,0.));
#2045=DIRECTION('ref_axis',(-0.999983609061,0.00572552262563877,0.));
#2046=DIRECTION('',(0.,0.,1.));
#2047=DIRECTION('',(0.,0.,1.));
#2048=DIRECTION('',(0.999983609061,-0.00572552262563877,0.));
#2049=DIRECTION('center_axis',(0.94927164379281,0.314457224898548,0.));
#2050=DIRECTION('ref_axis',(-0.314457224898548,0.94927164379281,0.));
#2051=DIRECTION('',(0.,0.,-1.));
#2052=DIRECTION('',(0.314457224898548,-0.94927164379281,0.));
#2053=DIRECTION('center_axis',(0.95281021137881,0.303566633693936,0.));
#2054=DIRECTION('ref_axis',(-0.303566633693936,0.95281021137881,0.));
#2055=DIRECTION('',(0.,0.,1.));
#2056=DIRECTION('',(0.,0.,1.));
#2057=DIRECTION('',(0.303566633693936,-0.95281021137881,0.));
#2058=DIRECTION('center_axis',(0.592407663046073,-0.805638356065729,0.));
#2059=DIRECTION('ref_axis',(0.805638356065729,0.592407663046073,0.));
#2060=DIRECTION('',(0.,0.,-1.));
#2061=DIRECTION('',(-0.805638356065729,-0.592407663046073,0.));
#2062=DIRECTION('center_axis',(0.999983609061,-0.00572552262563875,0.));
#2063=DIRECTION('ref_axis',(0.00572552262563875,0.999983609061,0.));
#2064=DIRECTION('',(0.,0.,1.));
#2065=DIRECTION('',(0.,0.,1.));
#2066=DIRECTION('',(-0.00572552262563875,-0.999983609061,0.));
#2067=DIRECTION('center_axis',(0.314457224898548,-0.94927164379281,0.));
#2068=DIRECTION('ref_axis',(0.94927164379281,0.314457224898548,0.));
#2069=DIRECTION('',(0.,0.,-1.));
#2070=DIRECTION('',(-0.94927164379281,-0.314457224898548,0.));
#2071=DIRECTION('center_axis',(0.314457224898548,0.94927164379281,0.));
#2072=DIRECTION('ref_axis',(-0.94927164379281,0.314457224898548,0.));
#2073=DIRECTION('',(0.,0.,1.));
#2074=DIRECTION('',(0.,0.,1.));
#2075=DIRECTION('',(0.94927164379281,-0.314457224898548,0.));
#2076=DIRECTION('center_axis',(0.999983609061,0.00572552262563877,0.));
#2077=DIRECTION('ref_axis',(-0.00572552262563877,0.999983609061,0.));
#2078=DIRECTION('',(0.,0.,-1.));
#2079=DIRECTION('',(0.00572552262563877,-0.999983609061,0.));
#2080=DIRECTION('center_axis',(-0.95281021137881,-0.303566633693936,0.));
#2081=DIRECTION('ref_axis',(0.303566633693936,-0.95281021137881,0.));
#2082=DIRECTION('',(0.,0.,1.));
#2083=DIRECTION('',(0.,0.,1.));
#2084=DIRECTION('',(-0.303566633693936,0.95281021137881,0.));
#2085=DIRECTION('center_axis',(-0.592407663046074,0.805638356065728,0.));
#2086=DIRECTION('ref_axis',(-0.805638356065728,-0.592407663046074,0.));
#2087=DIRECTION('',(0.,0.,-1.));
#2088=DIRECTION('',(0.805638356065728,0.592407663046074,0.));
#2089=DIRECTION('center_axis',(-0.00572552262563476,-0.999983609061,0.));
#2090=DIRECTION('ref_axis',(0.999983609061,-0.00572552262563476,0.));
#2091=DIRECTION('',(0.,0.,1.));
#2092=DIRECTION('',(0.,0.,1.));
#2093=DIRECTION('',(-0.999983609061,0.00572552262563476,0.));
#2094=DIRECTION('center_axis',(-0.949271643792811,-0.314457224898546,0.));
#2095=DIRECTION('ref_axis',(0.314457224898546,-0.949271643792811,0.));
#2096=DIRECTION('',(0.,0.,-1.));
#2097=DIRECTION('',(-0.314457224898546,0.949271643792811,0.));
#2098=DIRECTION('center_axis',(0.,0.,-1.));
#2099=DIRECTION('ref_axis',(-1.,0.,0.));
#2100=DIRECTION('center_axis',(0.,0.,1.));
#2101=DIRECTION('ref_axis',(-1.,0.,0.));
#2102=DIRECTION('center_axis',(-1.46641286423708E-16,-1.,0.));
#2103=DIRECTION('ref_axis',(1.,-1.46641286423708E-16,0.));
#2104=DIRECTION('center_axis',(0.,0.,-1.));
#2105=DIRECTION('ref_axis',(-1.,0.,0.));
#2106=DIRECTION('center_axis',(0.,0.,-1.));
#2107=DIRECTION('ref_axis',(-1.,0.,0.));
#2108=DIRECTION('center_axis',(0.,0.,-1.));
#2109=DIRECTION('ref_axis',(-1.,0.,0.));
#2110=DIRECTION('center_axis',(0.,0.,-1.));
#2111=DIRECTION('ref_axis',(-1.,0.,0.));
#2112=DIRECTION('center_axis',(0.,0.,-1.));
#2113=DIRECTION('ref_axis',(-1.,0.,0.));
#2114=DIRECTION('center_axis',(0.,0.,-1.));
#2115=DIRECTION('ref_axis',(-1.,0.,0.));
#2116=DIRECTION('center_axis',(0.,0.,-1.));
#2117=DIRECTION('ref_axis',(-1.,0.,0.));
#2118=DIRECTION('center_axis',(0.,0.,-1.));
#2119=DIRECTION('ref_axis',(-1.,0.,0.));
#2120=DIRECTION('center_axis',(0.,0.,-1.));
#2121=DIRECTION('ref_axis',(-1.,0.,0.));
#2122=DIRECTION('center_axis',(0.,0.,-1.));
#2123=DIRECTION('ref_axis',(-1.,0.,0.));
#2124=DIRECTION('center_axis',(0.,0.,-1.));
#2125=DIRECTION('ref_axis',(-1.,0.,0.));
#2126=DIRECTION('center_axis',(0.,0.,-1.));
#2127=DIRECTION('ref_axis',(-1.,0.,0.));
#2128=DIRECTION('center_axis',(0.,0.,-1.));
#2129=DIRECTION('ref_axis',(-1.,0.,0.));
#2130=DIRECTION('center_axis',(0.,0.,-1.));
#2131=DIRECTION('ref_axis',(-1.,0.,0.));
#2132=DIRECTION('center_axis',(0.,0.,-1.));
#2133=DIRECTION('ref_axis',(-1.,0.,0.));
#2134=DIRECTION('center_axis',(0.,0.,-1.));
#2135=DIRECTION('ref_axis',(-1.,0.,0.));
#2136=DIRECTION('center_axis',(0.,0.,-1.));
#2137=DIRECTION('ref_axis',(-1.,0.,0.));
#2138=DIRECTION('center_axis',(0.,0.,-1.));
#2139=DIRECTION('ref_axis',(-1.,0.,0.));
#2140=DIRECTION('center_axis',(0.,0.,1.));
#2141=DIRECTION('ref_axis',(-0.810261953350681,-0.586067885958904,0.));
#2142=DIRECTION('center_axis',(0.,0.,-1.));
#2143=DIRECTION('ref_axis',(-1.,0.,0.));
#2144=DIRECTION('center_axis',(0.,0.,1.));
#2145=DIRECTION('ref_axis',(0.810261953350681,-0.586067885958904,0.));
#2146=DIRECTION('center_axis',(0.,0.,-1.));
#2147=DIRECTION('ref_axis',(-1.,0.,0.));
#2148=DIRECTION('center_axis',(0.,0.,-1.));
#2149=DIRECTION('ref_axis',(-1.,0.,0.));
#2150=DIRECTION('center_axis',(0.,0.,-1.));
#2151=DIRECTION('ref_axis',(-1.,0.,0.));
#2152=DIRECTION('center_axis',(0.,0.,-1.));
#2153=DIRECTION('ref_axis',(-1.,0.,0.));
#2154=DIRECTION('center_axis',(0.,0.,-1.));
#2155=DIRECTION('ref_axis',(-1.,0.,0.));
#2156=DIRECTION('center_axis',(0.,0.,-1.));
#2157=DIRECTION('ref_axis',(-1.,0.,0.));
#2158=DIRECTION('center_axis',(0.,0.,-1.));
#2159=DIRECTION('ref_axis',(-1.,0.,0.));
#2160=DIRECTION('center_axis',(0.,0.,-1.));
#2161=DIRECTION('ref_axis',(-1.,0.,0.));
#2162=DIRECTION('center_axis',(0.,0.,1.));
#2163=DIRECTION('ref_axis',(0.81026195335068,0.586067885958905,0.));
#2164=DIRECTION('center_axis',(0.,0.,-1.));
#2165=DIRECTION('ref_axis',(-1.,0.,0.));
#2166=DIRECTION('center_axis',(0.,0.,1.));
#2167=DIRECTION('ref_axis',(-0.810261953350681,0.586067885958904,0.));
#2168=DIRECTION('center_axis',(0.,0.,-1.));
#2169=DIRECTION('ref_axis',(-1.,0.,0.));
#2170=DIRECTION('center_axis',(0.,0.,-1.));
#2171=DIRECTION('ref_axis',(-1.,0.,0.));
#2172=DIRECTION('center_axis',(0.,0.,-1.));
#2173=DIRECTION('ref_axis',(-1.,0.,0.));
#2174=DIRECTION('center_axis',(0.,0.,-1.));
#2175=DIRECTION('ref_axis',(-1.,0.,0.));
#2176=DIRECTION('center_axis',(0.,0.,-1.));
#2177=DIRECTION('ref_axis',(-1.,0.,0.));
#2178=DIRECTION('center_axis',(0.,0.,1.));
#2179=DIRECTION('ref_axis',(-1.,0.,0.));
#2180=DIRECTION('center_axis',(0.,0.,1.));
#2181=DIRECTION('ref_axis',(-1.,0.,0.));
#2182=DIRECTION('center_axis',(0.,0.,1.));
#2183=DIRECTION('ref_axis',(-1.,0.,0.));
#2184=DIRECTION('center_axis',(0.,0.,-1.));
#2185=DIRECTION('ref_axis',(-1.,0.,0.));
#2186=DIRECTION('center_axis',(0.,0.,-1.));
#2187=DIRECTION('ref_axis',(-1.,0.,0.));
#2188=DIRECTION('center_axis',(0.,0.,-1.));
#2189=DIRECTION('ref_axis',(-1.,0.,0.));
#2190=DIRECTION('center_axis',(0.,0.,-1.));
#2191=DIRECTION('ref_axis',(-1.,0.,0.));
#2192=DIRECTION('center_axis',(0.,0.,-1.));
#2193=DIRECTION('ref_axis',(-1.,0.,0.));
#2194=DIRECTION('center_axis',(0.,0.,-1.));
#2195=DIRECTION('ref_axis',(-1.,0.,0.));
#2196=DIRECTION('center_axis',(0.,0.,-1.));
#2197=DIRECTION('ref_axis',(-1.,0.,0.));
#2198=DIRECTION('center_axis',(0.,0.,-1.));
#2199=DIRECTION('ref_axis',(-1.,0.,0.));
#2200=DIRECTION('',(0.,0.,1.));
#2201=DIRECTION('center_axis',(0.,0.,-1.));
#2202=DIRECTION('ref_axis',(-1.,0.,0.));
#2203=DIRECTION('',(0.,0.,-1.));
#2204=DIRECTION('center_axis',(0.,0.,-1.));
#2205=DIRECTION('ref_axis',(-1.,0.,0.));
#2206=DIRECTION('center_axis',(0.,0.,-1.));
#2207=DIRECTION('ref_axis',(-1.,0.,0.));
#2208=DIRECTION('center_axis',(0.,0.,-1.));
#2209=DIRECTION('ref_axis',(-1.,0.,0.));
#2210=DIRECTION('center_axis',(0.,0.,-1.));
#2211=DIRECTION('ref_axis',(-1.,0.,0.));
#2212=DIRECTION('',(0.,0.,1.));
#2213=DIRECTION('center_axis',(0.,0.,-1.));
#2214=DIRECTION('ref_axis',(-1.,0.,0.));
#2215=DIRECTION('',(0.,0.,-1.));
#2216=DIRECTION('center_axis',(0.,0.,-1.));
#2217=DIRECTION('ref_axis',(-1.,0.,0.));
#2218=DIRECTION('center_axis',(0.,0.,-1.));
#2219=DIRECTION('ref_axis',(-1.,0.,0.));
#2220=DIRECTION('center_axis',(0.,0.,-1.));
#2221=DIRECTION('ref_axis',(1.,6.42366263042521E-15,0.));
#2222=DIRECTION('center_axis',(0.,0.,-1.));
#2223=DIRECTION('ref_axis',(1.,8.56488350723362E-15,0.));
#2224=DIRECTION('center_axis',(0.,0.,-1.));
#2225=DIRECTION('ref_axis',(-1.,0.,0.));
#2226=DIRECTION('center_axis',(0.,0.,-1.));
#2227=DIRECTION('ref_axis',(-1.,0.,0.));
#2228=DIRECTION('center_axis',(0.,0.,-1.));
#2229=DIRECTION('ref_axis',(-6.12323399573677E-17,-1.,0.));
#2230=DIRECTION('',(0.458020828669576,-0.538717848697103,0.707106781186548));
#2231=DIRECTION('center_axis',(0.,0.,1.));
#2232=DIRECTION('ref_axis',(-1.,0.,0.));
#2233=DIRECTION('center_axis',(0.,0.,1.));
#2234=DIRECTION('ref_axis',(-1.,0.,0.));
#2235=DIRECTION('',(0.458020828669575,0.538717848697103,-0.707106781186548));
#2236=DIRECTION('center_axis',(0.,0.,-1.));
#2237=DIRECTION('ref_axis',(-1.,0.,0.));
#2238=DIRECTION('center_axis',(0.,0.,-1.));
#2239=DIRECTION('ref_axis',(-1.,0.,0.));
#2240=DIRECTION('center_axis',(0.,0.,-1.));
#2241=DIRECTION('ref_axis',(-1.,0.,0.));
#2242=DIRECTION('center_axis',(0.,0.,-1.));
#2243=DIRECTION('ref_axis',(-1.,0.,0.));
#2244=DIRECTION('center_axis',(0.,0.,-1.));
#2245=DIRECTION('ref_axis',(-1.,0.,0.));
#2246=DIRECTION('',(0.,0.,1.));
#2247=DIRECTION('center_axis',(0.,0.,-1.));
#2248=DIRECTION('ref_axis',(1.83697019872103E-16,1.,0.));
#2249=DIRECTION('',(-0.458020828669573,0.538717848697111,0.707106781186544));
#2250=DIRECTION('center_axis',(0.,0.,1.));
#2251=DIRECTION('ref_axis',(-1.,0.,0.));
#2252=DIRECTION('center_axis',(0.,0.,1.));
#2253=DIRECTION('ref_axis',(-1.,0.,0.));
#2254=DIRECTION('',(-0.458020828669573,-0.538717848697111,-0.707106781186544));
#2255=DIRECTION('center_axis',(0.,0.,-1.));
#2256=DIRECTION('ref_axis',(-1.,0.,0.));
#2257=DIRECTION('center_axis',(0.,0.,-1.));
#2258=DIRECTION('ref_axis',(-1.,0.,0.));
#2259=DIRECTION('center_axis',(0.,0.,-1.));
#2260=DIRECTION('ref_axis',(-1.,0.,0.));
#2261=DIRECTION('center_axis',(0.,0.,-1.));
#2262=DIRECTION('ref_axis',(-1.,0.,0.));
#2263=DIRECTION('center_axis',(0.,0.,-1.));
#2264=DIRECTION('ref_axis',(-1.,0.,0.));
#2265=DIRECTION('',(0.,0.,1.));
#2266=DIRECTION('center_axis',(0.,0.,-1.));
#2267=DIRECTION('ref_axis',(0.810261953350681,-0.586067885958904,0.));
#2268=DIRECTION('',(0.,0.,-1.));
#2269=DIRECTION('center_axis',(0.,0.,-1.));
#2270=DIRECTION('ref_axis',(0.810261953350681,-0.586067885958904,0.));
#2271=DIRECTION('center_axis',(0.,0.,1.));
#2272=DIRECTION('ref_axis',(-0.810261953350681,-0.586067885958904,0.));
#2273=DIRECTION('center_axis',(0.,0.,-1.));
#2274=DIRECTION('ref_axis',(-0.810261953350681,-0.586067885958904,0.));
#2275=DIRECTION('',(0.,0.,1.));
#2276=DIRECTION('center_axis',(0.,0.,-1.));
#2277=DIRECTION('ref_axis',(-1.,0.,0.));
#2278=DIRECTION('center_axis',(0.,0.,-1.));
#2279=DIRECTION('ref_axis',(-1.,0.,0.));
#2280=DIRECTION('center_axis',(0.,0.,1.));
#2281=DIRECTION('ref_axis',(0.81026195335068,0.586067885958905,0.));
#2282=DIRECTION('center_axis',(0.,0.,-1.));
#2283=DIRECTION('ref_axis',(0.81026195335068,0.586067885958905,0.));
#2284=DIRECTION('',(0.,0.,1.));
#2285=DIRECTION('center_axis',(0.,0.,-1.));
#2286=DIRECTION('ref_axis',(-1.,0.,0.));
#2287=DIRECTION('center_axis',(0.,0.,-1.));
#2288=DIRECTION('ref_axis',(-1.,0.,0.));
#2289=DIRECTION('',(0.,0.,-1.));
#2290=DIRECTION('center_axis',(0.,0.,-1.));
#2291=DIRECTION('ref_axis',(-0.810261953350681,0.586067885958904,0.));
#2292=DIRECTION('center_axis',(0.,0.,-1.));
#2293=DIRECTION('ref_axis',(-0.810261953350681,0.586067885958904,0.));
#2294=DIRECTION('center_axis',(0.,0.,-1.));
#2295=DIRECTION('ref_axis',(-1.,0.,0.));
#2296=DIRECTION('center_axis',(0.,0.,-1.));
#2297=DIRECTION('ref_axis',(-1.,0.,0.));
#2298=DIRECTION('center_axis',(0.,0.,-1.));
#2299=DIRECTION('ref_axis',(-1.,0.,0.));
#2300=DIRECTION('center_axis',(0.,0.,-1.));
#2301=DIRECTION('ref_axis',(1.,0.,0.));
#2302=DIRECTION('center_axis',(0.,0.,-1.));
#2303=DIRECTION('ref_axis',(1.,0.,0.));
#2304=DIRECTION('center_axis',(0.,0.,-1.));
#2305=DIRECTION('ref_axis',(-1.,0.,0.));
#2306=DIRECTION('center_axis',(0.,0.,1.));
#2307=DIRECTION('ref_axis',(-1.,0.,0.));
#2308=DIRECTION('center_axis',(0.,0.,-1.));
#2309=DIRECTION('ref_axis',(-1.,0.,0.));
#2310=DIRECTION('',(0.,0.,1.));
#2311=CARTESIAN_POINT('',(0.,0.,0.));
#2312=CARTESIAN_POINT('Origin',(91.9738566483518,12.5466127897298,4.36932176219051));
#2313=CARTESIAN_POINT('',(91.1635805089482,12.5465295612659,-0.346443609613846));
#2314=CARTESIAN_POINT('',(91.1627023059773,12.5455258088655,-0.452912866005127));
#2315=CARTESIAN_POINT('',(91.1623566483518,12.5466127897298,4.36932176219051));
#2316=CARTESIAN_POINT('',(91.3716372441751,13.0905466452978,-0.499678237809487));
#2317=CARTESIAN_POINT('Ctrl Pts',(91.1627023059773,12.5455258088655,-0.452912866005127));
#2318=CARTESIAN_POINT('Ctrl Pts',(91.1644561774021,12.7437706209353,-0.468501323273248));
#2319=CARTESIAN_POINT('Ctrl Pts',(91.2384480151841,12.9430854470204,-0.484089780541369));
#2320=CARTESIAN_POINT('Ctrl Pts',(91.3716372441751,13.0905466452978,-0.49967823780949));
#2321=CARTESIAN_POINT('',(92.5772150710711,13.0911245456764,-0.499678237809488));
#2322=CARTESIAN_POINT('Origin',(91.9738566483518,12.5466127897298,-0.499678237809487));
#2323=CARTESIAN_POINT('Ctrl Pts',(92.5772150710711,13.0911245456764,-0.499678237809488));
#2324=CARTESIAN_POINT('Ctrl Pts',(92.4123573359897,13.2717617024749,-0.48042301287586));
#2325=CARTESIAN_POINT('Ctrl Pts',(92.1598369278784,13.3747242759178,-0.461167787942233));
#2326=CARTESIAN_POINT('Ctrl Pts',(91.9160157594683,13.3573043654251,-0.441912563008606));
#2327=CARTESIAN_POINT('Ctrl Pts',(91.6515670277946,13.3384107096129,-0.421028322952702));
#2328=CARTESIAN_POINT('Ctrl Pts',(91.3973517316613,13.1779039437052,-0.400144082896797));
#2329=CARTESIAN_POINT('Ctrl Pts',(91.2667049484688,12.9472936547354,-0.379259842840893));
#2330=CARTESIAN_POINT('Ctrl Pts',(91.1982747941813,12.8265046290214,-0.368321098431877));
#2331=CARTESIAN_POINT('Ctrl Pts',(91.1637450862781,12.6864830280472,-0.357382354022862));
#2332=CARTESIAN_POINT('Ctrl Pts',(91.1635805089482,12.5465295612659,-0.346443609613846));
#2333=CARTESIAN_POINT('Origin',(91.9738566483518,12.5466127897298,4.36932176219051));
#2334=CARTESIAN_POINT('',(91.1613359514509,12.5462140139673,0.0535563903861536));
#2335=CARTESIAN_POINT('',(91.1615697731455,12.5471447494972,-0.0529128660051265));
#2336=CARTESIAN_POINT('',(91.1623566483518,12.5466127897298,4.36932176219051));
#2337=CARTESIAN_POINT('Ctrl Pts',(91.1615697731455,12.5471447494972,-0.0529128660051265));
#2338=CARTESIAN_POINT('Ctrl Pts',(91.1613054572814,12.5818786030758,-0.0556449762152484));
#2339=CARTESIAN_POINT('Ctrl Pts',(91.1633459980652,12.6165810863344,-0.0583770864253703));
#2340=CARTESIAN_POINT('Ctrl Pts',(91.1677982207407,12.6509711809238,-0.0611091966354922));
#2341=CARTESIAN_POINT('Ctrl Pts',(91.2018309939401,12.913848933179,-0.0819934366913964));
#2342=CARTESIAN_POINT('Ctrl Pts',(91.37677997485,13.1584736037387,-0.102877676747301));
#2343=CARTESIAN_POINT('Ctrl Pts',(91.6145489988892,13.2756612360234,-0.123761916803205));
#2344=CARTESIAN_POINT('Ctrl Pts',(91.8523180229285,13.392848868308,-0.14464615685911));
#2345=CARTESIAN_POINT('Ctrl Pts',(92.1529070900971,13.3825994623175,-0.165530396915014));
#2346=CARTESIAN_POINT('Ctrl Pts',(92.3821137920456,13.2494411836896,-0.186414636970919));
#2347=CARTESIAN_POINT('Ctrl Pts',(92.6113204939941,13.1162829050618,-0.207298877026823));
#2348=CARTESIAN_POINT('Ctrl Pts',(92.7691448307223,12.8602157537966,-0.228183117082728));
#2349=CARTESIAN_POINT('Ctrl Pts',(92.7851541019812,12.5956531695982,-0.249067357138632));
#2350=CARTESIAN_POINT('Ctrl Pts',(92.8011633732401,12.3310905853998,-0.269951597194537));
#2351=CARTESIAN_POINT('Ctrl Pts',(92.6753575790297,12.0580325682681,-0.290835837250441));
#2352=CARTESIAN_POINT('Ctrl Pts',(92.4638501205048,11.8981742716585,-0.311720077306346));
#2353=CARTESIAN_POINT('Ctrl Pts',(92.2523426619798,11.738315975049,-0.332604317362251));
#2354=CARTESIAN_POINT('Ctrl Pts',(91.9551335391404,11.6916573989615,-0.353488557418155));
#2355=CARTESIAN_POINT('Ctrl Pts',(91.7050130548359,11.7794506788693,-0.37437279747406));
#2356=CARTESIAN_POINT('Ctrl Pts',(91.4548925705315,11.8672439587772,-0.395257037529964));
#2357=CARTESIAN_POINT('Ctrl Pts',(91.251860724762,12.0894890946804,-0.416141277585869));
#2358=CARTESIAN_POINT('Ctrl Pts',(91.1864376707324,12.3459254166977,-0.437025517641773));
#2359=CARTESIAN_POINT('Ctrl Pts',(91.1698478267867,12.4109520136276,-0.442321300429558));
#2360=CARTESIAN_POINT('Ctrl Pts',(91.1621064726666,12.4781771645789,-0.447617083217342));
#2361=CARTESIAN_POINT('Ctrl Pts',(91.1627023059773,12.5455258088655,-0.452912866005127));
#2362=CARTESIAN_POINT('Ctrl Pts',(91.1635805089482,12.5465295612659,-0.346443609613846));
#2363=CARTESIAN_POINT('Ctrl Pts',(91.1634308754018,12.4192840070601,-0.336498113966957));
#2364=CARTESIAN_POINT('Ctrl Pts',(91.1916889313225,12.2920947754976,-0.326552618320069));
#2365=CARTESIAN_POINT('Ctrl Pts',(91.2487039253841,12.1794679490867,-0.31660712267318));
#2366=CARTESIAN_POINT('Ctrl Pts',(91.3684279557437,11.9429663444396,-0.295722882617276));
#2367=CARTESIAN_POINT('Ctrl Pts',(91.6149542867146,11.7706769471773,-0.274838642561372));
#2368=CARTESIAN_POINT('Ctrl Pts',(91.8781915761525,11.7394808250745,-0.253954402505467));
#2369=CARTESIAN_POINT('Ctrl Pts',(92.1414288655905,11.7082847029718,-0.233070162449563));
#2370=CARTESIAN_POINT('Ctrl Pts',(92.4213771134956,11.8181818560286,-0.212185922393658));
#2371=CARTESIAN_POINT('Ctrl Pts',(92.59307728699,12.0201274262308,-0.191301682337753));
#2372=CARTESIAN_POINT('Ctrl Pts',(92.7647774604845,12.222072996433,-0.170417442281849));
#2373=CARTESIAN_POINT('Ctrl Pts',(92.8282295595683,12.5160669837805,-0.149533202225944));
#2374=CARTESIAN_POINT('Ctrl Pts',(92.7550986588158,12.7708550787372,-0.128648962170039));
#2375=CARTESIAN_POINT('Ctrl Pts',(92.6819677580632,13.0256431736938,-0.107764722114135));
#2376=CARTESIAN_POINT('Ctrl Pts',(92.4722538574742,13.2412253762595,-0.0868804820582305));
#2377=CARTESIAN_POINT('Ctrl Pts',(92.2195826728983,13.3213639215563,-0.0659962420023261));
#2378=CARTESIAN_POINT('Ctrl Pts',(91.9669114883224,13.4015024668531,-0.0451120019464217));
#2379=CARTESIAN_POINT('Ctrl Pts',(91.6712830197595,13.3461973548809,-0.0242277618905174));
#2380=CARTESIAN_POINT('Ctrl Pts',(91.4646715833554,13.1801364261052,-0.00334352183461303));
#2381=CARTESIAN_POINT('Ctrl Pts',(91.2770313250596,13.0293233050573,0.0156231155723091));
#2382=CARTESIAN_POINT('Ctrl Pts',(91.1628114151458,12.787159905778,0.0345897529792314));
#2383=CARTESIAN_POINT('Ctrl Pts',(91.1613359514509,12.5462140139673,0.0535563903861536));
#2384=CARTESIAN_POINT('Origin',(91.9738566483518,12.5466127897298,4.36932176219051));
#2385=CARTESIAN_POINT('',(91.1627669939905,12.5472693596369,0.453556390386154));
#2386=CARTESIAN_POINT('',(91.1635716826892,12.5465498792949,0.347087133994874));
#2387=CARTESIAN_POINT('',(91.1623566483518,12.5466127897298,4.36932176219051));
#2388=CARTESIAN_POINT('Ctrl Pts',(91.1635716826892,12.5465498792949,0.347087133994874));
#2389=CARTESIAN_POINT('Ctrl Pts',(91.1636694957403,12.684210683133,0.336327130786845));
#2390=CARTESIAN_POINT('Ctrl Pts',(91.1970158947875,12.8219159476093,0.325567127578817));
#2391=CARTESIAN_POINT('Ctrl Pts',(91.2633358055746,12.9413045141993,0.314807124370789));
#2392=CARTESIAN_POINT('Ctrl Pts',(91.3920570439038,13.1730274455399,0.293922884314885));
#2393=CARTESIAN_POINT('Ctrl Pts',(91.6449943435445,13.3357486858985,0.27303864425898));
#2394=CARTESIAN_POINT('Ctrl Pts',(91.9092299893198,13.3568255294665,0.252154404203075));
#2395=CARTESIAN_POINT('Ctrl Pts',(92.1734656350951,13.3779023730344,0.231270164147171));
#2396=CARTESIAN_POINT('Ctrl Pts',(92.448999627005,13.2573348198116,0.210385924091267));
#2397=CARTESIAN_POINT('Ctrl Pts',(92.6128262826963,13.0489467660794,0.189501684035362));
#2398=CARTESIAN_POINT('Ctrl Pts',(92.7766529383876,12.8405587123473,0.168617443979458));
#2399=CARTESIAN_POINT('Ctrl Pts',(92.8287722578603,12.5443501581059,0.147733203923553));
#2400=CARTESIAN_POINT('Ctrl Pts',(92.7459171244807,12.2925575341083,0.126848963867648));
#2401=CARTESIAN_POINT('Ctrl Pts',(92.6630619911012,12.0407649101106,0.105964723811744));
#2402=CARTESIAN_POINT('Ctrl Pts',(92.4452324048695,11.8333882163567,0.0850804837558394));
#2403=CARTESIAN_POINT('Ctrl Pts',(92.1896725280745,11.7630032425072,0.0641962436999349));
#2404=CARTESIAN_POINT('Ctrl Pts',(91.9341126512796,11.6926182686576,0.0433120036440304));
#2405=CARTESIAN_POINT('Ctrl Pts',(91.6408224839214,11.7592250147124,0.0224277635881258));
#2406=CARTESIAN_POINT('Ctrl Pts',(91.4407356829868,11.9330938047151,0.00154352353222141));
#2407=CARTESIAN_POINT('Ctrl Pts',(91.2668245623873,12.0842167971635,-0.0166086063135613));
#2408=CARTESIAN_POINT('Ctrl Pts',(91.1633258867411,12.3163731584147,-0.0347607361593439));
#2409=CARTESIAN_POINT('Ctrl Pts',(91.1615697731455,12.5471447494972,-0.0529128660051265));
#2410=CARTESIAN_POINT('Ctrl Pts',(91.1613359514509,12.5462140139673,0.0535563903861536));
#2411=CARTESIAN_POINT('Ctrl Pts',(91.1611867761897,12.5218534238171,0.055473993035136));
#2412=CARTESIAN_POINT('Ctrl Pts',(91.1621900764673,12.4975052790478,0.0573915956841185));
#2413=CARTESIAN_POINT('Ctrl Pts',(91.1643864932108,12.4732652472228,0.0593091983331009));
#2414=CARTESIAN_POINT('Ctrl Pts',(91.1883072437157,12.2092717426952,0.0801934383890055));
#2415=CARTESIAN_POINT('Ctrl Pts',(91.3537431489708,11.9581014792192,0.10107767844491));
#2416=CARTESIAN_POINT('Ctrl Pts',(91.5868388753037,11.8318829741505,0.121961918500815));
#2417=CARTESIAN_POINT('Ctrl Pts',(91.8199346016367,11.7056644690819,0.142846158556719));
#2418=CARTESIAN_POINT('Ctrl Pts',(92.1206901490475,11.7043977224205,0.163730398612624));
#2419=CARTESIAN_POINT('Ctrl Pts',(92.3548406375062,11.8286484436218,0.184614638668528));
#2420=CARTESIAN_POINT('Ctrl Pts',(92.588991125965,11.9528991648231,0.205498878724433));
#2421=CARTESIAN_POINT('Ctrl Pts',(92.7565365554717,12.202667353887,0.226383118780337));
#2422=CARTESIAN_POINT('Ctrl Pts',(92.7826801874404,12.4664499023585,0.247267358836242));
#2423=CARTESIAN_POINT('Ctrl Pts',(92.8088238194091,12.7302324508301,0.268151598892146));
#2424=CARTESIAN_POINT('Ctrl Pts',(92.6935656538398,13.0080293587093,0.289035838948051));
#2425=CARTESIAN_POINT('Ctrl Pts',(92.4883599821767,13.175824909955,0.309920079003955));
#2426=CARTESIAN_POINT('Ctrl Pts',(92.2831543105136,13.3436204612007,0.33080431905986));
#2427=CARTESIAN_POINT('Ctrl Pts',(91.9880011327567,13.4014146558129,0.351688559115764));
#2428=CARTESIAN_POINT('Ctrl Pts',(91.7346644751287,13.3234066440206,0.372572799171669));
#2429=CARTESIAN_POINT('Ctrl Pts',(91.4813278175006,13.2453986322283,0.393457039227573));
#2430=CARTESIAN_POINT('Ctrl Pts',(91.2698076800015,13.0315884140315,0.414341279283478));
#2431=CARTESIAN_POINT('Ctrl Pts',(91.1945321638671,12.7774264322748,0.435225519339383));
#2432=CARTESIAN_POINT('Ctrl Pts',(91.1725081276314,12.7030639704359,0.441335809688306));
#2433=CARTESIAN_POINT('Ctrl Pts',(91.1621469687376,12.6252472976035,0.44744610003723));
#2434=CARTESIAN_POINT('Ctrl Pts',(91.1627669939905,12.5472693596369,0.453556390386154));
#2435=CARTESIAN_POINT('Origin',(91.9738566483518,12.5466127897298,4.36932176219051));
#2436=CARTESIAN_POINT('',(91.1629707499466,12.5460071885739,0.853556390386154));
#2437=CARTESIAN_POINT('',(91.1613826324032,12.5461829601341,0.747087133994873));
#2438=CARTESIAN_POINT('',(91.1623566483518,12.5466127897298,4.36932176219051));
#2439=CARTESIAN_POINT('Ctrl Pts',(91.1613826324032,12.5461829601341,0.747087133994873));
#2440=CARTESIAN_POINT('Ctrl Pts',(91.1629349468225,12.7848941236501,0.728299237788939));
#2441=CARTESIAN_POINT('Ctrl Pts',(91.2747461229705,13.0248724821944,0.709511341583005));
#2442=CARTESIAN_POINT('Ctrl Pts',(91.4593533834501,13.1758248256634,0.690723445377071));
#2443=CARTESIAN_POINT('Ctrl Pts',(91.6645590276402,13.3436203544151,0.669839205321166));
#2444=CARTESIAN_POINT('Ctrl Pts',(91.9597121658404,13.4014145413191,0.648954965265262));
#2445=CARTESIAN_POINT('Ctrl Pts',(92.2130487895318,13.3234065399873,0.628070725209357));
#2446=CARTESIAN_POINT('Ctrl Pts',(92.4663854132231,13.2453985386554,0.607186485153452));
#2447=CARTESIAN_POINT('Ctrl Pts',(92.6779055224056,13.0315883490878,0.586302245097548));
#2448=CARTESIAN_POINT('Ctrl Pts',(92.753181028461,12.7774264013618,0.565418005041643));
#2449=CARTESIAN_POINT('Ctrl Pts',(92.8284565345165,12.5232644536357,0.544533764985739));
#2450=CARTESIAN_POINT('Ctrl Pts',(92.7674874374449,12.2287507477513,0.523649524929835));
#2451=CARTESIAN_POINT('Ctrl Pts',(92.5974919364376,12.0253638681046,0.50276528487393));
#2452=CARTESIAN_POINT('Ctrl Pts',(92.4274964354304,11.8219769884579,0.481881044818026));
#2453=CARTESIAN_POINT('Ctrl Pts',(92.1484745304874,11.7097169350491,0.460996804762121));
#2454=CARTESIAN_POINT('Ctrl Pts',(91.8849888426269,11.7386994844403,0.440112564706216));
#2455=CARTESIAN_POINT('Ctrl Pts',(91.6215031547663,11.7676820338315,0.419228324650312));
#2456=CARTESIAN_POINT('Ctrl Pts',(91.3735536839881,11.9379071860228,0.398344084594407));
#2457=CARTESIAN_POINT('Ctrl Pts',(91.2518315371079,12.1733820732796,0.377459844538503));
#2458=CARTESIAN_POINT('Ctrl Pts',(91.1928232207244,12.2875353067195,0.367335607690626));
#2459=CARTESIAN_POINT('Ctrl Pts',(91.1634796490274,12.417022912083,0.35721137084275));
#2460=CARTESIAN_POINT('Ctrl Pts',(91.1635716826892,12.5465498792949,0.347087133994874));
#2461=CARTESIAN_POINT('Ctrl Pts',(91.1627669939905,12.5472693596369,0.453556390386154));
#2462=CARTESIAN_POINT('Ctrl Pts',(91.164266140738,12.3587280517799,0.468330340093134));
#2463=CARTESIAN_POINT('Ctrl Pts',(91.2299628755732,12.1692439646637,0.483104289800115));
#2464=CARTESIAN_POINT('Ctrl Pts',(91.3502212767371,12.0253637983004,0.497878239507096));
#2465=CARTESIAN_POINT('Ctrl Pts',(91.5202168005109,11.8219768913993,0.518762479563));
#2466=CARTESIAN_POINT('Ctrl Pts',(91.7992387428282,11.7097168229138,0.539646719618905));
#2467=CARTESIAN_POINT('Ctrl Pts',(92.0627244659803,11.73869937621,0.560530959674809));
#2468=CARTESIAN_POINT('Ctrl Pts',(92.3262101891324,11.7676819295062,0.581415199730714));
#2469=CARTESIAN_POINT('Ctrl Pts',(92.5741596931194,11.937907104584,0.602299439786619));
#2470=CARTESIAN_POINT('Ctrl Pts',(92.6958818563,12.1733820233361,0.623183679842523));
#2471=CARTESIAN_POINT('Ctrl Pts',(92.8176040194806,12.4088569420882,0.644067919898428));
#2472=CARTESIAN_POINT('Ctrl Pts',(92.8130988418549,12.7095816045144,0.664952159954332));
#2473=CARTESIAN_POINT('Ctrl Pts',(92.6843775862915,12.9413045669732,0.685836400010236));
#2474=CARTESIAN_POINT('Ctrl Pts',(92.555656330728,13.173027529432,0.706720640066141));
#2475=CARTESIAN_POINT('Ctrl Pts',(92.3027189972268,13.3357487919233,0.727604880122046));
#2476=CARTESIAN_POINT('Ctrl Pts',(92.0384833160455,13.3568256381566,0.74848912017795));
#2477=CARTESIAN_POINT('Ctrl Pts',(91.7742476348643,13.3779024843898,0.769373360233855));
#2478=CARTESIAN_POINT('Ctrl Pts',(91.4987136060031,13.2573349143651,0.790257600289759));
#2479=CARTESIAN_POINT('Ctrl Pts',(91.334886928408,13.0489468330225,0.811141840345664));
#2480=CARTESIAN_POINT('Ctrl Pts',(91.2239797755147,12.9078725639359,0.825280023692494));
#2481=CARTESIAN_POINT('Ctrl Pts',(91.1642681026855,12.7265501537429,0.839418207039324));
#2482=CARTESIAN_POINT('Ctrl Pts',(91.1629707499466,12.5460071885739,0.853556390386154));
#2483=CARTESIAN_POINT('Origin',(91.9738566483518,12.5466127897298,4.36932176219051));
#2484=CARTESIAN_POINT('',(91.1612010283779,12.5468702210999,1.25355639038615));
#2485=CARTESIAN_POINT('',(91.1627070181433,12.5472793337522,1.14708713399487));
#2486=CARTESIAN_POINT('',(91.1623566483518,12.5466127897298,4.36932176219051));
#2487=CARTESIAN_POINT('',(92.5760760525285,13.0905466452978,1.50032176219051));
#2488=CARTESIAN_POINT('Ctrl Pts',(91.1612010283779,12.5468702210999,1.25355639038615));
#2489=CARTESIAN_POINT('Ctrl Pts',(91.1623161219916,12.297997404611,1.27315879415323));
#2490=CARTESIAN_POINT('Ctrl Pts',(91.2853375087984,12.0482206119725,1.2927611979203));
#2491=CARTESIAN_POINT('Ctrl Pts',(91.4838630782556,11.8981741260194,1.31236360168737));
#2492=CARTESIAN_POINT('Ctrl Pts',(91.6953705902446,11.7383158316273,1.33324784174328));
#2493=CARTESIAN_POINT('Ctrl Pts',(91.9925798547388,11.6916573860489,1.35413208179918));
#2494=CARTESIAN_POINT('Ctrl Pts',(92.2427002449885,11.7794505672152,1.37501632185509));
#2495=CARTESIAN_POINT('Ctrl Pts',(92.4928206352382,11.8672437483814,1.39590056191099));
#2496=CARTESIAN_POINT('Ctrl Pts',(92.6958521512433,12.0894885562923,1.4167848019669));
#2497=CARTESIAN_POINT('Ctrl Pts',(92.7612752280063,12.3459249309086,1.4376690420228));
#2498=CARTESIAN_POINT('Ctrl Pts',(92.8266983047694,12.6023613055249,1.45855328207871));
#2499=CARTESIAN_POINT('Ctrl Pts',(92.7545129422903,12.8929892468466,1.47943752213461));
#2500=CARTESIAN_POINT('Ctrl Pts',(92.5760760525285,13.0905466452978,1.50032176219052));
#2501=CARTESIAN_POINT('',(91.3704982936374,13.0911244794689,1.50032176219051));
#2502=CARTESIAN_POINT('Origin',(91.9738566483518,12.5466127897298,1.50032176219051));
#2503=CARTESIAN_POINT('Ctrl Pts',(91.3704982936374,13.0911244794689,1.50032176219051));
#2504=CARTESIAN_POINT('Ctrl Pts',(91.5353560418262,13.2717617164006,1.48106653725689));
#2505=CARTESIAN_POINT('Ctrl Pts',(91.7878764062203,13.37472412899,1.46181131232326));
#2506=CARTESIAN_POINT('Ctrl Pts',(92.0316975344004,13.3573041899384,1.44255608738963));
#2507=CARTESIAN_POINT('Ctrl Pts',(92.2961462224406,13.3384105031511,1.42167184733373));
#2508=CARTESIAN_POINT('Ctrl Pts',(92.5503614790426,13.1779038618944,1.40078760727782));
#2509=CARTESIAN_POINT('Ctrl Pts',(92.6810082465155,12.9472936282254,1.37990336722192));
#2510=CARTESIAN_POINT('Ctrl Pts',(92.8116550139885,12.7166833945564,1.35901912716601));
#2511=CARTESIAN_POINT('Ctrl Pts',(92.8187332923322,12.4159695684751,1.33813488711011));
#2512=CARTESIAN_POINT('Ctrl Pts',(92.6990092788668,12.1794679828886,1.3172506470542));
#2513=CARTESIAN_POINT('Ctrl Pts',(92.5792852654013,11.9429663973021,1.2963664069983));
#2514=CARTESIAN_POINT('Ctrl Pts',(92.3327589601266,11.7706770522104,1.2754821669424));
#2515=CARTESIAN_POINT('Ctrl Pts',(92.0695217047694,11.7394809411536,1.25459792688649));
#2516=CARTESIAN_POINT('Ctrl Pts',(91.8062844494122,11.7082848300969,1.23371368683059));
#2517=CARTESIAN_POINT('Ctrl Pts',(91.5263362439724,11.8181819530752,1.21282944677468));
#2518=CARTESIAN_POINT('Ctrl Pts',(91.3546360944156,12.0201274925767,1.19194520671878));
#2519=CARTESIAN_POINT('Ctrl Pts',(91.2317022812482,12.164716389483,1.17699251581081));
#2520=CARTESIAN_POINT('Ctrl Pts',(91.164259329149,12.3564917771874,1.16203982490284));
#2521=CARTESIAN_POINT('Ctrl Pts',(91.1627070181433,12.5472793337522,1.14708713399487));
#2522=CARTESIAN_POINT('Origin',(107.523856648352,12.5466127897298,4.36932176219051));
#2523=CARTESIAN_POINT('',(106.713576174181,12.5465288977834,-0.346443609613847));
#2524=CARTESIAN_POINT('',(106.712714877236,12.5455108073858,-0.452912866005126));
#2525=CARTESIAN_POINT('',(106.712356648352,12.5466127897298,4.36932176219051));
#2526=CARTESIAN_POINT('',(106.921637244175,13.0905466452978,-0.499678237809487));
#2527=CARTESIAN_POINT('Ctrl Pts',(106.712714877236,12.5455108073858,-0.452912866005126));
#2528=CARTESIAN_POINT('Ctrl Pts',(106.714464251761,12.7437612633392,-0.468501323273247));
#2529=CARTESIAN_POINT('Ctrl Pts',(106.788448015184,12.9430854470204,-0.484089780541369));
#2530=CARTESIAN_POINT('Ctrl Pts',(106.921637244175,13.0905466452978,-0.49967823780949));
#2531=CARTESIAN_POINT('',(108.127217657972,13.0911277133472,-0.499678237809489));
#2532=CARTESIAN_POINT('Origin',(107.523856648352,12.5466127897298,-0.499678237809487));
#2533=CARTESIAN_POINT('Ctrl Pts',(108.127217657972,13.0911277133472,-0.499678237809489));
#2534=CARTESIAN_POINT('Ctrl Pts',(107.962360421044,13.2717617200848,-0.480423012875861));
#2535=CARTESIAN_POINT('Ctrl Pts',(107.709838346115,13.3747302112304,-0.461167787942234));
#2536=CARTESIAN_POINT('Ctrl Pts',(107.466015617034,13.3573112975149,-0.441912563008607));
#2537=CARTESIAN_POINT('Ctrl Pts',(107.201565192655,13.3384187228085,-0.421028322952702));
#2538=CARTESIAN_POINT('Ctrl Pts',(106.947348328684,13.1779072492279,-0.400144082896798));
#2539=CARTESIAN_POINT('Ctrl Pts',(106.816700915064,12.9472948083225,-0.379259842840893));
#2540=CARTESIAN_POINT('Ctrl Pts',(106.748270430572,12.8265046554679,-0.368321098431878));
#2541=CARTESIAN_POINT('Ctrl Pts',(106.713740649638,12.6864826285078,-0.357382354022862));
#2542=CARTESIAN_POINT('Ctrl Pts',(106.713576174181,12.5465288977834,-0.346443609613847));
#2543=CARTESIAN_POINT('Origin',(107.523856648352,12.5466127897298,4.36932176219051));
#2544=CARTESIAN_POINT('',(106.711331631097,12.5462140189388,0.0535563903861537));
#2545=CARTESIAN_POINT('',(106.711565485318,12.5471445575624,-0.0529128660051264));
#2546=CARTESIAN_POINT('',(106.712356648352,12.5466127897298,4.36932176219051));
#2547=CARTESIAN_POINT('Ctrl Pts',(106.711565485318,12.5471445575624,-0.0529128660051264));
#2548=CARTESIAN_POINT('Ctrl Pts',(106.711301165677,12.5818785998999,-0.0556449762152483));
#2549=CARTESIAN_POINT('Ctrl Pts',(106.713341713461,12.6165812778116,-0.0583770864253702));
#2550=CARTESIAN_POINT('Ctrl Pts',(106.71779395414,12.650971572977,-0.0611091966354921));
#2551=CARTESIAN_POINT('Ctrl Pts',(106.751826864959,12.9138508584342,-0.0819934366913967));
#2552=CARTESIAN_POINT('Ctrl Pts',(106.926776626411,13.1584774082677,-0.102877676747301));
#2553=CARTESIAN_POINT('Ctrl Pts',(107.164547018544,13.2756654263301,-0.123761916803206));
#2554=CARTESIAN_POINT('Ctrl Pts',(107.402317410678,13.3928534443924,-0.14464615685911));
#2555=CARTESIAN_POINT('Ctrl Pts',(107.702908433494,13.3826029306835,-0.165530396915015));
#2556=CARTESIAN_POINT('Ctrl Pts',(107.932116130393,13.2494443545775,-0.186414636970919));
#2557=CARTESIAN_POINT('Ctrl Pts',(108.161323827293,13.1162857784714,-0.207298877026824));
#2558=CARTESIAN_POINT('Ctrl Pts',(108.319148198277,12.8602191399682,-0.228183117082728));
#2559=CARTESIAN_POINT('Ctrl Pts',(108.335158114653,12.595654403923,-0.249067357138633));
#2560=CARTESIAN_POINT('Ctrl Pts',(108.35116803103,12.3310896678779,-0.269951597194538));
#2561=CARTESIAN_POINT('Ctrl Pts',(108.225363492799,12.0580268342908,-0.290835837250442));
#2562=CARTESIAN_POINT('Ctrl Pts',(108.013854018428,11.8981685274782,-0.311720077306347));
#2563=CARTESIAN_POINT('Ctrl Pts',(107.802344544057,11.7383102206656,-0.332604317362251));
#2564=CARTESIAN_POINT('Ctrl Pts',(107.505130133545,11.6916564406275,-0.353488557418156));
#2565=CARTESIAN_POINT('Ctrl Pts',(107.25501328507,11.7794458804094,-0.37437279747406));
#2566=CARTESIAN_POINT('Ctrl Pts',(107.004896436594,11.8672353201913,-0.395257037529965));
#2567=CARTESIAN_POINT('Ctrl Pts',(106.801877150154,12.0894679797931,-0.416141277585869));
#2568=CARTESIAN_POINT('Ctrl Pts',(106.736453129609,12.345906461457,-0.437025517641774));
#2569=CARTESIAN_POINT('Ctrl Pts',(106.719863040576,12.4109336060256,-0.442321300429558));
#2570=CARTESIAN_POINT('Ctrl Pts',(106.712120571633,12.4781602457331,-0.447617083217342));
#2571=CARTESIAN_POINT('Ctrl Pts',(106.712714877236,12.5455108073858,-0.452912866005126));
#2572=CARTESIAN_POINT('Ctrl Pts',(106.713576174181,12.5465288977834,-0.346443609613847));
#2573=CARTESIAN_POINT('Ctrl Pts',(106.713426633257,12.4192831036008,-0.336498113966958));
#2574=CARTESIAN_POINT('Ctrl Pts',(106.741684926382,12.292093766013,-0.326552618320069));
#2575=CARTESIAN_POINT('Ctrl Pts',(106.798700240397,12.1794665623413,-0.31660712267318));
#2576=CARTESIAN_POINT('Ctrl Pts',(106.918424942617,11.9429641654959,-0.295722882617275));
#2577=CARTESIAN_POINT('Ctrl Pts',(107.164952310323,11.7706727800354,-0.274838642561371));
#2578=CARTESIAN_POINT('Ctrl Pts',(107.428190956084,11.7394762377353,-0.253954402505466));
#2579=CARTESIAN_POINT('Ctrl Pts',(107.691429601844,11.7082796954352,-0.233070162449562));
#2580=CARTESIAN_POINT('Ctrl Pts',(107.971379525658,11.8181779962956,-0.212185922393657));
#2581=CARTESIAN_POINT('Ctrl Pts',(108.143080648522,12.020124775817,-0.191301682337752));
#2582=CARTESIAN_POINT('Ctrl Pts',(108.314781771385,12.2220715553385,-0.170417442281848));
#2583=CARTESIAN_POINT('Ctrl Pts',(108.378234093299,12.516066813521,-0.149533202225944));
#2584=CARTESIAN_POINT('Ctrl Pts',(108.305102779603,12.7708561939012,-0.128648962170039));
#2585=CARTESIAN_POINT('Ctrl Pts',(108.231971465906,13.0256455742815,-0.107764722114135));
#2586=CARTESIAN_POINT('Ctrl Pts',(108.022256516599,13.2412290768595,-0.0868804820582301));
#2587=CARTESIAN_POINT('Ctrl Pts',(107.769584001717,13.321368085622,-0.0659962420023255));
#2588=CARTESIAN_POINT('Ctrl Pts',(107.516911486835,13.4015070943845,-0.045112001946421));
#2589=CARTESIAN_POINT('Ctrl Pts',(107.221281406378,13.3462016093314,-0.0242277618905165));
#2590=CARTESIAN_POINT('Ctrl Pts',(107.014668861704,13.1801397775198,-0.003343521834612));
#2591=CARTESIAN_POINT('Ctrl Pts',(106.8270275969,13.0293258363532,0.0156231155723099));
#2592=CARTESIAN_POINT('Ctrl Pts',(106.712807095861,12.7871611798536,0.0345897529792318));
#2593=CARTESIAN_POINT('Ctrl Pts',(106.711331631097,12.5462140189388,0.0535563903861537));
#2594=CARTESIAN_POINT('Origin',(107.523856648352,12.5466127897298,4.36932176219051));
#2595=CARTESIAN_POINT('',(106.712762676967,12.5472693634243,0.453556390386153));
#2596=CARTESIAN_POINT('',(106.713567365816,12.546549876582,0.347087133994873));
#2597=CARTESIAN_POINT('',(106.712356648352,12.5466127897298,4.36932176219051));
#2598=CARTESIAN_POINT('Ctrl Pts',(106.713567365816,12.546549876582,0.347087133994873));
#2599=CARTESIAN_POINT('Ctrl Pts',(106.713665179404,12.6842114123759,0.336327130786845));
#2600=CARTESIAN_POINT('Ctrl Pts',(106.747011756093,12.8219174095936,0.325567127578817));
#2601=CARTESIAN_POINT('Ctrl Pts',(106.813332020114,12.9413066138003,0.314807124370788));
#2602=CARTESIAN_POINT('Ctrl Pts',(106.94205394404,13.1730307826998,0.293922884314884));
#2603=CARTESIAN_POINT('Ctrl Pts',(107.19499259076,13.3357529022685,0.27303864425898));
#2604=CARTESIAN_POINT('Ctrl Pts',(107.459229644839,13.3568298523803,0.252154404203075));
#2605=CARTESIAN_POINT('Ctrl Pts',(107.723466698918,13.377906802492,0.231270164147171));
#2606=CARTESIAN_POINT('Ctrl Pts',(107.999002160357,13.2573385831467,0.210385924091266));
#2607=CARTESIAN_POINT('Ctrl Pts',(108.162829687548,13.0489494301531,0.189501684035362));
#2608=CARTESIAN_POINT('Ctrl Pts',(108.326657214739,12.8405602771595,0.168617443979457));
#2609=CARTESIAN_POINT('Ctrl Pts',(108.378776807682,12.5443501905176,0.147733203923553));
#2610=CARTESIAN_POINT('Ctrl Pts',(108.295921236156,12.2925562042154,0.126848963867648));
#2611=CARTESIAN_POINT('Ctrl Pts',(108.213065664629,12.0407622179132,0.105964723811744));
#2612=CARTESIAN_POINT('Ctrl Pts',(107.995234928634,11.8333843319508,0.0850804837558393));
#2613=CARTESIAN_POINT('Ctrl Pts',(107.739673682355,11.7629990221979,0.0641962436999347));
#2614=CARTESIAN_POINT('Ctrl Pts',(107.484112436076,11.692613712445,0.0433120036440303));
#2615=CARTESIAN_POINT('Ctrl Pts',(107.190820679515,11.7592209789016,0.0224277635881258));
#2616=CARTESIAN_POINT('Ctrl Pts',(106.990732831326,11.9330906226704,0.00154352353222132));
#2617=CARTESIAN_POINT('Ctrl Pts',(106.816820800476,12.0842143571937,-0.0166086063135612));
#2618=CARTESIAN_POINT('Ctrl Pts',(106.713321624007,12.3163717123667,-0.0347607361593438));
#2619=CARTESIAN_POINT('Ctrl Pts',(106.711565485318,12.5471445575624,-0.0529128660051264));
#2620=CARTESIAN_POINT('Ctrl Pts',(106.711331631097,12.5462140189388,0.0535563903861537));
#2621=CARTESIAN_POINT('Ctrl Pts',(106.711182455728,12.5218533004771,0.0554739930351364));
#2622=CARTESIAN_POINT('Ctrl Pts',(106.712185761929,12.4975050272749,0.0573915956841192));
#2623=CARTESIAN_POINT('Ctrl Pts',(106.714382190808,12.4732648673349,0.0593091983331019));
#2624=CARTESIAN_POINT('Ctrl Pts',(106.738303073478,12.2092699675319,0.0801934383890063));
#2625=CARTESIAN_POINT('Ctrl Pts',(106.90373984771,11.9580983464961,0.101077678444911));
#2626=CARTESIAN_POINT('Ctrl Pts',(107.136836812057,11.8318791645297,0.121961918500815));
#2627=CARTESIAN_POINT('Ctrl Pts',(107.369933776403,11.7056599825634,0.142846158556719));
#2628=CARTESIAN_POINT('Ctrl Pts',(107.670690930865,11.7043932396665,0.163730398612624));
#2629=CARTESIAN_POINT('Ctrl Pts',(107.90484266709,11.8286446248206,0.184614638668528));
#2630=CARTESIAN_POINT('Ctrl Pts',(108.138994403316,11.9528960099746,0.205498878724433));
#2631=CARTESIAN_POINT('Ctrl Pts',(108.306540721306,12.2026655231797,0.226383118780337));
#2632=CARTESIAN_POINT('Ctrl Pts',(108.332684491647,12.466449474335,0.247267358836242));
#2633=CARTESIAN_POINT('Ctrl Pts',(108.358828261989,12.7302334254904,0.268151598892147));
#2634=CARTESIAN_POINT('Ctrl Pts',(108.243569484682,13.008031814596,0.289035838948051));
#2635=CARTESIAN_POINT('Ctrl Pts',(108.038362721188,13.1758282596878,0.309920079003955));
#2636=CARTESIAN_POINT('Ctrl Pts',(107.833155957693,13.3436247047796,0.33080431905986));
#2637=CARTESIAN_POINT('Ctrl Pts',(107.538001208011,13.4014192058575,0.351688559115765));
#2638=CARTESIAN_POINT('Ctrl Pts',(107.284663201736,13.3234107784092,0.372572799171669));
#2639=CARTESIAN_POINT('Ctrl Pts',(107.031325195461,13.2454023509608,0.393457039227574));
#2640=CARTESIAN_POINT('Ctrl Pts',(106.819803932594,13.0315909949862,0.414341279283478));
#2641=CARTESIAN_POINT('Ctrl Pts',(106.744528015904,12.777427660783,0.435225519339383));
#2642=CARTESIAN_POINT('Ctrl Pts',(106.722503862474,12.7030648032467,0.441335809688306));
#2643=CARTESIAN_POINT('Ctrl Pts',(106.712142648431,12.6252477163406,0.44744610003723));
#2644=CARTESIAN_POINT('Ctrl Pts',(106.712762676967,12.5472693634243,0.453556390386153));
#2645=CARTESIAN_POINT('Origin',(107.523856648352,12.5466127897298,4.36932176219051));
#2646=CARTESIAN_POINT('',(106.712966436695,12.546007211619,0.853556390386154));
#2647=CARTESIAN_POINT('',(106.711378304813,12.5461829561997,0.747087133994873));
#2648=CARTESIAN_POINT('',(106.712356648352,12.5466127897298,4.36932176219051));
#2649=CARTESIAN_POINT('Ctrl Pts',(106.711378304813,12.5461829561997,0.747087133994873));
#2650=CARTESIAN_POINT('Ctrl Pts',(106.712930627786,12.7848953909558,0.728299237788939));
#2651=CARTESIAN_POINT('Ctrl Pts',(106.824742398179,13.0248750302305,0.709511341583004));
#2652=CARTESIAN_POINT('Ctrl Pts',(107.009350641827,13.1758281785916,0.69072344537707));
#2653=CARTESIAN_POINT('Ctrl Pts',(107.214557378887,13.3436246020449,0.669839205321166));
#2654=CARTESIAN_POINT('Ctrl Pts',(107.509712090515,13.4014190957003,0.648954965265261));
#2655=CARTESIAN_POINT('Ctrl Pts',(107.763050064139,13.323410678314,0.628070725209357));
#2656=CARTESIAN_POINT('Ctrl Pts',(108.016388037763,13.2454022609277,0.607186485153452));
#2657=CARTESIAN_POINT('Ctrl Pts',(108.227909273384,13.0315909324997,0.586302245097548));
#2658=CARTESIAN_POINT('Ctrl Pts',(108.303185180376,12.7774276310405,0.565418005041643));
#2659=CARTESIAN_POINT('Ctrl Pts',(108.378461087369,12.5232643295812,0.544533764985739));
#2660=CARTESIAN_POINT('Ctrl Pts',(108.317491665733,12.2287490550907,0.523649524929834));
#2661=CARTESIAN_POINT('Ctrl Pts',(108.147495259092,12.0253610913554,0.502765284873929));
#2662=CARTESIAN_POINT('Ctrl Pts',(107.977498852452,11.82197312762,0.481881044818025));
#2663=CARTESIAN_POINT('Ctrl Pts',(107.698475460807,11.7097124746398,0.46099680476212));
#2664=CARTESIAN_POINT('Ctrl Pts',(107.434988369111,11.7386951792798,0.440112564706216));
#2665=CARTESIAN_POINT('Ctrl Pts',(107.171501277415,11.7676778839198,0.419228324650311));
#2666=CARTESIAN_POINT('Ctrl Pts',(106.923550485668,11.9379039461801,0.398344084594407));
#2667=CARTESIAN_POINT('Ctrl Pts',(106.801827690362,12.1733800864253,0.377459844538502));
#2668=CARTESIAN_POINT('Ctrl Pts',(106.742819059635,12.2875339272874,0.367335607690626));
#2669=CARTESIAN_POINT('Ctrl Pts',(106.713475331649,12.4170222206628,0.35721137084275));
#2670=CARTESIAN_POINT('Ctrl Pts',(106.713567365816,12.546549876582,0.347087133994873));
#2671=CARTESIAN_POINT('Ctrl Pts',(106.712762676967,12.5472693634243,0.453556390386153));
#2672=CARTESIAN_POINT('Ctrl Pts',(106.714261831653,12.3587270522684,0.468330340093134));
#2673=CARTESIAN_POINT('Ctrl Pts',(106.779958916027,12.1692419567313,0.483104289800115));
#2674=CARTESIAN_POINT('Ctrl Pts',(106.900217957246,12.0253610241928,0.497878239507096));
#2675=CARTESIAN_POINT('Ctrl Pts',(107.070214385791,11.8219730342376,0.518762479563001));
#2676=CARTESIAN_POINT('Ctrl Pts',(107.349237813395,11.709712366759,0.539646719618905));
#2677=CARTESIAN_POINT('Ctrl Pts',(107.612724939046,11.738695075152,0.56053095967481));
#2678=CARTESIAN_POINT('Ctrl Pts',(107.876212064696,11.7676777835451,0.581415199730714));
#2679=CARTESIAN_POINT('Ctrl Pts',(108.124162888393,11.9379038678099,0.602299439786618));
#2680=CARTESIAN_POINT('Ctrl Pts',(108.245885699384,12.1733800383649,0.623183679842523));
#2681=CARTESIAN_POINT('Ctrl Pts',(108.367608510375,12.40885620892,0.644067919898428));
#2682=CARTESIAN_POINT('Ctrl Pts',(108.36310330866,12.7095824657654,0.664952159954333));
#2683=CARTESIAN_POINT('Ctrl Pts',(108.23438136815,12.9413066645914,0.685836400010237));
#2684=CARTESIAN_POINT('Ctrl Pts',(108.10565942764,13.1730308634174,0.706720640066142));
#2685=CARTESIAN_POINT('Ctrl Pts',(107.852720748335,13.335753004224,0.727604880122046));
#2686=CARTESIAN_POINT('Ctrl Pts',(107.588483660195,13.3568299569249,0.74848912017795));
#2687=CARTESIAN_POINT('Ctrl Pts',(107.324246572055,13.3779069096258,0.769373360233855));
#2688=CARTESIAN_POINT('Ctrl Pts',(107.04871107508,13.2573386742209,0.790257600289759));
#2689=CARTESIAN_POINT('Ctrl Pts',(106.884883526805,13.0489494946169,0.811141840345664));
#2690=CARTESIAN_POINT('Ctrl Pts',(106.77397578448,12.9078744820308,0.825280023692494));
#2691=CARTESIAN_POINT('Ctrl Pts',(106.714263796024,12.7265511299488,0.839418207039324));
#2692=CARTESIAN_POINT('Ctrl Pts',(106.712966436695,12.546007211619,0.853556390386154));
#2693=CARTESIAN_POINT('Origin',(107.523856648352,12.5466127897298,4.36932176219051));
#2694=CARTESIAN_POINT('',(106.711196892921,12.5468710262328,1.25355639038615));
#2695=CARTESIAN_POINT('',(106.712702697345,12.5472793583407,1.14708713399487));
#2696=CARTESIAN_POINT('',(106.712356648352,12.5466127897298,4.36932176219051));
#2697=CARTESIAN_POINT('',(108.126076052528,13.0905466452978,1.50032176219051));
#2698=CARTESIAN_POINT('Ctrl Pts',(106.711196892921,12.5468710262328,1.25355639038615));
#2699=CARTESIAN_POINT('Ctrl Pts',(106.712311326752,12.2979959139362,1.27315879415323));
#2700=CARTESIAN_POINT('Ctrl Pts',(106.835331729138,12.0482148896484,1.2927611979203));
#2701=CARTESIAN_POINT('Ctrl Pts',(107.033859183757,11.8981683895536,1.31236360168737));
#2702=CARTESIAN_POINT('Ctrl Pts',(107.245368704182,11.7383100800951,1.33324784174328));
#2703=CARTESIAN_POINT('Ctrl Pts',(107.542583234259,11.6916564065728,1.35413208179918));
#2704=CARTESIAN_POINT('Ctrl Pts',(107.792699997412,11.7794457556534,1.37501632185509));
#2705=CARTESIAN_POINT('Ctrl Pts',(108.042816760564,11.867235104734,1.39590056191099));
#2706=CARTESIAN_POINT('Ctrl Pts',(108.245835756793,12.0894674764174,1.4167848019669));
#2707=CARTESIAN_POINT('Ctrl Pts',(108.311259802224,12.3459060119456,1.4376690420228));
#2708=CARTESIAN_POINT('Ctrl Pts',(108.376683847656,12.6023445474737,1.45855328207871));
#2709=CARTESIAN_POINT('Ctrl Pts',(108.30451294229,12.8929892468466,1.47943752213461));
#2710=CARTESIAN_POINT('Ctrl Pts',(108.126076052528,13.0905466452978,1.50032176219052));
#2711=CARTESIAN_POINT('',(106.920495698785,13.0911276247803,1.50032176219051));
#2712=CARTESIAN_POINT('Origin',(107.523856648352,12.5466127897298,1.50032176219051));
#2713=CARTESIAN_POINT('Ctrl Pts',(106.920495698785,13.0911276247803,1.50032176219051));
#2714=CARTESIAN_POINT('Ctrl Pts',(107.085352947256,13.2717617069485,1.48106653725688));
#2715=CARTESIAN_POINT('Ctrl Pts',(107.337874983367,13.3747300651565,1.46181131232325));
#2716=CARTESIAN_POINT('Ctrl Pts',(107.581697675506,13.3573111303637,1.44255608738963));
#2717=CARTESIAN_POINT('Ctrl Pts',(107.846148059818,13.3384185327968,1.42167184733372));
#2718=CARTESIAN_POINT('Ctrl Pts',(108.100364885931,13.1779071679436,1.40078760727782));
#2719=CARTESIAN_POINT('Ctrl Pts',(108.231012284176,12.947294778179,1.37990336722192));
#2720=CARTESIAN_POINT('Ctrl Pts',(108.361659682421,12.7166823884144,1.35901912716601));
#2721=CARTESIAN_POINT('Ctrl Pts',(108.368737652797,12.4159689737384,1.33813488711011));
#2722=CARTESIAN_POINT('Ctrl Pts',(108.249012966852,12.1794665968284,1.3172506470542));
#2723=CARTESIAN_POINT('Ctrl Pts',(108.129288280907,11.9429642199184,1.2963664069983));
#2724=CARTESIAN_POINT('Ctrl Pts',(107.882760938642,11.7706728807744,1.27548216694239));
#2725=CARTESIAN_POINT('Ctrl Pts',(107.619522325762,11.7394763482455,1.25459792688649));
#2726=CARTESIAN_POINT('Ctrl Pts',(107.356283712882,11.7082798157166,1.23371368683059));
#2727=CARTESIAN_POINT('Ctrl Pts',(107.076333829387,11.8181780898026,1.21282944677468));
#2728=CARTESIAN_POINT('Ctrl Pts',(106.904632729466,12.0201248402765,1.19194520671878));
#2729=CARTESIAN_POINT('Ctrl Pts',(106.781698235857,12.1647146042143,1.17699251581081));
#2730=CARTESIAN_POINT('Ctrl Pts',(106.714254976349,12.3564908896384,1.16203982490284));
#2731=CARTESIAN_POINT('Ctrl Pts',(106.712702697345,12.5472793583407,1.14708713399487));
#2732=CARTESIAN_POINT('Origin',(91.9738566483518,12.5466127897298,2.38374887608841));
#2733=CARTESIAN_POINT('',(90.9358511158947,12.5472925707265,-0.183105351707386));
#2734=CARTESIAN_POINT('',(90.9384205959038,12.5465064337013,-0.216251123911585));
#2735=CARTESIAN_POINT('',(90.9368566483518,12.5466127897298,2.38374887608841));
#2736=CARTESIAN_POINT('',(92.2407761529457,11.5445534211955,-0.499678237809487));
#2737=CARTESIAN_POINT('Ctrl Pts',(90.9384205959038,12.5465064337013,-0.216251123911585));
#2738=CARTESIAN_POINT('Ctrl Pts',(90.9386309060592,12.7253502353677,-0.227189868320601));
#2739=CARTESIAN_POINT('Ctrl Pts',(91.0669988451206,13.2458957433552,-0.259012852785521));
#2740=CARTESIAN_POINT('Ctrl Pts',(91.88686579878,13.7635443475426,-0.311720077306347));
#2741=CARTESIAN_POINT('Ctrl Pts',(92.9398987281733,13.2930819664269,-0.374372797474061));
#2742=CARTESIAN_POINT('Ctrl Pts',(93.1287298382212,12.1546236541474,-0.437025517641774));
#2743=CARTESIAN_POINT('Ctrl Pts',(92.5695006021551,11.6321160645739,-0.478793997753583));
#2744=CARTESIAN_POINT('Ctrl Pts',(92.2407761529457,11.5445534211955,-0.499678237809487));
#2745=CARTESIAN_POINT('',(91.7061185607246,11.54314151677,-0.499678237809487));
#2746=CARTESIAN_POINT('Origin',(91.9738566483518,12.5466127897298,-0.499678237809487));
#2747=CARTESIAN_POINT('Ctrl Pts',(90.9358511158946,12.5472925707265,-0.183105351707386));
#2748=CARTESIAN_POINT('Ctrl Pts',(90.9355133518145,12.5916782838023,-0.185837461917508));
#2749=CARTESIAN_POINT('Ctrl Pts',(90.9580531528815,12.9750017024659,-0.209453812183535));
#2750=CARTESIAN_POINT('Ctrl Pts',(91.4344279148731,13.6410988618157,-0.253954402505466));
#2751=CARTESIAN_POINT('Ctrl Pts',(92.586778608603,13.6018063146359,-0.316607122673179));
#2752=CARTESIAN_POINT('Ctrl Pts',(93.1918205205704,12.6201366811349,-0.379259842840893));
#2753=CARTESIAN_POINT('Ctrl Pts',(92.7220662125344,11.6005478720788,-0.440283547886329));
#2754=CARTESIAN_POINT('Ctrl Pts',(92.0085144793692,11.464263738419,-0.48042301287586));
#2755=CARTESIAN_POINT('Ctrl Pts',(91.7061185607246,11.54314151677,-0.499678237809487));
#2756=CARTESIAN_POINT('Origin',(91.9738566483518,12.5466127897298,2.38374887608841));
#2757=CARTESIAN_POINT('',(90.9384093169998,12.5465323977137,0.216894648292614));
#2758=CARTESIAN_POINT('',(90.9355523197181,12.5461032019717,0.183748876088415));
#2759=CARTESIAN_POINT('',(90.9368566483518,12.5466127897298,2.38374887608841));
#2760=CARTESIAN_POINT('Ctrl Pts',(90.9355523197181,12.5461032019717,0.183748876088415));
#2761=CARTESIAN_POINT('Ctrl Pts',(90.9374377859555,12.8540032510261,0.164782238681493));
#2762=CARTESIAN_POINT('Ctrl Pts',(91.2441136462571,13.504202230027,0.124931361218666));
#2763=CARTESIAN_POINT('Ctrl Pts',(92.3427594098418,13.7097329330348,0.0641962436999344));
#2764=CARTESIAN_POINT('Ctrl Pts',(93.1467273023031,12.8832680751395,0.00154352353222074));
#2765=CARTESIAN_POINT('Ctrl Pts',(92.9034747080334,11.75620055248,-0.0611091966354926));
#2766=CARTESIAN_POINT('Ctrl Pts',(91.8302535136618,11.3348942762511,-0.123761916803207));
#2767=CARTESIAN_POINT('Ctrl Pts',(91.0501669540925,11.8800719156184,-0.175475892561904));
#2768=CARTESIAN_POINT('Ctrl Pts',(90.9382293821175,12.3839018253077,-0.206305628264697));
#2769=CARTESIAN_POINT('Ctrl Pts',(90.9384205959038,12.5465064337013,-0.216251123911585));
#2770=CARTESIAN_POINT('Ctrl Pts',(90.9384093169998,12.5465323977137,0.216894648292614));
#2771=CARTESIAN_POINT('Ctrl Pts',(90.9385343103873,12.7224464501846,0.206134645084586));
#2772=CARTESIAN_POINT('Ctrl Pts',(91.0638546285628,13.2399616257861,0.174490401820653));
#2773=CARTESIAN_POINT('Ctrl Pts',(91.8768335671962,13.7629724330803,0.121961918500815));
#2774=CARTESIAN_POINT('Ctrl Pts',(92.9331320870136,13.3007596689691,0.0593091983331017));
#2775=CARTESIAN_POINT('Ctrl Pts',(93.1329388681343,12.1652022909715,-0.00334352183461183));
#2776=CARTESIAN_POINT('Ctrl Pts',(92.2978583471645,11.3701944114049,-0.0659962420023255));
#2777=CARTESIAN_POINT('Ctrl Pts',(91.2225196253449,11.6144058481955,-0.125916851959917));
#2778=CARTESIAN_POINT('Ctrl Pts',(90.9380952191586,12.2523940618508,-0.164953221861604));
#2779=CARTESIAN_POINT('Ctrl Pts',(90.9358511158946,12.5472925707265,-0.183105351707386));
#2780=CARTESIAN_POINT('Origin',(91.9738566483518,12.5466127897298,2.38374887608841));
#2781=CARTESIAN_POINT('',(90.9356119723953,12.5460635188847,0.616894648292614));
#2782=CARTESIAN_POINT('',(90.9373810210287,12.5474518075901,0.583748876088415));
#2783=CARTESIAN_POINT('',(90.9368566483518,12.5466127897298,2.38374887608841));
#2784=CARTESIAN_POINT('Ctrl Pts',(90.9373810210287,12.5474518075901,0.583748876088415));
#2785=CARTESIAN_POINT('Ctrl Pts',(90.9365887028682,12.6470982914735,0.577638585739491));
#2786=CARTESIAN_POINT('Ctrl Pts',(90.9950828610865,13.0864140880293,0.550644055334662));
#2787=CARTESIAN_POINT('Ctrl Pts',(91.6147611277035,13.7128014711112,0.502765284873929));
#2788=CARTESIAN_POINT('Ctrl Pts',(92.7462725707126,13.4912392536885,0.440112564706216));
#2789=CARTESIAN_POINT('Ctrl Pts',(93.1881310464809,12.4262655255157,0.377459844538502));
#2790=CARTESIAN_POINT('Ctrl Pts',(92.5458219507379,11.468743854317,0.314807124370789));
#2791=CARTESIAN_POINT('Ctrl Pts',(91.392833031459,11.4736001067672,0.252154404203075));
#2792=CARTESIAN_POINT('Ctrl Pts',(90.9506068692017,12.1450024938057,0.208468321442284));
#2793=CARTESIAN_POINT('Ctrl Pts',(90.9353616915655,12.5149732796233,0.185666478737397));
#2794=CARTESIAN_POINT('Ctrl Pts',(90.9355523197181,12.5461032019717,0.183748876088415));
#2795=CARTESIAN_POINT('Ctrl Pts',(90.9356119723953,12.5460635188847,0.616894648292614));
#2796=CARTESIAN_POINT('Ctrl Pts',(90.9375956446724,12.8511078522996,0.598106752086679));
#2797=CARTESIAN_POINT('Ctrl Pts',(91.2393009053433,13.4986525407139,0.55843461582484));
#2798=CARTESIAN_POINT('Ctrl Pts',(92.332952120871,13.7128013149517,0.497878239507096));
#2799=CARTESIAN_POINT('Ctrl Pts',(93.1438443693821,12.8931297194558,0.435225519339383));
#2800=CARTESIAN_POINT('Ctrl Pts',(92.9101107144347,11.7640697822943,0.37257279917167));
#2801=CARTESIAN_POINT('Ctrl Pts',(91.8404407867977,11.3337049934403,0.309920079003956));
#2802=CARTESIAN_POINT('Ctrl Pts',(91.0531391559727,11.8742124585582,0.258027362044271));
#2803=CARTESIAN_POINT('Ctrl Pts',(90.938291708981,12.3810124161996,0.22701888514049));
#2804=CARTESIAN_POINT('Ctrl Pts',(90.9384093169998,12.5465323977137,0.216894648292614));
#2805=CARTESIAN_POINT('Origin',(91.9738566483518,12.5466127897298,2.38374887608841));
#2806=CARTESIAN_POINT('',(90.9373043790651,12.5474645533172,1.01689464829261));
#2807=CARTESIAN_POINT('',(90.9376413967853,12.5458389038411,0.983748876088416));
#2808=CARTESIAN_POINT('',(90.9368566483518,12.5466127897298,2.38374887608841));
#2809=CARTESIAN_POINT('Ctrl Pts',(90.9376413967853,12.5458389038411,0.983748876088416));
#2810=CARTESIAN_POINT('Ctrl Pts',(90.9392992585108,12.7765512327139,0.969610692741585));
#2811=CARTESIAN_POINT('Ctrl Pts',(91.1283167760772,13.3505279818139,0.93458826933885));
#2812=CARTESIAN_POINT('Ctrl Pts',(92.070879742551,13.7629725968501,0.878681605880211));
#2813=CARTESIAN_POINT('Ctrl Pts',(93.0405507770824,13.1391576275212,0.816028885712496));
#2814=CARTESIAN_POINT('Ctrl Pts',(93.0578220125643,11.9862871101976,0.753376165544784));
#2815=CARTESIAN_POINT('Ctrl Pts',(92.107272527779,11.3337048308787,0.690723445377069));
#2816=CARTESIAN_POINT('Ctrl Pts',(91.1419234614945,11.7220977701346,0.63418101555828));
#2817=CARTESIAN_POINT('Ctrl Pts',(90.9392967513764,12.3065185528178,0.598522825795395));
#2818=CARTESIAN_POINT('Ctrl Pts',(90.9373810210287,12.5474518075901,0.583748876088415));
#2819=CARTESIAN_POINT('Ctrl Pts',(90.9373043790651,12.5474645533172,1.01689464829261));
#2820=CARTESIAN_POINT('Ctrl Pts',(90.936517482325,12.6441784887002,1.01096309914468));
#2821=CARTESIAN_POINT('Ctrl Pts',(90.9928610067278,13.0805120172384,0.984147309940837));
#2822=CARTESIAN_POINT('Ctrl Pts',(91.604953938824,13.7097327717597,0.936447280681092));
#2823=CARTESIAN_POINT('Ctrl Pts',(92.7382873205684,13.4977128413296,0.873794560513377));
#2824=CARTESIAN_POINT('Ctrl Pts',(93.1891020394942,12.436496841777,0.811141840345664));
#2825=CARTESIAN_POINT('Ctrl Pts',(92.5548801869995,11.4736002512262,0.74848912017795));
#2826=CARTESIAN_POINT('Ctrl Pts',(91.4018914227994,11.4687439983033,0.685836400010237));
#2827=CARTESIAN_POINT('Ctrl Pts',(90.9521939223547,12.1391301177521,0.641971576048458));
#2828=CARTESIAN_POINT('Ctrl Pts',(90.9353906352572,12.512026828171,0.618990992142584));
#2829=CARTESIAN_POINT('Ctrl Pts',(90.9356119723953,12.5460635188847,0.616894648292614));
#2830=CARTESIAN_POINT('Origin',(91.9738566483518,12.5466127897298,2.38374887608841));
#2831=CARTESIAN_POINT('',(90.9379977209675,12.5457088028962,1.41689464829261));
#2832=CARTESIAN_POINT('',(90.9353799041583,12.5469417562496,1.38374887608842));
#2833=CARTESIAN_POINT('',(90.9368566483518,12.5466127897298,2.38374887608841));
#2834=CARTESIAN_POINT('',(91.7069371437578,11.5445534211955,1.50032176219051));
#2835=CARTESIAN_POINT('Ctrl Pts',(91.7069371437579,11.5445534211955,1.50032176219051));
#2836=CARTESIAN_POINT('Ctrl Pts',(91.3782126945484,11.6321160645739,1.47943752213461));
#2837=CARTESIAN_POINT('Ctrl Pts',(91.0058833060505,11.9799954466194,1.45162848416864));
#2838=CARTESIAN_POINT('Ctrl Pts',(90.9372501395785,12.4326951657998,1.42381944620268));
#2839=CARTESIAN_POINT('Ctrl Pts',(90.9379977209675,12.5457088028962,1.41689464829261));
#2840=CARTESIAN_POINT('',(92.2415868041712,11.543155126334,1.50032176219051));
#2841=CARTESIAN_POINT('Origin',(91.9738566483518,12.5466127897298,1.50032176219051));
#2842=CARTESIAN_POINT('Ctrl Pts',(92.241594762791,11.5431413984857,1.50032176219051));
#2843=CARTESIAN_POINT('Ctrl Pts',(91.9391989139595,11.4642636968982,1.48106653725689));
#2844=CARTESIAN_POINT('Ctrl Pts',(91.2484338233939,11.5961953697419,1.44220890855619));
#2845=CARTESIAN_POINT('Ctrl Pts',(90.9368048605076,12.2289120449754,1.40335127985549));
#2846=CARTESIAN_POINT('Ctrl Pts',(90.9353799041584,12.5469417562496,1.38374887608842));
#2847=CARTESIAN_POINT('Origin',(107.523856648352,12.5466127897298,2.38374887608841));
#2848=CARTESIAN_POINT('',(106.485845636564,12.5472923254567,-0.183105351707386));
#2849=CARTESIAN_POINT('',(106.488415056589,12.54650558585,-0.216251123911586));
#2850=CARTESIAN_POINT('',(106.486856648352,12.5466127897298,2.38374887608841));
#2851=CARTESIAN_POINT('',(107.790776152946,11.5445534211955,-0.499678237809487));
#2852=CARTESIAN_POINT('Ctrl Pts',(106.488415056589,12.54650558585,-0.216251123911586));
#2853=CARTESIAN_POINT('Ctrl Pts',(106.488625236563,12.7253497248041,-0.227189868320601));
#2854=CARTESIAN_POINT('Ctrl Pts',(106.616993447124,13.2458968164406,-0.259012852785522));
#2855=CARTESIAN_POINT('Ctrl Pts',(107.436865457201,13.7635606032919,-0.311720077306346));
#2856=CARTESIAN_POINT('Ctrl Pts',(108.489905354516,13.293071885503,-0.374372797474059));
#2857=CARTESIAN_POINT('Ctrl Pts',(108.678722172566,12.1546796972841,-0.437025517641773));
#2858=CARTESIAN_POINT('Ctrl Pts',(108.119500602155,11.6321160645739,-0.478793997753582));
#2859=CARTESIAN_POINT('Ctrl Pts',(107.790776152946,11.5445534211955,-0.499678237809487));
#2860=CARTESIAN_POINT('',(107.256117968452,11.5431363399454,-0.499678237809487));
#2861=CARTESIAN_POINT('Origin',(107.523856648352,12.5466127897298,-0.499678237809487));
#2862=CARTESIAN_POINT('Ctrl Pts',(106.485845636564,12.5472923254567,-0.183105351707386));
#2863=CARTESIAN_POINT('Ctrl Pts',(106.485507867658,12.5916782797438,-0.185837461917508));
#2864=CARTESIAN_POINT('Ctrl Pts',(106.50804774605,12.9750038485454,-0.209453812183535));
#2865=CARTESIAN_POINT('Ctrl Pts',(106.984424633407,13.6411061250364,-0.253954402505466));
#2866=CARTESIAN_POINT('Ctrl Pts',(108.136782824386,13.6018093312614,-0.31660712267318));
#2867=CARTESIAN_POINT('Ctrl Pts',(108.741824867677,12.620141663506,-0.379259842840894));
#2868=CARTESIAN_POINT('Ctrl Pts',(108.272075249424,11.6005348699786,-0.440283547886329));
#2869=CARTESIAN_POINT('Ctrl Pts',(107.55851115611,11.4642615950362,-0.480423012875861));
#2870=CARTESIAN_POINT('Ctrl Pts',(107.256117968452,11.5431363399454,-0.499678237809487));
#2871=CARTESIAN_POINT('Origin',(107.523856648352,12.5466127897298,2.38374887608841));
#2872=CARTESIAN_POINT('',(106.488403800552,12.5465323942471,0.216894648292614));
#2873=CARTESIAN_POINT('',(106.485546798822,12.5461032083247,0.183748876088415));
#2874=CARTESIAN_POINT('',(106.486856648352,12.5466127897298,2.38374887608841));
#2875=CARTESIAN_POINT('Ctrl Pts',(106.485546798822,12.5461032083247,0.183748876088415));
#2876=CARTESIAN_POINT('Ctrl Pts',(106.487432266426,12.8540048791424,0.164782238681493));
#2877=CARTESIAN_POINT('Ctrl Pts',(106.794109713874,13.5042072337293,0.124931361218666));
#2878=CARTESIAN_POINT('Ctrl Pts',(107.89276146775,13.7097393232195,0.0641962436999348));
#2879=CARTESIAN_POINT('Ctrl Pts',(108.696733380619,12.8832694815434,0.00154352353222152));
#2880=CARTESIAN_POINT('Ctrl Pts',(108.4534799321,11.7561970869583,-0.0611091966354922));
#2881=CARTESIAN_POINT('Ctrl Pts',(107.380252312895,11.3348864104622,-0.123761916803206));
#2882=CARTESIAN_POINT('Ctrl Pts',(106.600162472768,11.8800703411116,-0.175475892561904));
#2883=CARTESIAN_POINT('Ctrl Pts',(106.488223961163,12.3839006707947,-0.206305628264697));
#2884=CARTESIAN_POINT('Ctrl Pts',(106.488415056589,12.54650558585,-0.216251123911586));
#2885=CARTESIAN_POINT('Ctrl Pts',(106.488403800552,12.5465323942471,0.216894648292614));
#2886=CARTESIAN_POINT('Ctrl Pts',(106.488528794625,12.7224473820699,0.206134645084586));
#2887=CARTESIAN_POINT('Ctrl Pts',(106.613849780403,13.2399653114135,0.174490401820652));
#2888=CARTESIAN_POINT('Ctrl Pts',(107.426833048752,13.7629789446226,0.121961918500815));
#2889=CARTESIAN_POINT('Ctrl Pts',(108.483137202218,13.3007636268367,0.0593091983331011));
#2890=CARTESIAN_POINT('Ctrl Pts',(108.682945031725,12.1652003741651,-0.00334352183461234));
#2891=CARTESIAN_POINT('Ctrl Pts',(107.847860102973,11.3701879240983,-0.0659962420023259));
#2892=CARTESIAN_POINT('Ctrl Pts',(106.772515554391,11.6144012689254,-0.125916851959917));
#2893=CARTESIAN_POINT('Ctrl Pts',(106.488089771894,12.2523922139743,-0.164953221861604));
#2894=CARTESIAN_POINT('Ctrl Pts',(106.485845636564,12.5472923254567,-0.183105351707386));
#2895=CARTESIAN_POINT('Origin',(107.523856648352,12.5466127897298,2.38374887608841));
#2896=CARTESIAN_POINT('',(106.485606442252,12.546063513857,0.616894648292614));
#2897=CARTESIAN_POINT('',(106.487375504389,12.5474518124299,0.583748876088415));
#2898=CARTESIAN_POINT('',(106.486856648352,12.5466127897298,2.38374887608841));
#2899=CARTESIAN_POINT('Ctrl Pts',(106.487375504389,12.5474518124299,0.583748876088415));
#2900=CARTESIAN_POINT('Ctrl Pts',(106.486583182033,12.6470988265695,0.577638585739491));
#2901=CARTESIAN_POINT('Ctrl Pts',(106.545077651594,13.0864169607875,0.550644055334663));
#2902=CARTESIAN_POINT('Ctrl Pts',(107.164759215137,13.712807677151,0.50276528487393));
#2903=CARTESIAN_POINT('Ctrl Pts',(108.296276684343,13.4912442848485,0.440112564706216));
#2904=CARTESIAN_POINT('Ctrl Pts',(108.738137505295,12.4262648781847,0.377459844538502));
#2905=CARTESIAN_POINT('Ctrl Pts',(108.095825003425,11.4687381307037,0.314807124370789));
#2906=CARTESIAN_POINT('Ctrl Pts',(106.942829923291,11.4735943687224,0.252154404203075));
#2907=CARTESIAN_POINT('Ctrl Pts',(106.500601438174,12.1450003846493,0.208468321442284));
#2908=CARTESIAN_POINT('Ctrl Pts',(106.485356170531,12.5149731220095,0.185666478737397));
#2909=CARTESIAN_POINT('Ctrl Pts',(106.485546798822,12.5461032083247,0.183748876088415));
#2910=CARTESIAN_POINT('Ctrl Pts',(106.485606442252,12.546063513857,0.616894648292614));
#2911=CARTESIAN_POINT('Ctrl Pts',(106.48759012546,12.8511094717647,0.598106752086679));
#2912=CARTESIAN_POINT('Ctrl Pts',(106.78929698961,13.4986576160332,0.55843461582484));
#2913=CARTESIAN_POINT('Ctrl Pts',(107.882954035265,13.7128075268982,0.497878239507096));
#2914=CARTESIAN_POINT('Ctrl Pts',(108.693850602138,12.8931315654199,0.435225519339383));
#2915=CARTESIAN_POINT('Ctrl Pts',(108.460115702927,11.7640656147855,0.372572799171669));
#2916=CARTESIAN_POINT('Ctrl Pts',(107.390440075807,11.3336985273899,0.309920079003955));
#2917=CARTESIAN_POINT('Ctrl Pts',(106.603134250576,11.8742088822045,0.25802736204427));
#2918=CARTESIAN_POINT('Ctrl Pts',(106.488286191887,12.3810115326472,0.22701888514049));
#2919=CARTESIAN_POINT('Ctrl Pts',(106.488403800552,12.5465323942471,0.216894648292614));
#2920=CARTESIAN_POINT('Origin',(107.523856648352,12.5466127897298,2.38374887608841));
#2921=CARTESIAN_POINT('',(106.487298857601,12.5474645847384,1.01689464829261));
#2922=CARTESIAN_POINT('',(106.487635884966,12.54583893329,0.983748876088415));
#2923=CARTESIAN_POINT('',(106.486856648352,12.5466127897298,2.38374887608841));
#2924=CARTESIAN_POINT('Ctrl Pts',(106.487635884966,12.54583893329,0.983748876088415));
#2925=CARTESIAN_POINT('Ctrl Pts',(106.489293755112,12.7765524801884,0.969610692741585));
#2926=CARTESIAN_POINT('Ctrl Pts',(106.678312271798,13.3505322108414,0.93458826933885));
#2927=CARTESIAN_POINT('Ctrl Pts',(107.620880260482,13.762979102049,0.878681605880211));
#2928=CARTESIAN_POINT('Ctrl Pts',(108.590556454342,13.1391607655739,0.816028885712497));
#2929=CARTESIAN_POINT('Ctrl Pts',(108.607827782173,11.9862841358192,0.753376165544784));
#2930=CARTESIAN_POINT('Ctrl Pts',(107.657273238094,11.3336983710039,0.690723445377071));
#2931=CARTESIAN_POINT('Ctrl Pts',(106.691919033072,11.7220933826324,0.63418101555828));
#2932=CARTESIAN_POINT('Ctrl Pts',(106.489291244881,12.3065172755617,0.598522825795395));
#2933=CARTESIAN_POINT('Ctrl Pts',(106.487375504389,12.5474518124299,0.583748876088415));
#2934=CARTESIAN_POINT('Ctrl Pts',(106.487298857601,12.5474645847384,1.01689464829261));
#2935=CARTESIAN_POINT('Ctrl Pts',(106.486511977083,12.6441789825017,1.01096309914468));
#2936=CARTESIAN_POINT('Ctrl Pts',(106.542855883382,13.0805146145107,0.984147309940837));
#2937=CARTESIAN_POINT('Ctrl Pts',(107.154951878623,13.7097391689139,0.93644728068109));
#2938=CARTESIAN_POINT('Ctrl Pts',(108.288291446207,13.4977178055115,0.873794560513377));
#2939=CARTESIAN_POINT('Ctrl Pts',(108.739108485033,12.4364963078711,0.811141840345664));
#2940=CARTESIAN_POINT('Ctrl Pts',(108.104883298192,11.4735945075818,0.74848912017795));
#2941=CARTESIAN_POINT('Ctrl Pts',(106.951888367169,11.4687382693051,0.685836400010236));
#2942=CARTESIAN_POINT('Ctrl Pts',(106.50218847977,12.1391279461066,0.641971576048458));
#2943=CARTESIAN_POINT('Ctrl Pts',(106.485385103895,12.5120266418833,0.618990992142584));
#2944=CARTESIAN_POINT('Ctrl Pts',(106.485606442252,12.546063513857,0.616894648292614));
#2945=CARTESIAN_POINT('Origin',(107.523856648352,12.5466127897298,2.38374887608841));
#2946=CARTESIAN_POINT('',(106.487999498536,12.5457360482671,1.41689464829261));
#2947=CARTESIAN_POINT('',(106.485374619539,12.5469427851132,1.38374887608841));
#2948=CARTESIAN_POINT('',(106.486856648352,12.5466127897298,2.38374887608841));
#2949=CARTESIAN_POINT('',(107.256937143758,11.5445534211955,1.50032176219051));
#2950=CARTESIAN_POINT('Ctrl Pts',(107.256937143758,11.5445534211955,1.50032176219051));
#2951=CARTESIAN_POINT('Ctrl Pts',(106.928212694548,11.6321160645739,1.47943752213461));
#2952=CARTESIAN_POINT('Ctrl Pts',(106.555888425281,11.9800328458228,1.45162848416864));
#2953=CARTESIAN_POINT('Ctrl Pts',(106.487252733311,12.4327254608872,1.42381944620268));
#2954=CARTESIAN_POINT('Ctrl Pts',(106.487999498536,12.5457360482671,1.41689464829261));
#2955=CARTESIAN_POINT('',(107.791588406894,11.5431481822406,1.50032176219051));
#2956=CARTESIAN_POINT('Origin',(107.523856648352,12.5466127897298,1.50032176219051));
#2957=CARTESIAN_POINT('Ctrl Pts',(107.791595330982,11.5431362032304,1.50032176219051));
#2958=CARTESIAN_POINT('Ctrl Pts',(107.489202208188,11.4642615311326,1.48106653725689));
#2959=CARTESIAN_POINT('Ctrl Pts',(106.798425201988,11.5961827455271,1.44220890855619));
#2960=CARTESIAN_POINT('Ctrl Pts',(106.486798732765,12.2289101400711,1.40335127985549));
#2961=CARTESIAN_POINT('Ctrl Pts',(106.485374619539,12.5469427851132,1.38374887608841));
#2962=CARTESIAN_POINT('Origin',(112.797186720582,16.6017201949908,-2.49967823780949));
#2963=CARTESIAN_POINT('',(114.525443100461,15.330886556746,1.50032176219051));
#2964=CARTESIAN_POINT('',(114.525443100461,15.330886556746,12.5003217621905));
#2965=CARTESIAN_POINT('',(114.525443100461,15.330886556746,12.5003217621905));
#2966=CARTESIAN_POINT('',(112.797186720582,16.6017201949908,-1.49732076798535));
#2967=CARTESIAN_POINT('Ctrl Pts',(112.797186720582,16.6017201949908,-1.49732076798535));
#2968=CARTESIAN_POINT('Ctrl Pts',(112.859978205655,16.5555479184963,-1.45716541354233));
#2969=CARTESIAN_POINT('Ctrl Pts',(112.922347170028,16.5096863328945,-1.41504689518944));
#2970=CARTESIAN_POINT('Ctrl Pts',(113.224375794969,16.2875965198568,-1.19905419347636));
#2971=CARTESIAN_POINT('Ctrl Pts',(113.450344073211,16.1214359359822,-0.997075009602762));
#2972=CARTESIAN_POINT('Ctrl Pts',(113.772331106645,15.8846701656192,-0.635443803947147));
#2973=CARTESIAN_POINT('Ctrl Pts',(113.907851980828,15.7850180031269,-0.457425719342813));
#2974=CARTESIAN_POINT('Ctrl Pts',(114.144173831569,15.6112441574926,-0.0697115833452915));
#2975=CARTESIAN_POINT('Ctrl Pts',(114.244717011854,15.5373120389193,0.140226460818373));
#2976=CARTESIAN_POINT('Ctrl Pts',(114.444697752641,15.3902607938884,0.685133595179769));
#2977=CARTESIAN_POINT('Ctrl Pts',(114.525443100461,15.330886556746,1.12465324924013));
#2978=CARTESIAN_POINT('Ctrl Pts',(114.525443100461,15.330886556746,1.50032176219052));
#2979=CARTESIAN_POINT('',(112.797186720582,16.6017201949908,12.5003217621905));
#2980=CARTESIAN_POINT('',(112.797186720582,16.6017201949908,-2.49967823780949));
#2981=CARTESIAN_POINT('',(109.557791164811,18.9837353217877,12.5003217621905));
#2982=CARTESIAN_POINT('Origin',(113.469795975503,18.7128513116028,-2.49967823780949));
#2983=CARTESIAN_POINT('',(113.448398231864,18.6456898176276,1.50032176219051));
#2984=CARTESIAN_POINT('Ctrl Pts',(113.448398231864,18.6456898176276,1.50032176219051));
#2985=CARTESIAN_POINT('Ctrl Pts',(113.448398231864,18.6456898176276,1.12465324924012));
#2986=CARTESIAN_POINT('Ctrl Pts',(113.417973174219,18.5501941261114,0.685133595179769));
#2987=CARTESIAN_POINT('Ctrl Pts',(113.342619909535,18.3136814396599,0.140226460818378));
#2988=CARTESIAN_POINT('Ctrl Pts',(113.304734976984,18.194771300714,-0.0697115833452918));
#2989=CARTESIAN_POINT('Ctrl Pts',(113.21568828729,17.915278807758,-0.4574257193428));
#2990=CARTESIAN_POINT('Ctrl Pts',(113.164623668456,17.755001343553,-0.635443803947136));
#2991=CARTESIAN_POINT('Ctrl Pts',(113.043298114506,17.374194581961,-0.99707500960275));
#2992=CARTESIAN_POINT('Ctrl Pts',(112.958152677933,17.1069470243749,-1.19905419347633));
#2993=CARTESIAN_POINT('Ctrl Pts',(112.844347504355,16.749744619839,-1.41504689518943));
#2994=CARTESIAN_POINT('Ctrl Pts',(112.82084671592,16.675982260239,-1.45716541354231));
#2995=CARTESIAN_POINT('Ctrl Pts',(112.797186720582,16.6017201949908,-1.49732076798535));
#2996=CARTESIAN_POINT('',(113.448398231864,18.6456898176276,12.5003217621905));
#2997=CARTESIAN_POINT('',(113.448398231864,18.6456898176276,12.5003217621905));
#2998=CARTESIAN_POINT('',(111.91287865419,13.8261261008359,12.5003217621905));
#2999=CARTESIAN_POINT('Origin',(107.787513536063,1.18353150836734,-2.49967823780949));
#3000=CARTESIAN_POINT('',(107.112939515303,-0.852847174786298,1.50032176219051));
#3001=CARTESIAN_POINT('',(107.112939515303,-0.852847174786298,12.5003217621905));
#3002=CARTESIAN_POINT('',(107.112939515303,-0.852847174786298,12.5003217621905));
#3003=CARTESIAN_POINT('',(107.787513536063,1.18353150836734,-1.49732076798535));
#3004=CARTESIAN_POINT('Ctrl Pts',(107.787513536063,1.18353150836734,-1.49732076798535));
#3005=CARTESIAN_POINT('Ctrl Pts',(107.76300472762,1.10954523921561,-1.45716541354232));
#3006=CARTESIAN_POINT('Ctrl Pts',(107.738660837699,1.0360568198943,-1.41504689518946));
#3007=CARTESIAN_POINT('Ctrl Pts',(107.620772851701,0.680181001529663,-1.19905419347638));
#3008=CARTESIAN_POINT('Ctrl Pts',(107.532572783822,0.413925953819562,-0.997075009602774));
#3009=CARTESIAN_POINT('Ctrl Pts',(107.406894620382,0.0345334407809897,-0.635443803947157));
#3010=CARTESIAN_POINT('Ctrl Pts',(107.353998035096,-0.125148781441048,-0.457425719342812));
#3011=CARTESIAN_POINT('Ctrl Pts',(107.261756754865,-0.403603289009934,-0.0697115833452997));
#3012=CARTESIAN_POINT('Ctrl Pts',(107.222512683109,-0.522071816858198,0.140226460818365));
#3013=CARTESIAN_POINT('Ctrl Pts',(107.144456085744,-0.757706137276261,0.685133595179762));
#3014=CARTESIAN_POINT('Ctrl Pts',(107.112939515303,-0.8528471747863,1.12465324924012));
#3015=CARTESIAN_POINT('Ctrl Pts',(107.112939515303,-0.8528471747863,1.50032176219051));
#3016=CARTESIAN_POINT('',(107.787513536063,1.18353150836734,12.5003217621905));
#3017=CARTESIAN_POINT('',(107.787513536063,1.18353150836734,-2.49967823780949));
#3018=CARTESIAN_POINT('',(109.051916266081,5.00046291557954,12.5003217621905));
#3019=CARTESIAN_POINT('Origin',(110.003166231615,1.19621748594136,-2.49967823780949));
#3020=CARTESIAN_POINT('',(109.9326795887,1.1958139064575,1.50032176219051));
#3021=CARTESIAN_POINT('Ctrl Pts',(109.9326795887,1.1958139064575,1.50032176219051));
#3022=CARTESIAN_POINT('Ctrl Pts',(109.9326795887,1.1958139064575,1.12465324924012));
#3023=CARTESIAN_POINT('Ctrl Pts',(109.832455929138,1.19524006422124,0.685133595179764));
#3024=CARTESIAN_POINT('Ctrl Pts',(109.584233558133,1.19381883812463,0.140226460818368));
#3025=CARTESIAN_POINT('Ctrl Pts',(109.459436207646,1.19310429635879,-0.0697115833453011));
#3026=CARTESIAN_POINT('Ctrl Pts',(109.166106110556,1.19142480072261,-0.457425719342817));
#3027=CARTESIAN_POINT('Ctrl Pts',(108.997893348777,1.19046167896266,-0.63544380394715));
#3028=CARTESIAN_POINT('Ctrl Pts',(108.598232938694,1.18817337673473,-0.997075009602765));
#3029=CARTESIAN_POINT('Ctrl Pts',(108.317754020693,1.18656746202125,-1.19905419347636));
#3030=CARTESIAN_POINT('Ctrl Pts',(107.94286661354,1.18442100050701,-1.41504689518945));
#3031=CARTESIAN_POINT('Ctrl Pts',(107.865452297777,1.18397775582536,-1.45716541354233));
#3032=CARTESIAN_POINT('Ctrl Pts',(107.787513536063,1.18353150836734,-1.49732076798535));
#3033=CARTESIAN_POINT('',(109.9326795887,1.1958139064575,12.5003217621905));
#3034=CARTESIAN_POINT('',(109.9326795887,1.1958139064575,12.5003217621905));
#3035=CARTESIAN_POINT('',(104.874500465448,1.16685271274163,12.5003217621905));
#3036=CARTESIAN_POINT('Origin',(84.5991800464987,10.5402803361371,-2.49967823780949));
#3037=CARTESIAN_POINT('',(84.6402845530267,10.5975424462005,12.5003217621905));
#3038=CARTESIAN_POINT('',(84.6402845530267,10.5975424462005,1.50032176219051));
#3039=CARTESIAN_POINT('',(84.6402845530267,10.5975424462005,12.5003217621905));
#3040=CARTESIAN_POINT('',(85.8912448536984,12.3402376509999,12.5003217621905));
#3041=CARTESIAN_POINT('',(87.5899775472339,14.7067182800582,12.5003217621905));
#3042=CARTESIAN_POINT('',(85.8912448536984,12.3402376509999,-1.49732076798536));
#3043=CARTESIAN_POINT('',(85.8912448536984,12.3402376509999,-2.49967823780949));
#3044=CARTESIAN_POINT('Ctrl Pts',(84.6402845530267,10.5975424462005,1.50032176219051));
#3045=CARTESIAN_POINT('Ctrl Pts',(84.6402845530267,10.5975424462005,1.12465324924012));
#3046=CARTESIAN_POINT('Ctrl Pts',(84.6987302939267,10.678962386028,0.68513359517976));
#3047=CARTESIAN_POINT('Ctrl Pts',(84.8434819468276,10.8806138782951,0.140226460818363));
#3048=CARTESIAN_POINT('Ctrl Pts',(84.9162579125374,10.9819970528042,-0.0697115833453067));
#3049=CARTESIAN_POINT('Ctrl Pts',(85.0873142771484,11.2202932690774,-0.45742571934282));
#3050=CARTESIAN_POINT('Ctrl Pts',(85.1854080758978,11.3569463607937,-0.635443803947154));
#3051=CARTESIAN_POINT('Ctrl Pts',(85.4184712954795,11.6816234548326,-0.997075009602771));
#3052=CARTESIAN_POINT('Ctrl Pts',(85.5820334547646,11.9094795990442,-1.19905419347636));
#3053=CARTESIAN_POINT('Ctrl Pts',(85.8006502201168,12.2140315408312,-1.41504689518945));
#3054=CARTESIAN_POINT('Ctrl Pts',(85.8457946207583,12.2769215705782,-1.45716541354233));
#3055=CARTESIAN_POINT('Ctrl Pts',(85.8912448536984,12.3402376509999,-1.49732076798536));
#3056=CARTESIAN_POINT('Origin',(85.8912448536984,12.3402376509999,-2.49967823780949));
#3057=CARTESIAN_POINT('',(84.6402845530268,14.0829328557993,1.50032176219051));
#3058=CARTESIAN_POINT('Ctrl Pts',(85.8912448536984,12.3402376509999,-1.49732076798536));
#3059=CARTESIAN_POINT('Ctrl Pts',(85.8457946207583,12.4035537314217,-1.45716541354233));
#3060=CARTESIAN_POINT('Ctrl Pts',(85.8006502201168,12.4664437611686,-1.41504689518946));
#3061=CARTESIAN_POINT('Ctrl Pts',(85.5820334547646,12.7709957029556,-1.19905419347637));
#3062=CARTESIAN_POINT('Ctrl Pts',(85.4184712954795,12.9988518471672,-0.99707500960277));
#3063=CARTESIAN_POINT('Ctrl Pts',(85.1854080758978,13.3235289412061,-0.635443803947155));
#3064=CARTESIAN_POINT('Ctrl Pts',(85.0873142771484,13.4601820329224,-0.457425719342825));
#3065=CARTESIAN_POINT('Ctrl Pts',(84.9162579125374,13.6984782491957,-0.0697115833453122));
#3066=CARTESIAN_POINT('Ctrl Pts',(84.8434819468276,13.7998614237048,0.140226460818362));
#3067=CARTESIAN_POINT('Ctrl Pts',(84.6987302939267,14.0015129159718,0.68513359517976));
#3068=CARTESIAN_POINT('Ctrl Pts',(84.6402845530267,14.0829328557993,1.12465324924012));
#3069=CARTESIAN_POINT('Ctrl Pts',(84.6402845530267,14.0829328557993,1.50032176219051));
#3070=CARTESIAN_POINT('',(84.6402845530267,14.0829328557993,12.5003217621905));
#3071=CARTESIAN_POINT('',(88.2360099508338,9.07377836451021,12.5003217621905));
#3072=CARTESIAN_POINT('',(84.6402845530268,14.0829328557993,12.5003217621905));
#3073=CARTESIAN_POINT('Origin',(91.5758705659005,23.4969437936325,-2.49967823780949));
#3074=CARTESIAN_POINT('',(92.2504445866608,25.5333224767862,1.50032176219051));
#3075=CARTESIAN_POINT('',(92.2504445866608,25.5333224767862,12.5003217621905));
#3076=CARTESIAN_POINT('',(92.2504445866608,25.5333224767862,12.5003217621905));
#3077=CARTESIAN_POINT('',(91.5758705659005,23.4969437936325,-1.49732076798537));
#3078=CARTESIAN_POINT('Ctrl Pts',(91.5758705659005,23.4969437936325,-1.49732076798537));
#3079=CARTESIAN_POINT('Ctrl Pts',(91.6003793743435,23.5709300627842,-1.45716541354234));
#3080=CARTESIAN_POINT('Ctrl Pts',(91.6247232642648,23.6444184821056,-1.41504689518947));
#3081=CARTESIAN_POINT('Ctrl Pts',(91.7426112502625,24.0002943004702,-1.19905419347638));
#3082=CARTESIAN_POINT('Ctrl Pts',(91.8308113181415,24.2665493481803,-0.997075009602778));
#3083=CARTESIAN_POINT('Ctrl Pts',(91.9564894815814,24.6459418612189,-0.635443803947162));
#3084=CARTESIAN_POINT('Ctrl Pts',(92.0093860668675,24.8056240834409,-0.457425719342823));
#3085=CARTESIAN_POINT('Ctrl Pts',(92.1016273470987,25.0840785910098,-0.069711583345308));
#3086=CARTESIAN_POINT('Ctrl Pts',(92.1408714188547,25.2025471188581,0.140226460818362));
#3087=CARTESIAN_POINT('Ctrl Pts',(92.2189280162196,25.4381814392761,0.68513359517976));
#3088=CARTESIAN_POINT('Ctrl Pts',(92.2504445866608,25.5333224767862,1.12465324924012));
#3089=CARTESIAN_POINT('Ctrl Pts',(92.2504445866608,25.5333224767862,1.50032176219051));
#3090=CARTESIAN_POINT('',(91.5758705659005,23.4969437936325,12.5003217621905));
#3091=CARTESIAN_POINT('',(91.5758705659005,23.4969437936325,-2.49967823780949));
#3092=CARTESIAN_POINT('',(90.3114678358828,19.6800123864203,12.5003217621905));
#3093=CARTESIAN_POINT('Origin',(89.3602178703489,23.4842578160585,-2.49967823780949));
#3094=CARTESIAN_POINT('',(89.4307045132639,23.4846613955423,1.50032176219051));
#3095=CARTESIAN_POINT('Ctrl Pts',(89.4307045132639,23.4846613955423,1.50032176219051));
#3096=CARTESIAN_POINT('Ctrl Pts',(89.4307045132639,23.4846613955423,1.12465324924012));
#3097=CARTESIAN_POINT('Ctrl Pts',(89.5309281728256,23.4852352377786,0.685133595179761));
#3098=CARTESIAN_POINT('Ctrl Pts',(89.7791505438309,23.4866564638752,0.140226460818364));
#3099=CARTESIAN_POINT('Ctrl Pts',(89.903947894318,23.4873710056411,-0.0697115833453021));
#3100=CARTESIAN_POINT('Ctrl Pts',(90.1972779914074,23.4890505012772,-0.457425719342809));
#3101=CARTESIAN_POINT('Ctrl Pts',(90.365490753186,23.4900136230372,-0.635443803947152));
#3102=CARTESIAN_POINT('Ctrl Pts',(90.7651511632697,23.4923019252651,-0.997075009602767));
#3103=CARTESIAN_POINT('Ctrl Pts',(91.0456300812705,23.4939078399786,-1.19905419347637));
#3104=CARTESIAN_POINT('Ctrl Pts',(91.4205174884239,23.4960543014928,-1.41504689518946));
#3105=CARTESIAN_POINT('Ctrl Pts',(91.4979318041866,23.4964975461745,-1.45716541354234));
#3106=CARTESIAN_POINT('Ctrl Pts',(91.5758705659005,23.4969437936325,-1.49732076798537));
#3107=CARTESIAN_POINT('',(89.4307045132639,23.4846613955423,12.5003217621905));
#3108=CARTESIAN_POINT('',(89.4307045132639,23.4846613955423,12.5003217621905));
#3109=CARTESIAN_POINT('',(94.488883636515,23.5136225892582,12.5003217621905));
#3110=CARTESIAN_POINT('Origin',(86.5661973813812,8.078755107009,-2.49967823780949));
#3111=CARTESIAN_POINT('',(84.8379410015021,9.34958874525387,1.50032176219051));
#3112=CARTESIAN_POINT('',(84.8379410015021,9.34958874525386,12.5003217621905));
#3113=CARTESIAN_POINT('',(84.8379410015021,9.34958874525387,12.5003217621905));
#3114=CARTESIAN_POINT('',(86.5661973813812,8.078755107009,-1.49732076798534));
#3115=CARTESIAN_POINT('Ctrl Pts',(86.5661973813812,8.078755107009,-1.49732076798534));
#3116=CARTESIAN_POINT('Ctrl Pts',(86.5034058963088,8.1249273835036,-1.45716541354231));
#3117=CARTESIAN_POINT('Ctrl Pts',(86.4410369319359,8.17078896910532,-1.41504689518945));
#3118=CARTESIAN_POINT('Ctrl Pts',(86.1390083069943,8.3928787821431,-1.19905419347636));
#3119=CARTESIAN_POINT('Ctrl Pts',(85.9130400287527,8.55903936601764,-0.99707500960276));
#3120=CARTESIAN_POINT('Ctrl Pts',(85.5910529953186,8.79580513638064,-0.635443803947144));
#3121=CARTESIAN_POINT('Ctrl Pts',(85.4555321211356,8.89545729887292,-0.457425719342808));
#3122=CARTESIAN_POINT('Ctrl Pts',(85.2192102703948,9.06923114450729,-0.0697115833452869));
#3123=CARTESIAN_POINT('Ctrl Pts',(85.1186670901099,9.14316326308053,0.140226460818373));
#3124=CARTESIAN_POINT('Ctrl Pts',(84.9186863493224,9.29021450811148,0.685133595179767));
#3125=CARTESIAN_POINT('Ctrl Pts',(84.8379410015021,9.34958874525387,1.12465324924012));
#3126=CARTESIAN_POINT('Ctrl Pts',(84.8379410015021,9.34958874525387,1.50032176219051));
#3127=CARTESIAN_POINT('',(86.5661973813812,8.078755107009,12.5003217621905));
#3128=CARTESIAN_POINT('',(86.5661973813812,8.078755107009,-2.49967823780949));
#3129=CARTESIAN_POINT('',(89.8055929371524,5.69673998021219,12.5003217621905));
#3130=CARTESIAN_POINT('Origin',(85.8935881264604,5.96762399039708,-2.49967823780949));
#3131=CARTESIAN_POINT('',(85.9149858700996,6.03478548437228,1.50032176219051));
#3132=CARTESIAN_POINT('Ctrl Pts',(85.9149858700996,6.03478548437228,1.50032176219051));
#3133=CARTESIAN_POINT('Ctrl Pts',(85.9149858700996,6.03478548437228,1.12465324924013));
#3134=CARTESIAN_POINT('Ctrl Pts',(85.9454109277445,6.1302811758885,0.685133595179771));
#3135=CARTESIAN_POINT('Ctrl Pts',(86.0207641924289,6.36679386233996,0.14022646081838));
#3136=CARTESIAN_POINT('Ctrl Pts',(86.0586491249798,6.4857040012859,-0.0697115833452813));
#3137=CARTESIAN_POINT('Ctrl Pts',(86.1476958146732,6.7651964942419,-0.457425719342791));
#3138=CARTESIAN_POINT('Ctrl Pts',(86.1987604335077,6.92547395844689,-0.635443803947135));
#3139=CARTESIAN_POINT('Ctrl Pts',(86.3200859874573,7.30628072003885,-0.997075009602749));
#3140=CARTESIAN_POINT('Ctrl Pts',(86.4052314240306,7.57352827762491,-1.19905419347633));
#3141=CARTESIAN_POINT('Ctrl Pts',(86.5190365976081,7.9307306821609,-1.41504689518943));
#3142=CARTESIAN_POINT('Ctrl Pts',(86.5425373860438,8.00449304176081,-1.45716541354231));
#3143=CARTESIAN_POINT('Ctrl Pts',(86.5661973813812,8.078755107009,-1.49732076798534));
#3144=CARTESIAN_POINT('',(85.9149858700996,6.03478548437228,12.5003217621905));
#3145=CARTESIAN_POINT('',(85.9149858700996,6.03478548437228,12.5003217621905));
#3146=CARTESIAN_POINT('',(87.4505054477736,10.8543492011639,12.5003217621905));
#3147=CARTESIAN_POINT('Origin',(110.838398193614,4.23441616591871,-2.49967823780949));
#3148=CARTESIAN_POINT('',(110.826115795524,2.08925011328213,1.50032176219051));
#3149=CARTESIAN_POINT('',(110.826115795524,2.08925011328213,12.5003217621905));
#3150=CARTESIAN_POINT('',(110.826115795524,2.08925011328213,12.5003217621905));
#3151=CARTESIAN_POINT('',(110.838398193614,4.23441616591871,-1.49732076798535));
#3152=CARTESIAN_POINT('Ctrl Pts',(110.838398193614,4.23441616591871,-1.49732076798535));
#3153=CARTESIAN_POINT('Ctrl Pts',(110.837951946156,4.15647740420484,-1.45716541354232));
#3154=CARTESIAN_POINT('Ctrl Pts',(110.837508701475,4.07906308844217,-1.41504689518945));
#3155=CARTESIAN_POINT('Ctrl Pts',(110.83536223996,3.70417568128869,-1.19905419347636));
#3156=CARTESIAN_POINT('Ctrl Pts',(110.833756325247,3.42369676328789,-0.997075009602761));
#3157=CARTESIAN_POINT('Ctrl Pts',(110.831468023019,3.02403635320423,-0.635443803947146));
#3158=CARTESIAN_POINT('Ctrl Pts',(110.830504901259,2.85582359142564,-0.457425719342811));
#3159=CARTESIAN_POINT('Ctrl Pts',(110.828825405623,2.56249349433616,-0.0697115833452976));
#3160=CARTESIAN_POINT('Ctrl Pts',(110.828110863857,2.43769614384909,0.140226460818372));
#3161=CARTESIAN_POINT('Ctrl Pts',(110.82668963776,2.18947377284386,0.685133595179767));
#3162=CARTESIAN_POINT('Ctrl Pts',(110.826115795524,2.08925011328212,1.12465324924013));
#3163=CARTESIAN_POINT('Ctrl Pts',(110.826115795524,2.08925011328212,1.50032176219051));
#3164=CARTESIAN_POINT('',(110.838398193614,4.23441616591871,12.5003217621905));
#3165=CARTESIAN_POINT('',(110.838398193614,4.23441616591871,-2.49967823780949));
#3166=CARTESIAN_POINT('',(110.861419978027,8.25525558430904,12.5003217621905));
#3167=CARTESIAN_POINT('Origin',(112.941688944905,4.93115558411416,-2.49967823780949));
#3168=CARTESIAN_POINT('',(112.874776876768,4.90899018667901,1.50032176219051));
#3169=CARTESIAN_POINT('Ctrl Pts',(112.874776876768,4.90899018667901,1.50032176219051));
#3170=CARTESIAN_POINT('Ctrl Pts',(112.874776876768,4.90899018667901,1.12465324924012));
#3171=CARTESIAN_POINT('Ctrl Pts',(112.779635839258,4.87747361623786,0.685133595179755));
#3172=CARTESIAN_POINT('Ctrl Pts',(112.54400151884,4.79941701887289,0.140226460818357));
#3173=CARTESIAN_POINT('Ctrl Pts',(112.425532990992,4.76017294711686,-0.0697115833453087));
#3174=CARTESIAN_POINT('Ctrl Pts',(112.147078483423,4.66793166688568,-0.457425719342814));
#3175=CARTESIAN_POINT('Ctrl Pts',(111.987396261201,4.61503508159956,-0.635443803947159));
#3176=CARTESIAN_POINT('Ctrl Pts',(111.608003748162,4.48935691815972,-0.997075009602775));
#3177=CARTESIAN_POINT('Ctrl Pts',(111.341748700452,4.40115685028071,-1.19905419347637));
#3178=CARTESIAN_POINT('Ctrl Pts',(110.985872882087,4.28326886428303,-1.41504689518946));
#3179=CARTESIAN_POINT('Ctrl Pts',(110.912384462766,4.25892497436168,-1.45716541354232));
#3180=CARTESIAN_POINT('Ctrl Pts',(110.838398193614,4.23441616591871,-1.49732076798535));
#3181=CARTESIAN_POINT('',(112.874776876768,4.90899018667901,12.5003217621905));
#3182=CARTESIAN_POINT('',(112.874776876768,4.90899018667901,12.5003217621905));
#3183=CARTESIAN_POINT('',(108.073112162047,3.31838314499869,12.5003217621905));
#3184=CARTESIAN_POINT('Origin',(110.838398193614,20.4460591360811,-2.49967823780949));
#3185=CARTESIAN_POINT('',(112.874776876768,19.7714851153208,1.50032176219051));
#3186=CARTESIAN_POINT('',(112.874776876768,19.7714851153208,12.5003217621905));
#3187=CARTESIAN_POINT('',(112.874776876768,19.7714851153208,12.5003217621905));
#3188=CARTESIAN_POINT('',(110.838398193614,20.4460591360811,-1.49732076798537));
#3189=CARTESIAN_POINT('Ctrl Pts',(110.838398193614,20.4460591360811,-1.49732076798537));
#3190=CARTESIAN_POINT('Ctrl Pts',(110.912384462766,20.4215503276382,-1.45716541354234));
#3191=CARTESIAN_POINT('Ctrl Pts',(110.985872882087,20.3972064377168,-1.41504689518947));
#3192=CARTESIAN_POINT('Ctrl Pts',(111.341748700452,20.2793184517191,-1.19905419347638));
#3193=CARTESIAN_POINT('Ctrl Pts',(111.608003748162,20.1911183838401,-0.997075009602775));
#3194=CARTESIAN_POINT('Ctrl Pts',(111.987396261201,20.0654402204003,-0.635443803947162));
#3195=CARTESIAN_POINT('Ctrl Pts',(112.147078483423,20.0125436351142,-0.457425719342831));
#3196=CARTESIAN_POINT('Ctrl Pts',(112.425532990992,19.920302354883,-0.069711583345317));
#3197=CARTESIAN_POINT('Ctrl Pts',(112.54400151884,19.8810582831269,0.140226460818363));
#3198=CARTESIAN_POINT('Ctrl Pts',(112.779635839258,19.803001685762,0.685133595179761));
#3199=CARTESIAN_POINT('Ctrl Pts',(112.874776876768,19.7714851153208,1.12465324924012));
#3200=CARTESIAN_POINT('Ctrl Pts',(112.874776876768,19.7714851153208,1.50032176219051));
#3201=CARTESIAN_POINT('',(110.838398193614,20.4460591360811,12.5003217621905));
#3202=CARTESIAN_POINT('',(110.838398193614,20.4460591360811,-2.49967823780949));
#3203=CARTESIAN_POINT('',(107.021466786402,21.7104618660989,12.5003217621905));
#3204=CARTESIAN_POINT('Origin',(110.82571221604,22.6617118316328,-2.49967823780949));
#3205=CARTESIAN_POINT('',(110.826115795524,22.5912251887177,1.50032176219051));
#3206=CARTESIAN_POINT('Ctrl Pts',(110.826115795524,22.5912251887178,1.50032176219051));
#3207=CARTESIAN_POINT('Ctrl Pts',(110.826115795524,22.5912251887178,1.12465324924012));
#3208=CARTESIAN_POINT('Ctrl Pts',(110.82668963776,22.491001529156,0.685133595179761));
#3209=CARTESIAN_POINT('Ctrl Pts',(110.828110863857,22.2427791581508,0.140226460818366));
#3210=CARTESIAN_POINT('Ctrl Pts',(110.828825405623,22.1179818076637,-0.0697115833452928));
#3211=CARTESIAN_POINT('Ctrl Pts',(110.830504901259,21.8246517105742,-0.457425719342805));
#3212=CARTESIAN_POINT('Ctrl Pts',(110.831468023019,21.6564389487956,-0.635443803947151));
#3213=CARTESIAN_POINT('Ctrl Pts',(110.833756325247,21.256778538712,-0.997075009602766));
#3214=CARTESIAN_POINT('Ctrl Pts',(110.83536223996,20.9762996207112,-1.19905419347637));
#3215=CARTESIAN_POINT('Ctrl Pts',(110.837508701475,20.6014122135577,-1.41504689518946));
#3216=CARTESIAN_POINT('Ctrl Pts',(110.837951946156,20.523997897795,-1.45716541354233));
#3217=CARTESIAN_POINT('Ctrl Pts',(110.838398193614,20.4460591360811,-1.49732076798537));
#3218=CARTESIAN_POINT('',(110.826115795524,22.5912251887177,12.5003217621905));
#3219=CARTESIAN_POINT('',(110.826115795524,22.5912251887177,12.5003217621905));
#3220=CARTESIAN_POINT('',(110.85507698924,17.5330460654666,12.5003217621905));
#3221=CARTESIAN_POINT('Origin',(113.472139248265,12.3402376509999,-2.49967823780949));
#3222=CARTESIAN_POINT('',(114.723099548937,10.5975424462005,1.50032176219051));
#3223=CARTESIAN_POINT('',(114.723099548937,10.5975424462005,12.5003217621905));
#3224=CARTESIAN_POINT('',(114.723099548937,10.5975424462005,12.5003217621905));
#3225=CARTESIAN_POINT('',(113.472139248265,12.3402376509999,-1.49732076798536));
#3226=CARTESIAN_POINT('Ctrl Pts',(113.472139248265,12.3402376509999,-1.49732076798536));
#3227=CARTESIAN_POINT('Ctrl Pts',(113.517589481205,12.2769215705782,-1.45716541354233));
#3228=CARTESIAN_POINT('Ctrl Pts',(113.562733881847,12.2140315408312,-1.41504689518945));
#3229=CARTESIAN_POINT('Ctrl Pts',(113.781350647199,11.9094795990442,-1.19905419347636));
#3230=CARTESIAN_POINT('Ctrl Pts',(113.944912806484,11.6816234548326,-0.997075009602769));
#3231=CARTESIAN_POINT('Ctrl Pts',(114.177976026066,11.3569463607937,-0.635443803947153));
#3232=CARTESIAN_POINT('Ctrl Pts',(114.276069824815,11.2202932690774,-0.457425719342818));
#3233=CARTESIAN_POINT('Ctrl Pts',(114.447126189426,10.9819970528042,-0.0697115833453039));
#3234=CARTESIAN_POINT('Ctrl Pts',(114.519902155136,10.8806138782951,0.140226460818365));
#3235=CARTESIAN_POINT('Ctrl Pts',(114.664653808037,10.678962386028,0.68513359517976));
#3236=CARTESIAN_POINT('Ctrl Pts',(114.723099548937,10.5975424462005,1.12465324924012));
#3237=CARTESIAN_POINT('Ctrl Pts',(114.723099548937,10.5975424462005,1.50032176219051));
#3238=CARTESIAN_POINT('',(113.472139248265,12.3402376509999,12.5003217621905));
#3239=CARTESIAN_POINT('',(113.472139248265,12.3402376509999,-2.49967823780949));
#3240=CARTESIAN_POINT('',(111.12737415113,15.6066969374896,12.5003217621905));
#3241=CARTESIAN_POINT('Origin',(114.764204055465,14.1401949658628,-2.49967823780949));
#3242=CARTESIAN_POINT('',(114.723099548937,14.0829328557993,1.50032176219051));
#3243=CARTESIAN_POINT('Ctrl Pts',(114.723099548937,14.0829328557993,1.50032176219051));
#3244=CARTESIAN_POINT('Ctrl Pts',(114.723099548937,14.0829328557993,1.12465324924012));
#3245=CARTESIAN_POINT('Ctrl Pts',(114.664653808037,14.0015129159718,0.68513359517976));
#3246=CARTESIAN_POINT('Ctrl Pts',(114.519902155136,13.7998614237048,0.140226460818364));
#3247=CARTESIAN_POINT('Ctrl Pts',(114.447126189426,13.6984782491957,-0.0697115833453061));
#3248=CARTESIAN_POINT('Ctrl Pts',(114.276069824815,13.4601820329224,-0.457425719342819));
#3249=CARTESIAN_POINT('Ctrl Pts',(114.177976026066,13.3235289412061,-0.635443803947154));
#3250=CARTESIAN_POINT('Ctrl Pts',(113.944912806484,12.9988518471672,-0.99707500960277));
#3251=CARTESIAN_POINT('Ctrl Pts',(113.781350647199,12.7709957029557,-1.19905419347635));
#3252=CARTESIAN_POINT('Ctrl Pts',(113.562733881847,12.4664437611686,-1.41504689518944));
#3253=CARTESIAN_POINT('Ctrl Pts',(113.517589481205,12.4035537314217,-1.45716541354233));
#3254=CARTESIAN_POINT('Ctrl Pts',(113.472139248265,12.3402376509999,-1.49732076798536));
#3255=CARTESIAN_POINT('',(114.723099548937,14.0829328557993,12.5003217621905));
#3256=CARTESIAN_POINT('',(114.723099548937,14.0829328557993,12.5003217621905));
#3257=CARTESIAN_POINT('',(111.77340655473,9.97375702194163,12.5003217621905));
#3258=CARTESIAN_POINT('Origin',(91.5758705659005,1.18353150836734,-2.49967823780949));
#3259=CARTESIAN_POINT('',(89.4307045132639,1.1958139064575,1.50032176219051));
#3260=CARTESIAN_POINT('',(89.4307045132639,1.1958139064575,12.5003217621905));
#3261=CARTESIAN_POINT('',(89.4307045132639,1.1958139064575,12.5003217621905));
#3262=CARTESIAN_POINT('',(91.5758705659005,1.18353150836734,-1.49732076798536));
#3263=CARTESIAN_POINT('Ctrl Pts',(91.5758705659005,1.18353150836734,-1.49732076798536));
#3264=CARTESIAN_POINT('Ctrl Pts',(91.4979318041866,1.18397775582536,-1.45716541354234));
#3265=CARTESIAN_POINT('Ctrl Pts',(91.4205174884239,1.18442100050701,-1.41504689518945));
#3266=CARTESIAN_POINT('Ctrl Pts',(91.0456300812705,1.18656746202125,-1.19905419347636));
#3267=CARTESIAN_POINT('Ctrl Pts',(90.7651511632697,1.18817337673473,-0.997075009602765));
#3268=CARTESIAN_POINT('Ctrl Pts',(90.365490753186,1.19046167896266,-0.63544380394715));
#3269=CARTESIAN_POINT('Ctrl Pts',(90.1972779914074,1.19142480072261,-0.457425719342817));
#3270=CARTESIAN_POINT('Ctrl Pts',(89.903947894318,1.19310429635879,-0.0697115833453009));
#3271=CARTESIAN_POINT('Ctrl Pts',(89.7791505438309,1.19381883812463,0.140226460818369));
#3272=CARTESIAN_POINT('Ctrl Pts',(89.5309281728256,1.19524006422124,0.685133595179763));
#3273=CARTESIAN_POINT('Ctrl Pts',(89.4307045132639,1.1958139064575,1.12465324924012));
#3274=CARTESIAN_POINT('Ctrl Pts',(89.4307045132639,1.1958139064575,1.50032176219051));
#3275=CARTESIAN_POINT('',(91.5758705659005,1.18353150836734,12.5003217621905));
#3276=CARTESIAN_POINT('',(91.5758705659005,1.18353150836734,-2.49967823780949));
#3277=CARTESIAN_POINT('',(95.5967099842908,1.16050972395462,12.5003217621905));
#3278=CARTESIAN_POINT('Origin',(92.272609984096,-0.919759242923313,-2.49967823780949));
#3279=CARTESIAN_POINT('',(92.2504445866608,-0.852847174786311,1.50032176219051));
#3280=CARTESIAN_POINT('Ctrl Pts',(92.2504445866608,-0.852847174786316,1.50032176219051));
#3281=CARTESIAN_POINT('Ctrl Pts',(92.2504445866608,-0.852847174786316,1.12465324924012));
#3282=CARTESIAN_POINT('Ctrl Pts',(92.2189280162196,-0.757706137276276,0.68513359517976));
#3283=CARTESIAN_POINT('Ctrl Pts',(92.1408714188547,-0.522071816858212,0.140226460818361));
#3284=CARTESIAN_POINT('Ctrl Pts',(92.1016273470987,-0.403603289009953,-0.0697115833453079));
#3285=CARTESIAN_POINT('Ctrl Pts',(92.0093860668675,-0.125148781441063,-0.457425719342823));
#3286=CARTESIAN_POINT('Ctrl Pts',(91.9564894815814,0.0345334407809798,-0.635443803947162));
#3287=CARTESIAN_POINT('Ctrl Pts',(91.8308113181415,0.413925953819552,-0.997075009602778));
#3288=CARTESIAN_POINT('Ctrl Pts',(91.7426112502625,0.680181001529646,-1.19905419347637));
#3289=CARTESIAN_POINT('Ctrl Pts',(91.6247232642648,1.03605681989429,-1.41504689518946));
#3290=CARTESIAN_POINT('Ctrl Pts',(91.6003793743435,1.1095452392156,-1.45716541354233));
#3291=CARTESIAN_POINT('Ctrl Pts',(91.5758705659005,1.18353150836734,-1.49732076798536));
#3292=CARTESIAN_POINT('',(92.2504445866608,-0.852847174786311,12.5003217621905));
#3293=CARTESIAN_POINT('',(92.2504445866608,-0.852847174786311,12.5003217621905));
#3294=CARTESIAN_POINT('',(90.6598375449805,3.94881753993422,12.5003217621905));
#3295=CARTESIAN_POINT('Origin',(86.5661973813812,16.6017201949908,-2.49967823780949));
#3296=CARTESIAN_POINT('',(85.9149858700996,18.6456898176275,1.50032176219051));
#3297=CARTESIAN_POINT('',(85.9149858700996,18.6456898176276,12.5003217621905));
#3298=CARTESIAN_POINT('',(85.9149858700996,18.6456898176275,12.5003217621905));
#3299=CARTESIAN_POINT('',(86.5661973813812,16.6017201949908,-1.49732076798535));
#3300=CARTESIAN_POINT('Ctrl Pts',(86.5661973813812,16.6017201949908,-1.49732076798535));
#3301=CARTESIAN_POINT('Ctrl Pts',(86.5425373860438,16.675982260239,-1.45716541354232));
#3302=CARTESIAN_POINT('Ctrl Pts',(86.5190365976081,16.7497446198389,-1.41504689518945));
#3303=CARTESIAN_POINT('Ctrl Pts',(86.4052314240306,17.1069470243749,-1.19905419347636));
#3304=CARTESIAN_POINT('Ctrl Pts',(86.3200859874573,17.374194581961,-0.997075009602765));
#3305=CARTESIAN_POINT('Ctrl Pts',(86.1987604335077,17.7550013435529,-0.635443803947149));
#3306=CARTESIAN_POINT('Ctrl Pts',(86.1476958146732,17.9152788077579,-0.457425719342806));
#3307=CARTESIAN_POINT('Ctrl Pts',(86.0586491249798,18.1947713007139,-0.0697115833452913));
#3308=CARTESIAN_POINT('Ctrl Pts',(86.0207641924289,18.3136814396599,0.140226460818368));
#3309=CARTESIAN_POINT('Ctrl Pts',(85.9454109277445,18.5501941261113,0.685133595179763));
#3310=CARTESIAN_POINT('Ctrl Pts',(85.9149858700996,18.6456898176275,1.12465324924012));
#3311=CARTESIAN_POINT('Ctrl Pts',(85.9149858700996,18.6456898176275,1.50032176219051));
#3312=CARTESIAN_POINT('',(86.5661973813812,16.6017201949908,12.5003217621905));
#3313=CARTESIAN_POINT('',(86.5661973813812,16.6017201949908,-2.49967823780949));
#3314=CARTESIAN_POINT('',(87.786810075234,12.7705605425299,12.5003217621905));
#3315=CARTESIAN_POINT('Origin',(84.7811533275761,15.2891290448959,-2.49967823780949));
#3316=CARTESIAN_POINT('',(84.8379410015021,15.330886556746,1.50032176219051));
#3317=CARTESIAN_POINT('Ctrl Pts',(84.8379410015021,15.330886556746,1.50032176219051));
#3318=CARTESIAN_POINT('Ctrl Pts',(84.8379410015021,15.330886556746,1.12465324924012));
#3319=CARTESIAN_POINT('Ctrl Pts',(84.9186863493224,15.3902607938884,0.685133595179756));
#3320=CARTESIAN_POINT('Ctrl Pts',(85.1186670901099,15.5373120389193,0.140226460818359));
#3321=CARTESIAN_POINT('Ctrl Pts',(85.2192102703948,15.6112441574926,-0.0697115833453129));
#3322=CARTESIAN_POINT('Ctrl Pts',(85.4555321211356,15.7850180031269,-0.457425719342825));
#3323=CARTESIAN_POINT('Ctrl Pts',(85.5910529953186,15.8846701656192,-0.63544380394716));
#3324=CARTESIAN_POINT('Ctrl Pts',(85.9130400287528,16.1214359359822,-0.997075009602776));
#3325=CARTESIAN_POINT('Ctrl Pts',(86.1390083069943,16.2875965198568,-1.19905419347637));
#3326=CARTESIAN_POINT('Ctrl Pts',(86.4410369319359,16.5096863328945,-1.41504689518945));
#3327=CARTESIAN_POINT('Ctrl Pts',(86.5034058963088,16.5555479184963,-1.45716541354232));
#3328=CARTESIAN_POINT('Ctrl Pts',(86.5661973813812,16.6017201949908,-1.49732076798535));
#3329=CARTESIAN_POINT('',(84.8379410015021,15.330886556746,12.5003217621905));
#3330=CARTESIAN_POINT('',(84.8379410015021,15.330886556746,12.5003217621905));
#3331=CARTESIAN_POINT('',(88.9130709102499,18.3274397467402,12.5003217621905));
#3332=CARTESIAN_POINT('Origin',(88.5249859083491,20.4460591360811,-2.49967823780949));
#3333=CARTESIAN_POINT('',(88.5372683064393,22.5912251887177,1.50032176219051));
#3334=CARTESIAN_POINT('',(88.5372683064393,22.5912251887177,12.5003217621905));
#3335=CARTESIAN_POINT('',(88.5372683064393,22.5912251887177,12.5003217621905));
#3336=CARTESIAN_POINT('',(88.5249859083491,20.4460591360811,-1.49732076798536));
#3337=CARTESIAN_POINT('Ctrl Pts',(88.5249859083491,20.4460591360811,-1.49732076798536));
#3338=CARTESIAN_POINT('Ctrl Pts',(88.5254321558072,20.523997897795,-1.45716541354233));
#3339=CARTESIAN_POINT('Ctrl Pts',(88.5258754004888,20.6014122135577,-1.41504689518946));
#3340=CARTESIAN_POINT('Ctrl Pts',(88.528021862003,20.9762996207112,-1.19905419347637));
#3341=CARTESIAN_POINT('Ctrl Pts',(88.5296277767165,21.256778538712,-0.997075009602765));
#3342=CARTESIAN_POINT('Ctrl Pts',(88.5319160789444,21.6564389487956,-0.63544380394715));
#3343=CARTESIAN_POINT('Ctrl Pts',(88.5328792007044,21.8246517105742,-0.457425719342806));
#3344=CARTESIAN_POINT('Ctrl Pts',(88.5345586963406,22.1179818076637,-0.0697115833452909));
#3345=CARTESIAN_POINT('Ctrl Pts',(88.5352732381064,22.2427791581508,0.140226460818367));
#3346=CARTESIAN_POINT('Ctrl Pts',(88.536694464203,22.491001529156,0.685133595179763));
#3347=CARTESIAN_POINT('Ctrl Pts',(88.5372683064393,22.5912251887178,1.12465324924012));
#3348=CARTESIAN_POINT('Ctrl Pts',(88.5372683064393,22.5912251887178,1.50032176219051));
#3349=CARTESIAN_POINT('',(88.5249859083491,20.4460591360811,12.5003217621905));
#3350=CARTESIAN_POINT('',(88.5249859083491,20.4460591360811,-2.49967823780949));
#3351=CARTESIAN_POINT('',(88.5019641239364,16.4252197176908,12.5003217621905));
#3352=CARTESIAN_POINT('Origin',(86.4216951570585,19.7493197178857,-2.49967823780949));
#3353=CARTESIAN_POINT('',(86.4886072251955,19.7714851153208,1.50032176219051));
#3354=CARTESIAN_POINT('Ctrl Pts',(86.4886072251955,19.7714851153208,1.50032176219051));
#3355=CARTESIAN_POINT('Ctrl Pts',(86.4886072251955,19.7714851153208,1.12465324924012));
#3356=CARTESIAN_POINT('Ctrl Pts',(86.5837482627055,19.803001685762,0.685133595179755));
#3357=CARTESIAN_POINT('Ctrl Pts',(86.8193825831236,19.881058283127,0.140226460818357));
#3358=CARTESIAN_POINT('Ctrl Pts',(86.9378511109719,19.920302354883,-0.0697115833453173));
#3359=CARTESIAN_POINT('Ctrl Pts',(87.2163056185408,20.0125436351142,-0.457425719342828));
#3360=CARTESIAN_POINT('Ctrl Pts',(87.3759878407628,20.0654402204003,-0.635443803947159));
#3361=CARTESIAN_POINT('Ctrl Pts',(87.7553803538014,20.1911183838401,-0.997075009602775));
#3362=CARTESIAN_POINT('Ctrl Pts',(88.0216354015115,20.2793184517191,-1.19905419347639));
#3363=CARTESIAN_POINT('Ctrl Pts',(88.3775112198761,20.3972064377168,-1.41504689518947));
#3364=CARTESIAN_POINT('Ctrl Pts',(88.4509996391974,20.4215503276382,-1.45716541354234));
#3365=CARTESIAN_POINT('Ctrl Pts',(88.5249859083491,20.4460591360811,-1.49732076798536));
#3366=CARTESIAN_POINT('',(86.4886072251955,19.7714851153208,12.5003217621905));
#3367=CARTESIAN_POINT('',(86.4886072251955,19.7714851153208,12.5003217621905));
#3368=CARTESIAN_POINT('',(91.290271939916,21.3620921570012,12.5003217621905));
#3369=CARTESIAN_POINT('Origin',(88.5249859083491,4.23441616591871,-2.49967823780949));
#3370=CARTESIAN_POINT('',(86.4886072251955,4.90899018667901,1.50032176219051));
#3371=CARTESIAN_POINT('',(86.4886072251955,4.90899018667901,12.5003217621905));
#3372=CARTESIAN_POINT('',(86.4886072251955,4.90899018667901,12.5003217621905));
#3373=CARTESIAN_POINT('',(88.5249859083491,4.23441616591871,-1.49732076798536));
#3374=CARTESIAN_POINT('Ctrl Pts',(88.5249859083491,4.23441616591871,-1.49732076798536));
#3375=CARTESIAN_POINT('Ctrl Pts',(88.4509996391974,4.25892497436167,-1.45716541354234));
#3376=CARTESIAN_POINT('Ctrl Pts',(88.3775112198761,4.28326886428303,-1.41504689518945));
#3377=CARTESIAN_POINT('Ctrl Pts',(88.0216354015114,4.40115685028072,-1.19905419347637));
#3378=CARTESIAN_POINT('Ctrl Pts',(87.7553803538014,4.48935691815973,-0.997075009602777));
#3379=CARTESIAN_POINT('Ctrl Pts',(87.3759878407628,4.61503508159956,-0.635443803947162));
#3380=CARTESIAN_POINT('Ctrl Pts',(87.2163056185408,4.66793166688568,-0.457425719342823));
#3381=CARTESIAN_POINT('Ctrl Pts',(86.9378511109719,4.76017294711686,-0.0697115833453107));
#3382=CARTESIAN_POINT('Ctrl Pts',(86.8193825831236,4.7994170188729,0.140226460818356));
#3383=CARTESIAN_POINT('Ctrl Pts',(86.5837482627055,4.87747361623787,0.685133595179754));
#3384=CARTESIAN_POINT('Ctrl Pts',(86.4886072251955,4.90899018667901,1.12465324924012));
#3385=CARTESIAN_POINT('Ctrl Pts',(86.4886072251955,4.90899018667901,1.50032176219051));
#3386=CARTESIAN_POINT('',(88.5249859083491,4.23441616591871,12.5003217621905));
#3387=CARTESIAN_POINT('',(88.5249859083491,4.23441616591871,-2.49967823780949));
#3388=CARTESIAN_POINT('',(92.3419173155613,2.97001343590097,12.5003217621905));
#3389=CARTESIAN_POINT('Origin',(88.5376718859232,2.01876347036709,-2.49967823780949));
#3390=CARTESIAN_POINT('',(88.5372683064393,2.08925011328211,1.50032176219051));
#3391=CARTESIAN_POINT('Ctrl Pts',(88.5372683064393,2.0892501132821,1.50032176219051));
#3392=CARTESIAN_POINT('Ctrl Pts',(88.5372683064393,2.0892501132821,1.12465324924012));
#3393=CARTESIAN_POINT('Ctrl Pts',(88.536694464203,2.18947377284383,0.685133595179763));
#3394=CARTESIAN_POINT('Ctrl Pts',(88.5352732381064,2.43769614384907,0.140226460818367));
#3395=CARTESIAN_POINT('Ctrl Pts',(88.5345586963406,2.56249349433615,-0.0697115833452916));
#3396=CARTESIAN_POINT('Ctrl Pts',(88.5328792007044,2.85582359142563,-0.457425719342806));
#3397=CARTESIAN_POINT('Ctrl Pts',(88.5319160789444,3.0240363532042,-0.63544380394715));
#3398=CARTESIAN_POINT('Ctrl Pts',(88.5296277767165,3.42369676328787,-0.997075009602765));
#3399=CARTESIAN_POINT('Ctrl Pts',(88.528021862003,3.70417568128867,-1.19905419347636));
#3400=CARTESIAN_POINT('Ctrl Pts',(88.5258754004888,4.07906308844216,-1.41504689518945));
#3401=CARTESIAN_POINT('Ctrl Pts',(88.5254321558072,4.15647740420483,-1.45716541354233));
#3402=CARTESIAN_POINT('Ctrl Pts',(88.5249859083491,4.23441616591871,-1.49732076798536));
#3403=CARTESIAN_POINT('',(88.5372683064393,2.08925011328211,12.5003217621905));
#3404=CARTESIAN_POINT('',(88.5372683064393,2.08925011328211,12.5003217621905));
#3405=CARTESIAN_POINT('',(88.5083071127234,7.14742923653323,12.5003217621905));
#3406=CARTESIAN_POINT('Origin',(112.797186720582,8.07875510700901,-2.49967823780949));
#3407=CARTESIAN_POINT('',(113.448398231864,6.03478548437226,1.50032176219051));
#3408=CARTESIAN_POINT('',(113.448398231864,6.03478548437227,12.5003217621905));
#3409=CARTESIAN_POINT('',(113.448398231864,6.03478548437226,12.5003217621905));
#3410=CARTESIAN_POINT('',(112.797186720582,8.07875510700901,-1.49732076798538));
#3411=CARTESIAN_POINT('Ctrl Pts',(112.797186720582,8.07875510700901,-1.49732076798538));
#3412=CARTESIAN_POINT('Ctrl Pts',(112.82084671592,8.00449304176082,-1.45716541354234));
#3413=CARTESIAN_POINT('Ctrl Pts',(112.844347504355,7.93073068216089,-1.41504689518946));
#3414=CARTESIAN_POINT('Ctrl Pts',(112.958152677933,7.57352827762491,-1.19905419347636));
#3415=CARTESIAN_POINT('Ctrl Pts',(113.043298114506,7.30628072003884,-0.997075009602772));
#3416=CARTESIAN_POINT('Ctrl Pts',(113.164623668456,6.92547395844688,-0.635443803947157));
#3417=CARTESIAN_POINT('Ctrl Pts',(113.21568828729,6.76519649424189,-0.457425719342812));
#3418=CARTESIAN_POINT('Ctrl Pts',(113.304734976984,6.48570400128589,-0.0697115833452971));
#3419=CARTESIAN_POINT('Ctrl Pts',(113.342619909535,6.36679386233995,0.140226460818365));
#3420=CARTESIAN_POINT('Ctrl Pts',(113.417973174219,6.13028117588848,0.685133595179761));
#3421=CARTESIAN_POINT('Ctrl Pts',(113.448398231864,6.03478548437225,1.12465324924012));
#3422=CARTESIAN_POINT('Ctrl Pts',(113.448398231864,6.03478548437225,1.50032176219051));
#3423=CARTESIAN_POINT('',(112.797186720582,8.07875510700901,12.5003217621905));
#3424=CARTESIAN_POINT('',(112.797186720582,8.07875510700901,-2.49967823780949));
#3425=CARTESIAN_POINT('',(111.576574026729,11.9099147594699,12.5003217621905));
#3426=CARTESIAN_POINT('Origin',(114.582230774387,9.39134625710396,-2.49967823780949));
#3427=CARTESIAN_POINT('',(114.525443100461,9.34958874525389,1.50032176219051));
#3428=CARTESIAN_POINT('Ctrl Pts',(114.525443100461,9.34958874525389,1.50032176219051));
#3429=CARTESIAN_POINT('Ctrl Pts',(114.525443100461,9.34958874525389,1.12465324924012));
#3430=CARTESIAN_POINT('Ctrl Pts',(114.444697752641,9.29021450811151,0.685133595179756));
#3431=CARTESIAN_POINT('Ctrl Pts',(114.244717011854,9.14316326308055,0.140226460818357));
#3432=CARTESIAN_POINT('Ctrl Pts',(114.144173831569,9.0692311445073,-0.0697115833452854));
#3433=CARTESIAN_POINT('Ctrl Pts',(113.907851980828,8.89545729887294,-0.457425719342795));
#3434=CARTESIAN_POINT('Ctrl Pts',(113.772331106645,8.79580513638066,-0.635443803947162));
#3435=CARTESIAN_POINT('Ctrl Pts',(113.450344073211,8.55903936601766,-0.997075009602778));
#3436=CARTESIAN_POINT('Ctrl Pts',(113.224375794969,8.39287878214312,-1.19905419347635));
#3437=CARTESIAN_POINT('Ctrl Pts',(112.922347170028,8.17078896910534,-1.41504689518945));
#3438=CARTESIAN_POINT('Ctrl Pts',(112.859978205655,8.12492738350362,-1.45716541354233));
#3439=CARTESIAN_POINT('Ctrl Pts',(112.797186720582,8.07875510700901,-1.49732076798538));
#3440=CARTESIAN_POINT('',(114.525443100461,9.34958874525389,12.5003217621905));
#3441=CARTESIAN_POINT('',(114.525443100461,9.34958874525389,12.5003217621905));
#3442=CARTESIAN_POINT('',(110.450313191714,6.35303555525968,12.5003217621905));
#3443=CARTESIAN_POINT('Origin',(107.787513536063,23.4969437936325,-2.49967823780949));
#3444=CARTESIAN_POINT('',(109.9326795887,23.4846613955424,1.50032176219051));
#3445=CARTESIAN_POINT('',(109.9326795887,23.4846613955424,12.5003217621905));
#3446=CARTESIAN_POINT('',(109.9326795887,23.4846613955424,12.5003217621905));
#3447=CARTESIAN_POINT('',(107.787513536063,23.4969437936325,-1.49732076798535));
#3448=CARTESIAN_POINT('Ctrl Pts',(107.787513536063,23.4969437936325,-1.49732076798535));
#3449=CARTESIAN_POINT('Ctrl Pts',(107.865452297777,23.4964975461745,-1.45716541354232));
#3450=CARTESIAN_POINT('Ctrl Pts',(107.94286661354,23.4960543014928,-1.41504689518945));
#3451=CARTESIAN_POINT('Ctrl Pts',(108.317754020693,23.4939078399786,-1.19905419347636));
#3452=CARTESIAN_POINT('Ctrl Pts',(108.598232938694,23.4923019252651,-0.997075009602772));
#3453=CARTESIAN_POINT('Ctrl Pts',(108.997893348777,23.4900136230372,-0.635443803947155));
#3454=CARTESIAN_POINT('Ctrl Pts',(109.166106110556,23.4890505012772,-0.45742571934281));
#3455=CARTESIAN_POINT('Ctrl Pts',(109.459436207646,23.4873710056411,-0.0697115833452907));
#3456=CARTESIAN_POINT('Ctrl Pts',(109.584233558133,23.4866564638752,0.140226460818368));
#3457=CARTESIAN_POINT('Ctrl Pts',(109.832455929138,23.4852352377786,0.685133595179765));
#3458=CARTESIAN_POINT('Ctrl Pts',(109.9326795887,23.4846613955424,1.12465324924012));
#3459=CARTESIAN_POINT('Ctrl Pts',(109.9326795887,23.4846613955424,1.50032176219051));
#3460=CARTESIAN_POINT('',(107.787513536063,23.4969437936325,12.5003217621905));
#3461=CARTESIAN_POINT('',(107.787513536063,23.4969437936325,-2.49967823780949));
#3462=CARTESIAN_POINT('',(103.766674117673,23.5199655780452,12.5003217621905));
#3463=CARTESIAN_POINT('Origin',(107.090774117868,25.6002345449232,-2.49967823780949));
#3464=CARTESIAN_POINT('',(107.112939515303,25.5333224767862,1.50032176219051));
#3465=CARTESIAN_POINT('Ctrl Pts',(107.112939515303,25.5333224767861,1.50032176219051));
#3466=CARTESIAN_POINT('Ctrl Pts',(107.112939515303,25.5333224767861,1.12465324924012));
#3467=CARTESIAN_POINT('Ctrl Pts',(107.144456085744,25.4381814392761,0.68513359517976));
#3468=CARTESIAN_POINT('Ctrl Pts',(107.222512683109,25.2025471188581,0.140226460818362));
#3469=CARTESIAN_POINT('Ctrl Pts',(107.261756754865,25.0840785910098,-0.0697115833452941));
#3470=CARTESIAN_POINT('Ctrl Pts',(107.353998035096,24.8056240834409,-0.457425719342808));
#3471=CARTESIAN_POINT('Ctrl Pts',(107.406894620382,24.6459418612189,-0.635443803947157));
#3472=CARTESIAN_POINT('Ctrl Pts',(107.532572783822,24.2665493481803,-0.997075009602774));
#3473=CARTESIAN_POINT('Ctrl Pts',(107.620772851701,24.0002943004702,-1.19905419347635));
#3474=CARTESIAN_POINT('Ctrl Pts',(107.738660837699,23.6444184821056,-1.41504689518944));
#3475=CARTESIAN_POINT('Ctrl Pts',(107.76300472762,23.5709300627843,-1.45716541354232));
#3476=CARTESIAN_POINT('Ctrl Pts',(107.787513536063,23.4969437936325,-1.49732076798535));
#3477=CARTESIAN_POINT('',(107.112939515303,25.5333224767862,12.5003217621905));
#3478=CARTESIAN_POINT('',(107.112939515303,25.5333224767862,12.5003217621905));
#3479=CARTESIAN_POINT('',(108.703546556983,20.7316577620656,12.5003217621905));
#3480=CARTESIAN_POINT('Origin',(99.6816920509817,12.3402376509999,1.50032176219051));
#3481=CARTESIAN_POINT('',(110.823717215945,12.3402376509999,-2.49967823780949));
#3482=CARTESIAN_POINT('Origin',(99.6816920509817,12.3402376509999,-2.49967823780949));
#3483=CARTESIAN_POINT('Origin',(110.823717215945,12.3402376509999,1.50032176219051));
#3484=CARTESIAN_POINT('Origin',(99.6816920509817,12.3402376509999,1.50032176219051));
#3485=CARTESIAN_POINT('Origin',(99.6816920509817,12.3402376509999,1.50032176219051));
#3486=CARTESIAN_POINT('Origin',(99.6816920509817,12.3402376509999,1.50032176219051));
#3487=CARTESIAN_POINT('Origin',(99.6816920509817,12.3402376509999,1.50032176219051));
#3488=CARTESIAN_POINT('Origin',(99.6816920509817,12.3402376509999,1.50032176219051));
#3489=CARTESIAN_POINT('Origin',(99.6816920509817,12.3402376509999,1.50032176219051));
#3490=CARTESIAN_POINT('Origin',(99.6816920509817,12.3402376509999,1.50032176219051));
#3491=CARTESIAN_POINT('Origin',(99.6816920509817,12.3402376509999,1.50032176219051));
#3492=CARTESIAN_POINT('Origin',(99.6816920509817,12.3402376509999,1.50032176219051));
#3493=CARTESIAN_POINT('Origin',(99.6816920509817,12.3402376509999,1.50032176219051));
#3494=CARTESIAN_POINT('Origin',(99.6816920509817,12.3402376509999,1.50032176219051));
#3495=CARTESIAN_POINT('Origin',(99.6816920509817,12.3402376509999,1.50032176219051));
#3496=CARTESIAN_POINT('Origin',(99.6816920509817,12.3402376509999,1.50032176219051));
#3497=CARTESIAN_POINT('Origin',(99.6816920509817,12.3402376509999,1.50032176219051));
#3498=CARTESIAN_POINT('Origin',(99.6816920509817,12.3402376509999,12.5003217621905));
#3499=CARTESIAN_POINT('Origin',(99.6816920509817,12.3402376509999,12.5003217621905));
#3500=CARTESIAN_POINT('Origin',(99.6816920509817,12.3402376509999,12.5003217621905));
#3501=CARTESIAN_POINT('',(106.074533092804,26.0665812832406,12.5003217621905));
#3502=CARTESIAN_POINT('Origin',(99.6816920509817,12.3402376509999,12.5003217621905));
#3503=CARTESIAN_POINT('',(104.64723931901,28.0398711850884,12.5003217621905));
#3504=CARTESIAN_POINT('Origin',(107.130012953024,28.3328474336896,12.5003217621905));
#3505=CARTESIAN_POINT('',(94.7161447829535,28.0398711850884,12.5003217621905));
#3506=CARTESIAN_POINT('Origin',(99.6816920509817,27.4539186878861,12.5003217621905));
#3507=CARTESIAN_POINT('',(93.288851009159,26.0665812832406,12.5003217621905));
#3508=CARTESIAN_POINT('Origin',(92.2333711489394,28.3328474336896,12.5003217621905));
#3509=CARTESIAN_POINT('Origin',(99.6816920509817,12.3402376509999,12.5003217621905));
#3510=CARTESIAN_POINT('Origin',(99.6816920509817,12.3402376509999,12.5003217621905));
#3511=CARTESIAN_POINT('Origin',(99.6816920509817,12.3402376509999,12.5003217621905));
#3512=CARTESIAN_POINT('Origin',(99.6816920509817,12.3402376509999,12.5003217621905));
#3513=CARTESIAN_POINT('Origin',(99.6816920509817,12.3402376509999,12.5003217621905));
#3514=CARTESIAN_POINT('Origin',(99.6816920509817,12.3402376509999,12.5003217621905));
#3515=CARTESIAN_POINT('Origin',(99.6816920509817,12.3402376509999,12.5003217621905));
#3516=CARTESIAN_POINT('',(93.288851009159,-1.38610598124076,12.5003217621905));
#3517=CARTESIAN_POINT('Origin',(99.6816920509817,12.3402376509999,12.5003217621905));
#3518=CARTESIAN_POINT('',(94.7161447829535,-3.35939588308855,12.5003217621905));
#3519=CARTESIAN_POINT('Origin',(92.2333711489394,-3.65237213168973,12.5003217621905));
#3520=CARTESIAN_POINT('',(104.64723931901,-3.35939588308855,12.5003217621905));
#3521=CARTESIAN_POINT('Origin',(99.6816920509817,-2.77344338588619,12.5003217621905));
#3522=CARTESIAN_POINT('',(106.074533092804,-1.38610598124076,12.5003217621905));
#3523=CARTESIAN_POINT('Origin',(107.130012953024,-3.65237213168973,12.5003217621905));
#3524=CARTESIAN_POINT('Origin',(99.6816920509817,12.3402376509999,12.5003217621905));
#3525=CARTESIAN_POINT('Origin',(99.6816920509817,12.3402376509999,12.5003217621905));
#3526=CARTESIAN_POINT('Origin',(99.6816920509817,12.3402376509999,12.5003217621905));
#3527=CARTESIAN_POINT('Origin',(99.6816920509817,12.3402376509999,12.5003217621905));
#3528=CARTESIAN_POINT('Origin',(99.6816920509817,12.3402376509999,12.5003217621905));
#3529=CARTESIAN_POINT('',(112.556809147929,12.3402376509999,12.5003217621905));
#3530=CARTESIAN_POINT('Origin',(99.6816920509817,12.3402376509999,12.5003217621905));
#3531=CARTESIAN_POINT('',(100.681692050982,29.9539186878861,12.5003217621905));
#3532=CARTESIAN_POINT('Origin',(99.6816920509817,29.9539186878861,12.5003217621905));
#3533=CARTESIAN_POINT('',(100.681692050982,-5.27344338588619,12.5003217621905));
#3534=CARTESIAN_POINT('Origin',(99.6816920509817,-5.27344338588619,12.5003217621905));
#3535=CARTESIAN_POINT('Origin',(99.6816920509817,12.3402376509999,12.5003217621905));
#3536=CARTESIAN_POINT('Origin',(99.6816920509817,12.3402376509999,12.5003217621905));
#3537=CARTESIAN_POINT('Origin',(99.6816920509817,12.3402376509999,12.5003217621905));
#3538=CARTESIAN_POINT('Origin',(99.6816920509817,12.3402376509999,12.5003217621905));
#3539=CARTESIAN_POINT('Origin',(99.6816920509817,12.3402376509999,12.5003217621905));
#3540=CARTESIAN_POINT('Origin',(99.6816920509817,12.3402376509999,12.5003217621905));
#3541=CARTESIAN_POINT('Origin',(99.6816920509817,12.3402376509999,12.5003217621905));
#3542=CARTESIAN_POINT('Origin',(99.6816920509817,12.3402376509999,12.5003217621905));
#3543=CARTESIAN_POINT('',(93.288851009159,26.0665812832406,8.50032176219051));
#3544=CARTESIAN_POINT('',(93.288851009159,26.0665812832406,12.5003217621905));
#3545=CARTESIAN_POINT('',(106.074533092804,26.0665812832406,8.50032176219051));
#3546=CARTESIAN_POINT('Origin',(99.6816920509817,12.3402376509999,8.50032176219051));
#3547=CARTESIAN_POINT('',(106.074533092804,26.0665812832406,12.5003217621905));
#3548=CARTESIAN_POINT('Origin',(99.6816920509817,12.3402376509999,12.5003217621905));
#3549=CARTESIAN_POINT('Origin',(99.6816920509817,12.3402376509999,12.5003217621905));
#3550=CARTESIAN_POINT('Origin',(99.6816920509817,12.3402376509999,12.5003217621905));
#3551=CARTESIAN_POINT('Origin',(99.6816920509817,12.3402376509999,12.5003217621905));
#3552=CARTESIAN_POINT('',(106.074533092804,-1.38610598124076,8.50032176219051));
#3553=CARTESIAN_POINT('',(106.074533092804,-1.38610598124076,12.5003217621905));
#3554=CARTESIAN_POINT('',(93.288851009159,-1.38610598124076,8.50032176219051));
#3555=CARTESIAN_POINT('Origin',(99.6816920509817,12.3402376509999,8.50032176219051));
#3556=CARTESIAN_POINT('',(93.288851009159,-1.38610598124076,12.5003217621905));
#3557=CARTESIAN_POINT('Origin',(99.6816920509817,12.3402376509999,12.5003217621905));
#3558=CARTESIAN_POINT('Origin',(99.6816920509817,12.3402376509999,12.5003217621905));
#3559=CARTESIAN_POINT('Origin',(107.523856648352,12.5466127897298,2.38374887608841));
#3560=CARTESIAN_POINT('Ctrl Pts',(106.485374619539,12.5469427851132,1.38374887608841));
#3561=CARTESIAN_POINT('Ctrl Pts',(106.485281494224,12.5677395093462,1.38246703979958));
#3562=CARTESIAN_POINT('Ctrl Pts',(106.495190213902,12.9272800018291,1.36030096345485));
#3563=CARTESIAN_POINT('Ctrl Pts',(106.910930372259,13.6018094085795,1.31725064705421));
#3564=CARTESIAN_POINT('Ctrl Pts',(108.063288741735,13.6411062981635,1.25459792688649));
#3565=CARTESIAN_POINT('Ctrl Pts',(108.733983464741,12.7032956577433,1.19194520671878));
#3566=CARTESIAN_POINT('Ctrl Pts',(108.324228720059,11.6255361891871,1.12929248655106));
#3567=CARTESIAN_POINT('Ctrl Pts',(107.199853151358,11.3701877676315,1.06663976638335));
#3568=CARTESIAN_POINT('Ctrl Pts',(106.553213011951,11.9857981674443,1.01812522956247));
#3569=CARTESIAN_POINT('Ctrl Pts',(106.486844829584,12.4357535968116,0.990494932797489));
#3570=CARTESIAN_POINT('Ctrl Pts',(106.487635884966,12.54583893329,0.983748876088415));
#3571=CARTESIAN_POINT('Ctrl Pts',(106.487999498536,12.5457360482671,1.41689464829261));
#3572=CARTESIAN_POINT('Ctrl Pts',(106.489504874733,12.7735498815206,1.40293520614677));
#3573=CARTESIAN_POINT('Ctrl Pts',(106.674197094681,13.3450735920459,1.36809152394502));
#3574=CARTESIAN_POINT('Ctrl Pts',(107.610847831361,13.7635602215391,1.31236360168737));
#3575=CARTESIAN_POINT('Ctrl Pts',(108.585423981746,13.148217207296,1.24971088151966));
#3576=CARTESIAN_POINT('Ctrl Pts',(108.612558382042,11.9953898098134,1.18705816135195));
#3577=CARTESIAN_POINT('Ctrl Pts',(107.667460955315,11.3348865983817,1.12440544118423));
#3578=CARTESIAN_POINT('Ctrl Pts',(106.695839637012,11.7163102468361,1.06768427016445));
#3579=CARTESIAN_POINT('Ctrl Pts',(106.489282484622,12.3036597270129,1.03184733920058));
#3580=CARTESIAN_POINT('Ctrl Pts',(106.487298857601,12.5474645847384,1.01689464829261));
#3581=CARTESIAN_POINT('Ctrl Pts',(108.126076052528,13.0905466452978,1.50032176219051));
#3582=CARTESIAN_POINT('Ctrl Pts',(108.30451294229,12.8929892468466,1.47943752213461));
#3583=CARTESIAN_POINT('Ctrl Pts',(108.448854753021,12.3116998481009,1.4376690420228));
#3584=CARTESIAN_POINT('Ctrl Pts',(107.839797764336,11.6450027330505,1.37501632185508));
#3585=CARTESIAN_POINT('Ctrl Pts',(106.948154174105,11.7849637536173,1.31236360168737));
#3586=CARTESIAN_POINT('Ctrl Pts',(106.570740641787,12.6041525898019,1.24971088151966));
#3587=CARTESIAN_POINT('Ctrl Pts',(107.044213762094,13.3723524774796,1.18705816135195));
#3588=CARTESIAN_POINT('Ctrl Pts',(107.945986970223,13.4031040935812,1.12440544118423));
#3589=CARTESIAN_POINT('Ctrl Pts',(108.470836312286,12.6692243108417,1.06175272101652));
#3590=CARTESIAN_POINT('Ctrl Pts',(108.150184455672,11.8258281597005,0.999100000848804));
#3591=CARTESIAN_POINT('Ctrl Pts',(107.270309070907,11.6260063235459,0.93644728068109));
#3592=CARTESIAN_POINT('Ctrl Pts',(106.616816779383,12.2481400674065,0.873794560513378));
#3593=CARTESIAN_POINT('Ctrl Pts',(106.773175578104,13.136770438816,0.811141840345664));
#3594=CARTESIAN_POINT('Ctrl Pts',(107.599782069031,13.4984751450307,0.74848912017795));
#3595=CARTESIAN_POINT('Ctrl Pts',(108.358598106945,13.0103087226107,0.685836400010238));
#3596=CARTESIAN_POINT('Ctrl Pts',(108.372113712089,12.1081299520746,0.623183679842523));
#3597=CARTESIAN_POINT('Ctrl Pts',(107.628261240999,11.5974516992804,0.56053095967481));
#3598=CARTESIAN_POINT('Ctrl Pts',(106.791190958187,11.9342337017162,0.497878239507096));
#3599=CARTESIAN_POINT('Ctrl Pts',(106.608282669727,12.8177796390116,0.435225519339383));
#3600=CARTESIAN_POINT('Ctrl Pts',(107.242846458329,13.4592137069355,0.372572799171669));
#3601=CARTESIAN_POINT('Ctrl Pts',(108.128310707375,13.2858302037017,0.309920079003955));
#3602=CARTESIAN_POINT('Ctrl Pts',(108.474087039296,12.4524350363847,0.247267358836242));
#3603=CARTESIAN_POINT('Ctrl Pts',(107.971448085326,11.7031264967696,0.184614638668528));
#3604=CARTESIAN_POINT('Ctrl Pts',(107.069176621942,11.7069267254603,0.121961918500815));
#3605=CARTESIAN_POINT('Ctrl Pts',(106.572866299246,12.4604415885677,0.0593091983331015));
#3606=CARTESIAN_POINT('Ctrl Pts',(106.925651325921,13.2908961242784,-0.00334352183461198));
#3607=CARTESIAN_POINT('Ctrl Pts',(107.812541567293,13.4568125794375,-0.0659962420023257));
#3608=CARTESIAN_POINT('Ctrl Pts',(108.441686415213,12.8100620717035,-0.128648962170039));
#3609=CARTESIAN_POINT('Ctrl Pts',(108.251329449472,11.9280762971559,-0.191301682337753));
#3610=CARTESIAN_POINT('Ctrl Pts',(107.41147967803,11.5983813945749,-0.253954402505466));
#3611=CARTESIAN_POINT('Ctrl Pts',(106.67189757491,12.1152555509564,-0.31660712267318));
#3612=CARTESIAN_POINT('Ctrl Pts',(106.693131464712,13.0173957756474,-0.379259842840893));
#3613=CARTESIAN_POINT('Ctrl Pts',(107.455782056626,13.4989301963891,-0.441912563008607));
#3614=CARTESIAN_POINT('Ctrl Pts',(108.279834010987,13.1307512238859,-0.50456528317632));
#3615=CARTESIAN_POINT('Ctrl Pts',(108.427591819904,12.2399071923144,-0.567218003344033));
#3616=CARTESIAN_POINT('Ctrl Pts',(107.989975325798,11.8309772135832,-0.608986483455843));
#3617=CARTESIAN_POINT('Ctrl Pts',(107.732733387,11.7624554343146,-0.629870723511747));
#3618=CARTESIAN_POINT('Ctrl Pts',(108.18185772254,13.1409295101286,1.5437192574246));
#3619=CARTESIAN_POINT('Ctrl Pts',(108.376822654462,12.9250729975469,1.5228350173687));
#3620=CARTESIAN_POINT('Ctrl Pts',(108.534534388512,12.2899406086935,1.48106653725689));
#3621=CARTESIAN_POINT('Ctrl Pts',(107.869062386088,11.5614894581352,1.41841381708917));
#3622=CARTESIAN_POINT('Ctrl Pts',(106.894828683063,11.7144146233469,1.35576109692146));
#3623=CARTESIAN_POINT('Ctrl Pts',(106.482456534381,12.6094823186646,1.29310837675374));
#3624=CARTESIAN_POINT('Ctrl Pts',(106.999785965483,13.4488381211796,1.23045565658603));
#3625=CARTESIAN_POINT('Ctrl Pts',(107.985087560727,13.4824381617753,1.16780293641832));
#3626=CARTESIAN_POINT('Ctrl Pts',(108.558552029771,12.6805814264756,1.10515021625061));
#3627=CARTESIAN_POINT('Ctrl Pts',(108.208199210467,11.7590641695293,1.04249749608289));
#3628=CARTESIAN_POINT('Ctrl Pts',(107.246823764391,11.5407334715744,0.979844775915177));
#3629=CARTESIAN_POINT('Ctrl Pts',(106.532800558207,12.2204934874583,0.917192055747464));
#3630=CARTESIAN_POINT('Ctrl Pts',(106.703642375664,13.1914348667762,0.854539335579751));
#3631=CARTESIAN_POINT('Ctrl Pts',(107.606814799514,13.5866431307034,0.791886615412037));
#3632=CARTESIAN_POINT('Ctrl Pts',(108.435917556077,13.0532594035985,0.729233895244324));
#3633=CARTESIAN_POINT('Ctrl Pts',(108.450685068784,12.0675146799895,0.66658117507661));
#3634=CARTESIAN_POINT('Ctrl Pts',(107.637931906698,11.5095339231882,0.603928454908897));
#3635=CARTESIAN_POINT('Ctrl Pts',(106.723326463164,11.8775109724712,0.541275734741183));
#3636=CARTESIAN_POINT('Ctrl Pts',(106.523475961088,12.8428969626974,0.47862301457347));
#3637=CARTESIAN_POINT('Ctrl Pts',(107.216817377265,13.5437450303406,0.415970294405756));
#3638=CARTESIAN_POINT('Ctrl Pts',(108.184299366365,13.354301564084,0.353317574238042));
#3639=CARTESIAN_POINT('Ctrl Pts',(108.562103861295,12.443711650318,0.290664854070329));
#3640=CARTESIAN_POINT('Ctrl Pts',(108.012907058025,11.6249970414143,0.228012133902615));
#3641=CARTESIAN_POINT('Ctrl Pts',(107.027061055725,11.6291492732143,0.165359413734902));
#3642=CARTESIAN_POINT('Ctrl Pts',(106.484779084736,12.4524598239909,0.102706693567188));
#3643=CARTESIAN_POINT('Ctrl Pts',(106.870241467549,13.359836724788,0.0400539733994748));
#3644=CARTESIAN_POINT('Ctrl Pts',(107.839281534112,13.5411214940315,-0.0225987467682388));
#3645=CARTESIAN_POINT('Ctrl Pts',(108.526702070348,12.8344645416501,-0.0852514669359521));
#3646=CARTESIAN_POINT('Ctrl Pts',(108.318712943681,11.87078322709,-0.147904187103666));
#3647=CARTESIAN_POINT('Ctrl Pts',(107.401070556318,11.510549733204,-0.210556907271379));
#3648=CARTESIAN_POINT('Ctrl Pts',(106.592983312818,12.075300300456,-0.273209627439093));
#3649=CARTESIAN_POINT('Ctrl Pts',(106.616184030368,13.0610029078406,-0.335862347606807));
#3650=CARTESIAN_POINT('Ctrl Pts',(107.449476523485,13.5871403320234,-0.39851506777452));
#3651=CARTESIAN_POINT('Ctrl Pts',(108.349857792163,13.1848581110916,-0.461167787942233));
#3652=CARTESIAN_POINT('Ctrl Pts',(108.511301937458,12.2114980273043,-0.523820508109947));
#3653=CARTESIAN_POINT('Ctrl Pts',(108.033150417917,11.7646901639134,-0.565588988221756));
#3654=CARTESIAN_POINT('Ctrl Pts',(107.752080975648,11.6898214299416,-0.586473228277661));
#3655=CARTESIAN_POINT('Ctrl Pts',(108.237639392551,13.1913123749594,1.58711675265869));
#3656=CARTESIAN_POINT('Ctrl Pts',(108.449132366635,12.9571567482472,1.56623251260278));
#3657=CARTESIAN_POINT('Ctrl Pts',(108.620214024003,12.2681813692861,1.52446403249097));
#3658=CARTESIAN_POINT('Ctrl Pts',(107.89832700784,11.47797618322,1.46181131232326));
#3659=CARTESIAN_POINT('Ctrl Pts',(106.84150319202,11.6438654930765,1.39915859215555));
#3660=CARTESIAN_POINT('Ctrl Pts',(106.394172426974,12.6148120475273,1.33650587198783));
#3661=CARTESIAN_POINT('Ctrl Pts',(106.955358168871,13.5253237648795,1.27385315182012));
#3662=CARTESIAN_POINT('Ctrl Pts',(108.024188151231,13.5617722299694,1.2112004316524));
#3663=CARTESIAN_POINT('Ctrl Pts',(108.646267747257,12.6919385421095,1.14854771148469));
#3664=CARTESIAN_POINT('Ctrl Pts',(108.266213965263,11.6923001793582,1.08589499131698));
#3665=CARTESIAN_POINT('Ctrl Pts',(107.223338457874,11.455460619603,1.02324227114926));
#3666=CARTESIAN_POINT('Ctrl Pts',(106.448784337031,12.1928469075101,0.960589550981551));
#3667=CARTESIAN_POINT('Ctrl Pts',(106.634109173224,13.2460992947363,0.897936830813838));
#3668=CARTESIAN_POINT('Ctrl Pts',(107.613847529998,13.6748111163762,0.835284110646124));
#3669=CARTESIAN_POINT('Ctrl Pts',(108.513237005209,13.0962100845862,0.772631390478411));
#3670=CARTESIAN_POINT('Ctrl Pts',(108.529256425479,12.0268994079044,0.709978670310697));
#3671=CARTESIAN_POINT('Ctrl Pts',(107.647602572396,11.421616147096,0.647325950142984));
#3672=CARTESIAN_POINT('Ctrl Pts',(106.655461968142,11.8207882432261,0.58467322997527));
#3673=CARTESIAN_POINT('Ctrl Pts',(106.43866925245,12.8680142863832,0.522020509807556));
#3674=CARTESIAN_POINT('Ctrl Pts',(107.190788296201,13.6282763537458,0.459367789639843));
#3675=CARTESIAN_POINT('Ctrl Pts',(108.240288025354,13.4227729244662,0.396715069472129));
#3676=CARTESIAN_POINT('Ctrl Pts',(108.650120683295,12.4349882642514,0.334062349304415));
#3677=CARTESIAN_POINT('Ctrl Pts',(108.054366030725,11.546867586059,0.271409629136702));
#3678=CARTESIAN_POINT('Ctrl Pts',(106.984945489508,11.5513718209683,0.208756908968988));
#3679=CARTESIAN_POINT('Ctrl Pts',(106.396691870226,12.4444780594142,0.146104188801275));
#3680=CARTESIAN_POINT('Ctrl Pts',(106.814831609176,13.4287773252977,0.0834514686335616));
#3681=CARTESIAN_POINT('Ctrl Pts',(107.866021500931,13.6254304086255,0.020798748465848));
#3682=CARTESIAN_POINT('Ctrl Pts',(108.611717725483,12.8588670115968,-0.0418539717018653));
#3683=CARTESIAN_POINT('Ctrl Pts',(108.386096437891,11.8134901570241,-0.104506691869579));
#3684=CARTESIAN_POINT('Ctrl Pts',(107.390661434607,11.4227180718331,-0.167159412037292));
#3685=CARTESIAN_POINT('Ctrl Pts',(106.514069050727,12.0353450499555,-0.229812132205006));
#3686=CARTESIAN_POINT('Ctrl Pts',(106.539236596024,13.1046100400338,-0.29246485237272));
#3687=CARTESIAN_POINT('Ctrl Pts',(107.443170990343,13.6753504676576,-0.355117572540433));
#3688=CARTESIAN_POINT('Ctrl Pts',(108.41988157334,13.2389649982973,-0.417770292708146));
#3689=CARTESIAN_POINT('Ctrl Pts',(108.595012055012,12.1830888622942,-0.48042301287586));
#3690=CARTESIAN_POINT('Ctrl Pts',(108.076325510036,11.6984031142436,-0.522191492987669));
#3691=CARTESIAN_POINT('Ctrl Pts',(107.771428564297,11.6171874255685,-0.543075733043573));
#3692=CARTESIAN_POINT('Ctrl Pts',(108.293421062562,13.2416952397902,1.63051424789277));
#3693=CARTESIAN_POINT('Ctrl Pts',(108.521442078807,12.9892404989475,1.60963000783687));
#3694=CARTESIAN_POINT('Ctrl Pts',(108.705893659494,12.2464221298787,1.56786152772506));
#3695=CARTESIAN_POINT('Ctrl Pts',(107.927591629591,11.3944629083047,1.50520880755735));
#3696=CARTESIAN_POINT('Ctrl Pts',(106.788177700978,11.573316362806,1.44255608738963));
#3697=CARTESIAN_POINT('Ctrl Pts',(106.305888319568,12.62014177639,1.37990336722192));
#3698=CARTESIAN_POINT('Ctrl Pts',(106.910930372259,13.6018094085795,1.31725064705421));
#3699=CARTESIAN_POINT('Ctrl Pts',(108.063288741735,13.6411062981635,1.25459792688649));
#3700=CARTESIAN_POINT('Ctrl Pts',(108.733983464741,12.7032956577433,1.19194520671878));
#3701=CARTESIAN_POINT('Ctrl Pts',(108.324228720059,11.6255361891871,1.12929248655106));
#3702=CARTESIAN_POINT('Ctrl Pts',(107.199853151358,11.3701877676315,1.06663976638335));
#3703=CARTESIAN_POINT('Ctrl Pts',(106.364768115855,12.1652003275619,1.00398704621564));
#3704=CARTESIAN_POINT('Ctrl Pts',(106.564575970784,13.3007637226964,0.941334326047924));
#3705=CARTESIAN_POINT('Ctrl Pts',(107.620880260482,13.762979102049,0.878681605880211));
#3706=CARTESIAN_POINT('Ctrl Pts',(108.590556454342,13.1391607655739,0.816028885712497));
#3707=CARTESIAN_POINT('Ctrl Pts',(108.607827782173,11.9862841358192,0.753376165544784));
#3708=CARTESIAN_POINT('Ctrl Pts',(107.657273238094,11.3336983710039,0.690723445377071));
#3709=CARTESIAN_POINT('Ctrl Pts',(106.587597473119,11.7640655139811,0.628070725209356));
#3710=CARTESIAN_POINT('Ctrl Pts',(106.353862543812,12.893131610069,0.565418005041643));
#3711=CARTESIAN_POINT('Ctrl Pts',(107.164759215137,13.712807677151,0.50276528487393));
#3712=CARTESIAN_POINT('Ctrl Pts',(108.296276684343,13.4912442848485,0.440112564706216));
#3713=CARTESIAN_POINT('Ctrl Pts',(108.738137505295,12.4262648781847,0.377459844538502));
#3714=CARTESIAN_POINT('Ctrl Pts',(108.095825003425,11.4687381307037,0.314807124370789));
#3715=CARTESIAN_POINT('Ctrl Pts',(106.942829923291,11.4735943687224,0.252154404203075));
#3716=CARTESIAN_POINT('Ctrl Pts',(106.308604655717,12.4364962948375,0.189501684035362));
#3717=CARTESIAN_POINT('Ctrl Pts',(106.759421750804,13.4977179258073,0.126848963867648));
#3718=CARTESIAN_POINT('Ctrl Pts',(107.89276146775,13.7097393232195,0.0641962436999348));
#3719=CARTESIAN_POINT('Ctrl Pts',(108.696733380619,12.8832694815434,0.00154352353222152));
#3720=CARTESIAN_POINT('Ctrl Pts',(108.4534799321,11.7561970869583,-0.0611091966354922));
#3721=CARTESIAN_POINT('Ctrl Pts',(107.380252312895,11.3348864104622,-0.123761916803206));
#3722=CARTESIAN_POINT('Ctrl Pts',(106.435154788636,11.995389799455,-0.186414636970919));
#3723=CARTESIAN_POINT('Ctrl Pts',(106.46228916168,13.148217172227,-0.249067357138633));
#3724=CARTESIAN_POINT('Ctrl Pts',(107.436865457201,13.7635606032919,-0.311720077306346));
#3725=CARTESIAN_POINT('Ctrl Pts',(108.489905354516,13.293071885503,-0.374372797474059));
#3726=CARTESIAN_POINT('Ctrl Pts',(108.678722172566,12.1546796972841,-0.437025517641773));
#3727=CARTESIAN_POINT('Ctrl Pts',(108.119500602155,11.6321160645739,-0.478793997753582));
#3728=CARTESIAN_POINT('Ctrl Pts',(107.790776152946,11.5445534211955,-0.499678237809487));
#3729=CARTESIAN_POINT('Ctrl Pts',(107.790776152946,11.5445534211955,-0.499678237809487));
#3730=CARTESIAN_POINT('Ctrl Pts',(107.832787154301,11.5606674320377,-0.499678237809487));
#3731=CARTESIAN_POINT('Ctrl Pts',(107.87354771657,11.5796978791937,-0.499678237809486));
#3732=CARTESIAN_POINT('Ctrl Pts',(107.912865298593,11.6014011240121,-0.499678237809486));
#3733=CARTESIAN_POINT('Ctrl Pts',(107.945360806062,11.619338594167,-0.499678237809486));
#3734=CARTESIAN_POINT('Ctrl Pts',(107.976870343207,11.6391030078247,-0.499678237809485));
#3735=CARTESIAN_POINT('Ctrl Pts',(108.007265515035,11.6605750030363,-0.499678237809485));
#3736=CARTESIAN_POINT('Ctrl Pts',(108.017906915419,11.6680923843948,-0.499678237809485));
#3737=CARTESIAN_POINT('Ctrl Pts',(108.0284136177,11.6758210169734,-0.499678237809487));
#3738=CARTESIAN_POINT('Ctrl Pts',(108.038760925232,11.6837411435279,-0.499678237809487));
#3739=CARTESIAN_POINT('Ctrl Pts',(108.073870904973,11.710615331043,-0.499678237809487));
#3740=CARTESIAN_POINT('Ctrl Pts',(108.10719662882,11.7397240715493,-0.499678237809487));
#3741=CARTESIAN_POINT('Ctrl Pts',(108.138529063488,11.7708519822564,-0.499678237809486));
#3742=CARTESIAN_POINT('Ctrl Pts',(108.155376725449,11.7875896703008,-0.499678237809486));
#3743=CARTESIAN_POINT('Ctrl Pts',(108.171647343594,11.8049116730075,-0.499678237809487));
#3744=CARTESIAN_POINT('Ctrl Pts',(108.187302704108,11.8227871199859,-0.499678237809487));
#3745=CARTESIAN_POINT('Ctrl Pts',(108.194012738382,11.8304487041305,-0.499678237809487));
#3746=CARTESIAN_POINT('Ctrl Pts',(108.20060969189,11.8382119756187,-0.499678237809486));
#3747=CARTESIAN_POINT('Ctrl Pts',(108.20709030226,11.8460745629809,-0.499678237809486));
#3748=CARTESIAN_POINT('Ctrl Pts',(108.212600596536,11.8527599163153,-0.499678237809486));
#3749=CARTESIAN_POINT('Ctrl Pts',(108.218020663244,11.8595096553504,-0.499678237809486));
#3750=CARTESIAN_POINT('Ctrl Pts',(108.223349042555,11.8663219534472,-0.499678237809486));
#3751=CARTESIAN_POINT('Ctrl Pts',(108.249516605245,11.899777011184,-0.499678237809486));
#3752=CARTESIAN_POINT('Ctrl Pts',(108.273477147084,11.934739896418,-0.499678237809487));
#3753=CARTESIAN_POINT('Ctrl Pts',(108.295039196237,11.9710184118423,-0.499678237809487));
#3754=CARTESIAN_POINT('Ctrl Pts',(108.316144703798,12.0065287882533,-0.499678237809487));
#3755=CARTESIAN_POINT('Ctrl Pts',(108.334952584523,12.0433006204399,-0.499678237809487));
#3756=CARTESIAN_POINT('Ctrl Pts',(108.351235516846,12.0811648526598,-0.499678237809487));
#3757=CARTESIAN_POINT('Ctrl Pts',(108.358685550847,12.0984891166122,-0.499678237809487));
#3758=CARTESIAN_POINT('Ctrl Pts',(108.365606312324,12.1160421337003,-0.499678237809487));
#3759=CARTESIAN_POINT('Ctrl Pts',(108.371972271939,12.1338077178347,-0.499678237809487));
#3760=CARTESIAN_POINT('Ctrl Pts',(108.376037692301,12.1451531507077,-0.499678237809487));
#3761=CARTESIAN_POINT('Ctrl Pts',(108.379876796708,12.1565852730523,-0.499678237809487));
#3762=CARTESIAN_POINT('Ctrl Pts',(108.383482392426,12.1680998017749,-0.499678237809487));
#3763=CARTESIAN_POINT('Ctrl Pts',(108.385935703506,12.175934490716,-0.499678237809487));
#3764=CARTESIAN_POINT('Ctrl Pts',(108.388278027373,12.1837982125143,-0.499678237809487));
#3765=CARTESIAN_POINT('Ctrl Pts',(108.390507401364,12.1916879482653,-0.499678237809487));
#3766=CARTESIAN_POINT('Ctrl Pts',(108.395827075822,12.2105142313061,-0.499678237809487));
#3767=CARTESIAN_POINT('Ctrl Pts',(108.400504780836,12.2294916272154,-0.499678237809487));
#3768=CARTESIAN_POINT('Ctrl Pts',(108.404518678633,12.2486013346105,-0.499678237809487));
#3769=CARTESIAN_POINT('Ctrl Pts',(108.412959493528,12.2887870869597,-0.499678237809487));
#3770=CARTESIAN_POINT('Ctrl Pts',(108.418468215599,12.3295585595511,-0.499678237809487));
#3771=CARTESIAN_POINT('Ctrl Pts',(108.421127245384,12.3706181804879,-0.499678237809486));
#3772=CARTESIAN_POINT('Ctrl Pts',(108.423124090448,12.4014526231371,-0.499678237809486));
#3773=CARTESIAN_POINT('Ctrl Pts',(108.423512629707,12.4324497289354,-0.499678237809487));
#3774=CARTESIAN_POINT('Ctrl Pts',(108.422309470053,12.463477316051,-0.499678237809487));
#3775=CARTESIAN_POINT('Ctrl Pts',(108.421858892475,12.4750970000963,-0.499678237809487));
#3776=CARTESIAN_POINT('Ctrl Pts',(108.421184938555,12.486720877015,-0.499678237809486));
#3777=CARTESIAN_POINT('Ctrl Pts',(108.420287977476,12.4983416590499,-0.499678237809486));
#3778=CARTESIAN_POINT('Ctrl Pts',(108.419671489455,12.5063287089691,-0.499678237809486));
#3779=CARTESIAN_POINT('Ctrl Pts',(108.418949355493,12.5143170409744,-0.499678237809487));
#3780=CARTESIAN_POINT('Ctrl Pts',(108.4181226113,12.5222949717684,-0.499678237809487));
#3781=CARTESIAN_POINT('Ctrl Pts',(108.413990934697,12.5621648980179,-0.499678237809487));
#3782=CARTESIAN_POINT('Ctrl Pts',(108.407262972523,12.6016768935468,-0.499678237809487));
#3783=CARTESIAN_POINT('Ctrl Pts',(108.398016271078,12.6405545355572,-0.499678237809487));
#3784=CARTESIAN_POINT('Ctrl Pts',(108.388883758848,12.6789520704219,-0.499678237809487));
#3785=CARTESIAN_POINT('Ctrl Pts',(108.377293695653,12.7167319448786,-0.499678237809487));
#3786=CARTESIAN_POINT('Ctrl Pts',(108.36327795,12.7536016672219,-0.499678237809487));
#3787=CARTESIAN_POINT('Ctrl Pts',(108.356849714639,12.7705117381388,-0.499678237809487));
#3788=CARTESIAN_POINT('Ctrl Pts',(108.349910687358,12.7872298872023,-0.499678237809487));
#3789=CARTESIAN_POINT('Ctrl Pts',(108.342461418716,12.8037250578155,-0.499678237809487));
#3790=CARTESIAN_POINT('Ctrl Pts',(108.3382801486,12.8129837873957,-0.499678237809487));
#3791=CARTESIAN_POINT('Ctrl Pts',(108.333938096731,12.8221722298983,-0.499678237809486));
#3792=CARTESIAN_POINT('Ctrl Pts',(108.329435168401,12.8312845903407,-0.499678237809486));
#3793=CARTESIAN_POINT('Ctrl Pts',(108.325281920906,12.8396893184229,-0.499678237809486));
#3794=CARTESIAN_POINT('Ctrl Pts',(108.320990785292,12.8480308645529,-0.499678237809487));
#3795=CARTESIAN_POINT('Ctrl Pts',(108.316572274308,12.8562856600622,-0.499678237809487));
#3796=CARTESIAN_POINT('Ctrl Pts',(108.298736928791,12.8896061905799,-0.499678237809487));
#3797=CARTESIAN_POINT('Ctrl Pts',(108.278794966173,12.9215880709287,-0.499678237809486));
#3798=CARTESIAN_POINT('Ctrl Pts',(108.256783696981,12.9519716745959,-0.499678237809486));
#3799=CARTESIAN_POINT('Ctrl Pts',(108.235502025719,12.9813481662162,-0.499678237809486));
#3800=CARTESIAN_POINT('Ctrl Pts',(108.212285314659,13.0092312165104,-0.499678237809486));
#3801=CARTESIAN_POINT('Ctrl Pts',(108.187138868177,13.0353464101881,-0.499678237809486));
#3802=CARTESIAN_POINT('Ctrl Pts',(108.182760508751,13.0398934424888,-0.499678237809486));
#3803=CARTESIAN_POINT('Ctrl Pts',(108.17832358925,13.0443867672423,-0.499678237809486));
#3804=CARTESIAN_POINT('Ctrl Pts',(108.173828067142,13.0488247863165,-0.499678237809486));
#3805=CARTESIAN_POINT('Ctrl Pts',(108.158920437151,13.0635417301268,-0.499678237809486));
#3806=CARTESIAN_POINT('Ctrl Pts',(108.143368383275,13.0776508589033,-0.499678237809487));
#3807=CARTESIAN_POINT('Ctrl Pts',(108.127217657972,13.0911277133472,-0.499678237809487));
#3808=CARTESIAN_POINT('Ctrl Pts',(108.126076052528,13.0905466452978,1.50032176219051));
#3809=CARTESIAN_POINT('Ctrl Pts',(108.154124318424,13.0668664491225,1.50032176219051));
#3810=CARTESIAN_POINT('Ctrl Pts',(108.18030213072,13.0412412596312,1.50032176219051));
#3811=CARTESIAN_POINT('Ctrl Pts',(108.204594931487,13.0139710116847,1.50032176219051));
#3812=CARTESIAN_POINT('Ctrl Pts',(108.229567881345,12.9859372521728,1.50032176219051));
#3813=CARTESIAN_POINT('Ctrl Pts',(108.252549476403,12.956164418046,1.50032176219051));
#3814=CARTESIAN_POINT('Ctrl Pts',(108.273500528395,12.9249261570973,1.50032176219051));
#3815=CARTESIAN_POINT('Ctrl Pts',(108.288487785699,12.9025799830353,1.50032176219051));
#3816=CARTESIAN_POINT('Ctrl Pts',(108.302435505504,12.8794827740395,1.50032176219051));
#3817=CARTESIAN_POINT('Ctrl Pts',(108.315319304654,12.8557219583865,1.50032176219051));
#3818=CARTESIAN_POINT('Ctrl Pts',(108.320765790882,12.8456773315093,1.50032176219051));
#3819=CARTESIAN_POINT('Ctrl Pts',(108.32602456568,12.8355083949732,1.50032176219051));
#3820=CARTESIAN_POINT('Ctrl Pts',(108.331078662848,12.8252523034834,1.50032176219051));
#3821=CARTESIAN_POINT('Ctrl Pts',(108.348371541387,12.7901605079515,1.50032176219051));
#3822=CARTESIAN_POINT('Ctrl Pts',(108.363301418555,12.7540005764728,1.50032176219051));
#3823=CARTESIAN_POINT('Ctrl Pts',(108.375834108405,12.7170666269549,1.50032176219051));
#3824=CARTESIAN_POINT('Ctrl Pts',(108.387358248769,12.6831048818307,1.50032176219051));
#3825=CARTESIAN_POINT('Ctrl Pts',(108.396855559261,12.6484875341298,1.50032176219051));
#3826=CARTESIAN_POINT('Ctrl Pts',(108.404273640834,12.6134166862821,1.50032176219051));
#3827=CARTESIAN_POINT('Ctrl Pts',(108.40944982851,12.5889449561373,1.50032176219051));
#3828=CARTESIAN_POINT('Ctrl Pts',(108.413613135529,12.5642518800011,1.50032176219051));
#3829=CARTESIAN_POINT('Ctrl Pts',(108.416737048424,12.5394015371299,1.50032176219051));
#3830=CARTESIAN_POINT('Ctrl Pts',(108.41776466509,12.5312269729372,1.50032176219051));
#3831=CARTESIAN_POINT('Ctrl Pts',(108.418679951382,12.5230332324102,1.50032176219051));
#3832=CARTESIAN_POINT('Ctrl Pts',(108.419481114876,12.514829406537,1.50032176219051));
#3833=CARTESIAN_POINT('Ctrl Pts',(108.423497165724,12.4737054885496,1.50032176219051));
#3834=CARTESIAN_POINT('Ctrl Pts',(108.424634545743,12.4324937494818,1.50032176219051));
#3835=CARTESIAN_POINT('Ctrl Pts',(108.422838352742,12.3914970910669,1.50032176219051));
#3836=CARTESIAN_POINT('Ctrl Pts',(108.421776426157,12.3672594721433,1.50032176219051));
#3837=CARTESIAN_POINT('Ctrl Pts',(108.41968836044,12.3430963680187,1.50032176219051));
#3838=CARTESIAN_POINT('Ctrl Pts',(108.416555150283,12.3190665334388,1.50032176219051));
#3839=CARTESIAN_POINT('Ctrl Pts',(108.411404618803,12.2795650594698,1.50032176219051));
#3840=CARTESIAN_POINT('Ctrl Pts',(108.403432832377,12.2404234582857,1.50032176219051));
#3841=CARTESIAN_POINT('Ctrl Pts',(108.392831001236,12.2018273548098,1.50032176219051));
#3842=CARTESIAN_POINT('Ctrl Pts',(108.390350920234,12.1927985878246,1.50032176219051));
#3843=CARTESIAN_POINT('Ctrl Pts',(108.387726692624,12.1837996750034,1.50032176219051));
#3844=CARTESIAN_POINT('Ctrl Pts',(108.384960367953,12.1748330198148,1.50032176219051));
#3845=CARTESIAN_POINT('Ctrl Pts',(108.382803422057,12.1678415808429,1.50032176219051));
#3846=CARTESIAN_POINT('Ctrl Pts',(108.380560348946,12.1608708843729,1.50032176219051));
#3847=CARTESIAN_POINT('Ctrl Pts',(108.37823559269,12.1539316022862,1.50032176219051));
#3848=CARTESIAN_POINT('Ctrl Pts',(108.365104864013,12.1147370286343,1.50032176219051));
#3849=CARTESIAN_POINT('Ctrl Pts',(108.349347625226,12.076462408268,1.50032176219051));
#3850=CARTESIAN_POINT('Ctrl Pts',(108.331209251081,12.0393045123428,1.50032176219051));
#3851=CARTESIAN_POINT('Ctrl Pts',(108.31259771434,12.0011773053671,1.50032176219051));
#3852=CARTESIAN_POINT('Ctrl Pts',(108.291478905611,11.9642248194731,1.50032176219051));
#3853=CARTESIAN_POINT('Ctrl Pts',(108.268062514337,11.9286610189261,1.50032176219051));
#3854=CARTESIAN_POINT('Ctrl Pts',(108.255612401682,11.9097523272309,1.50032176219051));
#3855=CARTESIAN_POINT('Ctrl Pts',(108.242511890677,11.8912363164692,1.50032176219051));
#3856=CARTESIAN_POINT('Ctrl Pts',(108.228786849516,11.8731468878788,1.50032176219051));
#3857=CARTESIAN_POINT('Ctrl Pts',(108.22274972773,11.8651900386315,1.50032176219051));
#3858=CARTESIAN_POINT('Ctrl Pts',(108.216591725227,11.8573157461695,1.50032176219051));
#3859=CARTESIAN_POINT('Ctrl Pts',(108.210314827566,11.8495270171818,1.50032176219051));
#3860=CARTESIAN_POINT('Ctrl Pts',(108.204705002926,11.8425660300605,1.50032176219051));
#3861=CARTESIAN_POINT('Ctrl Pts',(108.199001779794,11.8356754865623,1.50032176219051));
#3862=CARTESIAN_POINT('Ctrl Pts',(108.193213909481,11.828865565907,1.50032176219051));
#3863=CARTESIAN_POINT('Ctrl Pts',(108.164487507563,11.7950665159653,1.50032176219051));
#3864=CARTESIAN_POINT('Ctrl Pts',(108.133633180593,11.7631935735138,1.50032176219051));
#3865=CARTESIAN_POINT('Ctrl Pts',(108.100874550518,11.7334801100742,1.50032176219051));
#3866=CARTESIAN_POINT('Ctrl Pts',(108.081510192548,11.715915818122,1.50032176219051));
#3867=CARTESIAN_POINT('Ctrl Pts',(108.061479431699,11.6991063520622,1.50032176219051));
#3868=CARTESIAN_POINT('Ctrl Pts',(108.040820875487,11.6831038713441,1.50032176219051));
#3869=CARTESIAN_POINT('Ctrl Pts',(108.028558636133,11.6736053252305,1.50032176219051));
#3870=CARTESIAN_POINT('Ctrl Pts',(108.016069692821,11.6643876592312,1.50032176219051));
#3871=CARTESIAN_POINT('Ctrl Pts',(108.003390338936,11.6554819949001,1.50032176219051));
#3872=CARTESIAN_POINT('Ctrl Pts',(107.966575051884,11.629623848524,1.50032176219051));
#3873=CARTESIAN_POINT('Ctrl Pts',(107.928125641172,11.6063659641108,1.50032176219051));
#3874=CARTESIAN_POINT('Ctrl Pts',(107.888250202502,11.585955926439,1.50032176219051));
#3875=CARTESIAN_POINT('Ctrl Pts',(107.880422106379,11.5819491558026,1.50032176219051));
#3876=CARTESIAN_POINT('Ctrl Pts',(107.872538925412,11.5780522371628,1.50032176219051));
#3877=CARTESIAN_POINT('Ctrl Pts',(107.86460205641,11.5742672026463,1.50032176219051));
#3878=CARTESIAN_POINT('Ctrl Pts',(107.840731504326,11.562883511729,1.50032176219051));
#3879=CARTESIAN_POINT('Ctrl Pts',(107.81637561505,11.5525114015423,1.50032176219051));
#3880=CARTESIAN_POINT('Ctrl Pts',(107.791595330982,11.5431362032304,1.50032176219051));
#3881=CARTESIAN_POINT('Ctrl Pts',(106.712966436695,12.546007211619,0.853556390386154));
#3882=CARTESIAN_POINT('Ctrl Pts',(106.712347399625,12.459860393343,0.860302447095229));
#3883=CARTESIAN_POINT('Ctrl Pts',(106.725027833967,12.3738910315888,0.867048503804303));
#3884=CARTESIAN_POINT('Ctrl Pts',(106.75179196109,12.292556171998,0.873794560513377));
#3885=CARTESIAN_POINT('Ctrl Pts',(106.834647543224,12.0407621527863,0.894678800569282));
#3886=CARTESIAN_POINT('Ctrl Pts',(107.052478307065,11.8333842381661,0.915563040625186));
#3887=CARTESIAN_POINT('Ctrl Pts',(107.308039586447,11.7629989202151,0.936447280681091));
#3888=CARTESIAN_POINT('Ctrl Pts',(107.563600865828,11.6926136022641,0.957331520736995));
#3889=CARTESIAN_POINT('Ctrl Pts',(107.85689266075,11.7592208809823,0.9782157607929));
#3890=CARTESIAN_POINT('Ctrl Pts',(108.056980534313,11.9330905455316,0.999100000848804));
#3891=CARTESIAN_POINT('Ctrl Pts',(108.257068407876,12.1069602100809,1.01998424090471));
#3892=CARTESIAN_POINT('Ctrl Pts',(108.363952360081,12.3880922604613,1.04086848096061));
#3893=CARTESIAN_POINT('Ctrl Pts',(108.32991944584,12.6509715827747,1.06175272101652));
#3894=CARTESIAN_POINT('Ctrl Pts',(108.295886531599,12.9138509050882,1.08263696107242));
#3895=CARTESIAN_POINT('Ctrl Pts',(108.120936750911,13.1584774993347,1.10352120112833));
#3896=CARTESIAN_POINT('Ctrl Pts',(107.883166325879,13.2756655271077,1.12440544118423));
#3897=CARTESIAN_POINT('Ctrl Pts',(107.645395900847,13.3928535548807,1.14528968124014));
#3898=CARTESIAN_POINT('Ctrl Pts',(107.34480483147,13.3826030161801,1.16617392129604));
#3899=CARTESIAN_POINT('Ctrl Pts',(107.115597110064,13.2494444322169,1.18705816135195));
#3900=CARTESIAN_POINT('Ctrl Pts',(106.886389388658,13.1162858482537,1.20794240140785));
#3901=CARTESIAN_POINT('Ctrl Pts',(106.728565015223,12.8602192190278,1.22882664146375));
#3902=CARTESIAN_POINT('Ctrl Pts',(106.712555083891,12.5956544317174,1.24971088151966));
#3903=CARTESIAN_POINT('Ctrl Pts',(106.711572423717,12.5794159310962,1.25099271780849));
#3904=CARTESIAN_POINT('Ctrl Pts',(106.711124018097,12.5631454155434,1.25227455409732));
#3905=CARTESIAN_POINT('Ctrl Pts',(106.711196892921,12.5468710262328,1.25355639038615));
#3906=CARTESIAN_POINT('Ctrl Pts',(107.256937143758,11.5445534211955,1.50032176219051));
#3907=CARTESIAN_POINT('Ctrl Pts',(106.928212694548,11.6321160645739,1.47943752213461));
#3908=CARTESIAN_POINT('Ctrl Pts',(106.368990946026,12.1546783760046,1.4376690420228));
#3909=CARTESIAN_POINT('Ctrl Pts',(106.557808096113,13.2930720958497,1.37501632185509));
#3910=CARTESIAN_POINT('Ctrl Pts',(107.610847831361,13.7635602215391,1.31236360168737));
#3911=CARTESIAN_POINT('Ctrl Pts',(108.585423981746,13.148217207296,1.24971088151966));
#3912=CARTESIAN_POINT('Ctrl Pts',(108.612558382042,11.9953898098134,1.18705816135195));
#3913=CARTESIAN_POINT('Ctrl Pts',(107.667460955315,11.3348865983817,1.12440544118423));
#3914=CARTESIAN_POINT('Ctrl Pts',(106.594233490681,11.7561971722348,1.06175272101652));
#3915=CARTESIAN_POINT('Ctrl Pts',(106.350980063495,12.8832694467465,0.999100000848805));
#3916=CARTESIAN_POINT('Ctrl Pts',(107.154951878623,13.7097391689139,0.93644728068109));
#3917=CARTESIAN_POINT('Ctrl Pts',(108.288291446207,13.4977178055115,0.873794560513377));
#3918=CARTESIAN_POINT('Ctrl Pts',(108.739108485033,12.4364963078711,0.811141840345664));
#3919=CARTESIAN_POINT('Ctrl Pts',(108.104883298192,11.4735945075818,0.74848912017795));
#3920=CARTESIAN_POINT('Ctrl Pts',(106.951888367169,11.4687382693051,0.685836400010236));
#3921=CARTESIAN_POINT('Ctrl Pts',(106.309575947787,12.4262648938406,0.623183679842523));
#3922=CARTESIAN_POINT('Ctrl Pts',(106.751436711947,13.4912441630508,0.560530959674809));
#3923=CARTESIAN_POINT('Ctrl Pts',(107.882954035265,13.7128075268982,0.497878239507096));
#3924=CARTESIAN_POINT('Ctrl Pts',(108.693850602138,12.8931315654199,0.435225519339383));
#3925=CARTESIAN_POINT('Ctrl Pts',(108.460115702927,11.7640656147855,0.372572799171669));
#3926=CARTESIAN_POINT('Ctrl Pts',(107.390440075807,11.3336985273899,0.309920079003955));
#3927=CARTESIAN_POINT('Ctrl Pts',(106.439885654213,11.9862842078479,0.247267358836242));
#3928=CARTESIAN_POINT('Ctrl Pts',(106.457156979813,13.139160689566,0.184614638668528));
#3929=CARTESIAN_POINT('Ctrl Pts',(107.426833048752,13.7629789446226,0.121961918500815));
#3930=CARTESIAN_POINT('Ctrl Pts',(108.483137202218,13.3007636268367,0.0593091983331011));
#3931=CARTESIAN_POINT('Ctrl Pts',(108.682945031725,12.1652003741651,-0.00334352183461234));
#3932=CARTESIAN_POINT('Ctrl Pts',(107.847860102973,11.3701879240983,-0.0659962420023259));
#3933=CARTESIAN_POINT('Ctrl Pts',(106.72348468133,11.6255362986476,-0.128648962170039));
#3934=CARTESIAN_POINT('Ctrl Pts',(106.313729984145,12.7032956548795,-0.191301682337753));
#3935=CARTESIAN_POINT('Ctrl Pts',(106.984424633407,13.6411061250364,-0.253954402505466));
#3936=CARTESIAN_POINT('Ctrl Pts',(108.136782824386,13.6018093312614,-0.31660712267318));
#3937=CARTESIAN_POINT('Ctrl Pts',(108.741824867677,12.620141663506,-0.379259842840894));
#3938=CARTESIAN_POINT('Ctrl Pts',(108.259535381004,11.5733166785529,-0.441912563008607));
#3939=CARTESIAN_POINT('Ctrl Pts',(107.120121910761,11.3944628157082,-0.504565283176321));
#3940=CARTESIAN_POINT('Ctrl Pts',(106.34181876829,12.2464231410579,-0.567218003344034));
#3941=CARTESIAN_POINT('Ctrl Pts',(106.526271217897,12.9892404989475,-0.608986483455843));
#3942=CARTESIAN_POINT('Ctrl Pts',(106.754292234142,13.2416952397902,-0.629870723511748));
#3943=CARTESIAN_POINT('Ctrl Pts',(107.276284732406,11.6171874255685,1.5437192574246));
#3944=CARTESIAN_POINT('Ctrl Pts',(106.971387786668,11.6984031142436,1.5228350173687));
#3945=CARTESIAN_POINT('Ctrl Pts',(106.452701076491,12.1830876367873,1.48106653725689));
#3946=CARTESIAN_POINT('Ctrl Pts',(106.627831866132,13.2389651933971,1.41841381708917));
#3947=CARTESIAN_POINT('Ctrl Pts',(107.604542298809,13.6753501135761,1.35576109692146));
#3948=CARTESIAN_POINT('Ctrl Pts',(108.508476558512,13.1046100725608,1.29310837675374));
#3949=CARTESIAN_POINT('Ctrl Pts',(108.533644129086,12.0353450595631,1.23045565658603));
#3950=CARTESIAN_POINT('Ctrl Pts',(107.657051835669,11.4227182461313,1.16780293641832));
#3951=CARTESIAN_POINT('Ctrl Pts',(106.661616975752,11.8134902361195,1.1051502162506));
#3952=CARTESIAN_POINT('Ctrl Pts',(106.435995707945,12.8588669793221,1.04249749608289));
#3953=CARTESIAN_POINT('Ctrl Pts',(107.181691841842,13.6254302655047,0.979844775915177));
#3954=CARTESIAN_POINT('Ctrl Pts',(108.23288159506,13.4287772137214,0.917192055747464));
#3955=CARTESIAN_POINT('Ctrl Pts',(108.651021281828,12.4444780715031,0.85453933557975));
#3956=CARTESIAN_POINT('Ctrl Pts',(108.062767737427,11.5513719497625,0.791886615412037));
#3957=CARTESIAN_POINT('Ctrl Pts',(106.993347334513,11.5468677146139,0.729233895244323));
#3958=CARTESIAN_POINT('Ctrl Pts',(106.397592758452,12.4349882787725,0.66658117507661));
#3959=CARTESIAN_POINT('Ctrl Pts',(106.807425363718,13.422772811497,0.603928454908896));
#3960=CARTESIAN_POINT('Ctrl Pts',(107.856924957557,13.6282762143841,0.541275734741183));
#3961=CARTESIAN_POINT('Ctrl Pts',(108.609043904427,12.8680142449705,0.478623014573469));
#3962=CARTESIAN_POINT('Ctrl Pts',(108.39225121665,11.8207883367238,0.415970294405756));
#3963=CARTESIAN_POINT('Ctrl Pts',(107.400110740259,11.4216162921464,0.353317574238042));
#3964=CARTESIAN_POINT('Ctrl Pts',(106.518457000782,12.0268994747121,0.290664854070328));
#3965=CARTESIAN_POINT('Ctrl Pts',(106.534476418983,13.0962100140877,0.228012133902615));
#3966=CARTESIAN_POINT('Ctrl Pts',(107.433865778328,13.6748109703608,0.165359413734902));
#3967=CARTESIAN_POINT('Ctrl Pts',(108.413604008744,13.2460992058249,0.102706693567188));
#3968=CARTESIAN_POINT('Ctrl Pts',(108.598928821358,12.1928469507353,0.0400539733994745));
#3969=CARTESIAN_POINT('Ctrl Pts',(107.824374799528,11.4554607647283,-0.0225987467682391));
#3970=CARTESIAN_POINT('Ctrl Pts',(106.781499428538,11.6923002808845,-0.0852514669359523));
#3971=CARTESIAN_POINT('Ctrl Pts',(106.401445690599,12.6919385394532,-0.147904187103666));
#3972=CARTESIAN_POINT('Ctrl Pts',(107.023525218226,13.5617720693913,-0.21055690727138));
#3973=CARTESIAN_POINT('Ctrl Pts',(108.092355035027,13.5253236931658,-0.273209627439093));
#3974=CARTESIAN_POINT('Ctrl Pts',(108.653540768205,12.6148119428256,-0.335862347606807));
#3975=CARTESIAN_POINT('Ctrl Pts',(108.206209905525,11.6438657859365,-0.39851506777452));
#3976=CARTESIAN_POINT('Ctrl Pts',(107.149386514852,11.4779760973353,-0.461167787942235));
#3977=CARTESIAN_POINT('Ctrl Pts',(106.427498466765,12.2681823071703,-0.523820508109947));
#3978=CARTESIAN_POINT('Ctrl Pts',(106.598580930069,12.9571567482472,-0.565588988221756));
#3979=CARTESIAN_POINT('Ctrl Pts',(106.810073904153,13.1913123749594,-0.586473228277661));
#3980=CARTESIAN_POINT('Ctrl Pts',(107.295632321055,11.6898214299416,1.58711675265869));
#3981=CARTESIAN_POINT('Ctrl Pts',(107.014562878787,11.7646901639134,1.56623251260278));
#3982=CARTESIAN_POINT('Ctrl Pts',(106.536411206955,12.21149689757,1.52446403249097));
#3983=CARTESIAN_POINT('Ctrl Pts',(106.697855636152,13.1848582909445,1.46181131232326));
#3984=CARTESIAN_POINT('Ctrl Pts',(107.598236766257,13.587140005613,1.39915859215554));
#3985=CARTESIAN_POINT('Ctrl Pts',(108.431529135278,13.0610029378256,1.33650587198783));
#3986=CARTESIAN_POINT('Ctrl Pts',(108.454729876129,12.0753003093127,1.27385315182012));
#3987=CARTESIAN_POINT('Ctrl Pts',(107.646642716023,11.5105498938809,1.21120043165241));
#3988=CARTESIAN_POINT('Ctrl Pts',(106.729000460823,11.8707833000041,1.14854771148469));
#3989=CARTESIAN_POINT('Ctrl Pts',(106.521011352396,12.8344645118978,1.08589499131698));
#3990=CARTESIAN_POINT('Ctrl Pts',(107.208431805061,13.5411213620955,1.02324227114926));
#3991=CARTESIAN_POINT('Ctrl Pts',(108.177471743914,13.3598366219314,0.960589550981551));
#3992=CARTESIAN_POINT('Ctrl Pts',(108.562934078623,12.4524598351351,0.897936830813837));
#3993=CARTESIAN_POINT('Ctrl Pts',(108.020652176662,11.6291493919433,0.835284110646124));
#3994=CARTESIAN_POINT('Ctrl Pts',(107.034806301857,11.6249971599228,0.77263139047841));
#3995=CARTESIAN_POINT('Ctrl Pts',(106.485609569116,12.4437116637043,0.709978670310696));
#3996=CARTESIAN_POINT('Ctrl Pts',(106.863414015489,13.3543014599432,0.647325950142983));
#3997=CARTESIAN_POINT('Ctrl Pts',(107.83089587985,13.5437449018699,0.58467322997527));
#3998=CARTESIAN_POINT('Ctrl Pts',(108.524237206716,12.8428969245211,0.522020509807556));
#3999=CARTESIAN_POINT('Ctrl Pts',(108.324386730374,11.877511058662,0.459367789639843));
#4000=CARTESIAN_POINT('Ctrl Pts',(107.40978140471,11.509534056903,0.396715069472129));
#4001=CARTESIAN_POINT('Ctrl Pts',(106.597028347352,12.0675147415762,0.334062349304415));
#4002=CARTESIAN_POINT('Ctrl Pts',(106.611795858152,13.0532593386093,0.271409629136702));
#4003=CARTESIAN_POINT('Ctrl Pts',(107.440898507903,13.5866429960991,0.208756908968988));
#4004=CARTESIAN_POINT('Ctrl Pts',(108.34407081527,13.1914347848132,0.146104188801275));
#4005=CARTESIAN_POINT('Ctrl Pts',(108.514912610991,12.2204935273055,0.0834514686335613));
#4006=CARTESIAN_POINT('Ctrl Pts',(107.800889496083,11.5407336053583,0.0207987484658477));
#4007=CARTESIAN_POINT('Ctrl Pts',(106.839514175745,11.7590642631214,-0.0418539717018656));
#4008=CARTESIAN_POINT('Ctrl Pts',(106.489161397053,12.6805814240269,-0.104506691869579));
#4009=CARTESIAN_POINT('Ctrl Pts',(107.062625803044,13.4824380137463,-0.167159412037292));
#4010=CARTESIAN_POINT('Ctrl Pts',(108.047927245668,13.4488380550702,-0.229812132205006));
#4011=CARTESIAN_POINT('Ctrl Pts',(108.565256668733,12.6094822221453,-0.29246485237272));
#4012=CARTESIAN_POINT('Ctrl Pts',(108.152884430047,11.7144148933201,-0.355117572540433));
#4013=CARTESIAN_POINT('Ctrl Pts',(107.178651118943,11.5614893789624,-0.417770292708147));
#4014=CARTESIAN_POINT('Ctrl Pts',(106.513178165239,12.2899414732826,-0.48042301287586));
#4015=CARTESIAN_POINT('Ctrl Pts',(106.670890642241,12.9250729975469,-0.522191492987669));
#4016=CARTESIAN_POINT('Ctrl Pts',(106.865855574164,13.1409295101286,-0.543075733043574));
#4017=CARTESIAN_POINT('Ctrl Pts',(107.314979909704,11.7624554343146,1.63051424789277));
#4018=CARTESIAN_POINT('Ctrl Pts',(107.057737970906,11.8309772135832,1.60963000783687));
#4019=CARTESIAN_POINT('Ctrl Pts',(106.620121337419,12.2399061583527,1.56786152772506));
#4020=CARTESIAN_POINT('Ctrl Pts',(106.767879406171,13.1307513884919,1.50520880755735));
#4021=CARTESIAN_POINT('Ctrl Pts',(107.591931233705,13.49892989765,1.44255608738963));
#4022=CARTESIAN_POINT('Ctrl Pts',(108.354581712044,13.0173958030905,1.37990336722192));
#4023=CARTESIAN_POINT('Ctrl Pts',(108.375815623173,12.1152555590624,1.3172506470542));
#4024=CARTESIAN_POINT('Ctrl Pts',(107.636233596376,11.5983815416305,1.25459792688649));
#4025=CARTESIAN_POINT('Ctrl Pts',(106.796383945893,11.9280763638887,1.19194520671878));
#4026=CARTESIAN_POINT('Ctrl Pts',(106.606026996846,12.8100620444734,1.12929248655106));
#4027=CARTESIAN_POINT('Ctrl Pts',(107.23517176828,13.4568124586863,1.06663976638335));
#4028=CARTESIAN_POINT('Ctrl Pts',(108.122061892768,13.2908960301414,1.00398704621564));
#4029=CARTESIAN_POINT('Ctrl Pts',(108.474846875417,12.4604415987671,0.941334326047924));
#4030=CARTESIAN_POINT('Ctrl Pts',(107.978536615898,11.7069268341241,0.878681605880211));
#4031=CARTESIAN_POINT('Ctrl Pts',(107.0762652692,11.7031266052316,0.816028885712497));
#4032=CARTESIAN_POINT('Ctrl Pts',(106.573626379781,12.4524350486362,0.753376165544783));
#4033=CARTESIAN_POINT('Ctrl Pts',(106.91940266726,13.2858301083894,0.69072344537707));
#4034=CARTESIAN_POINT('Ctrl Pts',(107.804866802142,13.4592135893558,0.628070725209357));
#4035=CARTESIAN_POINT('Ctrl Pts',(108.439430509005,12.8177796040717,0.565418005041643));
#4036=CARTESIAN_POINT('Ctrl Pts',(108.256522244097,11.9342337806003,0.50276528487393));
#4037=CARTESIAN_POINT('Ctrl Pts',(107.419452069162,11.5974518216595,0.440112564706216));
#4038=CARTESIAN_POINT('Ctrl Pts',(106.675599693922,12.1081300084404,0.377459844538502));
#4039=CARTESIAN_POINT('Ctrl Pts',(106.689115297321,13.010308663131,0.314807124370789));
#4040=CARTESIAN_POINT('Ctrl Pts',(107.447931237479,13.4984750218373,0.252154404203075));
#4041=CARTESIAN_POINT('Ctrl Pts',(108.274537621797,13.1367703638014,0.189501684035362));
#4042=CARTESIAN_POINT('Ctrl Pts',(108.430896400625,12.2481401038757,0.126848963867648));
#4043=CARTESIAN_POINT('Ctrl Pts',(107.777404192638,11.6260064459883,0.0641962436999346));
#4044=CARTESIAN_POINT('Ctrl Pts',(106.897528922953,11.8258282453583,0.00154352353222121));
#4045=CARTESIAN_POINT('Ctrl Pts',(106.576877103507,12.6692243086006,-0.0611091966354924));
#4046=CARTESIAN_POINT('Ctrl Pts',(107.101726387862,13.4031039581013,-0.123761916803206));
#4047=CARTESIAN_POINT('Ctrl Pts',(108.003499456309,13.3723524169746,-0.186414636970919));
#4048=CARTESIAN_POINT('Ctrl Pts',(108.47697256926,12.604152501465,-0.249067357138633));
#4049=CARTESIAN_POINT('Ctrl Pts',(108.099558954569,11.7849640007037,-0.311720077306347));
#4050=CARTESIAN_POINT('Ctrl Pts',(107.207915723034,11.6450026605895,-0.37437279747406));
#4051=CARTESIAN_POINT('Ctrl Pts',(106.598857863714,12.311700639395,-0.437025517641773));
#4052=CARTESIAN_POINT('Ctrl Pts',(106.743200354413,12.8929892468466,-0.478793997753582));
#4053=CARTESIAN_POINT('Ctrl Pts',(106.921637244175,13.0905466452978,-0.499678237809487));
#4054=CARTESIAN_POINT('Ctrl Pts',(106.921637244175,13.0905466452978,-0.499678237809486));
#4055=CARTESIAN_POINT('Ctrl Pts',(106.894254823965,13.0674285999703,-0.499678237809486));
#4056=CARTESIAN_POINT('Ctrl Pts',(106.868630142616,13.0424354730707,-0.499678237809487));
#4057=CARTESIAN_POINT('Ctrl Pts',(106.844784326486,13.0158353116566,-0.499678237809487));
#4058=CARTESIAN_POINT('Ctrl Pts',(106.830873102453,13.0003172516858,-0.499678237809487));
#4059=CARTESIAN_POINT('Ctrl Pts',(106.817567588891,12.9842513515053,-0.499678237809487));
#4060=CARTESIAN_POINT('Ctrl Pts',(106.804875192731,12.9676841607869,-0.499678237809487));
#4061=CARTESIAN_POINT('Ctrl Pts',(106.797753961157,12.9583889260527,-0.499678237809487));
#4062=CARTESIAN_POINT('Ctrl Pts',(106.790825780895,12.9489358075767,-0.499678237809487));
#4063=CARTESIAN_POINT('Ctrl Pts',(106.784092359804,12.9393324557192,-0.499678237809487));
#4064=CARTESIAN_POINT('Ctrl Pts',(106.779146137185,12.9322780452593,-0.499678237809487));
#4065=CARTESIAN_POINT('Ctrl Pts',(106.774306233623,12.9251441367826,-0.499678237809486));
#4066=CARTESIAN_POINT('Ctrl Pts',(106.769578132996,12.9179416381475,-0.499678237809486));
#4067=CARTESIAN_POINT('Ctrl Pts',(106.748420847051,12.8857119258038,-0.499678237809486));
#4068=CARTESIAN_POINT('Ctrl Pts',(106.729470336917,12.8520705935586,-0.499678237809486));
#4069=CARTESIAN_POINT('Ctrl Pts',(106.712767688998,12.8173059008929,-0.499678237809485));
#4070=CARTESIAN_POINT('Ctrl Pts',(106.701970834714,12.7948334568378,-0.499678237809485));
#4071=CARTESIAN_POINT('Ctrl Pts',(106.692113797107,12.7718906072406,-0.499678237809486));
#4072=CARTESIAN_POINT('Ctrl Pts',(106.683215157178,12.7485467163182,-0.499678237809485));
#4073=CARTESIAN_POINT('Ctrl Pts',(106.680056675351,12.7402610394223,-0.499678237809485));
#4074=CARTESIAN_POINT('Ctrl Pts',(106.677019358413,12.7319253661612,-0.499678237809487));
#4075=CARTESIAN_POINT('Ctrl Pts',(106.674108284887,12.72355565813,-0.499678237809487));
#4076=CARTESIAN_POINT('Ctrl Pts',(106.660875594375,12.6855099835387,-0.499678237809486));
#4077=CARTESIAN_POINT('Ctrl Pts',(106.650222415791,12.6466972019441,-0.499678237809486));
#4078=CARTESIAN_POINT('Ctrl Pts',(106.642192219044,12.6074206023313,-0.499678237809486));
#4079=CARTESIAN_POINT('Ctrl Pts',(106.634126701927,12.5679712467992,-0.499678237809486));
#4080=CARTESIAN_POINT('Ctrl Pts',(106.628706616185,12.5280528362073,-0.499678237809486));
#4081=CARTESIAN_POINT('Ctrl Pts',(106.626017674803,12.4879408714764,-0.499678237809486));
#4082=CARTESIAN_POINT('Ctrl Pts',(106.624724613517,12.4686517828387,-0.499678237809486));
#4083=CARTESIAN_POINT('Ctrl Pts',(106.624063799302,12.4493175728844,-0.499678237809487));
#4084=CARTESIAN_POINT('Ctrl Pts',(106.624048886503,12.4299675017655,-0.499678237809487));
#4085=CARTESIAN_POINT('Ctrl Pts',(106.62404246687,12.4216377201434,-0.499678237809487));
#4086=CARTESIAN_POINT('Ctrl Pts',(106.6241557764,12.4133049927634,-0.499678237809485));
#4087=CARTESIAN_POINT('Ctrl Pts',(106.624390074345,12.4049716343046,-0.499678237809485));
#4088=CARTESIAN_POINT('Ctrl Pts',(106.624618264406,12.3968555171301,-0.499678237809485));
#4089=CARTESIAN_POINT('Ctrl Pts',(106.624960969247,12.3887483458086,-0.499678237809486));
#4090=CARTESIAN_POINT('Ctrl Pts',(106.62541846341,12.3806542395416,-0.499678237809486));
#4091=CARTESIAN_POINT('Ctrl Pts',(106.626584080451,12.3600318383012,-0.499678237809486));
#4092=CARTESIAN_POINT('Ctrl Pts',(106.628494756548,12.3394904842357,-0.499678237809486));
#4093=CARTESIAN_POINT('Ctrl Pts',(106.631157732757,12.319067043061,-0.499678237809486));
#4094=CARTESIAN_POINT('Ctrl Pts',(106.636360850357,12.2791622306026,-0.499678237809486));
#4095=CARTESIAN_POINT('Ctrl Pts',(106.644432201572,12.2397078888526,-0.499678237809487));
#4096=CARTESIAN_POINT('Ctrl Pts',(106.65513846751,12.2008957443734,-0.499678237809487));
#4097=CARTESIAN_POINT('Ctrl Pts',(106.664421962931,12.167241399562,-0.499678237809487));
#4098=CARTESIAN_POINT('Ctrl Pts',(106.675687663821,12.1340693195279,-0.499678237809486));
#4099=CARTESIAN_POINT('Ctrl Pts',(106.688815302184,12.1015032854709,-0.499678237809486));
#4100=CARTESIAN_POINT('Ctrl Pts',(106.693745827573,12.0892720178735,-0.499678237809486));
#4101=CARTESIAN_POINT('Ctrl Pts',(106.698939284562,12.0771262673071,-0.499678237809486));
#4102=CARTESIAN_POINT('Ctrl Pts',(106.704390279707,12.0650727635431,-0.499678237809486));
#4103=CARTESIAN_POINT('Ctrl Pts',(106.707814975664,12.0574999104194,-0.499678237809486));
#4104=CARTESIAN_POINT('Ctrl Pts',(106.711341363636,12.0499637116489,-0.499678237809486));
#4105=CARTESIAN_POINT('Ctrl Pts',(106.714961650556,12.0424785480303,-0.499678237809486));
#4106=CARTESIAN_POINT('Ctrl Pts',(106.733363296139,12.0044320254537,-0.499678237809486));
#4107=CARTESIAN_POINT('Ctrl Pts',(106.754223848814,11.9676200139308,-0.499678237809486));
#4108=CARTESIAN_POINT('Ctrl Pts',(106.777301971534,11.9322447545876,-0.499678237809486));
#4109=CARTESIAN_POINT('Ctrl Pts',(106.800916158033,11.8960477908338,-0.499678237809487));
#4110=CARTESIAN_POINT('Ctrl Pts',(106.82685249917,11.8613540022973,-0.499678237809487));
#4111=CARTESIAN_POINT('Ctrl Pts',(106.854905996705,11.8283875462306,-0.499678237809487));
#4112=CARTESIAN_POINT('Ctrl Pts',(106.868825688879,11.8120301234193,-0.499678237809487));
#4113=CARTESIAN_POINT('Ctrl Pts',(106.883267405069,11.7960981858558,-0.499678237809487));
#4114=CARTESIAN_POINT('Ctrl Pts',(106.89821036154,11.7806211054023,-0.499678237809487));
#4115=CARTESIAN_POINT('Ctrl Pts',(106.905578495847,11.7729896030504,-0.499678237809487));
#4116=CARTESIAN_POINT('Ctrl Pts',(106.913068537982,11.7654687168631,-0.499678237809486));
#4117=CARTESIAN_POINT('Ctrl Pts',(106.920678220441,11.7580621400665,-0.499678237809486));
#4118=CARTESIAN_POINT('Ctrl Pts',(106.926778273281,11.7521249002319,-0.499678237809486));
#4119=CARTESIAN_POINT('Ctrl Pts',(106.932955190351,11.7462613012009,-0.499678237809487));
#4120=CARTESIAN_POINT('Ctrl Pts',(106.939197112916,11.7404827603393,-0.499678237809487));
#4121=CARTESIAN_POINT('Ctrl Pts',(106.972074956621,11.7100456696305,-0.499678237809486));
#4122=CARTESIAN_POINT('Ctrl Pts',(107.006822760137,11.6818974112744,-0.499678237809487));
#4123=CARTESIAN_POINT('Ctrl Pts',(107.043209334794,11.6562654873408,-0.499678237809487));
#4124=CARTESIAN_POINT('Ctrl Pts',(107.079395937873,11.6307744300957,-0.499678237809487));
#4125=CARTESIAN_POINT('Ctrl Pts',(107.117204063789,11.6077710018103,-0.499678237809488));
#4126=CARTESIAN_POINT('Ctrl Pts',(107.156449346381,11.587505481947,-0.499678237809488));
#4127=CARTESIAN_POINT('Ctrl Pts',(107.165264595368,11.5829534545021,-0.499678237809488));
#4128=CARTESIAN_POINT('Ctrl Pts',(107.174152502562,11.5785397100851,-0.499678237809487));
#4129=CARTESIAN_POINT('Ctrl Pts',(107.183111222268,11.5742673607683,-0.499678237809487));
#4130=CARTESIAN_POINT('Ctrl Pts',(107.206964356393,11.5628919718021,-0.499678237809488));
#4131=CARTESIAN_POINT('Ctrl Pts',(107.231319258727,11.5525185129913,-0.499678237809487));
#4132=CARTESIAN_POINT('Ctrl Pts',(107.256117968452,11.5431363399454,-0.499678237809487));
#4133=CARTESIAN_POINT('Ctrl Pts',(106.712702697345,12.5472793583407,1.14708713399487));
#4134=CARTESIAN_POINT('Ctrl Pts',(106.712086927297,12.6229628046135,1.14115558484694));
#4135=CARTESIAN_POINT('Ctrl Pts',(106.721839838522,12.6984908068989,1.135224035699));
#4136=CARTESIAN_POINT('Ctrl Pts',(106.742610616926,12.7708561667447,1.12929248655106));
#4137=CARTESIAN_POINT('Ctrl Pts',(106.815741920657,13.0256455158777,1.10840824649516));
#4138=CARTESIAN_POINT('Ctrl Pts',(107.025456844468,13.241228987282,1.08752400643926));
#4139=CARTESIAN_POINT('Ctrl Pts',(107.278129327122,13.3213679848933,1.06663976638335));
#4140=CARTESIAN_POINT('Ctrl Pts',(107.530801809776,13.4015069825047,1.04575552632745));
#4141=CARTESIAN_POINT('Ctrl Pts',(107.826431851272,13.346201506323,1.02487128627154));
#4142=CARTESIAN_POINT('Ctrl Pts',(108.033044369128,13.1801396963365,1.00398704621564));
#4143=CARTESIAN_POINT('Ctrl Pts',(108.239656886984,13.01407788635,0.983102806159733));
#4144=CARTESIAN_POINT('Ctrl Pts',(108.357251881201,12.7372597425585,0.962218566103828));
#4145=CARTESIAN_POINT('Ctrl Pts',(108.333331001722,12.4732648765556,0.941334326047924));
#4146=CARTESIAN_POINT('Ctrl Pts',(108.309410122244,12.2092700105528,0.92045008599202));
#4147=CARTESIAN_POINT('Ctrl Pts',(108.143973369071,11.9580984223384,0.899565845936115));
#4148=CARTESIAN_POINT('Ctrl Pts',(107.910876434701,11.8318792567492,0.878681605880211));
#4149=CARTESIAN_POINT('Ctrl Pts',(107.677779500332,11.7056600911599,0.857797365824306));
#4150=CARTESIAN_POINT('Ctrl Pts',(107.377022384766,11.7043933481957,0.836913125768402));
#4151=CARTESIAN_POINT('Ctrl Pts',(107.142870678747,11.8286447172811,0.816028885712497));
#4152=CARTESIAN_POINT('Ctrl Pts',(106.908718972727,11.9528960863665,0.795144645656592));
#4153=CARTESIAN_POINT('Ctrl Pts',(106.741172676254,12.2026655675013,0.774260405600688));
#4154=CARTESIAN_POINT('Ctrl Pts',(106.715028909264,12.4664494846943,0.753376165544783));
#4155=CARTESIAN_POINT('Ctrl Pts',(106.712404618172,12.4929279101026,0.751279821694813));
#4156=CARTESIAN_POINT('Ctrl Pts',(106.71120509741,12.5195475448142,0.749183477844843));
#4157=CARTESIAN_POINT('Ctrl Pts',(106.711378304813,12.5461829561997,0.747087133994873));
#4158=CARTESIAN_POINT('Ctrl Pts',(107.256937143758,11.5445534211955,1.50032176219051));
#4159=CARTESIAN_POINT('Ctrl Pts',(107.215464568357,11.5604609099032,1.50032176219051));
#4160=CARTESIAN_POINT('Ctrl Pts',(107.175263161252,11.5791900463262,1.50032176219051));
#4161=CARTESIAN_POINT('Ctrl Pts',(107.136503085619,11.6004895358818,1.50032176219051));
#4162=CARTESIAN_POINT('Ctrl Pts',(107.097360447018,11.621999251961,1.50032176219051));
#4163=CARTESIAN_POINT('Ctrl Pts',(107.059686925095,11.6461313454998,1.50032176219051));
#4164=CARTESIAN_POINT('Ctrl Pts',(107.023693059046,11.672667204518,1.50032176219051));
#4165=CARTESIAN_POINT('Ctrl Pts',(106.999965417548,11.6901600003397,1.50032176219051));
#4166=CARTESIAN_POINT('Ctrl Pts',(106.976968439951,11.7086981753656,1.50032176219051));
#4167=CARTESIAN_POINT('Ctrl Pts',(106.954773260578,11.7282252082215,1.50032176219051));
#4168=CARTESIAN_POINT('Ctrl Pts',(106.946564469157,11.7354471971543,1.50032176219051));
#4169=CARTESIAN_POINT('Ctrl Pts',(106.938465446049,11.7428044823841,1.50032176219051));
#4170=CARTESIAN_POINT('Ctrl Pts',(106.930480133877,11.7502943057275,1.50032176219051));
#4171=CARTESIAN_POINT('Ctrl Pts',(106.925000016502,11.7554343816758,1.50032176219051));
#4172=CARTESIAN_POINT('Ctrl Pts',(106.919574706236,11.7606358020725,1.50032176219051));
#4173=CARTESIAN_POINT('Ctrl Pts',(106.914211921807,11.7658909881474,1.50032176219051));
#4174=CARTESIAN_POINT('Ctrl Pts',(106.88318170526,11.7962986176257,1.50032176219051));
#4175=CARTESIAN_POINT('Ctrl Pts',(106.854177217752,11.828563656511,1.50032176219051));
#4176=CARTESIAN_POINT('Ctrl Pts',(106.827387243145,11.8624758273872,1.50032176219051));
#4177=CARTESIAN_POINT('Ctrl Pts',(106.801279031761,11.8955249862129,1.50032176219051));
#4178=CARTESIAN_POINT('Ctrl Pts',(106.777273652879,11.9301395478618,1.50032176219051));
#4179=CARTESIAN_POINT('Ctrl Pts',(106.755590883251,11.9661426464107,1.50032176219051));
#4180=CARTESIAN_POINT('Ctrl Pts',(106.742424308325,11.988005051572,1.50032176219051));
#4181=CARTESIAN_POINT('Ctrl Pts',(106.730115066736,12.0103797370909,1.50032176219051));
#4182=CARTESIAN_POINT('Ctrl Pts',(106.718721730917,12.0332280696446,1.50032176219051));
#4183=CARTESIAN_POINT('Ctrl Pts',(106.714869608531,12.0409531621646,1.50032176219051));
#4184=CARTESIAN_POINT('Ctrl Pts',(106.711122250632,12.0487323984386,1.50032176219051));
#4185=CARTESIAN_POINT('Ctrl Pts',(106.707482121584,12.0565642757597,1.50032176219051));
#4186=CARTESIAN_POINT('Ctrl Pts',(106.703873123605,12.0643291733908,1.50032176219051));
#4187=CARTESIAN_POINT('Ctrl Pts',(106.700373494641,12.0721373482659,1.50032176219051));
#4188=CARTESIAN_POINT('Ctrl Pts',(106.696986090373,12.0799843467374,1.50032176219051));
#4189=CARTESIAN_POINT('Ctrl Pts',(106.680913946915,12.1172158299499,1.50032176219051));
#4190=CARTESIAN_POINT('Ctrl Pts',(106.667354590945,12.1553413546367,1.50032176219051));
#4191=CARTESIAN_POINT('Ctrl Pts',(106.656501410746,12.194194540276,1.50032176219051));
#4192=CARTESIAN_POINT('Ctrl Pts',(106.651477576137,12.212179312952,1.50032176219051));
#4193=CARTESIAN_POINT('Ctrl Pts',(106.647034287268,12.2303201163048,1.50032176219051));
#4194=CARTESIAN_POINT('Ctrl Pts',(106.643194548015,12.2486006759087,1.50032176219051));
#4195=CARTESIAN_POINT('Ctrl Pts',(106.635818079456,12.2837191993977,1.50032176219051));
#4196=CARTESIAN_POINT('Ctrl Pts',(106.630667532651,12.3193542489003,1.50032176219051));
#4197=CARTESIAN_POINT('Ctrl Pts',(106.62771125077,12.3553043711117,1.50032176219051));
#4198=CARTESIAN_POINT('Ctrl Pts',(106.626717255491,12.3673919369022,1.50032176219051));
#4199=CARTESIAN_POINT('Ctrl Pts',(106.625971552739,12.3795150330579,1.50032176219051));
#4200=CARTESIAN_POINT('Ctrl Pts',(106.625473603683,12.3916656648039,1.50032176219051));
#4201=CARTESIAN_POINT('Ctrl Pts',(106.625067595314,12.4015728191882,1.50032176219051));
#4202=CARTESIAN_POINT('Ctrl Pts',(106.624826462448,12.4115006578505,1.50032176219051));
#4203=CARTESIAN_POINT('Ctrl Pts',(106.624749712115,12.4214215058327,1.50032176219051));
#4204=CARTESIAN_POINT('Ctrl Pts',(106.624437087117,12.4618318198264,1.50032176219051));
#4205=CARTESIAN_POINT('Ctrl Pts',(106.626842790027,12.5022101864868,1.50032176219051));
#4206=CARTESIAN_POINT('Ctrl Pts',(106.631882272874,12.5422741143231,1.50032176219051));
#4207=CARTESIAN_POINT('Ctrl Pts',(106.636884694222,12.5820434029544,1.50032176219051));
#4208=CARTESIAN_POINT('Ctrl Pts',(106.644482903883,12.621504068055,1.50032176219051));
#4209=CARTESIAN_POINT('Ctrl Pts',(106.654639882545,12.6603579502683,1.50032176219051));
#4210=CARTESIAN_POINT('Ctrl Pts',(106.659828923843,12.6802077900744,1.50032176219051));
#4211=CARTESIAN_POINT('Ctrl Pts',(106.665686491708,12.6998987929861,1.50032176219051));
#4212=CARTESIAN_POINT('Ctrl Pts',(106.672211541002,12.7193874577149,1.50032176219051));
#4213=CARTESIAN_POINT('Ctrl Pts',(106.675091642152,12.7279895882355,1.50032176219051));
#4214=CARTESIAN_POINT('Ctrl Pts',(106.678102529947,12.7365541783359,1.50032176219051));
#4215=CARTESIAN_POINT('Ctrl Pts',(106.68124198141,12.7450711464843,1.50032176219051));
#4216=CARTESIAN_POINT('Ctrl Pts',(106.694605024567,12.781323534607,1.50032176219051));
#4217=CARTESIAN_POINT('Ctrl Pts',(106.710252069879,12.8166044676906,1.50032176219051));
#4218=CARTESIAN_POINT('Ctrl Pts',(106.728145264234,12.8506382298525,1.50032176219051));
#4219=CARTESIAN_POINT('Ctrl Pts',(106.738414564128,12.8701709585085,1.50032176219051));
#4220=CARTESIAN_POINT('Ctrl Pts',(106.749424424188,12.8892923085657,1.50032176219051));
#4221=CARTESIAN_POINT('Ctrl Pts',(106.761172738332,12.9079441613942,1.50032176219051));
#4222=CARTESIAN_POINT('Ctrl Pts',(106.766712351303,12.9167389590641,1.50032176219051));
#4223=CARTESIAN_POINT('Ctrl Pts',(106.772416196893,12.925429299066,1.50032176219051));
#4224=CARTESIAN_POINT('Ctrl Pts',(106.778284298368,12.934008673538,1.50032176219051));
#4225=CARTESIAN_POINT('Ctrl Pts',(106.783882349425,12.9421932246298,1.50032176219051));
#4226=CARTESIAN_POINT('Ctrl Pts',(106.789625390024,12.9502701104361,1.50032176219051));
#4227=CARTESIAN_POINT('Ctrl Pts',(106.795510069184,12.9582304887988,1.50032176219051));
#4228=CARTESIAN_POINT('Ctrl Pts',(106.817237022961,12.9876211774033,1.50032176219051));
#4229=CARTESIAN_POINT('Ctrl Pts',(106.840904484922,13.0154443747086,1.50032176219051));
#4230=CARTESIAN_POINT('Ctrl Pts',(106.866498695401,13.0414295204469,1.50032176219051));
#4231=CARTESIAN_POINT('Ctrl Pts',(106.868943295222,13.0439114599728,1.50032176219051));
#4232=CARTESIAN_POINT('Ctrl Pts',(106.871405492148,13.0463765968408,1.50032176219051));
#4233=CARTESIAN_POINT('Ctrl Pts',(106.873885286156,13.0488246727648,1.50032176219051));
#4234=CARTESIAN_POINT('Ctrl Pts',(106.888801234608,13.0635498370998,1.50032176219051));
#4235=CARTESIAN_POINT('Ctrl Pts',(106.90435378807,13.0776581195189,1.50032176219051));
#4236=CARTESIAN_POINT('Ctrl Pts',(106.920495698785,13.0911276247803,1.50032176219051));
#4237=CARTESIAN_POINT('Origin',(91.9738566483518,12.5466127897298,2.38374887608841));
#4238=CARTESIAN_POINT('Ctrl Pts',(90.9353799041584,12.5469417562496,1.38374887608842));
#4239=CARTESIAN_POINT('Ctrl Pts',(90.9352867237107,12.5677382886383,1.38246703979958));
#4240=CARTESIAN_POINT('Ctrl Pts',(90.9451945206736,12.9272756465852,1.36030096345485));
#4241=CARTESIAN_POINT('Ctrl Pts',(91.3609345800596,13.6018063858409,1.3172506470542));
#4242=CARTESIAN_POINT('Ctrl Pts',(92.513285465328,13.6410990471198,1.25459792688649));
#4243=CARTESIAN_POINT('Ctrl Pts',(93.183977196017,12.7032955960578,1.19194520671878));
#4244=CARTESIAN_POINT('Ctrl Pts',(92.7742243879898,11.6255406788496,1.12929248655107));
#4245=CARTESIAN_POINT('Ctrl Pts',(91.649854905294,11.3701942478441,1.06663976638335));
#4246=CARTESIAN_POINT('Ctrl Pts',(91.0032181759894,11.9858011130014,1.01812522956247));
#4247=CARTESIAN_POINT('Ctrl Pts',(90.9368503454216,12.4357541485456,0.99049493279749));
#4248=CARTESIAN_POINT('Ctrl Pts',(90.9376413967853,12.5458389038411,0.983748876088416));
#4249=CARTESIAN_POINT('Ctrl Pts',(90.9379977209675,12.5457088028962,1.41689464829261));
#4250=CARTESIAN_POINT('Ctrl Pts',(90.939504742441,12.7735287839595,1.40293520614677));
#4251=CARTESIAN_POINT('Ctrl Pts',(91.1242029687796,13.3450808303332,1.36809152394502));
#4252=CARTESIAN_POINT('Ctrl Pts',(92.0608474890587,13.76354392442,1.31236360168737));
#4253=CARTESIAN_POINT('Ctrl Pts',(93.035417622502,13.148219018752,1.24971088151966));
#4254=CARTESIAN_POINT('Ctrl Pts',(93.0625532034351,11.9953900440891,1.18705816135195));
#4255=CARTESIAN_POINT('Ctrl Pts',(92.1174597521605,11.3348944771386,1.12440544118423));
#4256=CARTESIAN_POINT('Ctrl Pts',(91.1458442578764,11.7163141304462,1.06768427016445));
#4257=CARTESIAN_POINT('Ctrl Pts',(90.93928804698,12.3036608611944,1.03184733920058));
#4258=CARTESIAN_POINT('Ctrl Pts',(90.9373043790651,12.5474645533172,1.01689464829261));
#4259=CARTESIAN_POINT('Ctrl Pts',(92.5760760525285,13.0905466452978,1.50032176219051));
#4260=CARTESIAN_POINT('Ctrl Pts',(92.7545129422903,12.8929892468466,1.47943752213461));
#4261=CARTESIAN_POINT('Ctrl Pts',(92.8988836672484,12.3117333642033,1.4376690420228));
#4262=CARTESIAN_POINT('Ctrl Pts',(92.289789119233,11.6449989404705,1.37501632185509));
#4263=CARTESIAN_POINT('Ctrl Pts',(91.3981613257504,11.7849742772057,1.31236360168737));
#4264=CARTESIAN_POINT('Ctrl Pts',(91.0207440472987,12.6041487068229,1.24971088151966));
#4265=CARTESIAN_POINT('Ctrl Pts',(91.4942170548907,13.3723501120481,1.18705816135195));
#4266=CARTESIAN_POINT('Ctrl Pts',(92.3959844062845,13.4030984193074,1.12440544118423));
#4267=CARTESIAN_POINT('Ctrl Pts',(92.9208314067224,12.6692242625699,1.06175272101652));
#4268=CARTESIAN_POINT('Ctrl Pts',(92.6001810656288,11.8258316730671,0.999100000848805));
#4269=CARTESIAN_POINT('Ctrl Pts',(91.7203104434421,11.626011394609,0.93644728068109));
#4270=CARTESIAN_POINT('Ctrl Pts',(91.0668215981555,12.2481415663591,0.873794560513378));
#4271=CARTESIAN_POINT('Ctrl Pts',(91.2231795771418,13.1367673443403,0.811141840345663));
#4272=CARTESIAN_POINT('Ctrl Pts',(92.0497816637255,13.4984700544146,0.748489120177951));
#4273=CARTESIAN_POINT('Ctrl Pts',(92.8085936642292,13.0103062669407,0.685836400010236));
#4274=CARTESIAN_POINT('Ctrl Pts',(92.8221091971063,12.1081322796619,0.623183679842524));
#4275=CARTESIAN_POINT('Ctrl Pts',(92.0782606851455,11.5974567544283,0.560530959674809));
#4276=CARTESIAN_POINT('Ctrl Pts',(91.2411948581937,11.9342369598848,0.497878239507096));
#4277=CARTESIAN_POINT('Ctrl Pts',(91.0582875425023,12.8177781958347,0.435225519339382));
#4278=CARTESIAN_POINT('Ctrl Pts',(91.6928479549998,13.4592088504251,0.372572799171669));
#4279=CARTESIAN_POINT('Ctrl Pts',(92.5783074882705,13.2858262665885,0.309920079003955));
#4280=CARTESIAN_POINT('Ctrl Pts',(92.9240819849784,12.4524355429509,0.247267358836242));
#4281=CARTESIAN_POINT('Ctrl Pts',(92.4214456964583,11.7031309757592,0.184614638668528));
#4282=CARTESIAN_POINT('Ctrl Pts',(91.5191790542259,11.7069312157432,0.121961918500815));
#4283=CARTESIAN_POINT('Ctrl Pts',(91.0228713384606,12.4604420061712,0.0593091983331011));
#4284=CARTESIAN_POINT('Ctrl Pts',(91.3756545511966,13.2908922429087,-0.00334352183461259));
#4285=CARTESIAN_POINT('Ctrl Pts',(92.2625399568852,13.4568075788253,-0.065996242002326));
#4286=CARTESIAN_POINT('Ctrl Pts',(92.8916816586522,12.810060971128,-0.12864896217004));
#4287=CARTESIAN_POINT('Ctrl Pts',(92.7013253614006,11.9280790090855,-0.191301682337753));
#4288=CARTESIAN_POINT('Ctrl Pts',(91.8614806176855,11.5983875499149,-0.253954402505467));
#4289=CARTESIAN_POINT('Ctrl Pts',(91.1219016247728,12.1152557417019,-0.31660712267318));
#4290=CARTESIAN_POINT('Ctrl Pts',(91.143136435528,13.0173971777974,-0.379259842840894));
#4291=CARTESIAN_POINT('Ctrl Pts',(91.905782323928,13.4989174755207,-0.441912563008607));
#4292=CARTESIAN_POINT('Ctrl Pts',(92.72982882557,13.1307591126706,-0.504565283176321));
#4293=CARTESIAN_POINT('Ctrl Pts',(92.8775978186304,12.239863335993,-0.567218003344035));
#4294=CARTESIAN_POINT('Ctrl Pts',(92.4399753257977,11.8309772135832,-0.608986483455844));
#4295=CARTESIAN_POINT('Ctrl Pts',(92.1827333869998,11.7624554343146,-0.629870723511748));
#4296=CARTESIAN_POINT('Ctrl Pts',(92.6318577225395,13.1409295101286,1.5437192574246));
#4297=CARTESIAN_POINT('Ctrl Pts',(92.8268226544625,12.9250729975469,1.5228350173687));
#4298=CARTESIAN_POINT('Ctrl Pts',(92.9845659809725,12.2899772292859,1.48106653725689));
#4299=CARTESIAN_POINT('Ctrl Pts',(92.3190529402163,11.5614853142606,1.41841381708917));
#4300=CARTESIAN_POINT('Ctrl Pts',(91.3448364971423,11.7144261217019,1.35576109692146));
#4301=CARTESIAN_POINT('Ctrl Pts',(90.9324602553341,12.6094780760176,1.29310837675375));
#4302=CARTESIAN_POINT('Ctrl Pts',(91.4497895632804,13.4488355366457,1.23045565658603));
#4303=CARTESIAN_POINT('Ctrl Pts',(92.4350847592989,13.4824319619116,1.16780293641832));
#4304=CARTESIAN_POINT('Ctrl Pts',(93.0085466698206,12.6805813737325,1.1051502162506));
#4305=CARTESIAN_POINT('Ctrl Pts',(92.6581955064158,11.7590680083279,1.04249749608289));
#4306=CARTESIAN_POINT('Ctrl Pts',(91.6968252640594,11.540739012354,0.979844775915177));
#4307=CARTESIAN_POINT('Ctrl Pts',(90.9828058233273,12.2204951252541,0.917192055747465));
#4308=CARTESIAN_POINT('Ctrl Pts',(91.1536467451196,13.191431485669,0.85453933557975));
#4309=CARTESIAN_POINT('Ctrl Pts',(92.0568143566675,13.5866375685598,0.791886615412037));
#4310=CARTESIAN_POINT('Ctrl Pts',(92.8859127018468,13.0532567204675,0.729233895244323));
#4311=CARTESIAN_POINT('Ctrl Pts',(92.9006801355924,12.0675172231738,0.66658117507661));
#4312=CARTESIAN_POINT('Ctrl Pts',(92.0879312993566,11.5095394465785,0.603928454908896));
#4313=CARTESIAN_POINT('Ctrl Pts',(91.1733307244165,11.8775145324336,0.541275734741182));
#4314=CARTESIAN_POINT('Ctrl Pts',(90.9734812852137,12.8428953858436,0.478623014573469));
#4315=CARTESIAN_POINT('Ctrl Pts',(91.6668190125677,13.5437397239871,0.415970294405756));
#4316=CARTESIAN_POINT('Ctrl Pts',(92.6342958490845,13.3542972622885,0.353317574238042));
#4317=CARTESIAN_POINT('Ctrl Pts',(93.0120983388126,12.4437122038059,0.290664854070329));
#4318=CARTESIAN_POINT('Ctrl Pts',(92.4629044478848,11.6250019352785,0.228012133902615));
#4319=CARTESIAN_POINT('Ctrl Pts',(91.4770637133036,11.6291541794179,0.165359413734901));
#4320=CARTESIAN_POINT('Ctrl Pts',(90.9347845907176,12.4524602802758,0.102706693567188));
#4321=CARTESIAN_POINT('Ctrl Pts',(91.320244991571,13.3598324838993,0.0400539733994743));
#4322=CARTESIAN_POINT('Ctrl Pts',(92.2892797745374,13.5411160302284,-0.0225987467682393));
#4323=CARTESIAN_POINT('Ctrl Pts',(92.9766968732025,12.8344633391319,-0.0852514669359528));
#4324=CARTESIAN_POINT('Ctrl Pts',(92.7687084769448,11.870786190217,-0.147904187103666));
#4325=CARTESIAN_POINT('Ctrl Pts',(91.8510715830109,11.5105564586936,-0.21055690727138));
#4326=CARTESIAN_POINT('Ctrl Pts',(91.0429877378074,12.0753005088696,-0.273209627439093));
#4327=CARTESIAN_POINT('Ctrl Pts',(91.0661894616148,13.0610044398673,-0.335862347606807));
#4328=CARTESIAN_POINT('Ctrl Pts',(91.8994768155454,13.5871264328613,-0.398515067774521));
#4329=CARTESIAN_POINT('Ctrl Pts',(92.7998521264377,13.1848667305894,-0.461167787942234));
#4330=CARTESIAN_POINT('Ctrl Pts',(92.9613084918274,12.2114501087111,-0.523820508109948));
#4331=CARTESIAN_POINT('Ctrl Pts',(92.4831504179169,11.7646901639134,-0.565588988221757));
#4332=CARTESIAN_POINT('Ctrl Pts',(92.2020809756484,11.6898214299416,-0.586473228277661));
#4333=CARTESIAN_POINT('Ctrl Pts',(92.6876393925506,13.1913123749594,1.58711675265869));
#4334=CARTESIAN_POINT('Ctrl Pts',(92.8991323666347,12.9571567482472,1.56623251260278));
#4335=CARTESIAN_POINT('Ctrl Pts',(93.0702482946966,12.2682210943686,1.52446403249097));
#4336=CARTESIAN_POINT('Ctrl Pts',(92.3483167611996,11.4779716880507,1.46181131232326));
#4337=CARTESIAN_POINT('Ctrl Pts',(91.2915116685341,11.643877966198,1.39915859215555));
#4338=CARTESIAN_POINT('Ctrl Pts',(90.8441764633696,12.6148074452124,1.33650587198783));
#4339=CARTESIAN_POINT('Ctrl Pts',(91.4053620716699,13.5253209612433,1.27385315182012));
#4340=CARTESIAN_POINT('Ctrl Pts',(92.4741851123135,13.5617655045157,1.2112004316524));
#4341=CARTESIAN_POINT('Ctrl Pts',(93.0962619329188,12.6919384848951,1.14854771148469));
#4342=CARTESIAN_POINT('Ctrl Pts',(92.7162099472029,11.6923043435888,1.08589499131698));
#4343=CARTESIAN_POINT('Ctrl Pts',(91.6733400846767,11.4554666300991,1.02324227114926));
#4344=CARTESIAN_POINT('Ctrl Pts',(90.8987900484992,12.1928486841491,0.960589550981552));
#4345=CARTESIAN_POINT('Ctrl Pts',(91.0841139130975,13.2460956269977,0.897936830813837));
#4346=CARTESIAN_POINT('Ctrl Pts',(92.0638470496093,13.674805082705,0.835284110646124));
#4347=CARTESIAN_POINT('Ctrl Pts',(92.9632317394646,13.0962071739944,0.772631390478409));
#4348=CARTESIAN_POINT('Ctrl Pts',(92.9792510740784,12.0269021666857,0.709978670310697));
#4349=CARTESIAN_POINT('Ctrl Pts',(92.0976019135677,11.4216221387286,0.647325950142983));
#4350=CARTESIAN_POINT('Ctrl Pts',(91.1054665906393,11.8207921049824,0.584673229975269));
#4351=CARTESIAN_POINT('Ctrl Pts',(90.8886750279251,12.8680125758525,0.522020509807556));
#4352=CARTESIAN_POINT('Ctrl Pts',(91.6407900701356,13.6282705975492,0.459367789639842));
#4353=CARTESIAN_POINT('Ctrl Pts',(92.6902842098986,13.4227682579885,0.396715069472128));
#4354=CARTESIAN_POINT('Ctrl Pts',(93.1001146926467,12.4349888646608,0.334062349304416));
#4355=CARTESIAN_POINT('Ctrl Pts',(92.5043631993114,11.5468728947977,0.271409629136702));
#4356=CARTESIAN_POINT('Ctrl Pts',(91.4349483723813,11.5513771430926,0.208756908968988));
#4357=CARTESIAN_POINT('Ctrl Pts',(90.8466978429745,12.4444785543804,0.146104188801275));
#4358=CARTESIAN_POINT('Ctrl Pts',(91.2648354319454,13.42877272489,0.0834514686335611));
#4359=CARTESIAN_POINT('Ctrl Pts',(92.3160195921897,13.6254244816316,0.0207987484658476));
#4360=CARTESIAN_POINT('Ctrl Pts',(93.0617120877528,12.8588657071357,-0.0418539717018661));
#4361=CARTESIAN_POINT('Ctrl Pts',(92.8360915924892,11.8134933713485,-0.104506691869579));
#4362=CARTESIAN_POINT('Ctrl Pts',(91.8406625483364,11.4227253674724,-0.167159412037294));
#4363=CARTESIAN_POINT('Ctrl Pts',(90.9640738508421,12.0353452760372,-0.229812132205006));
#4364=CARTESIAN_POINT('Ctrl Pts',(90.9892424877016,13.1046117019373,-0.29246485237272));
#4365=CARTESIAN_POINT('Ctrl Pts',(91.8931713071626,13.675335390202,-0.355117572540433));
#4366=CARTESIAN_POINT('Ctrl Pts',(92.8698754273055,13.2389743485081,-0.417770292708147));
#4367=CARTESIAN_POINT('Ctrl Pts',(93.0450191650243,12.1830368814292,-0.480423012875861));
#4368=CARTESIAN_POINT('Ctrl Pts',(92.526325510036,11.6984031142436,-0.52219149298767));
#4369=CARTESIAN_POINT('Ctrl Pts',(92.221428564297,11.6171874255685,-0.543075733043574));
#4370=CARTESIAN_POINT('Ctrl Pts',(92.7434210625616,13.2416952397902,1.63051424789277));
#4371=CARTESIAN_POINT('Ctrl Pts',(92.9714420788068,12.9892404989475,1.60963000783687));
#4372=CARTESIAN_POINT('Ctrl Pts',(93.1559306084206,12.2464649594513,1.56786152772506));
#4373=CARTESIAN_POINT('Ctrl Pts',(92.3775805821828,11.3944580618408,1.50520880755735));
#4374=CARTESIAN_POINT('Ctrl Pts',(91.2381868399259,11.5733298106941,1.44255608738963));
#4375=CARTESIAN_POINT('Ctrl Pts',(90.7558926714053,12.620136814407,1.37990336722192));
#4376=CARTESIAN_POINT('Ctrl Pts',(91.3609345800596,13.6018063858409,1.3172506470542));
#4377=CARTESIAN_POINT('Ctrl Pts',(92.513285465328,13.6410990471198,1.25459792688649));
#4378=CARTESIAN_POINT('Ctrl Pts',(93.183977196017,12.7032955960578,1.19194520671878));
#4379=CARTESIAN_POINT('Ctrl Pts',(92.7742243879898,11.6255406788496,1.12929248655107));
#4380=CARTESIAN_POINT('Ctrl Pts',(91.649854905294,11.3701942478441,1.06663976638335));
#4381=CARTESIAN_POINT('Ctrl Pts',(90.8147742736709,12.1652022430441,1.00398704621564));
#4382=CARTESIAN_POINT('Ctrl Pts',(91.0145810810754,13.3007597683264,0.941334326047924));
#4383=CARTESIAN_POINT('Ctrl Pts',(92.070879742551,13.7629725968501,0.878681605880211));
#4384=CARTESIAN_POINT('Ctrl Pts',(93.0405507770824,13.1391576275212,0.816028885712496));
#4385=CARTESIAN_POINT('Ctrl Pts',(93.0578220125643,11.9862871101976,0.753376165544784));
#4386=CARTESIAN_POINT('Ctrl Pts',(92.107272527779,11.3337048308787,0.690723445377069));
#4387=CARTESIAN_POINT('Ctrl Pts',(91.0376024568619,11.7640696775311,0.628070725209356));
#4388=CARTESIAN_POINT('Ctrl Pts',(90.8038687706366,12.8931297658614,0.565418005041643));
#4389=CARTESIAN_POINT('Ctrl Pts',(91.6147611277035,13.7128014711112,0.502765284873929));
#4390=CARTESIAN_POINT('Ctrl Pts',(92.7462725707126,13.4912392536885,0.440112564706216));
#4391=CARTESIAN_POINT('Ctrl Pts',(93.1881310464809,12.4262655255157,0.377459844538502));
#4392=CARTESIAN_POINT('Ctrl Pts',(92.5458219507379,11.468743854317,0.314807124370789));
#4393=CARTESIAN_POINT('Ctrl Pts',(91.392833031459,11.4736001067672,0.252154404203075));
#4394=CARTESIAN_POINT('Ctrl Pts',(90.7586110952313,12.4364968284849,0.189501684035362));
#4395=CARTESIAN_POINT('Ctrl Pts',(91.2094258723199,13.4977129658807,0.126848963867648));
#4396=CARTESIAN_POINT('Ctrl Pts',(92.3427594098418,13.7097329330348,0.0641962436999344));
#4397=CARTESIAN_POINT('Ctrl Pts',(93.1467273023031,12.8832680751395,0.00154352353222074));
#4398=CARTESIAN_POINT('Ctrl Pts',(92.9034747080334,11.75620055248,-0.0611091966354926));
#4399=CARTESIAN_POINT('Ctrl Pts',(91.8302535136618,11.3348942762511,-0.123761916803207));
#4400=CARTESIAN_POINT('Ctrl Pts',(90.8851599638767,11.9953900432049,-0.18641463697092));
#4401=CARTESIAN_POINT('Ctrl Pts',(90.9122955137884,13.1482189640072,-0.249067357138633));
#4402=CARTESIAN_POINT('Ctrl Pts',(91.88686579878,13.7635443475426,-0.311720077306347));
#4403=CARTESIAN_POINT('Ctrl Pts',(92.9398987281733,13.2930819664269,-0.374372797474061));
#4404=CARTESIAN_POINT('Ctrl Pts',(93.1287298382212,12.1546236541474,-0.437025517641774));
#4405=CARTESIAN_POINT('Ctrl Pts',(92.5695006021551,11.6321160645739,-0.478793997753583));
#4406=CARTESIAN_POINT('Ctrl Pts',(92.2407761529457,11.5445534211955,-0.499678237809487));
#4407=CARTESIAN_POINT('Ctrl Pts',(92.2407761529457,11.5445534211955,-0.499678237809487));
#4408=CARTESIAN_POINT('Ctrl Pts',(92.2827876472276,11.5606676211077,-0.499678237809487));
#4409=CARTESIAN_POINT('Ctrl Pts',(92.3235487393834,11.5796978414605,-0.499678237809487));
#4410=CARTESIAN_POINT('Ctrl Pts',(92.3628668623076,11.6014005592875,-0.499678237809487));
#4411=CARTESIAN_POINT('Ctrl Pts',(92.3953632313596,11.6193378227041,-0.499678237809487));
#4412=CARTESIAN_POINT('Ctrl Pts',(92.4268736125272,11.6391018709462,-0.499678237809487));
#4413=CARTESIAN_POINT('Ctrl Pts',(92.4572695902936,11.6605734021569,-0.499678237809488));
#4414=CARTESIAN_POINT('Ctrl Pts',(92.4679101018659,11.6680897939005,-0.499678237809488));
#4415=CARTESIAN_POINT('Ctrl Pts',(92.4784159390581,11.675817377311,-0.499678237809487));
#4416=CARTESIAN_POINT('Ctrl Pts',(92.4887624102182,11.6837364032176,-0.499678237809487));
#4417=CARTESIAN_POINT('Ctrl Pts',(92.5238724452978,11.7106090705335,-0.499678237809488));
#4418=CARTESIAN_POINT('Ctrl Pts',(92.5571982588919,11.7397160651029,-0.499678237809488));
#4419=CARTESIAN_POINT('Ctrl Pts',(92.5885308010377,11.7708421260914,-0.499678237809488));
#4420=CARTESIAN_POINT('Ctrl Pts',(92.6053787763489,11.787579073404,-0.499678237809488));
#4421=CARTESIAN_POINT('Ctrl Pts',(92.6216496954841,11.8049003230723,-0.499678237809487));
#4422=CARTESIAN_POINT('Ctrl Pts',(92.6373053402755,11.8227750224795,-0.499678237809487));
#4423=CARTESIAN_POINT('Ctrl Pts',(92.6440146131694,11.8304352777942,-0.499678237809487));
#4424=CARTESIAN_POINT('Ctrl Pts',(92.6506108319875,11.8381971946952,-0.499678237809487));
#4425=CARTESIAN_POINT('Ctrl Pts',(92.6570907352955,11.8460584040738,-0.499678237809487));
#4426=CARTESIAN_POINT('Ctrl Pts',(92.6626015416905,11.8527439363816,-0.499678237809487));
#4427=CARTESIAN_POINT('Ctrl Pts',(92.6680221075034,11.8594938682556,-0.499678237809488));
#4428=CARTESIAN_POINT('Ctrl Pts',(92.673350969246,11.8663063696983,-0.499678237809488));
#4429=CARTESIAN_POINT('Ctrl Pts',(92.6995184995832,11.8997593558683,-0.499678237809488));
#4430=CARTESIAN_POINT('Ctrl Pts',(92.7234790380991,11.9347201766533,-0.499678237809487));
#4431=CARTESIAN_POINT('Ctrl Pts',(92.7450411016337,11.9709967502502,-0.499678237809487));
#4432=CARTESIAN_POINT('Ctrl Pts',(92.7661466549855,12.0065052793034,-0.499678237809487));
#4433=CARTESIAN_POINT('Ctrl Pts',(92.7849545915998,12.0432753850626,-0.499678237809488));
#4434=CARTESIAN_POINT('Ctrl Pts',(92.801237579259,12.0811381238473,-0.499678237809488));
#4435=CARTESIAN_POINT('Ctrl Pts',(92.8086875280879,12.0984614475746,-0.499678237809488));
#4436=CARTESIAN_POINT('Ctrl Pts',(92.8156082199774,12.1160135665191,-0.499678237809487));
#4437=CARTESIAN_POINT('Ctrl Pts',(92.8219741257523,12.1337783066587,-0.499678237809487));
#4438=CARTESIAN_POINT('Ctrl Pts',(92.8260390545221,12.1451219246504,-0.499678237809487));
#4439=CARTESIAN_POINT('Ctrl Pts',(92.8298777246553,12.1565522347022,-0.499678237809488));
#4440=CARTESIAN_POINT('Ctrl Pts',(92.833482945945,12.1680649584246,-0.499678237809488));
#4441=CARTESIAN_POINT('Ctrl Pts',(92.8359370091178,12.1759016344662,-0.499678237809488));
#4442=CARTESIAN_POINT('Ctrl Pts',(92.8382800262708,12.183767386331,-0.499678237809488));
#4443=CARTESIAN_POINT('Ctrl Pts',(92.8405100270478,12.1916591745738,-0.499678237809488));
#4444=CARTESIAN_POINT('Ctrl Pts',(92.8458298816477,12.2104856998458,-0.499678237809488));
#4445=CARTESIAN_POINT('Ctrl Pts',(92.8505077175904,12.2294634281396,-0.499678237809487));
#4446=CARTESIAN_POINT('Ctrl Pts',(92.8545216935067,12.2485735681764,-0.499678237809487));
#4447=CARTESIAN_POINT('Ctrl Pts',(92.8629624572771,12.2887592048211,-0.499678237809487));
#4448=CARTESIAN_POINT('Ctrl Pts',(92.8684710445399,12.3295309749065,-0.499678237809487));
#4449=CARTESIAN_POINT('Ctrl Pts',(92.8711298737612,12.3705912133961,-0.499678237809487));
#4450=CARTESIAN_POINT('Ctrl Pts',(92.8731265624641,12.4014260310955,-0.499678237809487));
#4451=CARTESIAN_POINT('Ctrl Pts',(92.8735149174857,12.4324236916799,-0.499678237809487));
#4452=CARTESIAN_POINT('Ctrl Pts',(92.8723115529027,12.4634519759013,-0.499678237809487));
#4453=CARTESIAN_POINT('Ctrl Pts',(92.8718609032633,12.4750718002614,-0.499678237809487));
#4454=CARTESIAN_POINT('Ctrl Pts',(92.8711868790224,12.4866958373677,-0.499678237809488));
#4455=CARTESIAN_POINT('Ctrl Pts',(92.8702898497347,12.4983167977177,-0.499678237809488));
#4456=CARTESIAN_POINT('Ctrl Pts',(92.8696733299461,12.5063037744153,-0.499678237809488));
#4457=CARTESIAN_POINT('Ctrl Pts',(92.8689511704211,12.5142920413924,-0.499678237809488));
#4458=CARTESIAN_POINT('Ctrl Pts',(92.8681244068267,12.5222699167066,-0.499678237809488));
#4459=CARTESIAN_POINT('Ctrl Pts',(92.8639924766302,12.5621410771393,-0.499678237809488));
#4460=CARTESIAN_POINT('Ctrl Pts',(92.8572642197727,12.6016544959585,-0.499678237809487));
#4461=CARTESIAN_POINT('Ctrl Pts',(92.8480171999581,12.6405336621164,-0.499678237809487));
#4462=CARTESIAN_POINT('Ctrl Pts',(92.8388843845476,12.6789326549761,-0.499678237809487));
#4463=CARTESIAN_POINT('Ctrl Pts',(92.827294001055,12.7167140876363,-0.499678237809488));
#4464=CARTESIAN_POINT('Ctrl Pts',(92.8132779343643,12.7535853842496,-0.499678237809488));
#4465=CARTESIAN_POINT('Ctrl Pts',(92.8068496210944,12.7704959948032,-0.499678237809488));
#4466=CARTESIAN_POINT('Ctrl Pts',(92.7999105267696,12.78721469099,-0.499678237809488));
#4467=CARTESIAN_POINT('Ctrl Pts',(92.7924612035628,12.8037104088449,-0.499678237809488));
#4468=CARTESIAN_POINT('Ctrl Pts',(92.7882808740034,12.8129672950124,-0.499678237809488));
#4469=CARTESIAN_POINT('Ctrl Pts',(92.7839398412973,12.8221539267752,-0.499678237809488));
#4470=CARTESIAN_POINT('Ctrl Pts',(92.7794380111188,12.8312645118885,-0.499678237809488));
#4471=CARTESIAN_POINT('Ctrl Pts',(92.7752839930523,12.8396712117541,-0.499678237809488));
#4472=CARTESIAN_POINT('Ctrl Pts',(92.7709920337216,12.8480147095996,-0.499678237809487));
#4473=CARTESIAN_POINT('Ctrl Pts',(92.766572651756,12.8562714213715,-0.499678237809487));
#4474=CARTESIAN_POINT('Ctrl Pts',(92.7487372807762,12.889593166057,-0.499678237809487));
#4475=CARTESIAN_POINT('Ctrl Pts',(92.7287953468106,12.9215762190077,-0.499678237809487));
#4476=CARTESIAN_POINT('Ctrl Pts',(92.7067841754232,12.9519608842043,-0.499678237809487));
#4477=CARTESIAN_POINT('Ctrl Pts',(92.6855029087629,12.9813379741852,-0.499678237809487));
#4478=CARTESIAN_POINT('Ctrl Pts',(92.6622867232569,13.0092215625863,-0.499678237809487));
#4479=CARTESIAN_POINT('Ctrl Pts',(92.6371409384479,13.0353371810141,-0.499678237809487));
#4480=CARTESIAN_POINT('Ctrl Pts',(92.6327611144565,13.0398859279714,-0.499678237809487));
#4481=CARTESIAN_POINT('Ctrl Pts',(92.6283226922605,13.0443809251773,-0.499678237809488));
#4482=CARTESIAN_POINT('Ctrl Pts',(92.6238256293704,13.0488205724746,-0.499678237809488));
#4483=CARTESIAN_POINT('Ctrl Pts',(92.6089179329021,13.0635379371083,-0.499678237809488));
#4484=CARTESIAN_POINT('Ctrl Pts',(92.5933658297419,13.0776474118906,-0.499678237809488));
#4485=CARTESIAN_POINT('Ctrl Pts',(92.5772150710711,13.0911245456764,-0.499678237809488));
#4486=CARTESIAN_POINT('Ctrl Pts',(92.5760760525285,13.0905466452978,1.50032176219051));
#4487=CARTESIAN_POINT('Ctrl Pts',(92.6041255589611,13.0668654017794,1.50032176219051));
#4488=CARTESIAN_POINT('Ctrl Pts',(92.6303047157328,13.0412393054087,1.50032176219051));
#4489=CARTESIAN_POINT('Ctrl Pts',(92.6545988908909,13.013968249161,1.50032176219051));
#4490=CARTESIAN_POINT('Ctrl Pts',(92.6795729886006,12.9859339562102,1.50032176219051));
#4491=CARTESIAN_POINT('Ctrl Pts',(92.7025558056461,12.9561607296777,1.50032176219051));
#4492=CARTESIAN_POINT('Ctrl Pts',(92.723508077128,12.9249221626474,1.50032176219051));
#4493=CARTESIAN_POINT('Ctrl Pts',(92.738496916667,12.9025747112483,1.50032176219051));
#4494=CARTESIAN_POINT('Ctrl Pts',(92.7524461191169,12.8794761980535,1.50032176219051));
#4495=CARTESIAN_POINT('Ctrl Pts',(92.7653312693159,12.8557140436676,1.50032176219051));
#4496=CARTESIAN_POINT('Ctrl Pts',(92.7707752173356,12.8456745849639,1.50032176219051));
#4497=CARTESIAN_POINT('Ctrl Pts',(92.7760316434566,12.8355109549889,1.50032176219051));
#4498=CARTESIAN_POINT('Ctrl Pts',(92.7810835960705,12.8252602667747,1.50032176219051));
#4499=CARTESIAN_POINT('Ctrl Pts',(92.798378181507,12.7901686068467,1.50032176219051));
#4500=CARTESIAN_POINT('Ctrl Pts',(92.8133096765407,12.7540088226176,1.50032176219051));
#4501=CARTESIAN_POINT('Ctrl Pts',(92.8258438176334,12.717074977988,1.50032176219051));
#4502=CARTESIAN_POINT('Ctrl Pts',(92.8373692375013,12.6831134912341,1.50032176219051));
#4503=CARTESIAN_POINT('Ctrl Pts',(92.8468677061475,12.6484963723811,1.50032176219051));
#4504=CARTESIAN_POINT('Ctrl Pts',(92.8542867637938,12.6134256784899,1.50032176219051));
#4505=CARTESIAN_POINT('Ctrl Pts',(92.859463641201,12.5889540149022,1.50032176219051));
#4506=CARTESIAN_POINT('Ctrl Pts',(92.8636275459027,12.5642609681203,1.50032176219051));
#4507=CARTESIAN_POINT('Ctrl Pts',(92.8667519426056,12.5394106019906,1.50032176219051));
#4508=CARTESIAN_POINT('Ctrl Pts',(92.8677799658411,12.5312340622542,1.50032176219051));
#4509=CARTESIAN_POINT('Ctrl Pts',(92.868695593047,12.523038323148,1.50032176219051));
#4510=CARTESIAN_POINT('Ctrl Pts',(92.8694970271101,12.5148325086036,1.50032176219051));
#4511=CARTESIAN_POINT('Ctrl Pts',(92.8735133565372,12.4737096565297,1.50032176219051));
#4512=CARTESIAN_POINT('Ctrl Pts',(92.8746508421387,12.4324988577702,1.50032176219051));
#4513=CARTESIAN_POINT('Ctrl Pts',(92.8728544974649,12.3915029243663,1.50032176219051));
#4514=CARTESIAN_POINT('Ctrl Pts',(92.871792695905,12.36727063383,1.50032176219051));
#4515=CARTESIAN_POINT('Ctrl Pts',(92.8697050799846,12.3431127527791,1.50032176219051));
#4516=CARTESIAN_POINT('Ctrl Pts',(92.8665726388752,12.3190879823368,1.50032176219051));
#4517=CARTESIAN_POINT('Ctrl Pts',(92.8614223427886,12.2795869424546,1.50032176219051));
#4518=CARTESIAN_POINT('Ctrl Pts',(92.853450527044,12.2404454901879,1.50032176219051));
#4519=CARTESIAN_POINT('Ctrl Pts',(92.8428484568694,12.2018493077178,1.50032176219051));
#4520=CARTESIAN_POINT('Ctrl Pts',(92.8403683550734,12.1928206501173,1.50032176219051));
#4521=CARTESIAN_POINT('Ctrl Pts',(92.8377440992558,12.1838218333424,1.50032176219051));
#4522=CARTESIAN_POINT('Ctrl Pts',(92.8349777395496,12.174855261457,1.50032176219051));
#4523=CARTESIAN_POINT('Ctrl Pts',(92.8328207435634,12.1678638136264,1.50032176219051));
#4524=CARTESIAN_POINT('Ctrl Pts',(92.830577614271,12.1608931005869,1.50032176219051));
#4525=CARTESIAN_POINT('Ctrl Pts',(92.8282527962671,12.1539537949839,1.50032176219051));
#4526=CARTESIAN_POINT('Ctrl Pts',(92.8151219954693,12.1147599142607,1.50032176219051));
#4527=CARTESIAN_POINT('Ctrl Pts',(92.7993646168775,12.0764857252896,1.50032176219051));
#4528=CARTESIAN_POINT('Ctrl Pts',(92.7812260790663,12.0393280484709,1.50032176219051));
#4529=CARTESIAN_POINT('Ctrl Pts',(92.7626141302089,12.0012005661014,1.50032176219051));
#4530=CARTESIAN_POINT('Ctrl Pts',(92.7414948184537,11.9642476120733,1.50032176219051));
#4531=CARTESIAN_POINT('Ctrl Pts',(92.7180778888594,11.9286832065296,1.50032176219051));
#4532=CARTESIAN_POINT('Ctrl Pts',(92.705627230954,11.9097737997582,1.50032176219051));
#4533=CARTESIAN_POINT('Ctrl Pts',(92.6925261376387,11.8912570514753,1.50032176219051));
#4534=CARTESIAN_POINT('Ctrl Pts',(92.6788004869689,11.8731668729665,1.50032176219051));
#4535=CARTESIAN_POINT('Ctrl Pts',(92.672768956621,11.8652174166311,1.50032176219051));
#4536=CARTESIAN_POINT('Ctrl Pts',(92.666616774806,11.8573503545276,1.50032176219051));
#4537=CARTESIAN_POINT('Ctrl Pts',(92.6603459221899,11.8495686854055,1.50032176219051));
#4538=CARTESIAN_POINT('Ctrl Pts',(92.6547381831073,11.8426098916442,1.50032176219051));
#4539=CARTESIAN_POINT('Ctrl Pts',(92.6490370883424,11.835721456656,1.50032176219051));
#4540=CARTESIAN_POINT('Ctrl Pts',(92.6432514104075,11.8289135876664,1.50032176219051));
#4541=CARTESIAN_POINT('Ctrl Pts',(92.614525386251,11.7951123613882,1.50032176219051));
#4542=CARTESIAN_POINT('Ctrl Pts',(92.583671356055,11.7632371197363,1.50032176219051));
#4543=CARTESIAN_POINT('Ctrl Pts',(92.5509130202969,11.7335212932576,1.50032176219051));
#4544=CARTESIAN_POINT('Ctrl Pts',(92.5315515156212,11.7159580349299,1.50032176219051));
#4545=CARTESIAN_POINT('Ctrl Pts',(92.5115237913898,11.6991493712404,1.50032176219051));
#4546=CARTESIAN_POINT('Ctrl Pts',(92.4908684550498,11.6831474506308,1.50032176219051));
#4547=CARTESIAN_POINT('Ctrl Pts',(92.4785909925587,11.6736359628081,1.50032176219051));
#4548=CARTESIAN_POINT('Ctrl Pts',(92.4660862502756,11.6644060498926,1.50032176219051));
#4549=CARTESIAN_POINT('Ctrl Pts',(92.4533906220503,11.6554889276205,1.50032176219051));
#4550=CARTESIAN_POINT('Ctrl Pts',(92.4165742469913,11.6296299380385,1.50032176219051));
#4551=CARTESIAN_POINT('Ctrl Pts',(92.3781238669958,11.6063713251258,1.50032176219051));
#4552=CARTESIAN_POINT('Ctrl Pts',(92.338247642414,11.5859607428561,1.50032176219051));
#4553=CARTESIAN_POINT('Ctrl Pts',(92.3304204818773,11.5819544231568,1.50032176219051));
#4554=CARTESIAN_POINT('Ctrl Pts',(92.322538258899,11.5780579319569,1.50032176219051));
#4555=CARTESIAN_POINT('Ctrl Pts',(92.3146023702011,11.5742733010586,1.50032176219051));
#4556=CARTESIAN_POINT('Ctrl Pts',(92.2907314592189,11.562889246832,1.50032176219051));
#4557=CARTESIAN_POINT('Ctrl Pts',(92.2663752783398,11.552516838239,1.50032176219051));
#4558=CARTESIAN_POINT('Ctrl Pts',(92.241594762791,11.5431413984857,1.50032176219051));
#4559=CARTESIAN_POINT('Ctrl Pts',(91.1629707499466,12.5460071885739,0.853556390386154));
#4560=CARTESIAN_POINT('Ctrl Pts',(91.1623517160203,12.4598608251001,0.860302447095229));
#4561=CARTESIAN_POINT('Ctrl Pts',(91.1750320831467,12.3738919207144,0.867048503804303));
#4562=CARTESIAN_POINT('Ctrl Pts',(91.2017960688677,12.2925575007309,0.873794560513378));
#4563=CARTESIAN_POINT('Ctrl Pts',(91.284651213251,12.0407648424424,0.894678800569282));
#4564=CARTESIAN_POINT('Ctrl Pts',(91.5024808283466,11.8333881185257,0.915563040625186));
#4565=CARTESIAN_POINT('Ctrl Pts',(91.7580407395921,11.7630031363104,0.936447280681091));
#4566=CARTESIAN_POINT('Ctrl Pts',(92.0136006508377,11.692618154095,0.957331520736995));
#4567=CARTESIAN_POINT('Ctrl Pts',(92.3068908582333,11.759224913581,0.9782157607929));
#4568=CARTESIAN_POINT('Ctrl Pts',(92.5069776854466,11.9330937249078,0.999100000848805));
#4569=CARTESIAN_POINT('Ctrl Pts',(92.70706451266,12.1069625362347,1.01998424090471));
#4570=CARTESIAN_POINT('Ctrl Pts',(92.8139479596912,12.3880933994023,1.04086848096061));
#4571=CARTESIAN_POINT('Ctrl Pts',(92.7799151831338,12.6509711904423,1.06175272101652));
#4572=CARTESIAN_POINT('Ctrl Pts',(92.7458824065764,12.9138489814824,1.08263696107242));
#4573=CARTESIAN_POINT('Ctrl Pts',(92.5709334064305,13.1584737003949,1.10352120112833));
#4574=CARTESIAN_POINT('Ctrl Pts',(92.3331643477919,13.2756613419746,1.12440544118423));
#4575=CARTESIAN_POINT('Ctrl Pts',(92.0953952891533,13.3928489835543,1.14528968124014));
#4576=CARTESIAN_POINT('Ctrl Pts',(91.794806172022,13.3825995478012,1.16617392129604));
#4577=CARTESIAN_POINT('Ctrl Pts',(91.5655994455243,13.2494412623872,1.18705816135195));
#4578=CARTESIAN_POINT('Ctrl Pts',(91.3363927190267,13.1162829769731,1.20794240140785));
#4579=CARTESIAN_POINT('Ctrl Pts',(91.1785683831627,12.860215841898,1.22882664146375));
#4580=CARTESIAN_POINT('Ctrl Pts',(91.1625590949726,12.5956532027576,1.24971088151966));
#4581=CARTESIAN_POINT('Ctrl Pts',(91.1615764742737,12.5794148339871,1.25099271780849));
#4582=CARTESIAN_POINT('Ctrl Pts',(91.1611281104094,12.5631444602835,1.25227455409732));
#4583=CARTESIAN_POINT('Ctrl Pts',(91.1612010283779,12.5468702210999,1.25355639038615));
#4584=CARTESIAN_POINT('Ctrl Pts',(91.7069371437579,11.5445534211955,1.50032176219051));
#4585=CARTESIAN_POINT('Ctrl Pts',(91.3782126945484,11.6321160645739,1.47943752213461));
#4586=CARTESIAN_POINT('Ctrl Pts',(90.8189832570703,12.1546222033356,1.4376690420228));
#4587=CARTESIAN_POINT('Ctrl Pts',(91.0078147426671,13.2930822586662,1.37501632185509));
#4588=CARTESIAN_POINT('Ctrl Pts',(92.0608474890587,13.76354392442,1.31236360168737));
#4589=CARTESIAN_POINT('Ctrl Pts',(93.035417622502,13.148219018752,1.24971088151966));
#4590=CARTESIAN_POINT('Ctrl Pts',(93.0625532034351,11.9953900440891,1.18705816135195));
#4591=CARTESIAN_POINT('Ctrl Pts',(92.1174597521605,11.3348944771386,1.12440544118423));
#4592=CARTESIAN_POINT('Ctrl Pts',(91.0442387205854,11.7562006380571,1.06175272101652));
#4593=CARTESIAN_POINT('Ctrl Pts',(90.8009861470553,12.8832680406362,0.999100000848805));
#4594=CARTESIAN_POINT('Ctrl Pts',(91.604953938824,13.7097327717597,0.936447280681092));
#4595=CARTESIAN_POINT('Ctrl Pts',(92.7382873205684,13.4977128413296,0.873794560513377));
#4596=CARTESIAN_POINT('Ctrl Pts',(93.1891020394942,12.436496841777,0.811141840345664));
#4597=CARTESIAN_POINT('Ctrl Pts',(92.5548801869995,11.4736002512262,0.74848912017795));
#4598=CARTESIAN_POINT('Ctrl Pts',(91.4018914227994,11.4687439983033,0.685836400010237));
#4599=CARTESIAN_POINT('Ctrl Pts',(90.7595824127363,12.426265541824,0.623183679842523));
#4600=CARTESIAN_POINT('Ctrl Pts',(91.2014408295083,13.4912391270793,0.56053095967481));
#4601=CARTESIAN_POINT('Ctrl Pts',(92.332952120871,13.7128013149517,0.497878239507096));
#4602=CARTESIAN_POINT('Ctrl Pts',(93.1438443693821,12.8931297194558,0.435225519339383));
#4603=CARTESIAN_POINT('Ctrl Pts',(92.9101107144347,11.7640697822943,0.37257279917167));
#4604=CARTESIAN_POINT('Ctrl Pts',(91.8404407867977,11.3337049934403,0.309920079003956));
#4605=CARTESIAN_POINT('Ctrl Pts',(90.8898914293227,11.9862871850203,0.247267358836242));
#4606=CARTESIAN_POINT('Ctrl Pts',(90.9071626624738,13.1391575485999,0.184614638668529));
#4607=CARTESIAN_POINT('Ctrl Pts',(91.8768335671962,13.7629724330803,0.121961918500815));
#4608=CARTESIAN_POINT('Ctrl Pts',(92.9331320870136,13.3007596689691,0.0593091983331017));
#4609=CARTESIAN_POINT('Ctrl Pts',(93.1329388681343,12.1652022909715,-0.00334352183461183));
#4610=CARTESIAN_POINT('Ctrl Pts',(92.2978583471645,11.3701944114049,-0.0659962420023255));
#4611=CARTESIAN_POINT('Ctrl Pts',(91.1734890179578,11.6255407909199,-0.128648962170039));
#4612=CARTESIAN_POINT('Ctrl Pts',(90.7637362579286,12.7032955961209,-0.191301682337752));
#4613=CARTESIAN_POINT('Ctrl Pts',(91.4344279148731,13.6410988618157,-0.253954402505466));
#4614=CARTESIAN_POINT('Ctrl Pts',(92.586778608603,13.6018063146359,-0.316607122673179));
#4615=CARTESIAN_POINT('Ctrl Pts',(93.1918205205704,12.6201366811349,-0.379259842840893));
#4616=CARTESIAN_POINT('Ctrl Pts',(92.7095262189208,11.5733301607448,-0.441912563008607));
#4617=CARTESIAN_POINT('Ctrl Pts',(91.5701330197176,11.3944579115665,-0.50456528317632));
#4618=CARTESIAN_POINT('Ctrl Pts',(90.7917817292814,12.2464660665817,-0.567218003344034));
#4619=CARTESIAN_POINT('Ctrl Pts',(90.9762712178967,12.9892404989475,-0.608986483455843));
#4620=CARTESIAN_POINT('Ctrl Pts',(91.204292234142,13.2416952397902,-0.629870723511748));
#4621=CARTESIAN_POINT('Ctrl Pts',(91.7262847324065,11.6171874255685,1.5437192574246));
#4622=CARTESIAN_POINT('Ctrl Pts',(91.4213877866676,11.6984031142436,1.5228350173687));
#4623=CARTESIAN_POINT('Ctrl Pts',(90.9026939448665,12.1830355357792,1.48106653725689));
#4624=CARTESIAN_POINT('Ctrl Pts',(91.0778380309126,13.2389746195646,1.41841381708917));
#4625=CARTESIAN_POINT('Ctrl Pts',(92.0545419813187,13.6753349977492,1.35576109692146));
#4626=CARTESIAN_POINT('Ctrl Pts',(92.9584706602162,13.1046117527139,1.29310837675375));
#4627=CARTESIAN_POINT('Ctrl Pts',(92.9836393258488,12.0353452768573,1.23045565658603));
#4628=CARTESIAN_POINT('Ctrl Pts',(92.1070507197243,11.4227255537986,1.16780293641832));
#4629=CARTESIAN_POINT('Ctrl Pts',(91.1116218265678,11.8134934507226,1.1051502162506));
#4630=CARTESIAN_POINT('Ctrl Pts',(90.8860013505406,12.8588656751334,1.04249749608289));
#4631=CARTESIAN_POINT('Ctrl Pts',(91.6316937527097,13.6254243320465,0.979844775915177));
#4632=CARTESIAN_POINT('Ctrl Pts',(92.6828777684679,13.428772609367,0.917192055747464));
#4633=CARTESIAN_POINT('Ctrl Pts',(93.1010153034921,12.4444785667089,0.854539335579751));
#4634=CARTESIAN_POINT('Ctrl Pts',(92.5127648517488,11.5513772770805,0.791886615412038));
#4635=CARTESIAN_POINT('Ctrl Pts',(91.4433501686567,11.5468730283472,0.729233895244323));
#4636=CARTESIAN_POINT('Ctrl Pts',(90.8475987547907,12.434988879787,0.666581175076611));
#4637=CARTESIAN_POINT('Ctrl Pts',(91.2574291828188,13.4227681405566,0.603928454908897));
#4638=CARTESIAN_POINT('Ctrl Pts',(92.3069231819275,13.6282704527088,0.541275734741183));
#4639=CARTESIAN_POINT('Ctrl Pts',(93.0590381234507,12.8680125328106,0.478623014573469));
#4640=CARTESIAN_POINT('Ctrl Pts',(92.8422465897476,11.8207922021518,0.415970294405756));
#4641=CARTESIAN_POINT('Ctrl Pts',(91.8501113997132,11.4216222895069,0.353317574238043));
#4642=CARTESIAN_POINT('Ctrl Pts',(90.9684623572851,12.0269022360849,0.290664854070329));
#4643=CARTESIAN_POINT('Ctrl Pts',(90.9844816897369,13.0962071007937,0.228012133902615));
#4644=CARTESIAN_POINT('Ctrl Pts',(91.8838662591926,13.6748049308059,0.165359413734902));
#4645=CARTESIAN_POINT('Ctrl Pts',(92.863599264314,13.2460955348423,0.102706693567188));
#4646=CARTESIAN_POINT('Ctrl Pts',(93.0489231045339,12.1928487286025,0.040053973399475));
#4647=CARTESIAN_POINT('Ctrl Pts',(92.2743731709889,11.4554667818042,-0.0225987467682386));
#4648=CARTESIAN_POINT('Ctrl Pts',(91.2315034508263,11.6923044475356,-0.0852514669359525));
#4649=CARTESIAN_POINT('Ctrl Pts',(90.8514515096292,12.6919384849537,-0.147904187103665));
#4650=CARTESIAN_POINT('Ctrl Pts',(91.4735282618353,13.5617653326433,-0.210556907271379));
#4651=CARTESIAN_POINT('Ctrl Pts',(92.5423511248241,13.5253208951996,-0.273209627439092));
#4652=CARTESIAN_POINT('Ctrl Pts',(93.103536736197,12.6148073216004,-0.335862347606806));
#4653=CARTESIAN_POINT('Ctrl Pts',(92.6562014075538,11.6438782908754,-0.39851506777452));
#4654=CARTESIAN_POINT('Ctrl Pts',(91.5993968185787,11.477971548669,-0.461167787942234));
#4655=CARTESIAN_POINT('Ctrl Pts',(90.8774641125185,12.268222121249,-0.523820508109947));
#4656=CARTESIAN_POINT('Ctrl Pts',(91.0485809300689,12.9571567482472,-0.565588988221756));
#4657=CARTESIAN_POINT('Ctrl Pts',(91.260073904153,13.1913123749594,-0.586473228277661));
#4658=CARTESIAN_POINT('Ctrl Pts',(91.7456323210551,11.6898214299416,1.58711675265869));
#4659=CARTESIAN_POINT('Ctrl Pts',(91.4645628787867,11.7646901639134,1.56623251260278));
#4660=CARTESIAN_POINT('Ctrl Pts',(90.9864046326627,12.2114488682227,1.52446403249097));
#4661=CARTESIAN_POINT('Ctrl Pts',(91.1478613191582,13.1848669804629,1.46181131232326));
#4662=CARTESIAN_POINT('Ctrl Pts',(92.0482364735786,13.5871260710785,1.39915859215554));
#4663=CARTESIAN_POINT('Ctrl Pts',(92.8815236979305,13.0610044866758,1.33650587198783));
#4664=CARTESIAN_POINT('Ctrl Pts',(92.9047254482623,12.0753005096256,1.27385315182012));
#4665=CARTESIAN_POINT('Ctrl Pts',(92.0966416872882,11.5105566304586,1.21120043165241));
#4666=CARTESIAN_POINT('Ctrl Pts',(91.1790049325502,11.870786263388,1.14854771148469));
#4667=CARTESIAN_POINT('Ctrl Pts',(90.9710165540258,12.8344633096305,1.08589499131698));
#4668=CARTESIAN_POINT('Ctrl Pts',(91.6584335665954,13.5411158923333,1.02324227114926));
#4669=CARTESIAN_POINT('Ctrl Pts',(92.6274682163674,13.3598323774043,0.960589550981551));
#4670=CARTESIAN_POINT('Ctrl Pts',(93.0129285674899,12.4524602916409,0.897936830813838));
#4671=CARTESIAN_POINT('Ctrl Pts',(92.470649516498,11.6291543029347,0.835284110646124));
#4672=CARTESIAN_POINT('Ctrl Pts',(91.4848089145141,11.6250020583911,0.772631390478411));
#4673=CARTESIAN_POINT('Ctrl Pts',(90.9356150968451,12.4437122177499,0.709978670310697));
#4674=CARTESIAN_POINT('Ctrl Pts',(91.3134175361294,13.3542971540338,0.647325950142983));
#4675=CARTESIAN_POINT('Ctrl Pts',(92.2808942429841,13.5437395904659,0.584673229975271));
#4676=CARTESIAN_POINT('Ctrl Pts',(92.9742318775193,12.8428953461654,0.522020509807556));
#4677=CARTESIAN_POINT('Ctrl Pts',(92.7743824650605,11.8775146220093,0.459367789639844));
#4678=CARTESIAN_POINT('Ctrl Pts',(91.8597820126288,11.5095395855736,0.396715069472129));
#4679=CARTESIAN_POINT('Ctrl Pts',(91.0470332852475,12.0675172871495,0.334062349304416));
#4680=CARTESIAN_POINT('Ctrl Pts',(91.061800717,13.0532566529874,0.271409629136702));
#4681=CARTESIAN_POINT('Ctrl Pts',(91.8908989511888,13.5866374285316,0.208756908968989));
#4682=CARTESIAN_POINT('Ctrl Pts',(92.7940664416145,13.1914314007155,0.146104188801275));
#4683=CARTESIAN_POINT('Ctrl Pts',(92.9649073409334,12.2204951662335,0.0834514686335618));
#4684=CARTESIAN_POINT('Ctrl Pts',(92.2508879948134,11.5407391522035,0.0207987484658482));
#4685=CARTESIAN_POINT('Ctrl Pts',(91.2895178836948,11.7590681041514,-0.0418539717018657));
#4686=CARTESIAN_POINT('Ctrl Pts',(90.9391667613298,12.6805813737865,-0.104506691869579));
#4687=CARTESIAN_POINT('Ctrl Pts',(91.5126286087975,13.4824318034709,-0.167159412037292));
#4688=CARTESIAN_POINT('Ctrl Pts',(92.4979236410449,13.4488354757633,-0.229812132205005));
#4689=CARTESIAN_POINT('Ctrl Pts',(93.0152529518238,12.6094779620659,-0.292464852372719));
#4690=CARTESIAN_POINT('Ctrl Pts',(92.6028765961864,11.7144264210059,-0.355117572540433));
#4691=CARTESIAN_POINT('Ctrl Pts',(91.62866061744,11.5614851857715,-0.417770292708146));
#4692=CARTESIAN_POINT('Ctrl Pts',(90.9631464957554,12.2899781759163,-0.48042301287586));
#4693=CARTESIAN_POINT('Ctrl Pts',(91.1208906422411,12.9250729975469,-0.522191492987669));
#4694=CARTESIAN_POINT('Ctrl Pts',(91.315855574164,13.1409295101286,-0.543075733043574));
#4695=CARTESIAN_POINT('Ctrl Pts',(91.7649799097038,11.7624554343146,1.63051424789277));
#4696=CARTESIAN_POINT('Ctrl Pts',(91.5077379709059,11.8309772135832,1.60963000783687));
#4697=CARTESIAN_POINT('Ctrl Pts',(91.0701153204589,12.2398622006663,1.56786152772506));
#4698=CARTESIAN_POINT('Ctrl Pts',(91.2178846074037,13.1307593413613,1.50520880755735));
#4699=CARTESIAN_POINT('Ctrl Pts',(92.0419309658386,13.4989171444078,1.44255608738963));
#4700=CARTESIAN_POINT('Ctrl Pts',(92.8045767356447,13.0173972206378,1.37990336722192));
#4701=CARTESIAN_POINT('Ctrl Pts',(92.825811570676,12.1152557423938,1.31725064705421));
#4702=CARTESIAN_POINT('Ctrl Pts',(92.086232654852,11.5983877071187,1.25459792688649));
#4703=CARTESIAN_POINT('Ctrl Pts',(91.2463880385327,11.9280790760535,1.19194520671878));
#4704=CARTESIAN_POINT('Ctrl Pts',(91.0560317575109,12.8100609441277,1.12929248655107));
#4705=CARTESIAN_POINT('Ctrl Pts',(91.6851733804812,13.4568074526201,1.06663976638335));
#4706=CARTESIAN_POINT('Ctrl Pts',(92.5720586642667,13.2908921454417,1.00398704621564));
#4707=CARTESIAN_POINT('Ctrl Pts',(92.9248418314879,12.4604420165729,0.941334326047925));
#4708=CARTESIAN_POINT('Ctrl Pts',(92.4285341812473,11.706931328789,0.878681605880211));
#4709=CARTESIAN_POINT('Ctrl Pts',(91.5262676603714,11.7031310884351,0.816028885712498));
#4710=CARTESIAN_POINT('Ctrl Pts',(91.0236314388995,12.4524355557129,0.753376165544784));
#4711=CARTESIAN_POINT('Ctrl Pts',(91.36940588944,13.2858261675111,0.690723445377071));
#4712=CARTESIAN_POINT('Ctrl Pts',(92.2548653040406,13.4592087282231,0.628070725209357));
#4713=CARTESIAN_POINT('Ctrl Pts',(92.8894256315881,12.8177781595202,0.565418005041643));
#4714=CARTESIAN_POINT('Ctrl Pts',(92.7065183403733,11.9342370418668,0.50276528487393));
#4715=CARTESIAN_POINT('Ctrl Pts',(91.8694526255445,11.5974568816402,0.440112564706216));
#4716=CARTESIAN_POINT('Ctrl Pts',(91.1256042132099,12.1081323382141,0.377459844538503));
#4717=CARTESIAN_POINT('Ctrl Pts',(91.1391197442631,13.0103062051812,0.314807124370789));
#4718=CARTESIAN_POINT('Ctrl Pts',(91.8979316431852,13.4984699262572,0.252154404203076));
#4719=CARTESIAN_POINT('Ctrl Pts',(92.724533618915,13.1367672665887,0.189501684035362));
#4720=CARTESIAN_POINT('Ctrl Pts',(92.8808915773329,12.2481416038645,0.126848963867649));
#4721=CARTESIAN_POINT('Ctrl Pts',(92.2274028186378,11.6260115226029,0.0641962436999349));
#4722=CARTESIAN_POINT('Ctrl Pts',(91.3475323165632,11.8258317607672,0.00154352353222115));
#4723=CARTESIAN_POINT('Ctrl Pts',(91.0268820130303,12.6692242626193,-0.0611091966354918));
#4724=CARTESIAN_POINT('Ctrl Pts',(91.5517289557598,13.4030982742985,-0.123761916803205));
#4725=CARTESIAN_POINT('Ctrl Pts',(92.4534961572658,13.372350056327,-0.186414636970919));
#4726=CARTESIAN_POINT('Ctrl Pts',(92.9269691674506,12.6041486025314,-0.249067357138632));
#4727=CARTESIAN_POINT('Ctrl Pts',(92.5495517848193,11.7849745511365,-0.311720077306346));
#4728=CARTESIAN_POINT('Ctrl Pts',(91.6579244163009,11.644998822874,-0.37437279747406));
#4729=CARTESIAN_POINT('Ctrl Pts',(91.0488288789925,12.3117342305835,-0.437025517641773));
#4730=CARTESIAN_POINT('Ctrl Pts',(91.1932003544132,12.8929892468466,-0.478793997753582));
#4731=CARTESIAN_POINT('Ctrl Pts',(91.3716372441751,13.0905466452978,-0.499678237809487));
#4732=CARTESIAN_POINT('Ctrl Pts',(91.3716372441751,13.0905466452978,-0.499678237809487));
#4733=CARTESIAN_POINT('Ctrl Pts',(91.3442548239647,13.0674285999703,-0.499678237809487));
#4734=CARTESIAN_POINT('Ctrl Pts',(91.3186298853052,13.0424357712829,-0.499678237809487));
#4735=CARTESIAN_POINT('Ctrl Pts',(91.2947836203851,13.0158361324133,-0.499678237809487));
#4736=CARTESIAN_POINT('Ctrl Pts',(91.2808721408479,13.000318384327,-0.499678237809487));
#4737=CARTESIAN_POINT('Ctrl Pts',(91.2675663059353,12.984252873024,-0.499678237809487));
#4738=CARTESIAN_POINT('Ctrl Pts',(91.2548735347761,12.967686134437,-0.499678237809487));
#4739=CARTESIAN_POINT('Ctrl Pts',(91.247751974981,12.958390999594,-0.499678237809487));
#4740=CARTESIAN_POINT('Ctrl Pts',(91.2408234559865,12.94893799571,-0.499678237809487));
#4741=CARTESIAN_POINT('Ctrl Pts',(91.2340896878295,12.9393347711696,-0.499678237809487));
#4742=CARTESIAN_POINT('Ctrl Pts',(91.2291432248508,12.9322804750372,-0.499678237809487));
#4743=CARTESIAN_POINT('Ctrl Pts',(91.2243030761797,12.9251466886713,-0.499678237809486));
#4744=CARTESIAN_POINT('Ctrl Pts',(91.2195747265117,12.9179443185462,-0.499678237809486));
#4745=CARTESIAN_POINT('Ctrl Pts',(91.1984159213787,12.8857145646841,-0.499678237809487));
#4746=CARTESIAN_POINT('Ctrl Pts',(91.1794638975888,12.8520732669902,-0.499678237809487));
#4747=CARTESIAN_POINT('Ctrl Pts',(91.162759820246,12.8173086289005,-0.499678237809486));
#4748=CARTESIAN_POINT('Ctrl Pts',(91.1519618596809,12.7948358407635,-0.499678237809486));
#4749=CARTESIAN_POINT('Ctrl Pts',(91.1421037826471,12.7718926396044,-0.499678237809487));
#4750=CARTESIAN_POINT('Ctrl Pts',(91.133204192635,12.7485483779439,-0.499678237809487));
#4751=CARTESIAN_POINT('Ctrl Pts',(91.1300457914873,12.7402636656456,-0.499678237809486));
#4752=CARTESIAN_POINT('Ctrl Pts',(91.1270085367905,12.7319289740995,-0.499678237809486));
#4753=CARTESIAN_POINT('Ctrl Pts',(91.1240975046462,12.7235602539173,-0.499678237809487));
#4754=CARTESIAN_POINT('Ctrl Pts',(91.1108636583596,12.6855152063123,-0.499678237809487));
#4755=CARTESIAN_POINT('Ctrl Pts',(91.1002094255469,12.6467030455333,-0.499678237809487));
#4756=CARTESIAN_POINT('Ctrl Pts',(91.0921783584637,12.6074269877651,-0.499678237809487));
#4757=CARTESIAN_POINT('Ctrl Pts',(91.0841121474982,12.5679790582973,-0.499678237809487));
#4758=CARTESIAN_POINT('Ctrl Pts',(91.0786914349927,12.5280620151826,-0.499678237809486));
#4759=CARTESIAN_POINT('Ctrl Pts',(91.0760020129917,12.4879512684979,-0.499678237809486));
#4760=CARTESIAN_POINT('Ctrl Pts',(91.0747086919867,12.4686623390579,-0.499678237809486));
#4761=CARTESIAN_POINT('Ctrl Pts',(91.0740476797981,12.44932825178,-0.499678237809486));
#4762=CARTESIAN_POINT('Ctrl Pts',(91.0740326406251,12.4299782586405,-0.499678237809486));
#4763=CARTESIAN_POINT('Ctrl Pts',(91.074026166419,12.4216482895817,-0.499678237809486));
#4764=CARTESIAN_POINT('Ctrl Pts',(91.0741394410034,12.4133153663236,-0.499678237809487));
#4765=CARTESIAN_POINT('Ctrl Pts',(91.0743737245441,12.404981803067,-0.499678237809487));
#4766=CARTESIAN_POINT('Ctrl Pts',(91.0746018182145,12.3968684160758,-0.499678237809487));
#4767=CARTESIAN_POINT('Ctrl Pts',(91.0749443627941,12.3887639772348,-0.499678237809487));
#4768=CARTESIAN_POINT('Ctrl Pts',(91.0754016338183,12.3806725773631,-0.499678237809487));
#4769=CARTESIAN_POINT('Ctrl Pts',(91.0765670083771,12.3600513023295,-0.499678237809487));
#4770=CARTESIAN_POINT('Ctrl Pts',(91.0784774493217,12.3395110039692,-0.499678237809487));
#4771=CARTESIAN_POINT('Ctrl Pts',(91.0811402066458,12.319088533088,-0.499678237809487));
#4772=CARTESIAN_POINT('Ctrl Pts',(91.0863429596866,12.2791851323843,-0.499678237809487));
#4773=CARTESIAN_POINT('Ctrl Pts',(91.0944140779431,12.2397318877889,-0.499678237809487));
#4774=CARTESIAN_POINT('Ctrl Pts',(91.1051201992953,12.2009205740994,-0.499678237809487));
#4775=CARTESIAN_POINT('Ctrl Pts',(91.114403828397,12.1672660105665,-0.499678237809487));
#4776=CARTESIAN_POINT('Ctrl Pts',(91.125669839978,12.1340935383159,-0.499678237809487));
#4777=CARTESIAN_POINT('Ctrl Pts',(91.1387979282034,12.1015269770712,-0.499678237809487));
#4778=CARTESIAN_POINT('Ctrl Pts',(91.1437239620229,12.0893070727469,-0.499678237809487));
#4779=CARTESIAN_POINT('Ctrl Pts',(91.1489124503288,12.0771725048621,-0.499678237809487));
#4780=CARTESIAN_POINT('Ctrl Pts',(91.1543580128033,12.0651299860092,-0.499678237809487));
#4781=CARTESIAN_POINT('Ctrl Pts',(91.1577852273835,12.0575509165582,-0.499678237809487));
#4782=CARTESIAN_POINT('Ctrl Pts',(91.1613143157,12.0500085227266,-0.499678237809486));
#4783=CARTESIAN_POINT('Ctrl Pts',(91.164937458633,12.0425172382267,-0.499678237809486));
#4784=CARTESIAN_POINT('Ctrl Pts',(91.183338599969,12.004470661699,-0.499678237809486));
#4785=CARTESIAN_POINT('Ctrl Pts',(91.2041987061126,11.9676583406384,-0.499678237809487));
#4786=CARTESIAN_POINT('Ctrl Pts',(91.2272763875618,11.9322825651444,-0.499678237809487));
#4787=CARTESIAN_POINT('Ctrl Pts',(91.2508905020496,11.8960844915012,-0.499678237809487));
#4788=CARTESIAN_POINT('Ctrl Pts',(91.2768268513015,11.8613894249998,-0.499678237809487));
#4789=CARTESIAN_POINT('Ctrl Pts',(91.3048803714299,11.8284215782263,-0.499678237809487));
#4790=CARTESIAN_POINT('Ctrl Pts',(91.318800012832,11.8120635382091,-0.499678237809487));
#4791=CARTESIAN_POINT('Ctrl Pts',(91.3332416772065,11.7961309517889,-0.499678237809487));
#4792=CARTESIAN_POINT('Ctrl Pts',(91.3481845732097,11.7806531966474,-0.499678237809487));
#4793=CARTESIAN_POINT('Ctrl Pts',(91.3555579626514,11.7730158874995,-0.499678237809487));
#4794=CARTESIAN_POINT('Ctrl Pts',(91.3630534327423,11.7654893469472,-0.499678237809487));
#4795=CARTESIAN_POINT('Ctrl Pts',(91.3706687102285,11.7580772768855,-0.499678237809487));
#4796=CARTESIAN_POINT('Ctrl Pts',(91.3767693021478,11.7521394742505,-0.499678237809487));
#4797=CARTESIAN_POINT('Ctrl Pts',(91.382946768009,11.7462753191516,-0.499678237809487));
#4798=CARTESIAN_POINT('Ctrl Pts',(91.3891892450498,11.740496233023,-0.499678237809487));
#4799=CARTESIAN_POINT('Ctrl Pts',(91.4220679894659,11.7100581401731,-0.499678237809487));
#4800=CARTESIAN_POINT('Ctrl Pts',(91.4568166318371,11.6819088863325,-0.499678237809487));
#4801=CARTESIAN_POINT('Ctrl Pts',(91.4932039210887,11.656276037509,-0.499678237809487));
#4802=CARTESIAN_POINT('Ctrl Pts',(91.5293914547134,11.6307839055646,-0.499678237809487));
#4803=CARTESIAN_POINT('Ctrl Pts',(91.5672004081328,11.6077795024104,-0.499678237809487));
#4804=CARTESIAN_POINT('Ctrl Pts',(91.6064463505241,11.5875131732641,-0.499678237809487));
#4805=CARTESIAN_POINT('Ctrl Pts',(91.6152624973724,11.5829605769205,-0.499678237809487));
#4806=CARTESIAN_POINT('Ctrl Pts',(91.6241513063196,11.5785462954821,-0.499678237809487));
#4807=CARTESIAN_POINT('Ctrl Pts',(91.633110930458,11.5742734425746,-0.499678237809487));
#4808=CARTESIAN_POINT('Ctrl Pts',(91.6569644241453,11.5628976897217,-0.499678237809487));
#4809=CARTESIAN_POINT('Ctrl Pts',(91.6813196188641,11.5525239318203,-0.499678237809487));
#4810=CARTESIAN_POINT('Ctrl Pts',(91.7061185607246,11.54314151677,-0.499678237809487));
#4811=CARTESIAN_POINT('Ctrl Pts',(91.1627070181433,12.5472793337522,1.14708713399487));
#4812=CARTESIAN_POINT('Ctrl Pts',(91.1620912354003,12.6229624181912,1.14115558484694));
#4813=CARTESIAN_POINT('Ctrl Pts',(91.1718440805215,12.698490056374,1.135224035699));
#4814=CARTESIAN_POINT('Ctrl Pts',(91.1926147415095,12.770855050864,1.12929248655107));
#4815=CARTESIAN_POINT('Ctrl Pts',(91.2657456318343,13.0256431136251,1.10840824649516));
#4816=CARTESIAN_POINT('Ctrl Pts',(91.4754595061578,13.2412252831226,1.08752400643926));
#4817=CARTESIAN_POINT('Ctrl Pts',(91.7281306572837,13.3213638166749,1.06663976638335));
#4818=CARTESIAN_POINT('Ctrl Pts',(91.9808018084097,13.4015023502273,1.04575552632745));
#4819=CARTESIAN_POINT('Ctrl Pts',(92.2764302363382,13.3461972478345,1.02487128627154));
#4820=CARTESIAN_POINT('Ctrl Pts',(92.4830416448393,13.1801363418266,1.00398704621564));
#4821=CARTESIAN_POINT('Ctrl Pts',(92.6896530533404,13.0140754358188,0.983102806159733));
#4822=CARTESIAN_POINT('Ctrl Pts',(92.8072474424141,12.7372587261958,0.962218566103829));
#4823=CARTESIAN_POINT('Ctrl Pts',(92.7833266952442,12.4732652567537,0.941334326047925));
#4824=CARTESIAN_POINT('Ctrl Pts',(92.7594059480743,12.2092717873116,0.92045008599202));
#4825=CARTESIAN_POINT('Ctrl Pts',(92.5939700646608,11.9581015580503,0.899565845936116));
#4826=CARTESIAN_POINT('Ctrl Pts',(92.3608743694747,11.8318830700273,0.878681605880211));
#4827=CARTESIAN_POINT('Ctrl Pts',(92.1277786742886,11.7056645820043,0.857797365824307));
#4828=CARTESIAN_POINT('Ctrl Pts',(91.82702316733,11.7043978352197,0.836913125768402));
#4829=CARTESIAN_POINT('Ctrl Pts',(91.592872710272,11.828648539707,0.816028885712498));
#4830=CARTESIAN_POINT('Ctrl Pts',(91.3587222532141,11.9528992441943,0.795144645656593));
#4831=CARTESIAN_POINT('Ctrl Pts',(91.1911768460568,12.2026673999536,0.774260405600688));
#4832=CARTESIAN_POINT('Ctrl Pts',(91.1650332175682,12.4664499131329,0.753376165544784));
#4833=CARTESIAN_POINT('Ctrl Pts',(91.1624089403788,12.4929281976074,0.751279821694814));
#4834=CARTESIAN_POINT('Ctrl Pts',(91.1612094259542,12.5195476905929,0.749183477844843));
#4835=CARTESIAN_POINT('Ctrl Pts',(91.1613826324032,12.5461829601341,0.747087133994873));
#4836=CARTESIAN_POINT('Ctrl Pts',(91.7069371437579,11.5445534211955,1.50032176219051));
#4837=CARTESIAN_POINT('Ctrl Pts',(91.6654637172857,11.5604612363456,1.50032176219051));
#4838=CARTESIAN_POINT('Ctrl Pts',(91.625261446458,11.579190342034,1.50032176219051));
#4839=CARTESIAN_POINT('Ctrl Pts',(91.5865005238681,11.6004895508154,1.50032176219051));
#4840=CARTESIAN_POINT('Ctrl Pts',(91.5473578682424,11.6219985227056,1.50032176219051));
#4841=CARTESIAN_POINT('Ctrl Pts',(91.5096842834755,11.6461295045609,1.50032176219051));
#4842=CARTESIAN_POINT('Ctrl Pts',(91.4736903276283,11.6726640067555,1.50032176219051));
#4843=CARTESIAN_POINT('Ctrl Pts',(91.4499626930985,11.6901558593647,1.50032176219051));
#4844=CARTESIAN_POINT('Ctrl Pts',(91.4269657066785,11.708692978729,1.50032176219051));
#4845=CARTESIAN_POINT('Ctrl Pts',(91.4047705075567,11.7282188790807,1.50032176219051));
#4846=CARTESIAN_POINT('Ctrl Pts',(91.3965617179957,11.7354404410995,1.50032176219051));
#4847=CARTESIAN_POINT('Ctrl Pts',(91.3884626950093,11.7427972886076,1.50032176219051));
#4848=CARTESIAN_POINT('Ctrl Pts',(91.3804773814531,11.7502866652586,1.50032176219051));
#4849=CARTESIAN_POINT('Ctrl Pts',(91.374997043203,11.7554266409203,1.50032176219051));
#4850=CARTESIAN_POINT('Ctrl Pts',(91.3695715173225,11.7606279602968,1.50032176219051));
#4851=CARTESIAN_POINT('Ctrl Pts',(91.3642085212985,11.7658830467841,1.50032176219051));
#4852=CARTESIAN_POINT('Ctrl Pts',(91.3331782313701,11.7962889722355,1.50032176219051));
#4853=CARTESIAN_POINT('Ctrl Pts',(91.3041736609177,11.828552208009,1.50032176219051));
#4854=CARTESIAN_POINT('Ctrl Pts',(91.2773836115053,11.8624625939605,1.50032176219051));
#4855=CARTESIAN_POINT('Ctrl Pts',(91.2512755322551,11.8955097537547,1.50032176219051));
#4856=CARTESIAN_POINT('Ctrl Pts',(91.2272702602299,11.9301223087274,1.50032176219051));
#4857=CARTESIAN_POINT('Ctrl Pts',(91.2055875835824,11.9661235078958,1.50032176219051));
#4858=CARTESIAN_POINT('Ctrl Pts',(91.1924210015476,11.9879848652321,1.50032176219051));
#4859=CARTESIAN_POINT('Ctrl Pts',(91.1801117559883,12.010358547496,1.50032176219051));
#4860=CARTESIAN_POINT('Ctrl Pts',(91.1687184226256,12.0332059477292,1.50032176219051));
#4861=CARTESIAN_POINT('Ctrl Pts',(91.1648664589086,12.0409304085104,1.50032176219051));
#4862=CARTESIAN_POINT('Ctrl Pts',(91.161119251829,12.048709016727,1.50032176219051));
#4863=CARTESIAN_POINT('Ctrl Pts',(91.157479265575,12.0565402709102,1.50032176219051));
#4864=CARTESIAN_POINT('Ctrl Pts',(91.1538701938833,12.0643050139097,1.50032176219051));
#4865=CARTESIAN_POINT('Ctrl Pts',(91.1503704959834,12.0721130453209,1.50032176219051));
#4866=CARTESIAN_POINT('Ctrl Pts',(91.1469830278784,12.0799599122295,1.50032176219051));
#4867=CARTESIAN_POINT('Ctrl Pts',(91.1309109442446,12.1171899310255,1.50032176219051));
#4868=CARTESIAN_POINT('Ctrl Pts',(91.1173516485457,12.1553142193254,1.50032176219051));
#4869=CARTESIAN_POINT('Ctrl Pts',(91.1064985397701,12.1941665036227,1.50032176219051));
#4870=CARTESIAN_POINT('Ctrl Pts',(91.1014746246581,12.212151265616,1.50032176219051));
#4871=CARTESIAN_POINT('Ctrl Pts',(91.097031283903,12.2302921372117,1.50032176219051));
#4872=CARTESIAN_POINT('Ctrl Pts',(91.0931915239871,12.2485728540416,1.50032176219051));
#4873=CARTESIAN_POINT('Ctrl Pts',(91.0858151184918,12.283691190353,1.50032176219051));
#4874=CARTESIAN_POINT('Ctrl Pts',(91.0806646879533,12.3193263667121,1.50032176219051));
#4875=CARTESIAN_POINT('Ctrl Pts',(91.0777085643225,12.3552768716004,1.50032176219051));
#4876=CARTESIAN_POINT('Ctrl Pts',(91.0767146680842,12.3673640086882,1.50032176219051));
#4877=CARTESIAN_POINT('Ctrl Pts',(91.0759690462244,12.3794867017904,1.50032176219051));
#4878=CARTESIAN_POINT('Ctrl Pts',(91.0754711595531,12.3916369550423,1.50032176219051));
#4879=CARTESIAN_POINT('Ctrl Pts',(91.0750651695839,12.4015445931204,1.50032176219051));
#4880=CARTESIAN_POINT('Ctrl Pts',(91.0748240691537,12.4114729359621,1.50032176219051));
#4881=CARTESIAN_POINT('Ctrl Pts',(91.074747364958,12.4213943042448,1.50032176219051));
#4882=CARTESIAN_POINT('Ctrl Pts',(91.0744349376595,12.4618054741861,1.50032176219051));
#4883=CARTESIAN_POINT('Ctrl Pts',(91.0768408950823,12.5021849669133,1.50032176219051));
#4884=CARTESIAN_POINT('Ctrl Pts',(91.081880671485,12.5422502002898,1.50032176219051));
#4885=CARTESIAN_POINT('Ctrl Pts',(91.0868833568282,12.5820205670223,1.50032176219051));
#4886=CARTESIAN_POINT('Ctrl Pts',(91.0944818406213,12.6214824907449,1.50032176219051));
#4887=CARTESIAN_POINT('Ctrl Pts',(91.1046390871978,12.6603377293867,1.50032176219051));
#4888=CARTESIAN_POINT('Ctrl Pts',(91.1098282011632,12.6801880165632,1.50032176219051));
#4889=CARTESIAN_POINT('Ctrl Pts',(91.1156858235233,12.6998794962923,1.50032176219051));
#4890=CARTESIAN_POINT('Ctrl Pts',(91.1222109068697,12.7193686576673,1.50032176219051));
#4891=CARTESIAN_POINT('Ctrl Pts',(91.1250911312588,12.7279713306043,1.50032176219051));
#4892=CARTESIAN_POINT('Ctrl Pts',(91.1281021479173,12.7365364636201,1.50032176219051));
#4893=CARTESIAN_POINT('Ctrl Pts',(91.131241734255,12.7450539753449,1.50032176219051));
#4894=CARTESIAN_POINT('Ctrl Pts',(91.1446049240602,12.7813075175645,1.50032176219051));
#4895=CARTESIAN_POINT('Ctrl Pts',(91.1602520668827,12.8165896435395,1.50032176219051));
#4896=CARTESIAN_POINT('Ctrl Pts',(91.1781452947339,12.8506245656505,1.50032176219051));
#4897=CARTESIAN_POINT('Ctrl Pts',(91.1884148449952,12.8701583996888,1.50032176219051));
#4898=CARTESIAN_POINT('Ctrl Pts',(91.1994249676277,12.8892808257743,1.50032176219051));
#4899=CARTESIAN_POINT('Ctrl Pts',(91.2111735533206,12.907933707433,1.50032176219051));
#4900=CARTESIAN_POINT('Ctrl Pts',(91.216712902754,12.9167283685222,1.50032176219051));
#4901=CARTESIAN_POINT('Ctrl Pts',(91.222416463588,12.9254185762029,1.50032176219051));
#4902=CARTESIAN_POINT('Ctrl Pts',(91.2282842587411,12.9339978220612,1.50032176219051));
#4903=CARTESIAN_POINT('Ctrl Pts',(91.2338827736259,12.9421833558747,1.50032176219051));
#4904=CARTESIAN_POINT('Ctrl Pts',(91.2396263003452,12.950261202364,1.50032176219051));
#4905=CARTESIAN_POINT('Ctrl Pts',(91.2455114838687,12.9582225113587,1.50032176219051));
#4906=CARTESIAN_POINT('Ctrl Pts',(91.2672381882483,12.9876137795001,1.50032176219051));
#4907=CARTESIAN_POINT('Ctrl Pts',(91.290905287218,13.0154374749128,1.50032176219051));
#4908=CARTESIAN_POINT('Ctrl Pts',(91.3164990069616,13.041422979524,1.50032176219051));
#4909=CARTESIAN_POINT('Ctrl Pts',(91.3189443084111,13.0439057132856,1.50032176219051));
#4910=CARTESIAN_POINT('Ctrl Pts',(91.3214072165747,13.0463716328258,1.50032176219051));
#4911=CARTESIAN_POINT('Ctrl Pts',(91.3238877314162,13.0488204795693,1.50032176219051));
#4912=CARTESIAN_POINT('Ctrl Pts',(91.3388037465874,13.063546065793,1.50032176219051));
#4913=CARTESIAN_POINT('Ctrl Pts',(91.3543563494669,13.0776546946961,1.50032176219051));
#4914=CARTESIAN_POINT('Ctrl Pts',(91.3704982936374,13.0911244794689,1.50032176219051));
#4915=CARTESIAN_POINT('Origin',(107.523856648352,12.5466127897298,-0.499678237809487));
#4916=CARTESIAN_POINT('Origin',(91.9738566483518,12.5466127897298,-0.499678237809487));
#4917=CARTESIAN_POINT('Origin',(99.6816920509817,-5.27344338588619,10.0003217621905));
#4918=CARTESIAN_POINT('',(98.386213515474,-3.74971921004639,9.50032176219051));
#4919=CARTESIAN_POINT('',(99.0339527832278,-4.51158129796629,10.5003217621905));
#4920=CARTESIAN_POINT('',(98.386213515474,-3.74971921004639,9.50032176219051));
#4921=CARTESIAN_POINT('',(100.681692050982,-5.27344338588619,10.5003217621905));
#4922=CARTESIAN_POINT('Origin',(99.6816920509817,-5.27344338588619,10.5003217621905));
#4923=CARTESIAN_POINT('',(100.329431318736,-4.51158129796629,10.5003217621905));
#4924=CARTESIAN_POINT('Origin',(99.6816920509817,-5.27344338588619,10.5003217621905));
#4925=CARTESIAN_POINT('',(100.977170586489,-3.74971921004639,9.50032176219051));
#4926=CARTESIAN_POINT('',(100.329431318736,-4.51158129796629,10.5003217621905));
#4927=CARTESIAN_POINT('Origin',(99.6816920509817,-5.27344338588619,9.50032176219051));
#4928=CARTESIAN_POINT('Ctrl Pts',(100.977170586489,-3.74971921004639,9.50032176219051));
#4929=CARTESIAN_POINT('Ctrl Pts',(100.670417351195,-3.488915950295,9.50032176219051));
#4930=CARTESIAN_POINT('Ctrl Pts',(100.022109209106,-3.23123360263226,9.31097328210495));
#4931=CARTESIAN_POINT('Ctrl Pts',(99.0741186104001,-3.31850645491459,9.39030782766326));
#4932=CARTESIAN_POINT('Ctrl Pts',(98.5907156723367,-3.57585037021213,9.50032176219051));
#4933=CARTESIAN_POINT('Ctrl Pts',(98.386213515474,-3.74971921004639,9.50032176219051));
#4934=CARTESIAN_POINT('Ctrl Pts',(100.761257497238,-4.00367323935303,9.83365509552385));
#4935=CARTESIAN_POINT('Ctrl Pts',(100.50562980116,-3.7863371895602,9.83365509552385));
#4936=CARTESIAN_POINT('Ctrl Pts',(99.9657990946799,-3.56888408770306,9.7074227754668));
#4937=CARTESIAN_POINT('Ctrl Pts',(99.1747530398893,-3.64328276676906,9.76031247250568));
#4938=CARTESIAN_POINT('Ctrl Pts',(98.7725450687775,-3.85878253949114,9.83365509552385));
#4939=CARTESIAN_POINT('Ctrl Pts',(98.6021266047253,-4.00367323935302,9.83365509552385));
#4940=CARTESIAN_POINT('Ctrl Pts',(100.545344407987,-4.25762726865966,10.1669884288572));
#4941=CARTESIAN_POINT('Ctrl Pts',(100.340842251124,-4.0837584288254,10.1669884288572));
#4942=CARTESIAN_POINT('Ctrl Pts',(99.9094889802541,-3.90653457277386,10.1038722688287));
#4943=CARTESIAN_POINT('Ctrl Pts',(99.2753874693785,-3.96805907862354,10.1303171173481));
#4944=CARTESIAN_POINT('Ctrl Pts',(98.9543744652184,-4.14171470877015,10.1669884288572));
#4945=CARTESIAN_POINT('Ctrl Pts',(98.8180396939765,-4.25762726865966,10.1669884288572));
#4946=CARTESIAN_POINT('Ctrl Pts',(100.329431318736,-4.51158129796629,10.5003217621905));
#4947=CARTESIAN_POINT('Ctrl Pts',(100.176054701089,-4.3811796680906,10.5003217621905));
#4948=CARTESIAN_POINT('Ctrl Pts',(99.8531788658283,-4.24418505784466,10.5003217621905));
#4949=CARTESIAN_POINT('Ctrl Pts',(99.3760218988677,-4.29283539047802,10.5003217621905));
#4950=CARTESIAN_POINT('Ctrl Pts',(99.1362038616592,-4.42464687804916,10.5003217621905));
#4951=CARTESIAN_POINT('Ctrl Pts',(99.0339527832278,-4.51158129796629,10.5003217621905));
#4952=CARTESIAN_POINT('Ctrl Pts',(98.386213515474,-3.74971921004639,9.50032176219051));
#4953=CARTESIAN_POINT('Ctrl Pts',(98.5907156723367,-3.57585037021213,9.50032176219051));
#4954=CARTESIAN_POINT('Ctrl Pts',(99.0741186104001,-3.31850645491459,9.39030782766326));
#4955=CARTESIAN_POINT('Ctrl Pts',(100.022109209106,-3.23123360263226,9.31097328210495));
#4956=CARTESIAN_POINT('Ctrl Pts',(100.670417351195,-3.488915950295,9.50032176219051));
#4957=CARTESIAN_POINT('Ctrl Pts',(100.977170586489,-3.74971921004639,9.50032176219051));
#4958=CARTESIAN_POINT('Ctrl Pts',(100.329431318736,-4.51158129796629,10.5003217621905));
#4959=CARTESIAN_POINT('Ctrl Pts',(100.176054701089,-4.3811796680906,10.5003217621905));
#4960=CARTESIAN_POINT('Ctrl Pts',(99.8531788658283,-4.24418505784466,10.5003217621905));
#4961=CARTESIAN_POINT('Ctrl Pts',(99.3760218988677,-4.29283539047802,10.5003217621905));
#4962=CARTESIAN_POINT('Ctrl Pts',(99.1362038616592,-4.42464687804916,10.5003217621905));
#4963=CARTESIAN_POINT('Ctrl Pts',(99.0339527832278,-4.51158129796629,10.5003217621905));
#4964=CARTESIAN_POINT('Origin',(99.6816920509817,12.3402376509999,8.50032176219051));
#4965=CARTESIAN_POINT('',(94.6456995764624,-2.99611642103679,9.50032176219051));
#4966=CARTESIAN_POINT('Origin',(99.6816920509817,12.3402376509999,9.50032176219051));
#4967=CARTESIAN_POINT('Ctrl Pts',(93.288851009159,-1.38610598124077,8.50032176219051));
#4968=CARTESIAN_POINT('Ctrl Pts',(93.2903979938045,-1.38682646640402,8.50148676596439));
#4969=CARTESIAN_POINT('Ctrl Pts',(93.2919442416491,-1.3875485359849,8.50265177043094));
#4970=CARTESIAN_POINT('Ctrl Pts',(93.466339756314,-1.4692056773448,8.63411055418413));
#4971=CARTESIAN_POINT('Ctrl Pts',(93.6312019326743,-1.57053286644043,8.76535446246112));
#4972=CARTESIAN_POINT('Ctrl Pts',(93.9334450332798,-1.80954495905638,9.00999391926471));
#4973=CARTESIAN_POINT('Ctrl Pts',(94.073728498412,-1.94829820440206,9.12580951549534));
#4974=CARTESIAN_POINT('Ctrl Pts',(94.3312387388865,-2.275773149689,9.33013747858039));
#4975=CARTESIAN_POINT('Ctrl Pts',(94.437070679732,-2.45507786325932,9.40870590353446));
#4976=CARTESIAN_POINT('Ctrl Pts',(94.5690438919898,-2.75215147615369,9.48330265738942));
#4977=CARTESIAN_POINT('Ctrl Pts',(94.6121136148245,-2.87265788389979,9.50032176219067));
#4978=CARTESIAN_POINT('Ctrl Pts',(94.6456995764628,-2.99611642103851,9.50032176219051));
#4979=CARTESIAN_POINT('',(104.717684525501,-2.9961164210368,9.50032176219051));
#4980=CARTESIAN_POINT('Ctrl Pts',(104.717684525501,-2.99611642103679,9.50032176219051));
#4981=CARTESIAN_POINT('Ctrl Pts',(104.751270487139,-2.87265788389868,9.50032176219051));
#4982=CARTESIAN_POINT('Ctrl Pts',(104.794340209974,-2.75215147615319,9.4833026573893));
#4983=CARTESIAN_POINT('Ctrl Pts',(104.926313422232,-2.455077863259,9.40870590353437));
#4984=CARTESIAN_POINT('Ctrl Pts',(105.032145363077,-2.27577314968872,9.3301374785802));
#4985=CARTESIAN_POINT('Ctrl Pts',(105.289655603551,-1.94829820440287,9.12580951549583));
#4986=CARTESIAN_POINT('Ctrl Pts',(105.429939068682,-1.80954495905779,9.00999391926588));
#4987=CARTESIAN_POINT('Ctrl Pts',(105.732182169285,-1.57053286644315,8.76535446246417));
#4988=CARTESIAN_POINT('Ctrl Pts',(105.89704434566,-1.46920567734019,8.6341105541837));
#4989=CARTESIAN_POINT('Ctrl Pts',(106.071439860307,-1.38754853598828,8.50265177043611));
#4990=CARTESIAN_POINT('Ctrl Pts',(106.072986108161,-1.38682646640319,8.50148676596307));
#4991=CARTESIAN_POINT('Ctrl Pts',(106.074533092804,-1.38610598124075,8.50032176219051));
#4992=CARTESIAN_POINT('Origin',(99.6816920509817,12.3402376509999,9.50032176219051));
#4993=CARTESIAN_POINT('Origin',(99.6816920509817,-5.27344338588619,12.5003217621905));
#4994=CARTESIAN_POINT('',(100.681692050982,-5.27344338588619,12.5003217621905));
#4995=CARTESIAN_POINT('Origin',(99.6816920509817,29.9539186878861,10.0003217621905));
#4996=CARTESIAN_POINT('',(100.977170586489,28.4301945120462,9.50032176219051));
#4997=CARTESIAN_POINT('',(100.329431318736,29.1920565999662,10.5003217621905));
#4998=CARTESIAN_POINT('',(100.977170586489,28.4301945120462,9.50032176219051));
#4999=CARTESIAN_POINT('',(100.681692050982,29.9539186878861,10.5003217621905));
#5000=CARTESIAN_POINT('Origin',(99.6816920509817,29.9539186878861,10.5003217621905));
#5001=CARTESIAN_POINT('',(99.0339527832279,29.1920565999662,10.5003217621905));
#5002=CARTESIAN_POINT('Origin',(99.6816920509817,29.9539186878861,10.5003217621905));
#5003=CARTESIAN_POINT('',(98.386213515474,28.4301945120462,9.50032176219051));
#5004=CARTESIAN_POINT('',(99.0339527832279,29.1920565999662,10.5003217621905));
#5005=CARTESIAN_POINT('Origin',(99.6816920509817,29.9539186878861,9.50032176219051));
#5006=CARTESIAN_POINT('Ctrl Pts',(98.386213515474,28.4301945120462,9.50032176219051));
#5007=CARTESIAN_POINT('Ctrl Pts',(98.6929667507681,28.1693912522949,9.50032176219051));
#5008=CARTESIAN_POINT('Ctrl Pts',(99.3412660792011,27.9118116778978,9.31100714979114));
#5009=CARTESIAN_POINT('Ctrl Pts',(100.28925320872,27.9990415980006,9.39031612147253));
#5010=CARTESIAN_POINT('Ctrl Pts',(100.772668429627,28.256325672212,9.50032176219051));
#5011=CARTESIAN_POINT('Ctrl Pts',(100.977170586489,28.4301945120462,9.50032176219051));
#5012=CARTESIAN_POINT('Ctrl Pts',(98.6021266047253,28.6841485413529,9.83365509552385));
#5013=CARTESIAN_POINT('Ctrl Pts',(98.8577543008037,28.4668124915601,9.83365509552385));
#5014=CARTESIAN_POINT('Ctrl Pts',(99.397580267299,28.2494310777687,9.70744535392426));
#5015=CARTESIAN_POINT('Ctrl Pts',(100.188623224608,28.3237997170577,9.76031800171186));
#5016=CARTESIAN_POINT('Ctrl Pts',(100.590839033186,28.539257841491,9.83365509552385));
#5017=CARTESIAN_POINT('Ctrl Pts',(100.761257497238,28.6841485413529,9.83365509552385));
#5018=CARTESIAN_POINT('Ctrl Pts',(98.8180396939766,28.9381025706595,10.1669884288572));
#5019=CARTESIAN_POINT('Ctrl Pts',(99.0225418508393,28.7642337308253,10.1669884288572));
#5020=CARTESIAN_POINT('Ctrl Pts',(99.4538944553971,28.5870504776395,10.1038835580574));
#5021=CARTESIAN_POINT('Ctrl Pts',(100.087993240495,28.6485578361148,10.1303198819512));
#5022=CARTESIAN_POINT('Ctrl Pts',(100.409009636745,28.82219001077,10.1669884288572));
#5023=CARTESIAN_POINT('Ctrl Pts',(100.545344407987,28.9381025706595,10.1669884288572));
#5024=CARTESIAN_POINT('Ctrl Pts',(99.0339527832279,29.1920565999662,10.5003217621905));
#5025=CARTESIAN_POINT('Ctrl Pts',(99.1873294008749,29.0616549700905,10.5003217621905));
#5026=CARTESIAN_POINT('Ctrl Pts',(99.5102086434951,28.9246698775104,10.5003217621905));
#5027=CARTESIAN_POINT('Ctrl Pts',(99.9873632563824,28.9733159551719,10.5003217621905));
#5028=CARTESIAN_POINT('Ctrl Pts',(100.227180240304,29.105122180049,10.5003217621905));
#5029=CARTESIAN_POINT('Ctrl Pts',(100.329431318736,29.1920565999662,10.5003217621905));
#5030=CARTESIAN_POINT('Ctrl Pts',(100.977170586489,28.4301945120462,9.50032176219051));
#5031=CARTESIAN_POINT('Ctrl Pts',(100.772668429627,28.256325672212,9.50032176219051));
#5032=CARTESIAN_POINT('Ctrl Pts',(100.28925320872,27.9990415980006,9.39031612147253));
#5033=CARTESIAN_POINT('Ctrl Pts',(99.3412660792011,27.9118116778978,9.31100714979114));
#5034=CARTESIAN_POINT('Ctrl Pts',(98.6929667507681,28.1693912522949,9.50032176219051));
#5035=CARTESIAN_POINT('Ctrl Pts',(98.386213515474,28.4301945120462,9.50032176219051));
#5036=CARTESIAN_POINT('Ctrl Pts',(99.0339527832279,29.1920565999662,10.5003217621905));
#5037=CARTESIAN_POINT('Ctrl Pts',(99.1873294008749,29.0616549700905,10.5003217621905));
#5038=CARTESIAN_POINT('Ctrl Pts',(99.5102086434951,28.9246698775104,10.5003217621905));
#5039=CARTESIAN_POINT('Ctrl Pts',(99.9873632563824,28.9733159551719,10.5003217621905));
#5040=CARTESIAN_POINT('Ctrl Pts',(100.227180240304,29.105122180049,10.5003217621905));
#5041=CARTESIAN_POINT('Ctrl Pts',(100.329431318736,29.1920565999662,10.5003217621905));
#5042=CARTESIAN_POINT('Origin',(99.6816920509817,12.3402376509999,8.50032176219051));
#5043=CARTESIAN_POINT('',(104.717684525501,27.6765917230366,9.50032176219051));
#5044=CARTESIAN_POINT('Origin',(99.6816920509817,12.3402376509999,9.50032176219051));
#5045=CARTESIAN_POINT('Ctrl Pts',(106.074533092804,26.0665812832406,8.50032176219051));
#5046=CARTESIAN_POINT('Ctrl Pts',(106.072986108161,26.067301768403,8.50148676596296));
#5047=CARTESIAN_POINT('Ctrl Pts',(106.071439860307,26.0680238379882,8.50265177043472));
#5048=CARTESIAN_POINT('Ctrl Pts',(105.897044345735,26.1496809793051,8.63411055416678));
#5049=CARTESIAN_POINT('Ctrl Pts',(105.732182169282,26.2510081684454,8.76535446246659));
#5050=CARTESIAN_POINT('Ctrl Pts',(105.429939068682,26.4900202610574,9.00999391926567));
#5051=CARTESIAN_POINT('Ctrl Pts',(105.289655603551,26.6287735064026,9.12580951549574));
#5052=CARTESIAN_POINT('Ctrl Pts',(105.032145363077,26.9562484516891,9.33013747858053));
#5053=CARTESIAN_POINT('Ctrl Pts',(104.926313422231,27.1355531652594,9.40870590353452));
#5054=CARTESIAN_POINT('Ctrl Pts',(104.794340209974,27.4326267781535,9.48330265738942));
#5055=CARTESIAN_POINT('Ctrl Pts',(104.751270487139,27.5531331858996,9.50032176219067));
#5056=CARTESIAN_POINT('Ctrl Pts',(104.717684525501,27.6765917230384,9.50032176219051));
#5057=CARTESIAN_POINT('',(94.6456995764624,27.6765917230366,9.50032176219051));
#5058=CARTESIAN_POINT('Ctrl Pts',(94.6456995764624,27.6765917230366,9.50032176219051));
#5059=CARTESIAN_POINT('Ctrl Pts',(94.6121136148241,27.5531331858985,9.50032176219051));
#5060=CARTESIAN_POINT('Ctrl Pts',(94.5690438919895,27.432626778153,9.48330265738929));
#5061=CARTESIAN_POINT('Ctrl Pts',(94.4370706797323,27.1355531652599,9.40870590353465));
#5062=CARTESIAN_POINT('Ctrl Pts',(94.3312387388871,26.9562484516896,9.33013747858082));
#5063=CARTESIAN_POINT('Ctrl Pts',(94.073728498412,26.6287735064018,9.1258095154953));
#5064=CARTESIAN_POINT('Ctrl Pts',(93.9334450332797,26.4900202610561,9.00999391926461));
#5065=CARTESIAN_POINT('Ctrl Pts',(93.6312019326745,26.2510081684405,8.76535446246132));
#5066=CARTESIAN_POINT('Ctrl Pts',(93.4663397563038,26.1496809793399,8.63411055418149));
#5067=CARTESIAN_POINT('Ctrl Pts',(93.2919442416504,26.0680238379854,8.50265177043173));
#5068=CARTESIAN_POINT('Ctrl Pts',(93.2903979938031,26.0673017684032,8.50148676596332));
#5069=CARTESIAN_POINT('Ctrl Pts',(93.288851009159,26.0665812832406,8.50032176219051));
#5070=CARTESIAN_POINT('Origin',(99.6816920509817,12.3402376509999,9.50032176219051));
#5071=CARTESIAN_POINT('Origin',(99.6816920509817,29.9539186878861,12.5003217621905));
#5072=CARTESIAN_POINT('',(100.681692050982,29.9539186878861,12.5003217621905));
#5073=CARTESIAN_POINT('Origin',(92.2333711489394,28.3328474336896,12.5003217621905));
#5074=CARTESIAN_POINT('',(94.7161447829535,28.0398711850884,9.50032176219051));
#5075=CARTESIAN_POINT('',(94.7161447829535,28.0398711850884,12.5003217621905));
#5076=CARTESIAN_POINT('Origin',(92.2333711489394,28.3328474336896,9.50032176219051));
#5077=CARTESIAN_POINT('Origin',(107.130012953024,28.3328474336896,12.5003217621905));
#5078=CARTESIAN_POINT('',(104.64723931901,28.0398711850884,9.50032176219051));
#5079=CARTESIAN_POINT('Origin',(107.130012953024,28.3328474336896,9.50032176219051));
#5080=CARTESIAN_POINT('',(104.64723931901,28.0398711850884,12.5003217621905));
#5081=CARTESIAN_POINT('Origin',(99.6816920509817,27.4539186878861,12.5003217621905));
#5082=CARTESIAN_POINT('Origin',(99.6816920509817,27.4539186878861,9.50032176219051));
#5083=CARTESIAN_POINT('Origin',(92.2333711489394,-3.65237213168973,12.5003217621905));
#5084=CARTESIAN_POINT('',(94.7161447829535,-3.35939588308855,9.50032176219051));
#5085=CARTESIAN_POINT('Origin',(92.2333711489394,-3.65237213168973,9.50032176219051));
#5086=CARTESIAN_POINT('',(94.7161447829535,-3.35939588308855,12.5003217621905));
#5087=CARTESIAN_POINT('Origin',(99.6816920509817,-2.77344338588619,12.5003217621905));
#5088=CARTESIAN_POINT('',(104.64723931901,-3.35939588308855,9.50032176219051));
#5089=CARTESIAN_POINT('Origin',(99.6816920509817,-2.77344338588619,9.50032176219051));
#5090=CARTESIAN_POINT('',(104.64723931901,-3.35939588308855,12.5003217621905));
#5091=CARTESIAN_POINT('Origin',(107.130012953024,-3.65237213168973,12.5003217621905));
#5092=CARTESIAN_POINT('Origin',(107.130012953024,-3.65237213168973,9.50032176219051));
#5093=CARTESIAN_POINT('Origin',(99.6816920509817,29.5357679612415,9.50032176219051));
#5094=CARTESIAN_POINT('Origin',(99.6816920509817,-4.85529265924165,9.50032176219051));
#5095=CARTESIAN_POINT('Origin',(99.6816920509817,12.3402376509999,-2.49967823780949));
#5096=CARTESIAN_POINT('Origin',(107.523856648352,12.5466127897298,4.36932176219051));
#5097=CARTESIAN_POINT('Origin',(91.9738566483518,12.5466127897298,4.36932176219051));
#5098=CARTESIAN_POINT('Origin',(99.6816920509817,12.3402376509999,1.50032176219051));
#5099=CARTESIAN_POINT('',(112.556809147929,12.3402376509999,1.50032176219051));
#5100=CARTESIAN_POINT('Origin',(99.6816920509817,12.3402376509999,1.50032176219051));
#5101=CARTESIAN_POINT('Origin',(99.6816920509817,12.3402376509999,12.5003217621905));
#5102=CARTESIAN_POINT('',(112.556809147929,12.3402376509999,12.5003217621905));
#5103=UNCERTAINTY_MEASURE_WITH_UNIT(LENGTH_MEASURE(0.01),#5107,
'DISTANCE_ACCURACY_VALUE',
'Maximum model space distance between geometric entities at asserted c
onnectivities');
#5104=UNCERTAINTY_MEASURE_WITH_UNIT(LENGTH_MEASURE(0.01),#5107,
'DISTANCE_ACCURACY_VALUE',
'Maximum model space distance between geometric entities at asserted c
onnectivities');
#5105=(
GEOMETRIC_REPRESENTATION_CONTEXT(3)
GLOBAL_UNCERTAINTY_ASSIGNED_CONTEXT((#5103))
GLOBAL_UNIT_ASSIGNED_CONTEXT((#5107,#5108,#5109))
REPRESENTATION_CONTEXT('','3D')
);
#5106=(
GEOMETRIC_REPRESENTATION_CONTEXT(3)
GLOBAL_UNCERTAINTY_ASSIGNED_CONTEXT((#5104))
GLOBAL_UNIT_ASSIGNED_CONTEXT((#5107,#5108,#5109))
REPRESENTATION_CONTEXT('','3D')
);
#5107=(
LENGTH_UNIT()
NAMED_UNIT(*)
SI_UNIT(.MILLI.,.METRE.)
);
#5108=(
NAMED_UNIT(*)
PLANE_ANGLE_UNIT()
SI_UNIT($,.RADIAN.)
);
#5109=(
NAMED_UNIT(*)
SI_UNIT($,.STERADIAN.)
SOLID_ANGLE_UNIT()
);
#5110=SHAPE_DEFINITION_REPRESENTATION(#5111,#5112);
#5111=PRODUCT_DEFINITION_SHAPE('',$,#5114);
#5112=SHAPE_REPRESENTATION('',(#1738),#5105);
#5113=PRODUCT_DEFINITION_CONTEXT('part definition',#5118,'design');
#5114=PRODUCT_DEFINITION('Robot chat','Robot chat v25',#5115,#5113);
#5115=PRODUCT_DEFINITION_FORMATION('',$,#5120);
#5116=PRODUCT_RELATED_PRODUCT_CATEGORY('Robot chat v25',
'Robot chat v25',(#5120));
#5117=APPLICATION_PROTOCOL_DEFINITION('international standard',
'automotive_design',2009,#5118);
#5118=APPLICATION_CONTEXT(
'Core Data for Automotive Mechanical Design Process');
#5119=PRODUCT_CONTEXT('part definition',#5118,'mechanical');
#5120=PRODUCT('Robot chat','Robot chat v25',$,(#5119));
#5121=PRESENTATION_STYLE_ASSIGNMENT((#5124));
#5122=PRESENTATION_STYLE_ASSIGNMENT((#5125));
#5123=PRESENTATION_STYLE_ASSIGNMENT((#5126));
#5124=SURFACE_STYLE_USAGE(.BOTH.,#5127);
#5125=SURFACE_STYLE_USAGE(.BOTH.,#5128);
#5126=SURFACE_STYLE_USAGE(.BOTH.,#5129);
#5127=SURFACE_SIDE_STYLE('',(#5130));
#5128=SURFACE_SIDE_STYLE('',(#5131));
#5129=SURFACE_SIDE_STYLE('',(#5132));
#5130=SURFACE_STYLE_FILL_AREA(#5133);
#5131=SURFACE_STYLE_FILL_AREA(#5134);
#5132=SURFACE_STYLE_FILL_AREA(#5135);
#5133=FILL_AREA_STYLE('Steel - Satin',(#5136));
#5134=FILL_AREA_STYLE('Plastic - Matte (Black)',(#5137));
#5135=FILL_AREA_STYLE('Plastic - Matte (Gray)',(#5138));
#5136=FILL_AREA_STYLE_COLOUR('Steel - Satin',#5139);
#5137=FILL_AREA_STYLE_COLOUR('Plastic - Matte (Black)',#5140);
#5138=FILL_AREA_STYLE_COLOUR('Plastic - Matte (Gray)',#5141);
#5139=COLOUR_RGB('Steel - Satin',0.627450980392157,0.627450980392157,0.627450980392157);
#5140=COLOUR_RGB('Plastic - Matte (Black)',0.0980392156862745,0.0980392156862745,
0.0980392156862745);
#5141=COLOUR_RGB('Plastic - Matte (Gray)',0.701960784313725,0.701960784313725,
0.701960784313725);
ENDSEC;
END-ISO-10303-21;
