ISO-10303-21;
HEADER;
/* Generated by software containing ST-Developer
 * from STEP Tools, Inc. (www.steptools.com) 
 */

FILE_DESCRIPTION(
/* description */ (''),
/* implementation_level */ '2;1');

FILE_NAME(
/* name */ 'down_body.step',
/* time_stamp */ '2026-01-02T12:11:02+01:00',
/* author */ (''),
/* organization */ (''),
/* preprocessor_version */ 'ST-DEVELOPER v20.1',
/* originating_system */ 'Autodesk Translation Framework v14.21.0.0',
/* authorisation */ '');

FILE_SCHEMA (('AUTOMOTIVE_DESIGN { 1 0 10303 214 3 1 1 }'));
ENDSEC;

DATA;
#10=MECHANICAL_DESIGN_GEOMETRIC_PRESENTATION_REPRESENTATION('',(#13),#7617);
#11=SHAPE_REPRESENTATION_RELATIONSHIP('SRR','None',#7623,#12);
#12=ADVANCED_BREP_SHAPE_REPRESENTATION('',(#14),#7616);
#13=STYLED_ITEM('',(#7633),#14);
#14=MANIFOLD_SOLID_BREP('Chassis',#2874);
#15=(
BOUNDED_SURFACE()
B_SPLINE_SURFACE(2,1,((#6695,#6696),(#6697,#6698),(#6699,#6700),(#6701,
#6702),(#6703,#6704)),.UNSPECIFIED.,.F.,.F.,.F.)
B_SPLINE_SURFACE_WITH_KNOTS((3,2,3),(2,2),(-5.66910967161979,0.,1.58766063991697),
(-0.240000000000002,1.86),.UNSPECIFIED.)
GEOMETRIC_REPRESENTATION_ITEM()
RATIONAL_B_SPLINE_SURFACE(((1.02474881421764,1.02474881421764),(2.98754806758069,
2.98754806758069),(1.,1.),(1.,1.),(1.,1.)))
REPRESENTATION_ITEM('')
SURFACE()
);
#16=(
BOUNDED_SURFACE()
B_SPLINE_SURFACE(2,1,((#7216,#7217),(#7218,#7219),(#7220,#7221)),
 .UNSPECIFIED.,.F.,.F.,.F.)
B_SPLINE_SURFACE_WITH_KNOTS((3,3),(2,2),(-5.70462648334379,0.),(0.,13.5),
 .UNSPECIFIED.)
GEOMETRIC_REPRESENTATION_ITEM()
RATIONAL_B_SPLINE_SURFACE(((1.,1.),(3.,3.),(1.,1.)))
REPRESENTATION_ITEM('')
SURFACE()
);
#17=(
BOUNDED_SURFACE()
B_SPLINE_SURFACE(2,1,((#7236,#7237),(#7238,#7239),(#7240,#7241)),
 .UNSPECIFIED.,.F.,.F.,.F.)
B_SPLINE_SURFACE_WITH_KNOTS((3,3),(2,2),(-5.70462648334379,0.),(0.,13.5),
 .UNSPECIFIED.)
GEOMETRIC_REPRESENTATION_ITEM()
RATIONAL_B_SPLINE_SURFACE(((1.,1.),(3.,3.),(1.,1.)))
REPRESENTATION_ITEM('')
SURFACE()
);
#18=(
BOUNDED_SURFACE()
B_SPLINE_SURFACE(2,1,((#7256,#7257),(#7258,#7259),(#7260,#7261)),
 .UNSPECIFIED.,.F.,.F.,.F.)
B_SPLINE_SURFACE_WITH_KNOTS((3,3),(2,2),(-5.70462648334379,0.),(0.,13.5),
 .UNSPECIFIED.)
GEOMETRIC_REPRESENTATION_ITEM()
RATIONAL_B_SPLINE_SURFACE(((1.,1.),(3.,3.),(1.,1.)))
REPRESENTATION_ITEM('')
SURFACE()
);
#19=(
BOUNDED_CURVE()
B_SPLINE_CURVE(2,(#6633,#6634,#6635),.UNSPECIFIED.,.F.,.F.)
B_SPLINE_CURVE_WITH_KNOTS((3,3),(-5.66910967161979,-0.0670912007436755),
 .UNSPECIFIED.)
CURVE()
GEOMETRIC_REPRESENTATION_ITEM()
RATIONAL_B_SPLINE_CURVE((1.02474881421764,2.96431927746112,1.04649009153766))
REPRESENTATION_ITEM('')
);
#20=ELLIPSE('',#2931,4.94974746830583,3.5);
#21=ELLIPSE('',#2932,4.94974746830583,3.5);
#22=FACE_BOUND('',#287,.T.);
#23=FACE_BOUND('',#288,.T.);
#24=FACE_BOUND('',#289,.T.);
#25=FACE_BOUND('',#290,.T.);
#26=FACE_BOUND('',#291,.T.);
#27=FACE_BOUND('',#292,.T.);
#28=FACE_BOUND('',#293,.T.);
#29=FACE_BOUND('',#294,.T.);
#30=FACE_BOUND('',#305,.T.);
#31=FACE_BOUND('',#308,.T.);
#32=FACE_BOUND('',#355,.T.);
#33=FACE_BOUND('',#356,.T.);
#34=FACE_BOUND('',#357,.T.);
#35=FACE_BOUND('',#366,.T.);
#36=FACE_BOUND('',#367,.T.);
#37=FACE_BOUND('',#368,.T.);
#38=FACE_BOUND('',#371,.T.);
#39=FACE_BOUND('',#372,.T.);
#40=FACE_BOUND('',#373,.T.);
#41=FACE_BOUND('',#376,.T.);
#42=FACE_BOUND('',#377,.T.);
#43=FACE_BOUND('',#378,.T.);
#44=FACE_BOUND('',#380,.T.);
#45=FACE_BOUND('',#381,.T.);
#46=FACE_BOUND('',#382,.T.);
#47=FACE_BOUND('',#383,.T.);
#48=FACE_BOUND('',#384,.T.);
#49=FACE_BOUND('',#385,.T.);
#50=FACE_BOUND('',#386,.T.);
#51=FACE_BOUND('',#392,.T.);
#52=FACE_BOUND('',#401,.T.);
#53=PLANE('',#2913);
#54=PLANE('',#2941);
#55=PLANE('',#2949);
#56=PLANE('',#2952);
#57=PLANE('',#2953);
#58=PLANE('',#2954);
#59=PLANE('',#2955);
#60=PLANE('',#2956);
#61=PLANE('',#2957);
#62=PLANE('',#2958);
#63=PLANE('',#2959);
#64=PLANE('',#2960);
#65=PLANE('',#2966);
#66=PLANE('',#2976);
#67=PLANE('',#2977);
#68=PLANE('',#2978);
#69=PLANE('',#2979);
#70=PLANE('',#2983);
#71=PLANE('',#2987);
#72=PLANE('',#2998);
#73=PLANE('',#2999);
#74=PLANE('',#3004);
#75=PLANE('',#3032);
#76=PLANE('',#3034);
#77=PLANE('',#3040);
#78=PLANE('',#3054);
#79=PLANE('',#3057);
#80=PLANE('',#3060);
#81=PLANE('',#3064);
#82=PLANE('',#3068);
#83=PLANE('',#3071);
#84=PLANE('',#3074);
#85=PLANE('',#3075);
#86=PLANE('',#3078);
#87=PLANE('',#3081);
#88=PLANE('',#3084);
#89=PLANE('',#3085);
#90=PLANE('',#3100);
#91=PLANE('',#3107);
#92=PLANE('',#3111);
#93=PLANE('',#3114);
#94=PLANE('',#3121);
#95=PLANE('',#3125);
#96=PLANE('',#3134);
#97=PLANE('',#3138);
#98=B_SPLINE_SURFACE_WITH_KNOTS('',3,3,((#4848,#4849,#4850,#4851,#4852,
#4853,#4854,#4855,#4856,#4857,#4858,#4859,#4860,#4861,#4862,#4863,#4864,
#4865,#4866,#4867,#4868,#4869,#4870,#4871,#4872,#4873,#4874,#4875,#4876,
#4877,#4878,#4879,#4880,#4881,#4882,#4883,#4884,#4885,#4886,#4887,#4888,
#4889,#4890,#4891,#4892,#4893,#4894,#4895,#4896,#4897,#4898),(#4899,#4900,
#4901,#4902,#4903,#4904,#4905,#4906,#4907,#4908,#4909,#4910,#4911,#4912,
#4913,#4914,#4915,#4916,#4917,#4918,#4919,#4920,#4921,#4922,#4923,#4924,
#4925,#4926,#4927,#4928,#4929,#4930,#4931,#4932,#4933,#4934,#4935,#4936,
#4937,#4938,#4939,#4940,#4941,#4942,#4943,#4944,#4945,#4946,#4947,#4948,
#4949),(#4950,#4951,#4952,#4953,#4954,#4955,#4956,#4957,#4958,#4959,#4960,
#4961,#4962,#4963,#4964,#4965,#4966,#4967,#4968,#4969,#4970,#4971,#4972,
#4973,#4974,#4975,#4976,#4977,#4978,#4979,#4980,#4981,#4982,#4983,#4984,
#4985,#4986,#4987,#4988,#4989,#4990,#4991,#4992,#4993,#4994,#4995,#4996,
#4997,#4998,#4999,#5000),(#5001,#5002,#5003,#5004,#5005,#5006,#5007,#5008,
#5009,#5010,#5011,#5012,#5013,#5014,#5015,#5016,#5017,#5018,#5019,#5020,
#5021,#5022,#5023,#5024,#5025,#5026,#5027,#5028,#5029,#5030,#5031,#5032,
#5033,#5034,#5035,#5036,#5037,#5038,#5039,#5040,#5041,#5042,#5043,#5044,
#5045,#5046,#5047,#5048,#5049,#5050,#5051)),.UNSPECIFIED.,.F.,.F.,.F.,(4,
4),(4,1,1,1,1,1,1,1,1,1,1,1,1,1,1,1,1,1,1,1,1,1,1,1,1,1,1,1,1,1,1,1,1,1,
1,1,1,1,1,1,1,1,1,1,1,1,1,1,4),(0.,0.0260384971404528),(11.8317818718443,
12.8132653176551,13.7947487634659,14.7762322092767,15.7577156550876,16.7391991008984,
17.7206825467092,18.7021659925201,19.6836494383309,20.6651328841417,21.6466163299525,
22.6280997757634,23.6095832215742,24.591066667385,25.5725501131958,26.5540335590067,
27.5355170048175,28.5170004506283,29.4984838964391,30.47996734225,31.4614507880608,
32.4429342338716,33.4244176796824,34.4059011254933,35.3873845713041,36.3688680171149,
37.3503514629258,38.3318349087366,39.3133183545474,40.2948018003582,41.2762852461691,
42.2577686919799,43.2392521377907,44.2207355836015,45.2022190294124,46.1837024752232,
47.165185921034,48.1466693668448,49.1281528126557,50.1096362584665,51.0911197042773,
52.0726031500881,53.054086595899,54.0355700417098,55.0170534875206,55.9985369333314,
56.9800203791423,57.9615038249531,58.9429872707639),.UNSPECIFIED.);
#99=B_SPLINE_SURFACE_WITH_KNOTS('',3,3,((#5226,#5227,#5228,#5229,#5230,
#5231,#5232,#5233,#5234,#5235,#5236,#5237,#5238,#5239,#5240,#5241,#5242,
#5243,#5244,#5245,#5246,#5247,#5248,#5249,#5250,#5251,#5252,#5253,#5254,
#5255,#5256,#5257,#5258,#5259,#5260,#5261,#5262,#5263,#5264,#5265,#5266,
#5267,#5268,#5269,#5270,#5271,#5272,#5273,#5274,#5275,#5276),(#5277,#5278,
#5279,#5280,#5281,#5282,#5283,#5284,#5285,#5286,#5287,#5288,#5289,#5290,
#5291,#5292,#5293,#5294,#5295,#5296,#5297,#5298,#5299,#5300,#5301,#5302,
#5303,#5304,#5305,#5306,#5307,#5308,#5309,#5310,#5311,#5312,#5313,#5314,
#5315,#5316,#5317,#5318,#5319,#5320,#5321,#5322,#5323,#5324,#5325,#5326,
#5327),(#5328,#5329,#5330,#5331,#5332,#5333,#5334,#5335,#5336,#5337,#5338,
#5339,#5340,#5341,#5342,#5343,#5344,#5345,#5346,#5347,#5348,#5349,#5350,
#5351,#5352,#5353,#5354,#5355,#5356,#5357,#5358,#5359,#5360,#5361,#5362,
#5363,#5364,#5365,#5366,#5367,#5368,#5369,#5370,#5371,#5372,#5373,#5374,
#5375,#5376,#5377,#5378),(#5379,#5380,#5381,#5382,#5383,#5384,#5385,#5386,
#5387,#5388,#5389,#5390,#5391,#5392,#5393,#5394,#5395,#5396,#5397,#5398,
#5399,#5400,#5401,#5402,#5403,#5404,#5405,#5406,#5407,#5408,#5409,#5410,
#5411,#5412,#5413,#5414,#5415,#5416,#5417,#5418,#5419,#5420,#5421,#5422,
#5423,#5424,#5425,#5426,#5427,#5428,#5429)),.UNSPECIFIED.,.F.,.F.,.F.,(4,
4),(4,1,1,1,1,1,1,1,1,1,1,1,1,1,1,1,1,1,1,1,1,1,1,1,1,1,1,1,1,1,1,1,1,1,
1,1,1,1,1,1,1,1,1,1,1,1,1,1,4),(0.,0.0260384971404528),(14.3974932272897,
15.3789766731006,16.3604601189114,17.3419435647222,18.323427010533,19.3049104563439,
20.2863939021547,21.2678773479655,22.2493607937763,23.2308442395872,24.212327685398,
25.1938111312088,26.1752945770196,27.1567780228305,28.1382614686413,29.1197449144521,
30.1012283602629,31.0827118060738,32.0641952518846,33.0456786976954,34.0271621435062,
35.0086455893171,35.9901290351279,36.9716124809387,37.9530959267496,38.9345793725604,
39.9160628183712,40.897546264182,41.8790297099929,42.8605131558037,43.8419966016145,
44.8234800474253,45.8049634932362,46.786446939047,47.7679303848578,48.7494138306686,
49.7308972764795,50.7123807222903,51.6938641681011,52.6753476139119,53.6568310597228,
54.6383145055336,55.6197979513444,56.6012813971552,57.5827648429661,58.5642482887769,
59.5457317345877,60.5272151803985,61.5086986262094),.UNSPECIFIED.);
#100=B_SPLINE_SURFACE_WITH_KNOTS('',3,3,((#5894,#5895,#5896,#5897,#5898,
#5899,#5900,#5901,#5902,#5903,#5904,#5905,#5906,#5907,#5908,#5909,#5910,
#5911,#5912,#5913,#5914,#5915,#5916,#5917,#5918,#5919,#5920,#5921,#5922,
#5923,#5924,#5925,#5926,#5927,#5928,#5929,#5930,#5931,#5932,#5933,#5934,
#5935,#5936,#5937,#5938,#5939,#5940,#5941,#5942,#5943,#5944),(#5945,#5946,
#5947,#5948,#5949,#5950,#5951,#5952,#5953,#5954,#5955,#5956,#5957,#5958,
#5959,#5960,#5961,#5962,#5963,#5964,#5965,#5966,#5967,#5968,#5969,#5970,
#5971,#5972,#5973,#5974,#5975,#5976,#5977,#5978,#5979,#5980,#5981,#5982,
#5983,#5984,#5985,#5986,#5987,#5988,#5989,#5990,#5991,#5992,#5993,#5994,
#5995),(#5996,#5997,#5998,#5999,#6000,#6001,#6002,#6003,#6004,#6005,#6006,
#6007,#6008,#6009,#6010,#6011,#6012,#6013,#6014,#6015,#6016,#6017,#6018,
#6019,#6020,#6021,#6022,#6023,#6024,#6025,#6026,#6027,#6028,#6029,#6030,
#6031,#6032,#6033,#6034,#6035,#6036,#6037,#6038,#6039,#6040,#6041,#6042,
#6043,#6044,#6045,#6046),(#6047,#6048,#6049,#6050,#6051,#6052,#6053,#6054,
#6055,#6056,#6057,#6058,#6059,#6060,#6061,#6062,#6063,#6064,#6065,#6066,
#6067,#6068,#6069,#6070,#6071,#6072,#6073,#6074,#6075,#6076,#6077,#6078,
#6079,#6080,#6081,#6082,#6083,#6084,#6085,#6086,#6087,#6088,#6089,#6090,
#6091,#6092,#6093,#6094,#6095,#6096,#6097)),.UNSPECIFIED.,.F.,.F.,.F.,(4,
4),(4,1,1,1,1,1,1,1,1,1,1,1,1,1,1,1,1,1,1,1,1,1,1,1,1,1,1,1,1,1,1,1,1,1,
1,1,1,1,1,1,1,1,1,1,1,1,1,1,4),(0.,0.0260384971404528),(11.8317818718443,
12.8132653176551,13.7947487634659,14.7762322092767,15.7577156550876,16.7391991008984,
17.7206825467092,18.7021659925201,19.6836494383309,20.6651328841417,21.6466163299525,
22.6280997757634,23.6095832215742,24.591066667385,25.5725501131958,26.5540335590067,
27.5355170048175,28.5170004506283,29.4984838964391,30.47996734225,31.4614507880608,
32.4429342338716,33.4244176796824,34.4059011254933,35.3873845713041,36.3688680171149,
37.3503514629258,38.3318349087366,39.3133183545474,40.2948018003582,41.2762852461691,
42.2577686919799,43.2392521377907,44.2207355836015,45.2022190294124,46.1837024752232,
47.165185921034,48.1466693668448,49.1281528126557,50.1096362584665,51.0911197042773,
52.0726031500881,53.054086595899,54.0355700417098,55.0170534875206,55.9985369333314,
56.9800203791423,57.9615038249531,58.9429872707639),.UNSPECIFIED.);
#101=B_SPLINE_SURFACE_WITH_KNOTS('',3,3,((#6199,#6200,#6201,#6202,#6203,
#6204,#6205,#6206,#6207,#6208,#6209,#6210,#6211,#6212,#6213,#6214,#6215,
#6216,#6217,#6218,#6219,#6220,#6221,#6222,#6223,#6224,#6225,#6226,#6227,
#6228,#6229,#6230,#6231,#6232,#6233,#6234,#6235,#6236,#6237,#6238,#6239,
#6240,#6241,#6242,#6243,#6244,#6245,#6246,#6247,#6248,#6249),(#6250,#6251,
#6252,#6253,#6254,#6255,#6256,#6257,#6258,#6259,#6260,#6261,#6262,#6263,
#6264,#6265,#6266,#6267,#6268,#6269,#6270,#6271,#6272,#6273,#6274,#6275,
#6276,#6277,#6278,#6279,#6280,#6281,#6282,#6283,#6284,#6285,#6286,#6287,
#6288,#6289,#6290,#6291,#6292,#6293,#6294,#6295,#6296,#6297,#6298,#6299,
#6300),(#6301,#6302,#6303,#6304,#6305,#6306,#6307,#6308,#6309,#6310,#6311,
#6312,#6313,#6314,#6315,#6316,#6317,#6318,#6319,#6320,#6321,#6322,#6323,
#6324,#6325,#6326,#6327,#6328,#6329,#6330,#6331,#6332,#6333,#6334,#6335,
#6336,#6337,#6338,#6339,#6340,#6341,#6342,#6343,#6344,#6345,#6346,#6347,
#6348,#6349,#6350,#6351),(#6352,#6353,#6354,#6355,#6356,#6357,#6358,#6359,
#6360,#6361,#6362,#6363,#6364,#6365,#6366,#6367,#6368,#6369,#6370,#6371,
#6372,#6373,#6374,#6375,#6376,#6377,#6378,#6379,#6380,#6381,#6382,#6383,
#6384,#6385,#6386,#6387,#6388,#6389,#6390,#6391,#6392,#6393,#6394,#6395,
#6396,#6397,#6398,#6399,#6400,#6401,#6402)),.UNSPECIFIED.,.F.,.F.,.F.,(4,
4),(4,1,1,1,1,1,1,1,1,1,1,1,1,1,1,1,1,1,1,1,1,1,1,1,1,1,1,1,1,1,1,1,1,1,
1,1,1,1,1,1,1,1,1,1,1,1,1,1,4),(0.,0.0260384971404528),(14.3974932272897,
15.3789766731006,16.3604601189114,17.3419435647222,18.323427010533,19.3049104563439,
20.2863939021547,21.2678773479655,22.2493607937763,23.2308442395872,24.212327685398,
25.1938111312088,26.1752945770196,27.1567780228305,28.1382614686413,29.1197449144521,
30.1012283602629,31.0827118060738,32.0641952518846,33.0456786976954,34.0271621435062,
35.0086455893171,35.9901290351279,36.9716124809387,37.9530959267496,38.9345793725604,
39.9160628183712,40.897546264182,41.8790297099929,42.8605131558037,43.8419966016145,
44.8234800474253,45.8049634932362,46.786446939047,47.7679303848578,48.7494138306686,
49.7308972764795,50.7123807222903,51.6938641681011,52.6753476139119,53.6568310597228,
54.6383145055336,55.6197979513444,56.6012813971552,57.5827648429661,58.5642482887769,
59.5457317345877,60.5272151803985,61.5086986262094),.UNSPECIFIED.);
#102=B_SPLINE_SURFACE_WITH_KNOTS('',3,3,((#6973,#6974,#6975,#6976),(#6977,
#6978,#6979,#6980),(#6981,#6982,#6983,#6984),(#6985,#6986,#6987,#6988),
(#6989,#6990,#6991,#6992)),.UNSPECIFIED.,.F.,.F.,.F.,(4,1,4),(4,4),(0.0940784663666285,
0.611747914157126,1.),(0.,8.89444720859244),.UNSPECIFIED.);
#103=B_SPLINE_SURFACE_WITH_KNOTS('',3,1,((#7037,#7038),(#7039,#7040),(#7041,
#7042),(#7043,#7044),(#7045,#7046),(#7047,#7048),(#7049,#7050)),
 .UNSPECIFIED.,.F.,.F.,.F.,(4,1,1,1,4),(2,2),(-0.788988152752533,-0.75,
-0.5,-0.25,0.),(0.,0.6),.UNSPECIFIED.);
#104=B_SPLINE_SURFACE_WITH_KNOTS('',3,1,((#7078,#7079),(#7080,#7081),(#7082,
#7083),(#7084,#7085),(#7086,#7087),(#7088,#7089),(#7090,#7091),(#7092,#7093),
(#7094,#7095),(#7096,#7097),(#7098,#7099)),.UNSPECIFIED.,.F.,.F.,.F.,(4,
3,2,2,4),(2,2),(-1.1880006162057,0.,1.19499479418705,2.03867616532402,3.84846225330522),
(-0.24,1.86),.UNSPECIFIED.);
#105=B_SPLINE_SURFACE_WITH_KNOTS('',3,1,((#7114,#7115),(#7116,#7117),(#7118,
#7119),(#7120,#7121),(#7122,#7123),(#7124,#7125),(#7126,#7127),(#7128,#7129),
(#7130,#7131),(#7132,#7133)),.UNSPECIFIED.,.F.,.F.,.F.,(4,2,2,2,4),(2,2),
(-0.278394230575969,-0.21732600996537,-0.156257789354771,-0.0781288946773855,
-0.0587987440438292),(0.,0.600000000000001),.UNSPECIFIED.);
#106=B_SPLINE_SURFACE_WITH_KNOTS('',3,3,((#7146,#7147,#7148,#7149),(#7150,
#7151,#7152,#7153),(#7154,#7155,#7156,#7157),(#7158,#7159,#7160,#7161)),
 .UNSPECIFIED.,.F.,.F.,.F.,(4,4),(4,4),(0.,1.),(-0.8,0.),.UNSPECIFIED.);
#107=FACE_OUTER_BOUND('',#255,.T.);
#108=FACE_OUTER_BOUND('',#256,.T.);
#109=FACE_OUTER_BOUND('',#257,.T.);
#110=FACE_OUTER_BOUND('',#258,.T.);
#111=FACE_OUTER_BOUND('',#259,.T.);
#112=FACE_OUTER_BOUND('',#260,.T.);
#113=FACE_OUTER_BOUND('',#261,.T.);
#114=FACE_OUTER_BOUND('',#262,.T.);
#115=FACE_OUTER_BOUND('',#263,.T.);
#116=FACE_OUTER_BOUND('',#264,.T.);
#117=FACE_OUTER_BOUND('',#265,.T.);
#118=FACE_OUTER_BOUND('',#266,.T.);
#119=FACE_OUTER_BOUND('',#267,.T.);
#120=FACE_OUTER_BOUND('',#268,.T.);
#121=FACE_OUTER_BOUND('',#269,.T.);
#122=FACE_OUTER_BOUND('',#270,.T.);
#123=FACE_OUTER_BOUND('',#271,.T.);
#124=FACE_OUTER_BOUND('',#272,.T.);
#125=FACE_OUTER_BOUND('',#273,.T.);
#126=FACE_OUTER_BOUND('',#274,.T.);
#127=FACE_OUTER_BOUND('',#275,.T.);
#128=FACE_OUTER_BOUND('',#276,.T.);
#129=FACE_OUTER_BOUND('',#277,.T.);
#130=FACE_OUTER_BOUND('',#278,.T.);
#131=FACE_OUTER_BOUND('',#279,.T.);
#132=FACE_OUTER_BOUND('',#280,.T.);
#133=FACE_OUTER_BOUND('',#281,.T.);
#134=FACE_OUTER_BOUND('',#282,.T.);
#135=FACE_OUTER_BOUND('',#283,.T.);
#136=FACE_OUTER_BOUND('',#284,.T.);
#137=FACE_OUTER_BOUND('',#285,.T.);
#138=FACE_OUTER_BOUND('',#286,.T.);
#139=FACE_OUTER_BOUND('',#295,.T.);
#140=FACE_OUTER_BOUND('',#296,.T.);
#141=FACE_OUTER_BOUND('',#297,.T.);
#142=FACE_OUTER_BOUND('',#298,.T.);
#143=FACE_OUTER_BOUND('',#299,.T.);
#144=FACE_OUTER_BOUND('',#300,.T.);
#145=FACE_OUTER_BOUND('',#301,.T.);
#146=FACE_OUTER_BOUND('',#302,.T.);
#147=FACE_OUTER_BOUND('',#303,.T.);
#148=FACE_OUTER_BOUND('',#304,.T.);
#149=FACE_OUTER_BOUND('',#306,.T.);
#150=FACE_OUTER_BOUND('',#307,.T.);
#151=FACE_OUTER_BOUND('',#309,.T.);
#152=FACE_OUTER_BOUND('',#310,.T.);
#153=FACE_OUTER_BOUND('',#311,.T.);
#154=FACE_OUTER_BOUND('',#312,.T.);
#155=FACE_OUTER_BOUND('',#313,.T.);
#156=FACE_OUTER_BOUND('',#314,.T.);
#157=FACE_OUTER_BOUND('',#315,.T.);
#158=FACE_OUTER_BOUND('',#316,.T.);
#159=FACE_OUTER_BOUND('',#317,.T.);
#160=FACE_OUTER_BOUND('',#318,.T.);
#161=FACE_OUTER_BOUND('',#319,.T.);
#162=FACE_OUTER_BOUND('',#320,.T.);
#163=FACE_OUTER_BOUND('',#321,.T.);
#164=FACE_OUTER_BOUND('',#322,.T.);
#165=FACE_OUTER_BOUND('',#323,.T.);
#166=FACE_OUTER_BOUND('',#324,.T.);
#167=FACE_OUTER_BOUND('',#325,.T.);
#168=FACE_OUTER_BOUND('',#326,.T.);
#169=FACE_OUTER_BOUND('',#327,.T.);
#170=FACE_OUTER_BOUND('',#328,.T.);
#171=FACE_OUTER_BOUND('',#329,.T.);
#172=FACE_OUTER_BOUND('',#330,.T.);
#173=FACE_OUTER_BOUND('',#331,.T.);
#174=FACE_OUTER_BOUND('',#332,.T.);
#175=FACE_OUTER_BOUND('',#333,.T.);
#176=FACE_OUTER_BOUND('',#334,.T.);
#177=FACE_OUTER_BOUND('',#335,.T.);
#178=FACE_OUTER_BOUND('',#336,.T.);
#179=FACE_OUTER_BOUND('',#337,.T.);
#180=FACE_OUTER_BOUND('',#338,.T.);
#181=FACE_OUTER_BOUND('',#339,.T.);
#182=FACE_OUTER_BOUND('',#340,.T.);
#183=FACE_OUTER_BOUND('',#341,.T.);
#184=FACE_OUTER_BOUND('',#342,.T.);
#185=FACE_OUTER_BOUND('',#343,.T.);
#186=FACE_OUTER_BOUND('',#344,.T.);
#187=FACE_OUTER_BOUND('',#345,.T.);
#188=FACE_OUTER_BOUND('',#346,.T.);
#189=FACE_OUTER_BOUND('',#347,.T.);
#190=FACE_OUTER_BOUND('',#348,.T.);
#191=FACE_OUTER_BOUND('',#349,.T.);
#192=FACE_OUTER_BOUND('',#350,.T.);
#193=FACE_OUTER_BOUND('',#351,.T.);
#194=FACE_OUTER_BOUND('',#352,.T.);
#195=FACE_OUTER_BOUND('',#353,.T.);
#196=FACE_OUTER_BOUND('',#354,.T.);
#197=FACE_OUTER_BOUND('',#358,.T.);
#198=FACE_OUTER_BOUND('',#359,.T.);
#199=FACE_OUTER_BOUND('',#360,.T.);
#200=FACE_OUTER_BOUND('',#361,.T.);
#201=FACE_OUTER_BOUND('',#362,.T.);
#202=FACE_OUTER_BOUND('',#363,.T.);
#203=FACE_OUTER_BOUND('',#364,.T.);
#204=FACE_OUTER_BOUND('',#365,.T.);
#205=FACE_OUTER_BOUND('',#369,.T.);
#206=FACE_OUTER_BOUND('',#370,.T.);
#207=FACE_OUTER_BOUND('',#374,.T.);
#208=FACE_OUTER_BOUND('',#375,.T.);
#209=FACE_OUTER_BOUND('',#379,.T.);
#210=FACE_OUTER_BOUND('',#387,.T.);
#211=FACE_OUTER_BOUND('',#388,.T.);
#212=FACE_OUTER_BOUND('',#389,.T.);
#213=FACE_OUTER_BOUND('',#390,.T.);
#214=FACE_OUTER_BOUND('',#391,.T.);
#215=FACE_OUTER_BOUND('',#393,.T.);
#216=FACE_OUTER_BOUND('',#394,.T.);
#217=FACE_OUTER_BOUND('',#395,.T.);
#218=FACE_OUTER_BOUND('',#396,.T.);
#219=FACE_OUTER_BOUND('',#397,.T.);
#220=FACE_OUTER_BOUND('',#398,.T.);
#221=FACE_OUTER_BOUND('',#399,.T.);
#222=FACE_OUTER_BOUND('',#400,.T.);
#223=FACE_OUTER_BOUND('',#402,.T.);
#224=FACE_OUTER_BOUND('',#403,.T.);
#225=FACE_OUTER_BOUND('',#404,.T.);
#226=FACE_OUTER_BOUND('',#405,.T.);
#227=FACE_OUTER_BOUND('',#406,.T.);
#228=FACE_OUTER_BOUND('',#407,.T.);
#229=FACE_OUTER_BOUND('',#408,.T.);
#230=FACE_OUTER_BOUND('',#409,.T.);
#231=FACE_OUTER_BOUND('',#410,.T.);
#232=FACE_OUTER_BOUND('',#411,.T.);
#233=FACE_OUTER_BOUND('',#412,.T.);
#234=FACE_OUTER_BOUND('',#413,.T.);
#235=FACE_OUTER_BOUND('',#414,.T.);
#236=FACE_OUTER_BOUND('',#415,.T.);
#237=FACE_OUTER_BOUND('',#416,.T.);
#238=FACE_OUTER_BOUND('',#417,.T.);
#239=FACE_OUTER_BOUND('',#418,.T.);
#240=FACE_OUTER_BOUND('',#419,.T.);
#241=FACE_OUTER_BOUND('',#420,.T.);
#242=FACE_OUTER_BOUND('',#421,.T.);
#243=FACE_OUTER_BOUND('',#422,.T.);
#244=FACE_OUTER_BOUND('',#423,.T.);
#245=FACE_OUTER_BOUND('',#424,.T.);
#246=FACE_OUTER_BOUND('',#425,.T.);
#247=FACE_OUTER_BOUND('',#426,.T.);
#248=FACE_OUTER_BOUND('',#427,.T.);
#249=FACE_OUTER_BOUND('',#428,.T.);
#250=FACE_OUTER_BOUND('',#429,.T.);
#251=FACE_OUTER_BOUND('',#430,.T.);
#252=FACE_OUTER_BOUND('',#431,.T.);
#253=FACE_OUTER_BOUND('',#432,.T.);
#254=FACE_OUTER_BOUND('',#433,.T.);
#255=EDGE_LOOP('',(#1770,#1771,#1772,#1773));
#256=EDGE_LOOP('',(#1774,#1775,#1776,#1777));
#257=EDGE_LOOP('',(#1778,#1779,#1780,#1781));
#258=EDGE_LOOP('',(#1782,#1783,#1784,#1785));
#259=EDGE_LOOP('',(#1786,#1787,#1788,#1789));
#260=EDGE_LOOP('',(#1790,#1791,#1792,#1793));
#261=EDGE_LOOP('',(#1794,#1795,#1796,#1797));
#262=EDGE_LOOP('',(#1798,#1799,#1800,#1801));
#263=EDGE_LOOP('',(#1802,#1803,#1804,#1805));
#264=EDGE_LOOP('',(#1806,#1807,#1808,#1809));
#265=EDGE_LOOP('',(#1810,#1811,#1812,#1813));
#266=EDGE_LOOP('',(#1814,#1815,#1816,#1817));
#267=EDGE_LOOP('',(#1818,#1819,#1820,#1821));
#268=EDGE_LOOP('',(#1822,#1823,#1824,#1825));
#269=EDGE_LOOP('',(#1826,#1827,#1828,#1829));
#270=EDGE_LOOP('',(#1830,#1831,#1832,#1833));
#271=EDGE_LOOP('',(#1834,#1835,#1836,#1837));
#272=EDGE_LOOP('',(#1838,#1839,#1840,#1841));
#273=EDGE_LOOP('',(#1842,#1843,#1844,#1845));
#274=EDGE_LOOP('',(#1846,#1847,#1848,#1849));
#275=EDGE_LOOP('',(#1850,#1851,#1852,#1853));
#276=EDGE_LOOP('',(#1854,#1855,#1856,#1857));
#277=EDGE_LOOP('',(#1858,#1859,#1860,#1861));
#278=EDGE_LOOP('',(#1862,#1863,#1864,#1865));
#279=EDGE_LOOP('',(#1866,#1867,#1868,#1869));
#280=EDGE_LOOP('',(#1870,#1871,#1872,#1873));
#281=EDGE_LOOP('',(#1874,#1875,#1876,#1877));
#282=EDGE_LOOP('',(#1878,#1879,#1880,#1881));
#283=EDGE_LOOP('',(#1882,#1883,#1884,#1885));
#284=EDGE_LOOP('',(#1886,#1887,#1888,#1889,#1890,#1891,#1892,#1893,#1894,
#1895,#1896,#1897,#1898,#1899,#1900,#1901,#1902,#1903));
#285=EDGE_LOOP('',(#1904,#1905,#1906,#1907,#1908,#1909,#1910,#1911,#1912,
#1913,#1914,#1915,#1916,#1917,#1918,#1919,#1920,#1921));
#286=EDGE_LOOP('',(#1922,#1923,#1924,#1925,#1926,#1927,#1928,#1929,#1930,
#1931,#1932,#1933,#1934,#1935,#1936,#1937,#1938,#1939));
#287=EDGE_LOOP('',(#1940,#1941,#1942,#1943,#1944,#1945,#1946,#1947,#1948,
#1949,#1950,#1951,#1952,#1953,#1954,#1955,#1956,#1957,#1958,#1959,#1960,
#1961,#1962,#1963));
#288=EDGE_LOOP('',(#1964,#1965,#1966,#1967));
#289=EDGE_LOOP('',(#1968,#1969,#1970,#1971));
#290=EDGE_LOOP('',(#1972));
#291=EDGE_LOOP('',(#1973,#1974,#1975,#1976));
#292=EDGE_LOOP('',(#1977,#1978,#1979,#1980));
#293=EDGE_LOOP('',(#1981,#1982,#1983,#1984));
#294=EDGE_LOOP('',(#1985,#1986,#1987,#1988));
#295=EDGE_LOOP('',(#1989,#1990,#1991,#1992));
#296=EDGE_LOOP('',(#1993,#1994,#1995,#1996,#1997,#1998,#1999,#2000,#2001,
#2002,#2003,#2004,#2005,#2006,#2007,#2008,#2009,#2010));
#297=EDGE_LOOP('',(#2011,#2012,#2013,#2014,#2015,#2016,#2017,#2018,#2019,
#2020,#2021,#2022,#2023,#2024,#2025,#2026,#2027,#2028));
#298=EDGE_LOOP('',(#2029,#2030,#2031,#2032,#2033,#2034,#2035,#2036,#2037,
#2038,#2039,#2040));
#299=EDGE_LOOP('',(#2041,#2042,#2043,#2044,#2045,#2046));
#300=EDGE_LOOP('',(#2047,#2048,#2049,#2050,#2051,#2052));
#301=EDGE_LOOP('',(#2053,#2054,#2055,#2056));
#302=EDGE_LOOP('',(#2057,#2058,#2059,#2060,#2061,#2062,#2063,#2064,#2065,
#2066));
#303=EDGE_LOOP('',(#2067,#2068,#2069,#2070));
#304=EDGE_LOOP('',(#2071,#2072,#2073,#2074,#2075,#2076,#2077));
#305=EDGE_LOOP('',(#2078));
#306=EDGE_LOOP('',(#2079,#2080,#2081,#2082));
#307=EDGE_LOOP('',(#2083,#2084,#2085,#2086,#2087,#2088,#2089,#2090,#2091,
#2092));
#308=EDGE_LOOP('',(#2093,#2094,#2095,#2096));
#309=EDGE_LOOP('',(#2097,#2098,#2099,#2100));
#310=EDGE_LOOP('',(#2101,#2102,#2103,#2104));
#311=EDGE_LOOP('',(#2105,#2106,#2107,#2108,#2109,#2110,#2111,#2112,#2113));
#312=EDGE_LOOP('',(#2114,#2115,#2116,#2117));
#313=EDGE_LOOP('',(#2118,#2119,#2120,#2121,#2122,#2123));
#314=EDGE_LOOP('',(#2124,#2125,#2126,#2127,#2128,#2129,#2130,#2131,#2132,
#2133));
#315=EDGE_LOOP('',(#2134,#2135,#2136,#2137,#2138,#2139));
#316=EDGE_LOOP('',(#2140,#2141,#2142,#2143,#2144,#2145));
#317=EDGE_LOOP('',(#2146,#2147,#2148,#2149,#2150,#2151,#2152,#2153,#2154));
#318=EDGE_LOOP('',(#2155,#2156,#2157,#2158,#2159,#2160));
#319=EDGE_LOOP('',(#2161,#2162,#2163,#2164,#2165));
#320=EDGE_LOOP('',(#2166,#2167,#2168,#2169,#2170));
#321=EDGE_LOOP('',(#2171,#2172,#2173,#2174));
#322=EDGE_LOOP('',(#2175,#2176,#2177,#2178));
#323=EDGE_LOOP('',(#2179,#2180,#2181,#2182));
#324=EDGE_LOOP('',(#2183,#2184,#2185,#2186,#2187,#2188,#2189,#2190,#2191,
#2192));
#325=EDGE_LOOP('',(#2193,#2194,#2195,#2196));
#326=EDGE_LOOP('',(#2197,#2198,#2199,#2200));
#327=EDGE_LOOP('',(#2201,#2202,#2203,#2204));
#328=EDGE_LOOP('',(#2205,#2206,#2207,#2208));
#329=EDGE_LOOP('',(#2209,#2210,#2211,#2212));
#330=EDGE_LOOP('',(#2213,#2214,#2215,#2216));
#331=EDGE_LOOP('',(#2217,#2218,#2219,#2220,#2221));
#332=EDGE_LOOP('',(#2222,#2223,#2224,#2225,#2226));
#333=EDGE_LOOP('',(#2227,#2228,#2229,#2230,#2231,#2232));
#334=EDGE_LOOP('',(#2233,#2234,#2235,#2236,#2237,#2238,#2239));
#335=EDGE_LOOP('',(#2240,#2241,#2242,#2243,#2244,#2245,#2246,#2247,#2248,
#2249));
#336=EDGE_LOOP('',(#2250,#2251,#2252,#2253));
#337=EDGE_LOOP('',(#2254,#2255,#2256,#2257,#2258));
#338=EDGE_LOOP('',(#2259,#2260,#2261,#2262,#2263,#2264,#2265,#2266));
#339=EDGE_LOOP('',(#2267,#2268,#2269,#2270,#2271,#2272,#2273,#2274,#2275,
#2276));
#340=EDGE_LOOP('',(#2277,#2278,#2279,#2280));
#341=EDGE_LOOP('',(#2281,#2282,#2283,#2284,#2285,#2286,#2287,#2288,#2289,
#2290));
#342=EDGE_LOOP('',(#2291,#2292,#2293,#2294));
#343=EDGE_LOOP('',(#2295,#2296,#2297,#2298));
#344=EDGE_LOOP('',(#2299,#2300,#2301,#2302));
#345=EDGE_LOOP('',(#2303,#2304,#2305,#2306));
#346=EDGE_LOOP('',(#2307,#2308,#2309,#2310));
#347=EDGE_LOOP('',(#2311,#2312,#2313,#2314,#2315,#2316,#2317,#2318,#2319,
#2320));
#348=EDGE_LOOP('',(#2321,#2322,#2323,#2324));
#349=EDGE_LOOP('',(#2325,#2326,#2327,#2328));
#350=EDGE_LOOP('',(#2329,#2330,#2331,#2332));
#351=EDGE_LOOP('',(#2333,#2334));
#352=EDGE_LOOP('',(#2335,#2336));
#353=EDGE_LOOP('',(#2337,#2338,#2339,#2340,#2341,#2342));
#354=EDGE_LOOP('',(#2343));
#355=EDGE_LOOP('',(#2344));
#356=EDGE_LOOP('',(#2345));
#357=EDGE_LOOP('',(#2346));
#358=EDGE_LOOP('',(#2347,#2348,#2349,#2350));
#359=EDGE_LOOP('',(#2351,#2352,#2353,#2354));
#360=EDGE_LOOP('',(#2355,#2356,#2357,#2358));
#361=EDGE_LOOP('',(#2359,#2360,#2361,#2362));
#362=EDGE_LOOP('',(#2363,#2364,#2365,#2366));
#363=EDGE_LOOP('',(#2367,#2368,#2369,#2370,#2371,#2372));
#364=EDGE_LOOP('',(#2373,#2374,#2375,#2376));
#365=EDGE_LOOP('',(#2377));
#366=EDGE_LOOP('',(#2378));
#367=EDGE_LOOP('',(#2379));
#368=EDGE_LOOP('',(#2380));
#369=EDGE_LOOP('',(#2381,#2382,#2383,#2384));
#370=EDGE_LOOP('',(#2385,#2386,#2387,#2388,#2389,#2390,#2391,#2392,#2393));
#371=EDGE_LOOP('',(#2394));
#372=EDGE_LOOP('',(#2395));
#373=EDGE_LOOP('',(#2396));
#374=EDGE_LOOP('',(#2397,#2398,#2399,#2400));
#375=EDGE_LOOP('',(#2401,#2402,#2403,#2404,#2405,#2406));
#376=EDGE_LOOP('',(#2407));
#377=EDGE_LOOP('',(#2408));
#378=EDGE_LOOP('',(#2409));
#379=EDGE_LOOP('',(#2410,#2411,#2412,#2413,#2414,#2415,#2416,#2417));
#380=EDGE_LOOP('',(#2418,#2419,#2420,#2421));
#381=EDGE_LOOP('',(#2422,#2423,#2424,#2425));
#382=EDGE_LOOP('',(#2426));
#383=EDGE_LOOP('',(#2427));
#384=EDGE_LOOP('',(#2428));
#385=EDGE_LOOP('',(#2429));
#386=EDGE_LOOP('',(#2430));
#387=EDGE_LOOP('',(#2431,#2432,#2433,#2434));
#388=EDGE_LOOP('',(#2435,#2436,#2437,#2438));
#389=EDGE_LOOP('',(#2439,#2440,#2441,#2442));
#390=EDGE_LOOP('',(#2443,#2444,#2445,#2446));
#391=EDGE_LOOP('',(#2447,#2448,#2449,#2450));
#392=EDGE_LOOP('',(#2451));
#393=EDGE_LOOP('',(#2452,#2453,#2454,#2455));
#394=EDGE_LOOP('',(#2456,#2457,#2458,#2459));
#395=EDGE_LOOP('',(#2460,#2461,#2462,#2463,#2464,#2465,#2466));
#396=EDGE_LOOP('',(#2467,#2468,#2469,#2470));
#397=EDGE_LOOP('',(#2471,#2472,#2473,#2474));
#398=EDGE_LOOP('',(#2475,#2476,#2477,#2478));
#399=EDGE_LOOP('',(#2479,#2480,#2481,#2482));
#400=EDGE_LOOP('',(#2483,#2484,#2485,#2486));
#401=EDGE_LOOP('',(#2487));
#402=EDGE_LOOP('',(#2488,#2489,#2490,#2491));
#403=EDGE_LOOP('',(#2492,#2493,#2494,#2495));
#404=EDGE_LOOP('',(#2496,#2497,#2498,#2499));
#405=EDGE_LOOP('',(#2500,#2501,#2502,#2503));
#406=EDGE_LOOP('',(#2504,#2505,#2506,#2507));
#407=EDGE_LOOP('',(#2508,#2509,#2510,#2511));
#408=EDGE_LOOP('',(#2512,#2513,#2514,#2515));
#409=EDGE_LOOP('',(#2516,#2517,#2518,#2519,#2520,#2521,#2522));
#410=EDGE_LOOP('',(#2523,#2524,#2525,#2526));
#411=EDGE_LOOP('',(#2527,#2528,#2529,#2530));
#412=EDGE_LOOP('',(#2531,#2532,#2533,#2534,#2535,#2536,#2537));
#413=EDGE_LOOP('',(#2538,#2539,#2540,#2541));
#414=EDGE_LOOP('',(#2542,#2543,#2544,#2545));
#415=EDGE_LOOP('',(#2546,#2547,#2548,#2549));
#416=EDGE_LOOP('',(#2550,#2551,#2552,#2553));
#417=EDGE_LOOP('',(#2554,#2555,#2556,#2557,#2558,#2559,#2560));
#418=EDGE_LOOP('',(#2561,#2562,#2563,#2564));
#419=EDGE_LOOP('',(#2565,#2566,#2567,#2568));
#420=EDGE_LOOP('',(#2569,#2570,#2571,#2572,#2573,#2574,#2575));
#421=EDGE_LOOP('',(#2576,#2577,#2578,#2579));
#422=EDGE_LOOP('',(#2580,#2581,#2582,#2583));
#423=EDGE_LOOP('',(#2584,#2585,#2586,#2587));
#424=EDGE_LOOP('',(#2588,#2589,#2590,#2591));
#425=EDGE_LOOP('',(#2592,#2593,#2594,#2595));
#426=EDGE_LOOP('',(#2596,#2597,#2598,#2599));
#427=EDGE_LOOP('',(#2600,#2601,#2602,#2603,#2604));
#428=EDGE_LOOP('',(#2605,#2606,#2607,#2608,#2609,#2610,#2611));
#429=EDGE_LOOP('',(#2612,#2613,#2614,#2615));
#430=EDGE_LOOP('',(#2616,#2617,#2618,#2619));
#431=EDGE_LOOP('',(#2620,#2621,#2622,#2623,#2624,#2625));
#432=EDGE_LOOP('',(#2626,#2627,#2628,#2629));
#433=EDGE_LOOP('',(#2630,#2631,#2632,#2633,#2634,#2635));
#434=CIRCLE('',#2877,0.8115);
#435=CIRCLE('',#2884,0.8115);
#436=CIRCLE('',#2886,0.8115);
#437=CIRCLE('',#2893,0.8115);
#438=CIRCLE('',#2895,1.037);
#439=CIRCLE('',#2902,1.037);
#440=CIRCLE('',#2904,1.03700000000002);
#441=CIRCLE('',#2911,1.03700000000002);
#442=CIRCLE('',#2914,47.5);
#443=CIRCLE('',#2915,76.474354533544);
#444=CIRCLE('',#2916,47.5);
#445=CIRCLE('',#2917,25.);
#446=CIRCLE('',#2918,25.);
#447=CIRCLE('',#2919,5.);
#448=CIRCLE('',#2920,70.3779706632081);
#449=CIRCLE('',#2921,70.3779706632081);
#450=CIRCLE('',#2922,5.00000000000003);
#451=CIRCLE('',#2923,11.6264891221038);
#452=CIRCLE('',#2924,5.);
#453=CIRCLE('',#2925,18.9036161296641);
#454=CIRCLE('',#2926,18.9036161296641);
#455=CIRCLE('',#2927,5.);
#456=CIRCLE('',#2930,3.5);
#457=CIRCLE('',#2933,3.5);
#458=CIRCLE('',#2934,3.5);
#459=CIRCLE('',#2935,3.5);
#460=CIRCLE('',#2939,2.);
#461=CIRCLE('',#2940,2.);
#462=CIRCLE('',#2942,12.5411507648256);
#463=CIRCLE('',#2943,1.4);
#464=CIRCLE('',#2944,1.4);
#465=CIRCLE('',#2945,15.2604404183724);
#466=CIRCLE('',#2946,15.3604404183724);
#467=CIRCLE('',#2948,5.);
#468=CIRCLE('',#2950,70.3779706632081);
#469=CIRCLE('',#2951,1.5);
#470=CIRCLE('',#2962,15.2604404183724);
#471=CIRCLE('',#2964,15.2604404183724);
#472=CIRCLE('',#2965,15.2604404183724);
#473=CIRCLE('',#2967,12.5411507648256);
#474=CIRCLE('',#2968,1.4);
#475=CIRCLE('',#2969,1.4);
#476=CIRCLE('',#2970,15.3604404183724);
#477=CIRCLE('',#2971,2.);
#478=CIRCLE('',#2973,1.4);
#479=CIRCLE('',#2975,1.4);
#480=CIRCLE('',#2980,1.5);
#481=CIRCLE('',#2981,1.5);
#482=CIRCLE('',#2982,70.3779706632081);
#483=CIRCLE('',#2984,5.00000000000003);
#484=CIRCLE('',#2985,70.3779706632081);
#485=CIRCLE('',#2986,1.5);
#486=CIRCLE('',#2988,15.3693217621905);
#487=CIRCLE('',#2989,3.);
#488=CIRCLE('',#2990,12.8002393812231);
#489=CIRCLE('',#2991,12.8002393812231);
#490=CIRCLE('',#2992,3.);
#491=CIRCLE('',#2993,15.3693217621905);
#492=CIRCLE('',#2995,15.3693217621905);
#493=CIRCLE('',#2997,15.3693217621905);
#494=CIRCLE('',#3000,15.3604404183724);
#495=CIRCLE('',#3001,1.4);
#496=CIRCLE('',#3002,12.5411507648256);
#497=CIRCLE('',#3005,2.);
#498=CIRCLE('',#3006,15.3604404183724);
#499=CIRCLE('',#3007,1.4);
#500=CIRCLE('',#3008,12.5411507648256);
#501=CIRCLE('',#3011,1.25);
#502=CIRCLE('',#3012,1.25);
#503=CIRCLE('',#3014,1.25);
#504=CIRCLE('',#3015,1.25);
#505=CIRCLE('',#3017,1.25);
#506=CIRCLE('',#3018,1.25);
#507=CIRCLE('',#3020,1.25);
#508=CIRCLE('',#3021,1.25);
#509=CIRCLE('',#3023,1.5);
#510=CIRCLE('',#3025,1.5);
#511=CIRCLE('',#3027,1.5);
#512=CIRCLE('',#3028,1.5);
#513=CIRCLE('',#3030,1.5);
#514=CIRCLE('',#3031,1.5);
#515=CIRCLE('',#3033,12.8002393812231);
#516=CIRCLE('',#3035,12.8350257807109);
#517=CIRCLE('',#3037,12.8350257807109);
#518=CIRCLE('',#3038,12.8350257807109);
#519=CIRCLE('',#3039,12.8350257807109);
#520=CIRCLE('',#3041,3.93811967076138);
#521=CIRCLE('',#3045,11.6264891221038);
#522=CIRCLE('',#3047,3.);
#523=CIRCLE('',#3050,12.8002393812231);
#524=CIRCLE('',#3052,3.94558812834061);
#525=CIRCLE('',#3053,3.94558812834061);
#526=CIRCLE('',#3056,47.5);
#527=CIRCLE('',#3059,47.5);
#528=CIRCLE('',#3061,15.3693217621905);
#529=CIRCLE('',#3062,3.);
#530=CIRCLE('',#3063,3.93811967076138);
#531=CIRCLE('',#3065,25.);
#532=CIRCLE('',#3066,25.);
#533=CIRCLE('',#3067,76.474354533544);
#534=CIRCLE('',#3070,5.);
#535=CIRCLE('',#3073,18.9036161296641);
#536=CIRCLE('',#3080,18.9036161296641);
#537=CIRCLE('',#3083,5.);
#538=CIRCLE('',#3088,2.);
#539=CIRCLE('',#3089,2.);
#540=CIRCLE('',#3091,15.3604404183724);
#541=CIRCLE('',#3092,15.3604404183724);
#542=CIRCLE('',#3094,2.);
#543=CIRCLE('',#3095,2.);
#544=CIRCLE('',#3097,15.3604404183724);
#545=CIRCLE('',#3098,15.3604404183724);
#546=CIRCLE('',#3101,1.4);
#547=CIRCLE('',#3102,1.4);
#548=CIRCLE('',#3103,12.5411507648256);
#549=CIRCLE('',#3105,12.5411507648256);
#550=CIRCLE('',#3108,1.4);
#551=CIRCLE('',#3109,1.4);
#552=CIRCLE('',#3115,1.4);
#553=CIRCLE('',#3116,1.4);
#554=CIRCLE('',#3117,12.5411507648256);
#555=CIRCLE('',#3119,12.5411507648256);
#556=CIRCLE('',#3122,1.4);
#557=CIRCLE('',#3123,1.4);
#558=CIRCLE('',#3129,3.);
#559=CIRCLE('',#3131,3.);
#560=CIRCLE('',#3133,15.3693217621905);
#561=B_SPLINE_CURVE_WITH_KNOTS('',3,(#3861,#3862,#3863,#3864,#3865,#3866,
#3867),.UNSPECIFIED.,.F.,.F.,(4,3,4),(45.2927671909163,46.1297219531088,
47.1112053989196),.UNSPECIFIED.);
#562=B_SPLINE_CURVE_WITH_KNOTS('',3,(#3870,#3871,#3872,#3873,#3874,#3875,
#3876,#3877,#3878,#3879,#3880,#3881,#3882),.UNSPECIFIED.,.F.,.F.,(4,3,3,
3,4),(-45.0661466157456,-44.1667550614872,-43.1852716156764,-42.2037881698655,
-41.5752932391822),.UNSPECIFIED.);
#563=B_SPLINE_CURVE_WITH_KNOTS('',3,(#3887,#3888,#3889,#3890,#3891,#3892,
#3893,#3894,#3895,#3896,#3897,#3898,#3899,#3900,#3901,#3902,#3903,#3904,
#3905,#3906,#3907,#3908,#3909,#3910,#3911),.UNSPECIFIED.,.F.,.F.,(4,3,3,
3,3,3,3,3,4),(39.0095818837368,39.259337832433,40.2408212782439,41.2223047240547,
42.2037881698655,43.1852716156763,44.1667550614872,45.148238507298,45.2927671909163),
 .UNSPECIFIED.);
#564=B_SPLINE_CURVE_WITH_KNOTS('',3,(#3912,#3913,#3914,#3915,#3916,#3917,
#3918,#3919,#3920,#3921,#3922,#3923,#3924,#3925,#3926,#3927,#3928,#3929,
#3930,#3931,#3932,#3933,#3934,#3935,#3936),.UNSPECIFIED.,.F.,.F.,(4,3,3,
3,3,3,3,3,4),(-41.5752932391822,-41.2223047240547,-40.2408212782439,-39.2593378324331,
-38.2778543866222,-37.2963709408114,-36.3148874950006,-35.3334040491897,
-35.2921079320026),.UNSPECIFIED.);
#565=B_SPLINE_CURVE_WITH_KNOTS('',3,(#3941,#3942,#3943,#3944,#3945,#3946,
#3947,#3948,#3949,#3950,#3951,#3952,#3953,#3954,#3955,#3956,#3957,#3958,
#3959,#3960,#3961,#3962),.UNSPECIFIED.,.F.,.F.,(4,3,3,3,3,3,3,4),(32.7263965765572,
33.3704371575681,34.3519206033789,35.3334040491897,36.3148874950006,37.2963709408114,
38.2778543866222,39.0095818837368),.UNSPECIFIED.);
#566=B_SPLINE_CURVE_WITH_KNOTS('',3,(#3963,#3964,#3965,#3966,#3967,#3968,
#3969,#3970,#3971,#3972,#3973,#3974,#3975,#3976,#3977,#3978,#3979,#3980,
#3981,#3982,#3983,#3984),.UNSPECIFIED.,.F.,.F.,(4,3,3,3,3,3,3,4),(-35.2921079320026,
-34.3519206033789,-33.3704371575681,-32.3889537117573,-31.4074702659464,
-30.4259868201356,-29.4445033743248,-29.008922624823),.UNSPECIFIED.);
#567=B_SPLINE_CURVE_WITH_KNOTS('',3,(#3989,#3990,#3991,#3992,#3993,#3994,
#3995,#3996,#3997,#3998,#3999,#4000,#4001,#4002,#4003,#4004,#4005,#4006,
#4007,#4008,#4009,#4010,#4011,#4012,#4013),.UNSPECIFIED.,.F.,.F.,(4,3,3,
3,3,3,3,3,4),(26.4432112693776,26.5000530368923,27.4815364827031,28.463019928514,
29.4445033743248,30.4259868201356,31.4074702659464,32.3889537117573,32.7263965765572),
 .UNSPECIFIED.);
#568=B_SPLINE_CURVE_WITH_KNOTS('',3,(#4014,#4015,#4016,#4017,#4018,#4019,
#4020,#4021,#4022,#4023,#4024,#4025,#4026,#4027,#4028,#4029,#4030,#4031,
#4032,#4033,#4034,#4035),.UNSPECIFIED.,.F.,.F.,(4,3,3,3,3,3,3,4),(-29.008922624823,
-28.463019928514,-27.4815364827031,-26.5000530368923,-25.5185695910815,
-24.5370861452707,-23.5556026994598,-22.7257373176434),.UNSPECIFIED.);
#569=B_SPLINE_CURVE_WITH_KNOTS('',3,(#4040,#4041,#4042,#4043,#4044,#4045,
#4046,#4047,#4048,#4049,#4050,#4051,#4052,#4053,#4054,#4055,#4056,#4057,
#4058,#4059,#4060,#4061),.UNSPECIFIED.,.F.,.F.,(4,3,3,3,3,3,3,4),(20.160025962198,
20.6111523620274,21.5926358078382,22.574119253649,23.5556026994598,24.5370861452707,
25.5185695910815,26.4432112693776),.UNSPECIFIED.);
#570=B_SPLINE_CURVE_WITH_KNOTS('',3,(#4062,#4063,#4064,#4065,#4066,#4067,
#4068,#4069,#4070,#4071,#4072,#4073,#4074,#4075,#4076,#4077,#4078,#4079,
#4080,#4081,#4082,#4083,#4084,#4085,#4086),.UNSPECIFIED.,.F.,.F.,(4,3,3,
3,3,3,3,3,4),(-22.7257373176434,-22.574119253649,-21.5926358078382,-20.6111523620274,
-19.6296689162165,-18.6481854704057,-17.6667020245949,-16.685218578784,
-16.4425520104638),.UNSPECIFIED.);
#571=B_SPLINE_CURVE_WITH_KNOTS('',3,(#4091,#4092,#4093,#4094,#4095,#4096,
#4097,#4098,#4099,#4100,#4101,#4102,#4103,#4104,#4105,#4106,#4107,#4108,
#4109,#4110,#4111,#4112),.UNSPECIFIED.,.F.,.F.,(4,3,3,3,3,3,3,4),(13.8768406550184,
14.7222516871624,15.7037351329732,16.685218578784,17.6667020245949,18.6481854704057,
19.6296689162165,20.160025962198),.UNSPECIFIED.);
#572=B_SPLINE_CURVE_WITH_KNOTS('',3,(#4113,#4114,#4115,#4116,#4117,#4118,
#4119,#4120,#4121,#4122,#4123,#4124,#4125,#4126,#4127,#4128,#4129,#4130,
#4131,#4132,#4133,#4134),.UNSPECIFIED.,.F.,.F.,(4,3,3,3,3,3,3,4),(-16.4425520104638,
-15.7037351329732,-14.7222516871624,-13.7407682413516,-12.7592847955407,
-11.7778013497299,-10.7963179039191,-10.1593667032843),.UNSPECIFIED.);
#573=B_SPLINE_CURVE_WITH_KNOTS('',3,(#4140,#4141,#4142,#4143,#4144,#4145,
#4146,#4147,#4148,#4149,#4150,#4151,#4152),.UNSPECIFIED.,.F.,.F.,(4,3,3,
3,4),(-3.87618139610466,-2.94445033743247,-1.96296689162165,-0.981483445810822,
0.),.UNSPECIFIED.);
#574=B_SPLINE_CURVE_WITH_KNOTS('',3,(#4155,#4156,#4157,#4158,#4159,#4160,
#4161,#4162,#4163,#4164,#4165,#4166,#4167,#4168,#4169,#4170,#4171,#4172,
#4173),.UNSPECIFIED.,.F.,.F.,(4,3,3,3,3,3,4),(2.04505878317401,2.94445033743248,
3.92593378324331,4.90741722905413,5.88890067486496,6.87038412067579,7.5936553478388),
 .UNSPECIFIED.);
#575=B_SPLINE_CURVE_WITH_KNOTS('',3,(#4179,#4180,#4181,#4182,#4183,#4184,
#4185),.UNSPECIFIED.,.F.,.F.,(4,3,4),(45.2927671909163,46.1297219531088,
47.1112053989196),.UNSPECIFIED.);
#576=B_SPLINE_CURVE_WITH_KNOTS('',3,(#4188,#4189,#4190,#4191,#4192,#4193,
#4194,#4195,#4196,#4197,#4198,#4199,#4200),.UNSPECIFIED.,.F.,.F.,(4,3,3,
3,4),(-45.0661466157455,-44.1667550614872,-43.1852716156764,-42.2037881698655,
-41.5752932391822),.UNSPECIFIED.);
#577=B_SPLINE_CURVE_WITH_KNOTS('',3,(#4205,#4206,#4207,#4208,#4209,#4210,
#4211,#4212,#4213,#4214,#4215,#4216,#4217,#4218,#4219,#4220,#4221,#4222,
#4223,#4224,#4225,#4226,#4227,#4228,#4229),.UNSPECIFIED.,.F.,.F.,(4,3,3,
3,3,3,3,3,4),(39.0095818837367,39.2593378324331,40.2408212782439,41.2223047240547,
42.2037881698655,43.1852716156764,44.1667550614872,45.148238507298,45.2927671909163),
 .UNSPECIFIED.);
#578=B_SPLINE_CURVE_WITH_KNOTS('',3,(#4230,#4231,#4232,#4233,#4234,#4235,
#4236,#4237,#4238,#4239,#4240,#4241,#4242,#4243,#4244,#4245,#4246,#4247,
#4248,#4249,#4250,#4251,#4252,#4253,#4254),.UNSPECIFIED.,.F.,.F.,(4,3,3,
3,3,3,3,3,4),(-41.5752932391822,-41.2223047240547,-40.2408212782439,-39.2593378324331,
-38.2778543866222,-37.2963709408114,-36.3148874950006,-35.3334040491898,
-35.2921079320026),.UNSPECIFIED.);
#579=B_SPLINE_CURVE_WITH_KNOTS('',3,(#4259,#4260,#4261,#4262,#4263,#4264,
#4265,#4266,#4267,#4268,#4269,#4270,#4271,#4272,#4273,#4274,#4275,#4276,
#4277,#4278,#4279,#4280),.UNSPECIFIED.,.F.,.F.,(4,3,3,3,3,3,3,4),(32.7263965765571,
33.3704371575681,34.3519206033789,35.3334040491898,36.3148874950006,37.2963709408114,
38.2778543866222,39.0095818837367),.UNSPECIFIED.);
#580=B_SPLINE_CURVE_WITH_KNOTS('',3,(#4281,#4282,#4283,#4284,#4285,#4286,
#4287,#4288,#4289,#4290,#4291,#4292,#4293,#4294,#4295,#4296,#4297,#4298,
#4299,#4300,#4301,#4302),.UNSPECIFIED.,.F.,.F.,(4,3,3,3,3,3,3,4),(-35.2921079320026,
-34.3519206033789,-33.3704371575681,-32.3889537117573,-31.4074702659465,
-30.4259868201356,-29.4445033743248,-29.008922624823),.UNSPECIFIED.);
#581=B_SPLINE_CURVE_WITH_KNOTS('',3,(#4307,#4308,#4309,#4310,#4311,#4312,
#4313,#4314,#4315,#4316,#4317,#4318,#4319,#4320,#4321,#4322,#4323,#4324,
#4325,#4326,#4327,#4328,#4329,#4330,#4331),.UNSPECIFIED.,.F.,.F.,(4,3,3,
3,3,3,3,3,4),(26.4432112693775,26.5000530368923,27.4815364827031,28.463019928514,
29.4445033743248,30.4259868201356,31.4074702659464,32.3889537117573,32.7263965765571),
 .UNSPECIFIED.);
#582=B_SPLINE_CURVE_WITH_KNOTS('',3,(#4332,#4333,#4334,#4335,#4336,#4337,
#4338,#4339,#4340,#4341,#4342,#4343,#4344,#4345,#4346,#4347,#4348,#4349,
#4350,#4351,#4352,#4353),.UNSPECIFIED.,.F.,.F.,(4,3,3,3,3,3,3,4),(-29.008922624823,
-28.463019928514,-27.4815364827031,-26.5000530368923,-25.5185695910815,
-24.5370861452707,-23.5556026994598,-22.7257373176434),.UNSPECIFIED.);
#583=B_SPLINE_CURVE_WITH_KNOTS('',3,(#4358,#4359,#4360,#4361,#4362,#4363,
#4364,#4365,#4366,#4367,#4368,#4369,#4370,#4371,#4372,#4373,#4374,#4375,
#4376,#4377,#4378,#4379),.UNSPECIFIED.,.F.,.F.,(4,3,3,3,3,3,3,4),(20.1600259621979,
20.6111523620274,21.5926358078382,22.574119253649,23.5556026994598,24.5370861452707,
25.5185695910815,26.4432112693775),.UNSPECIFIED.);
#584=B_SPLINE_CURVE_WITH_KNOTS('',3,(#4380,#4381,#4382,#4383,#4384,#4385,
#4386,#4387,#4388,#4389,#4390,#4391,#4392,#4393,#4394,#4395,#4396,#4397,
#4398,#4399,#4400,#4401,#4402,#4403,#4404),.UNSPECIFIED.,.F.,.F.,(4,3,3,
3,3,3,3,3,4),(-22.7257373176434,-22.574119253649,-21.5926358078382,-20.6111523620274,
-19.6296689162165,-18.6481854704057,-17.6667020245949,-16.685218578784,
-16.4425520104638),.UNSPECIFIED.);
#585=B_SPLINE_CURVE_WITH_KNOTS('',3,(#4409,#4410,#4411,#4412,#4413,#4414,
#4415,#4416,#4417,#4418,#4419,#4420,#4421,#4422,#4423,#4424,#4425,#4426,
#4427,#4428,#4429,#4430),.UNSPECIFIED.,.F.,.F.,(4,3,3,3,3,3,3,4),(13.8768406550184,
14.7222516871624,15.7037351329732,16.685218578784,17.6667020245949,18.6481854704057,
19.6296689162165,20.1600259621979),.UNSPECIFIED.);
#586=B_SPLINE_CURVE_WITH_KNOTS('',3,(#4431,#4432,#4433,#4434,#4435,#4436,
#4437,#4438,#4439,#4440,#4441,#4442,#4443,#4444,#4445,#4446,#4447,#4448,
#4449,#4450,#4451,#4452),.UNSPECIFIED.,.F.,.F.,(4,3,3,3,3,3,3,4),(-16.4425520104638,
-15.7037351329732,-14.7222516871624,-13.7407682413516,-12.7592847955407,
-11.7778013497299,-10.7963179039191,-10.1593667032843),.UNSPECIFIED.);
#587=B_SPLINE_CURVE_WITH_KNOTS('',3,(#4458,#4459,#4460,#4461,#4462,#4463,
#4464,#4465,#4466,#4467,#4468,#4469,#4470),.UNSPECIFIED.,.F.,.F.,(4,3,3,
3,4),(-3.8761813961047,-2.94445033743248,-1.96296689162165,-0.981483445810826,
0.),.UNSPECIFIED.);
#588=B_SPLINE_CURVE_WITH_KNOTS('',3,(#4473,#4474,#4475,#4476,#4477,#4478,
#4479,#4480,#4481,#4482,#4483,#4484,#4485,#4486,#4487,#4488,#4489,#4490,
#4491),.UNSPECIFIED.,.F.,.F.,(4,3,3,3,3,3,4),(2.04505878317419,2.94445033743249,
3.92593378324332,4.90741722905414,5.88890067486497,6.87038412067579,7.5936553478388),
 .UNSPECIFIED.);
#589=B_SPLINE_CURVE_WITH_KNOTS('',3,(#4497,#4498,#4499,#4500,#4501,#4502,
#4503,#4504,#4505),.UNSPECIFIED.,.F.,.F.,(4,1,1,1,1,1,4),(53.4070751110265,
54.0355700417098,55.0170534875206,55.9985369333314,56.9800203791423,57.9615038249531,
58.9429872707639),.UNSPECIFIED.);
#590=B_SPLINE_CURVE_WITH_KNOTS('',3,(#4508,#4509,#4510,#4511,#4512,#4513,
#4514,#4515,#4516,#4517),.UNSPECIFIED.,.F.,.F.,(4,1,1,1,1,1,1,4),(53.4070751110265,
53.6568310597228,54.6383145055336,55.6197979513444,56.6012813971552,57.5827648429661,
58.5642482887769,59.4636398430353),.UNSPECIFIED.);
#591=B_SPLINE_CURVE_WITH_KNOTS('',3,(#4522,#4523,#4524,#4525,#4526,#4527,
#4528,#4529,#4530,#4531,#4532),.UNSPECIFIED.,.F.,.F.,(4,1,1,1,1,1,1,1,4),
(47.1238898038469,47.165185921034,48.1466693668448,49.1281528126557,50.1096362584665,
51.0911197042773,52.0726031500881,53.054086595899,53.4070751110265),
 .UNSPECIFIED.);
#592=B_SPLINE_CURVE_WITH_KNOTS('',3,(#4533,#4534,#4535,#4536,#4537,#4538,
#4539,#4540,#4541,#4542),.UNSPECIFIED.,.F.,.F.,(4,1,1,1,1,1,1,4),(47.1238898038469,
47.7679303848578,48.7494138306686,49.7308972764795,50.7123807222903,51.6938641681011,
52.6753476139119,53.4070751110265),.UNSPECIFIED.);
#593=B_SPLINE_CURVE_WITH_KNOTS('',3,(#4547,#4548,#4549,#4550,#4551,#4552,
#4553,#4554,#4555,#4556),.UNSPECIFIED.,.F.,.F.,(4,1,1,1,1,1,1,4),(40.8407044966673,
41.2762852461691,42.2577686919799,43.2392521377907,44.2207355836015,45.2022190294124,
46.1837024752232,47.1238898038469),.UNSPECIFIED.);
#594=B_SPLINE_CURVE_WITH_KNOTS('',3,(#4557,#4558,#4559,#4560,#4561,#4562,
#4563,#4564,#4565,#4566,#4567),.UNSPECIFIED.,.F.,.F.,(4,1,1,1,1,1,1,1,4),
(40.8407044966673,40.897546264182,41.8790297099929,42.8605131558037,43.8419966016145,
44.8234800474253,45.8049634932362,46.786446939047,47.1238898038469),
 .UNSPECIFIED.);
#595=B_SPLINE_CURVE_WITH_KNOTS('',3,(#4572,#4573,#4574,#4575,#4576,#4577,
#4578,#4579,#4580,#4581),.UNSPECIFIED.,.F.,.F.,(4,1,1,1,1,1,1,4),(34.5575191894877,
35.3873845713041,36.3688680171149,37.3503514629258,38.3318349087366,39.3133183545474,
40.2948018003582,40.8407044966673),.UNSPECIFIED.);
#596=B_SPLINE_CURVE_WITH_KNOTS('',3,(#4582,#4583,#4584,#4585,#4586,#4587,
#4588,#4589,#4590,#4591),.UNSPECIFIED.,.F.,.F.,(4,1,1,1,1,1,1,4),(34.5575191894877,
35.0086455893171,35.9901290351279,36.9716124809387,37.9530959267496,38.9345793725604,
39.9160628183712,40.8407044966673),.UNSPECIFIED.);
#597=B_SPLINE_CURVE_WITH_KNOTS('',3,(#4596,#4597,#4598,#4599,#4600,#4601,
#4602,#4603,#4604,#4605,#4606),.UNSPECIFIED.,.F.,.F.,(4,1,1,1,1,1,1,1,4),
(28.2743338823081,28.5170004506283,29.4984838964391,30.47996734225,31.4614507880608,
32.4429342338716,33.4244176796824,34.4059011254933,34.5575191894877),
 .UNSPECIFIED.);
#598=B_SPLINE_CURVE_WITH_KNOTS('',3,(#4607,#4608,#4609,#4610,#4611,#4612,
#4613,#4614,#4615,#4616),.UNSPECIFIED.,.F.,.F.,(4,1,1,1,1,1,1,4),(28.2743338823081,
29.1197449144521,30.1012283602629,31.0827118060738,32.0641952518846,33.0456786976954,
34.0271621435062,34.5575191894877),.UNSPECIFIED.);
#599=B_SPLINE_CURVE_WITH_KNOTS('',3,(#4621,#4622,#4623,#4624,#4625,#4626,
#4627,#4628,#4629,#4630),.UNSPECIFIED.,.F.,.F.,(4,1,1,1,1,1,1,4),(21.9911485751285,
22.6280997757634,23.6095832215742,24.591066667385,25.5725501131958,26.5540335590067,
27.5355170048175,28.2743338823081),.UNSPECIFIED.);
#600=B_SPLINE_CURVE_WITH_KNOTS('',3,(#4631,#4632,#4633,#4634,#4635,#4636,
#4637,#4638,#4639,#4640,#4641),.UNSPECIFIED.,.F.,.F.,(4,1,1,1,1,1,1,1,4),
(21.9911485751285,22.2493607937763,23.2308442395872,24.212327685398,25.1938111312088,
26.1752945770196,27.1567780228305,28.1382614686413,28.2743338823081),
 .UNSPECIFIED.);
#601=B_SPLINE_CURVE_WITH_KNOTS('',3,(#4647,#4648,#4649,#4650,#4651),
 .UNSPECIFIED.,.F.,.F.,(4,1,4),(14.3974932272897,15.3789766731006,15.7079632679489),
 .UNSPECIFIED.);
#602=B_SPLINE_CURVE_WITH_KNOTS('',3,(#4654,#4655,#4656,#4657,#4658),
 .UNSPECIFIED.,.F.,.F.,(4,1,4),(13.8768406550184,14.7762322092767,15.7079632679489),
 .UNSPECIFIED.);
#603=B_SPLINE_CURVE_WITH_KNOTS('',3,(#4664,#4665,#4666,#4667,#4668,#4669,
#4670,#4671,#4672),.UNSPECIFIED.,.F.,.F.,(4,1,1,1,1,1,4),(53.4070751110265,
54.0355700417098,55.0170534875206,55.9985369333314,56.9800203791423,57.9615038249531,
58.9429872707639),.UNSPECIFIED.);
#604=B_SPLINE_CURVE_WITH_KNOTS('',3,(#4675,#4676,#4677,#4678,#4679,#4680,
#4681,#4682,#4683,#4684),.UNSPECIFIED.,.F.,.F.,(4,1,1,1,1,1,1,4),(53.4070751110265,
53.6568310597228,54.6383145055336,55.6197979513444,56.6012813971552,57.5827648429661,
58.5642482887769,59.4636398430353),.UNSPECIFIED.);
#605=B_SPLINE_CURVE_WITH_KNOTS('',3,(#4689,#4690,#4691,#4692,#4693,#4694,
#4695,#4696,#4697,#4698,#4699),.UNSPECIFIED.,.F.,.F.,(4,1,1,1,1,1,1,1,4),
(47.1238898038469,47.165185921034,48.1466693668448,49.1281528126557,50.1096362584665,
51.0911197042773,52.0726031500881,53.054086595899,53.4070751110265),
 .UNSPECIFIED.);
#606=B_SPLINE_CURVE_WITH_KNOTS('',3,(#4700,#4701,#4702,#4703,#4704,#4705,
#4706,#4707,#4708,#4709),.UNSPECIFIED.,.F.,.F.,(4,1,1,1,1,1,1,4),(47.1238898038469,
47.7679303848578,48.7494138306686,49.7308972764795,50.7123807222903,51.6938641681011,
52.6753476139119,53.4070751110265),.UNSPECIFIED.);
#607=B_SPLINE_CURVE_WITH_KNOTS('',3,(#4714,#4715,#4716,#4717,#4718,#4719,
#4720,#4721,#4722,#4723),.UNSPECIFIED.,.F.,.F.,(4,1,1,1,1,1,1,4),(40.8407044966673,
41.2762852461691,42.2577686919799,43.2392521377907,44.2207355836015,45.2022190294124,
46.1837024752232,47.1238898038469),.UNSPECIFIED.);
#608=B_SPLINE_CURVE_WITH_KNOTS('',3,(#4724,#4725,#4726,#4727,#4728,#4729,
#4730,#4731,#4732,#4733,#4734),.UNSPECIFIED.,.F.,.F.,(4,1,1,1,1,1,1,1,4),
(40.8407044966673,40.897546264182,41.8790297099929,42.8605131558037,43.8419966016145,
44.8234800474253,45.8049634932362,46.786446939047,47.1238898038469),
 .UNSPECIFIED.);
#609=B_SPLINE_CURVE_WITH_KNOTS('',3,(#4739,#4740,#4741,#4742,#4743,#4744,
#4745,#4746,#4747,#4748),.UNSPECIFIED.,.F.,.F.,(4,1,1,1,1,1,1,4),(34.5575191894877,
35.3873845713041,36.3688680171149,37.3503514629258,38.3318349087366,39.3133183545474,
40.2948018003582,40.8407044966673),.UNSPECIFIED.);
#610=B_SPLINE_CURVE_WITH_KNOTS('',3,(#4749,#4750,#4751,#4752,#4753,#4754,
#4755,#4756,#4757,#4758),.UNSPECIFIED.,.F.,.F.,(4,1,1,1,1,1,1,4),(34.5575191894877,
35.0086455893171,35.9901290351279,36.9716124809387,37.9530959267496,38.9345793725604,
39.9160628183712,40.8407044966673),.UNSPECIFIED.);
#611=B_SPLINE_CURVE_WITH_KNOTS('',3,(#4763,#4764,#4765,#4766,#4767,#4768,
#4769,#4770,#4771,#4772,#4773),.UNSPECIFIED.,.F.,.F.,(4,1,1,1,1,1,1,1,4),
(28.2743338823081,28.5170004506283,29.4984838964391,30.47996734225,31.4614507880608,
32.4429342338716,33.4244176796824,34.4059011254933,34.5575191894877),
 .UNSPECIFIED.);
#612=B_SPLINE_CURVE_WITH_KNOTS('',3,(#4774,#4775,#4776,#4777,#4778,#4779,
#4780,#4781,#4782,#4783),.UNSPECIFIED.,.F.,.F.,(4,1,1,1,1,1,1,4),(28.2743338823081,
29.1197449144521,30.1012283602629,31.0827118060738,32.0641952518846,33.0456786976954,
34.0271621435062,34.5575191894877),.UNSPECIFIED.);
#613=B_SPLINE_CURVE_WITH_KNOTS('',3,(#4788,#4789,#4790,#4791,#4792,#4793,
#4794,#4795,#4796,#4797),.UNSPECIFIED.,.F.,.F.,(4,1,1,1,1,1,1,4),(21.9911485751285,
22.6280997757634,23.6095832215742,24.591066667385,25.5725501131958,26.5540335590067,
27.5355170048175,28.2743338823081),.UNSPECIFIED.);
#614=B_SPLINE_CURVE_WITH_KNOTS('',3,(#4798,#4799,#4800,#4801,#4802,#4803,
#4804,#4805,#4806,#4807,#4808),.UNSPECIFIED.,.F.,.F.,(4,1,1,1,1,1,1,1,4),
(21.9911485751285,22.2493607937763,23.2308442395872,24.212327685398,25.1938111312088,
26.1752945770196,27.1567780228305,28.1382614686413,28.2743338823081),
 .UNSPECIFIED.);
#615=B_SPLINE_CURVE_WITH_KNOTS('',3,(#4814,#4815,#4816,#4817,#4818),
 .UNSPECIFIED.,.F.,.F.,(4,1,4),(14.3974932272897,15.3789766731006,15.7079632679489),
 .UNSPECIFIED.);
#616=B_SPLINE_CURVE_WITH_KNOTS('',3,(#4821,#4822,#4823,#4824,#4825),
 .UNSPECIFIED.,.F.,.F.,(4,1,4),(13.8768406550184,14.7762322092767,15.7079632679489),
 .UNSPECIFIED.);
#617=B_SPLINE_CURVE_WITH_KNOTS('',3,(#4827,#4828,#4829,#4830,#4831,#4832,
#4833,#4834,#4835,#4836,#4837),.UNSPECIFIED.,.F.,.F.,(4,1,1,1,1,1,1,1,4),
(15.7079632679489,15.7577156550876,16.7391991008984,17.7206825467092,18.7021659925201,
19.6836494383309,20.6651328841417,21.6466163299525,21.9911485751285),
 .UNSPECIFIED.);
#618=B_SPLINE_CURVE_WITH_KNOTS('',3,(#4838,#4839,#4840,#4841,#4842,#4843,
#4844,#4845,#4846,#4847),.UNSPECIFIED.,.F.,.F.,(4,1,1,1,1,1,1,4),(15.7079632679489,
16.3604601189114,17.3419435647222,18.323427010533,19.3049104563439,20.2863939021547,
21.2678773479655,21.9911485751285),.UNSPECIFIED.);
#619=B_SPLINE_CURVE_WITH_KNOTS('',3,(#5052,#5053,#5054,#5055,#5056,#5057,
#5058,#5059,#5060,#5061,#5062,#5063,#5064,#5065,#5066,#5067,#5068,#5069,
#5070,#5071,#5072,#5073,#5074,#5075,#5076,#5077,#5078,#5079,#5080,#5081,
#5082,#5083,#5084,#5085,#5086,#5087,#5088,#5089,#5090,#5091,#5092,#5093,
#5094,#5095,#5096,#5097,#5098,#5099,#5100,#5101,#5102,#5103,#5104,#5105,
#5106,#5107,#5108,#5109,#5110,#5111,#5112,#5113,#5114,#5115,#5116,#5117,
#5118,#5119,#5120,#5121,#5122,#5123,#5124,#5125,#5126,#5127),
 .UNSPECIFIED.,.F.,.F.,(4,3,3,3,3,3,3,3,3,3,3,3,3,3,3,3,3,3,3,3,3,3,3,3,
3,4),(0.,0.0133256804774318,0.0267820854926861,0.0356219449811222,0.0389322680733974,
0.0411832226467983,0.0542107891986014,0.0669078542327246,0.0745561310245872,
0.0771821350855549,0.0797988369386375,0.0920632552799324,0.0975009614001749,
0.108381366972997,0.112178660052164,0.115276177393397,0.127452530549562,
0.139538566829269,0.145625960798073,0.148249060333763,0.159855277437114,
0.166685692020471,0.169764283229599,0.173000687633181,0.184544205982751,
0.191341112058177),.UNSPECIFIED.);
#620=B_SPLINE_CURVE_WITH_KNOTS('',3,(#5128,#5129,#5130,#5131,#5132,#5133,
#5134,#5135,#5136,#5137,#5138,#5139,#5140,#5141,#5142,#5143,#5144,#5145,
#5146,#5147,#5148,#5149,#5150,#5151,#5152,#5153,#5154,#5155,#5156,#5157,
#5158,#5159,#5160,#5161,#5162,#5163,#5164,#5165,#5166,#5167,#5168,#5169,
#5170,#5171,#5172,#5173,#5174,#5175,#5176,#5177,#5178,#5179,#5180,#5181,
#5182,#5183,#5184,#5185,#5186,#5187,#5188,#5189,#5190,#5191,#5192,#5193,
#5194,#5195,#5196,#5197,#5198,#5199,#5200),.UNSPECIFIED.,.F.,.F.,(4,3,3,
3,3,3,3,3,3,3,3,3,3,3,3,3,3,3,3,3,3,3,3,3,4),(0.,0.011012958115813,0.0223339887722349,
0.0303829605814368,0.033862556573168,0.0455764937949372,0.0567745252173446,
0.0643706569476307,0.0677257493367974,0.0801187694516667,0.0857993122295108,
0.0978058200890193,0.101460336366482,0.10395114174159,0.116387473851439,
0.129135935452868,0.136074080395449,0.138917821775782,0.152114235131247,
0.15954852012483,0.163310370123817,0.166403384042792,0.179859028897659,
0.181851375105579,0.190345339459103),.UNSPECIFIED.);
#621=B_SPLINE_CURVE_WITH_KNOTS('',3,(#5201,#5202,#5203,#5204,#5205,#5206,
#5207,#5208,#5209,#5210,#5211,#5212,#5213,#5214,#5215,#5216,#5217,#5218,
#5219,#5220,#5221,#5222,#5223,#5224,#5225),.UNSPECIFIED.,.F.,.F.,(4,3,3,
3,3,3,3,3,4),(-10.1593667032843,-9.81483445810827,-8.83335101229744,-7.85186756648661,
-6.87038412067579,-5.88890067486496,-4.90741722905414,-3.92593378324331,
-3.8761813961047),.UNSPECIFIED.);
#622=B_SPLINE_CURVE_WITH_KNOTS('',3,(#5430,#5431,#5432,#5433,#5434,#5435,
#5436,#5437,#5438,#5439,#5440,#5441,#5442,#5443,#5444,#5445,#5446,#5447,
#5448,#5449,#5450,#5451,#5452,#5453,#5454,#5455,#5456,#5457,#5458,#5459,
#5460,#5461,#5462,#5463,#5464,#5465,#5466,#5467,#5468,#5469,#5470,#5471,
#5472,#5473,#5474,#5475,#5476,#5477,#5478,#5479,#5480,#5481,#5482,#5483,
#5484,#5485,#5486,#5487,#5488,#5489,#5490,#5491,#5492,#5493,#5494,#5495,
#5496,#5497,#5498,#5499,#5500,#5501,#5502),.UNSPECIFIED.,.F.,.F.,(4,3,3,
3,3,3,3,3,3,3,3,3,3,3,3,3,3,3,3,3,3,3,3,3,4),(0.,0.0110129486757304,0.0223339719748217,
0.0303829313487124,0.0338625623755278,0.0455764921850067,0.0567745157723354,
0.0643706429907751,0.0677257501021726,0.080118770078652,0.0857993122295327,
0.097805820089041,0.101460339464908,0.103951142773596,0.116387480703945,
0.129135944938055,0.13607409490019,0.138917841264645,0.152114255798882,
0.159548535625561,0.163310419265415,0.166403434322059,0.17985907864671,
0.181851375105599,0.190345339459122),.UNSPECIFIED.);
#623=B_SPLINE_CURVE_WITH_KNOTS('',3,(#5503,#5504,#5505,#5506,#5507,#5508,
#5509,#5510,#5511,#5512,#5513,#5514,#5515,#5516,#5517,#5518,#5519,#5520,
#5521,#5522,#5523,#5524,#5525,#5526,#5527),.UNSPECIFIED.,.F.,.F.,(4,3,3,
3,3,3,3,3,4),(7.5936553478388,7.85186756648661,8.83335101229744,9.81483445810827,
10.7963179039191,11.7778013497299,12.7592847955407,13.7407682413516,13.8768406550184),
 .UNSPECIFIED.);
#624=B_SPLINE_CURVE_WITH_KNOTS('',3,(#5528,#5529,#5530,#5531,#5532,#5533,
#5534,#5535,#5536,#5537,#5538,#5539,#5540,#5541,#5542,#5543,#5544,#5545,
#5546,#5547,#5548,#5549,#5550,#5551,#5552,#5553,#5554,#5555,#5556,#5557,
#5558,#5559,#5560,#5561,#5562,#5563,#5564,#5565,#5566,#5567,#5568,#5569,
#5570,#5571,#5572,#5573,#5574,#5575,#5576,#5577,#5578,#5579,#5580,#5581,
#5582,#5583,#5584,#5585,#5586,#5587,#5588,#5589,#5590,#5591,#5592,#5593,
#5594,#5595,#5596,#5597,#5598,#5599,#5600,#5601,#5602,#5603),
 .UNSPECIFIED.,.F.,.F.,(4,3,3,3,3,3,3,3,3,3,3,3,3,3,3,3,3,3,3,3,3,3,3,3,
3,4),(0.,0.0133256752005678,0.0267820804836417,0.035621940598208,0.0389322644185919,
0.0411832176339295,0.0542107846615055,0.0669078520890302,0.0745561294168157,
0.077182146879583,0.0797988389688757,0.0920632593849015,0.0975009614001724,
0.108381366972992,0.112178663759929,0.115276178259071,0.12745253083033,
0.139538567862094,0.145625963497476,0.148249060538506,0.159855279894091,
0.166685692672889,0.169764285864555,0.173000688959911,0.184544205982731,
0.191341112058165),.UNSPECIFIED.);
#625=B_SPLINE_CURVE_WITH_KNOTS('',3,(#5689,#5690,#5691,#5692,#5693,#5694,
#5695,#5696,#5697,#5698,#5699,#5700,#5701,#5702,#5703,#5704,#5705,#5706,
#5707,#5708,#5709,#5710,#5711,#5712,#5713,#5714,#5715,#5716,#5717,#5718,
#5719,#5720,#5721,#5722,#5723,#5724,#5725,#5726,#5727,#5728,#5729,#5730,
#5731,#5732,#5733,#5734,#5735,#5736,#5737,#5738,#5739,#5740,#5741,#5742,
#5743,#5744,#5745,#5746,#5747,#5748,#5749,#5750,#5751,#5752,#5753,#5754,
#5755,#5756,#5757,#5758,#5759,#5760,#5761),.UNSPECIFIED.,.F.,.F.,(4,3,3,
3,3,3,3,3,3,3,3,3,3,3,3,3,3,3,3,3,3,3,3,3,4),(0.,0.0110135740168389,0.022335083786724,
0.0303848657466292,0.0338621817154014,0.0455766017808759,0.0567751365123478,
0.0643715588569474,0.0677257009071136,0.0801187269788989,0.0857993122295532,
0.0978058200890688,0.10146011922964,0.1039510691499,0.116387016983907,0.129135305376532,
0.13607311673146,0.138916531152455,0.152112867250808,0.159547494214526,
0.163307118339614,0.166400070909642,0.179855750317426,0.181851375105678,
0.190345339459204),.UNSPECIFIED.);
#626=B_SPLINE_CURVE_WITH_KNOTS('',3,(#5762,#5763,#5764,#5765,#5766,#5767,
#5768,#5769,#5770,#5771,#5772,#5773,#5774,#5775,#5776,#5777,#5778,#5779,
#5780,#5781,#5782,#5783,#5784,#5785,#5786,#5787,#5788,#5789,#5790,#5791,
#5792,#5793,#5794,#5795,#5796,#5797,#5798,#5799,#5800,#5801,#5802,#5803,
#5804,#5805,#5806,#5807,#5808,#5809,#5810,#5811,#5812,#5813,#5814,#5815,
#5816,#5817,#5818,#5819,#5820,#5821,#5822,#5823,#5824,#5825,#5826,#5827,
#5828,#5829,#5830,#5831,#5832,#5833,#5834,#5835,#5836,#5837),
 .UNSPECIFIED.,.F.,.F.,(4,3,3,3,3,3,3,3,3,3,3,3,3,3,3,3,3,3,3,3,3,3,3,3,
3,4),(0.,0.0133260246905447,0.0267824104699395,0.035622229336221,0.0389325054580587,
0.041183548633323,0.0542110823791033,0.0669079891301555,0.0745562321976646,
0.0771813864114781,0.0797987086401854,0.0920629894504461,0.0975009614001918,
0.108381366973012,0.112178413425128,0.115276118904231,0.127452509178017,
0.139538492398532,0.145625773732931,0.148249043994783,0.159855108213108,
0.166685646618525,0.1697641046207,0.173000599177822,0.184544205982757,0.191341112058182),
 .UNSPECIFIED.);
#627=B_SPLINE_CURVE_WITH_KNOTS('',3,(#5873,#5874,#5875,#5876,#5877,#5878,
#5879,#5880,#5881,#5882,#5883),.UNSPECIFIED.,.F.,.F.,(4,1,1,1,1,1,1,1,4),
(15.7079632679489,15.7577156550876,16.7391991008984,17.7206825467092,18.7021659925201,
19.6836494383309,20.6651328841417,21.6466163299525,21.9911485751285),
 .UNSPECIFIED.);
#628=B_SPLINE_CURVE_WITH_KNOTS('',3,(#5884,#5885,#5886,#5887,#5888,#5889,
#5890,#5891,#5892,#5893),.UNSPECIFIED.,.F.,.F.,(4,1,1,1,1,1,1,4),(15.7079632679489,
16.3604601189114,17.3419435647222,18.323427010533,19.3049104563439,20.2863939021547,
21.2678773479655,21.9911485751285),.UNSPECIFIED.);
#629=B_SPLINE_CURVE_WITH_KNOTS('',3,(#6098,#6099,#6100,#6101,#6102,#6103,
#6104,#6105,#6106,#6107,#6108,#6109,#6110,#6111,#6112,#6113,#6114,#6115,
#6116,#6117,#6118,#6119,#6120,#6121,#6122,#6123,#6124,#6125,#6126,#6127,
#6128,#6129,#6130,#6131,#6132,#6133,#6134,#6135,#6136,#6137,#6138,#6139,
#6140,#6141,#6142,#6143,#6144,#6145,#6146,#6147,#6148,#6149,#6150,#6151,
#6152,#6153,#6154,#6155,#6156,#6157,#6158,#6159,#6160,#6161,#6162,#6163,
#6164,#6165,#6166,#6167,#6168,#6169,#6170,#6171,#6172,#6173),
 .UNSPECIFIED.,.F.,.F.,(4,3,3,3,3,3,3,3,3,3,3,3,3,3,3,3,3,3,3,3,3,3,3,3,
3,4),(0.,0.0133260240709553,0.026782409887692,0.0356222288267581,0.0389325050393455,
0.0411835480780171,0.0542110818861793,0.0669079889251288,0.0745562320439019,
0.0771813875796307,0.0797987088325674,0.0920629898946477,0.097500961400221,
0.108381366973046,0.112178413877271,0.115276119016476,0.127452509225448,
0.139538492548639,0.145625774093755,0.148249044032594,0.159855108536152,
0.166685646709017,0.169764104966508,0.173000599343089,0.18454420598282,
0.191341112058244),.UNSPECIFIED.);
#630=B_SPLINE_CURVE_WITH_KNOTS('',3,(#6174,#6175,#6176,#6177,#6178,#6179,
#6180,#6181,#6182,#6183,#6184,#6185,#6186,#6187,#6188,#6189,#6190,#6191,
#6192,#6193,#6194,#6195,#6196,#6197,#6198),.UNSPECIFIED.,.F.,.F.,(4,3,3,
3,3,3,3,3,4),(-10.1593667032843,-9.81483445810826,-8.83335101229743,-7.85186756648661,
-6.87038412067578,-5.88890067486496,-4.90741722905413,-3.9259337832433,
-3.87618139610466),.UNSPECIFIED.);
#631=B_SPLINE_CURVE_WITH_KNOTS('',3,(#6403,#6404,#6405,#6406,#6407,#6408,
#6409,#6410,#6411,#6412,#6413,#6414,#6415,#6416,#6417,#6418,#6419,#6420,
#6421,#6422,#6423,#6424,#6425,#6426,#6427,#6428,#6429,#6430,#6431,#6432,
#6433,#6434,#6435,#6436,#6437,#6438,#6439,#6440,#6441,#6442,#6443,#6444,
#6445,#6446,#6447,#6448,#6449,#6450,#6451,#6452,#6453,#6454,#6455,#6456,
#6457,#6458,#6459,#6460,#6461,#6462,#6463,#6464,#6465,#6466,#6467,#6468,
#6469,#6470,#6471,#6472,#6473,#6474,#6475),.UNSPECIFIED.,.F.,.F.,(4,3,3,
3,3,3,3,3,3,3,3,3,3,3,3,3,3,3,3,3,3,3,3,3,4),(0.,0.0110135751295326,0.0223350857632379,
0.0303848691846448,0.0338621810443266,0.0455766019800067,0.0567751376081686,
0.0643715604713987,0.0677257008160718,0.0801187268932,0.0857993122295323,
0.0978058200890385,0.101460118809052,0.103951069008914,0.116387016140637,
0.129135304217779,0.136073114959199,0.138916528786197,0.152112864744639,
0.159547492334874,0.163307112397955,0.166400064876769,0.179855744346688,
0.181851375105582,0.190345339459105),.UNSPECIFIED.);
#632=B_SPLINE_CURVE_WITH_KNOTS('',3,(#6476,#6477,#6478,#6479,#6480,#6481,
#6482,#6483,#6484,#6485,#6486,#6487,#6488,#6489,#6490,#6491,#6492,#6493,
#6494,#6495,#6496,#6497,#6498,#6499,#6500),.UNSPECIFIED.,.F.,.F.,(4,3,3,
3,3,3,3,3,4),(7.5936553478388,7.85186756648661,8.83335101229744,9.81483445810827,
10.7963179039191,11.7778013497299,12.7592847955407,13.7407682413516,13.8768406550184),
 .UNSPECIFIED.);
#633=B_SPLINE_CURVE_WITH_KNOTS('',3,(#6521,#6522,#6523,#6524,#6525,#6526,
#6527,#6528,#6529,#6530),.UNSPECIFIED.,.F.,.F.,(4,3,3,4),(-1.53480996235068,
-1.51443135887936,-1.48721067930336,-1.48162208747038),.UNSPECIFIED.);
#634=B_SPLINE_CURVE_WITH_KNOTS('',3,(#6533,#6534,#6535,#6536,#6537,#6538,
#6539,#6540,#6541,#6542),.UNSPECIFIED.,.F.,.F.,(4,2,2,2,4),(0.547903946480272,
0.686846522922547,0.825789099364823,0.965856953870015,1.05587809225041),
 .UNSPECIFIED.);
#635=B_SPLINE_CURVE_WITH_KNOTS('',3,(#6545,#6546,#6547,#6548,#6549,#6550,
#6551,#6552,#6553,#6554,#6555,#6556),.UNSPECIFIED.,.F.,.F.,(4,2,2,2,2,4),
(1.16586030356193,1.18682999134696,1.25840591137998,1.40155775144603,1.54559265507446,
1.68962755870289),.UNSPECIFIED.);
#636=B_SPLINE_CURVE_WITH_KNOTS('',3,(#6560,#6561,#6562,#6563,#6564,#6565,
#6566,#6567,#6568,#6569),.UNSPECIFIED.,.F.,.F.,(4,3,3,4),(-0.806000367362708,
-0.801288753846278,-0.76240034015566,-0.750127343920659),.UNSPECIFIED.);
#637=B_SPLINE_CURVE_WITH_KNOTS('',3,(#6587,#6588,#6589,#6590),
 .UNSPECIFIED.,.F.,.F.,(4,4),(0.,1.),.UNSPECIFIED.);
#638=B_SPLINE_CURVE_WITH_KNOTS('',3,(#6600,#6601,#6602,#6603),
 .UNSPECIFIED.,.F.,.F.,(4,4),(1.09641016151378,1.1),.UNSPECIFIED.);
#639=B_SPLINE_CURVE_WITH_KNOTS('',3,(#6605,#6606,#6607,#6608),
 .UNSPECIFIED.,.F.,.F.,(4,4),(0.,0.131643915535959),.UNSPECIFIED.);
#640=B_SPLINE_CURVE_WITH_KNOTS('',3,(#6620,#6621,#6622,#6623,#6624,#6625,
#6626,#6627,#6628,#6629,#6630,#6631,#6632),.UNSPECIFIED.,.F.,.F.,(4,3,3,
3,4),(-0.788988152752533,-0.75,-0.5,-0.25,0.),.UNSPECIFIED.);
#641=B_SPLINE_CURVE_WITH_KNOTS('',3,(#6642,#6643,#6644,#6645),
 .UNSPECIFIED.,.F.,.F.,(4,4),(7.63270957354816,8.89444720859244),
 .UNSPECIFIED.);
#642=B_SPLINE_CURVE_WITH_KNOTS('',3,(#6653,#6654,#6655,#6656),
 .UNSPECIFIED.,.F.,.F.,(4,4),(0.,6.83270957354816),.UNSPECIFIED.);
#643=B_SPLINE_CURVE_WITH_KNOTS('',3,(#6659,#6660,#6661,#6662),
 .UNSPECIFIED.,.F.,.F.,(4,4),(-2.13270957354815,-1.33270957354815),
 .UNSPECIFIED.);
#644=B_SPLINE_CURVE_WITH_KNOTS('',3,(#6668,#6669,#6670,#6671,#6672,#6673,
#6674,#6675),.UNSPECIFIED.,.F.,.F.,(4,2,2,4),(0.0743185372105711,1.19499479418705,
2.03867616532402,3.84846225330522),.UNSPECIFIED.);
#645=B_SPLINE_CURVE_WITH_KNOTS('',3,(#6676,#6677,#6678,#6679,#6680,#6681,
#6682,#6683,#6684,#6685,#6686,#6687,#6688),.UNSPECIFIED.,.F.,.F.,(4,3,3,
3,4),(-0.278394230575969,-0.21732600996537,-0.156257789354771,-0.0781288946773855,
-0.0587987440438292),.UNSPECIFIED.);
#646=B_SPLINE_CURVE_WITH_KNOTS('',3,(#6707,#6708,#6709,#6710,#6711,#6712,
#6713,#6714,#6715,#6716,#6717,#6718,#6719,#6720,#6721,#6722,#6723,#6724,
#6725),.UNSPECIFIED.,.F.,.F.,(4,3,3,3,3,3,4),(-0.213448575838298,-0.169227796958019,
-0.126920847718514,-0.0864922052566376,-0.0472908715794623,-0.00976189105919026,
0.),.UNSPECIFIED.);
#647=B_SPLINE_CURVE_WITH_KNOTS('',3,(#6728,#6729,#6730,#6731),
 .UNSPECIFIED.,.F.,.F.,(4,4),(0.0673312575932584,0.07264066223313),
 .UNSPECIFIED.);
#648=B_SPLINE_CURVE_WITH_KNOTS('',3,(#6734,#6735,#6736,#6737,#6738,#6739,
#6740,#6741,#6742,#6743,#6744,#6745,#6746,#6747,#6748,#6749,#6750,#6751,
#6752,#6753,#6754,#6755,#6756,#6757,#6758,#6759,#6760,#6761,#6762,#6763,
#6764,#6765,#6766,#6767,#6768,#6769,#6770,#6771,#6772,#6773,#6774,#6775,
#6776,#6777,#6778,#6779,#6780,#6781,#6782,#6783,#6784,#6785,#6786,#6787,
#6788,#6789,#6790,#6791,#6792,#6793,#6794,#6795,#6796,#6797,#6798,#6799,
#6800,#6801,#6802,#6803,#6804,#6805,#6806,#6807,#6808,#6809,#6810,#6811,
#6812,#6813,#6814,#6815,#6816,#6817,#6818,#6819,#6820,#6821,#6822,#6823,
#6824,#6825,#6826,#6827,#6828,#6829,#6830,#6831,#6832,#6833,#6834,#6835,
#6836,#6837,#6838,#6839,#6840,#6841,#6842,#6843,#6844,#6845,#6846,#6847,
#6848,#6849,#6850,#6851,#6852,#6853,#6854,#6855,#6856,#6857,#6858,#6859,
#6860,#6861,#6862,#6863,#6864,#6865,#6866,#6867,#6868,#6869,#6870,#6871,
#6872,#6873,#6874,#6875,#6876,#6877,#6878,#6879,#6880,#6881,#6882,#6883,
#6884,#6885,#6886,#6887,#6888,#6889,#6890,#6891,#6892,#6893,#6894,#6895,
#6896,#6897,#6898,#6899,#6900,#6901,#6902,#6903,#6904,#6905,#6906,#6907,
#6908,#6909,#6910,#6911,#6912,#6913,#6914,#6915,#6916,#6917,#6918,#6919,
#6920,#6921,#6922,#6923,#6924,#6925,#6926,#6927,#6928,#6929,#6930,#6931,
#6932,#6933,#6934,#6935,#6936,#6937,#6938,#6939,#6940,#6941,#6942,#6943,
#6944,#6945,#6946,#6947,#6948,#6949,#6950,#6951,#6952,#6953,#6954,#6955,
#6956,#6957,#6958,#6959,#6960,#6961,#6962),.UNSPECIFIED.,.F.,.F.,(4,3,3,
3,3,3,3,3,3,3,3,3,3,3,3,3,3,3,3,3,3,3,3,3,3,3,3,3,3,3,3,3,3,3,3,3,3,3,3,
3,3,3,3,3,3,3,3,3,3,3,3,3,3,3,3,3,3,3,3,3,3,3,3,3,3,3,3,3,3,3,3,3,3,3,3,
3,4),(-3.34721334207355,-3.33091057300149,-3.31416152919257,-3.2969515071213,
-3.27926523557785,-3.26108685044266,-3.24239986817615,-3.22318715794805,
-3.20343091232492,-3.18311261642434,-3.16221301544052,-3.14071208043365,
-3.11858897227049,-3.09480569029817,-3.07100148632924,-3.04649668164834,
-3.02126643671447,-2.99528487391808,-2.96852502633508,-2.94095878325978,
-2.91255683219694,-2.88328859693476,-2.85312217124603,-2.82202424767064,
-2.78996004070618,-2.75689320357306,-2.72278573750684,-2.68759789224518,
-2.65128805599365,-2.61381263264271,-2.57413319900475,-2.53352517890641,
-2.49159033192449,-2.4482748995323,-2.40352210979447,-2.35727184233929,
-2.30946021097896,-2.26001903422982,-2.2088751514747,-2.15594952427772,
-2.10115603568047,-2.04439986130162,-1.9828351431301,-1.9205979643331,-1.8559866549081,
-1.78882797366065,-1.71891263216874,-1.64598553990054,-1.56974154910341,
-1.4898530880025,-1.40612319936227,-1.31805578082607,-1.23043247374452,
-1.14635692683536,-1.06710308355401,-0.992611944562828,-0.922445245549709,
-0.85615270968335,-0.793351378019924,-0.733726665138367,-0.677018650940215,
-0.623008806725037,-0.571509795102222,-0.522358096882299,-0.475408755162223,
-0.430531612849753,-0.38600627122018,-0.345912289848063,-0.307394298807879,
-0.270376338081194,-0.234787310615822,-0.200560494992766,-0.16833605237136,
-0.137138545672758,-0.105733712742963,-0.076856274586037,-0.0743288798131676),
 .UNSPECIFIED.);
#649=B_SPLINE_CURVE_WITH_KNOTS('',3,(#6968,#6969,#6970,#6971),
 .UNSPECIFIED.,.F.,.F.,(4,4),(-0.0261878175621317,0.),.UNSPECIFIED.);
#650=B_SPLINE_CURVE_WITH_KNOTS('',3,(#6995,#6996,#6997,#6998),
 .UNSPECIFIED.,.F.,.F.,(4,4),(-0.147223604296216,0.),.UNSPECIFIED.);
#651=B_SPLINE_CURVE_WITH_KNOTS('',3,(#6999,#7000,#7001,#7002,#7003),
 .UNSPECIFIED.,.F.,.F.,(4,1,4),(0.0940784663666285,0.611747914157126,0.789104722321905),
 .UNSPECIFIED.);
#652=B_SPLINE_CURVE_WITH_KNOTS('',3,(#7005,#7006,#7007,#7008),
 .UNSPECIFIED.,.F.,.F.,(4,4),(0.219685737198332,0.278394230575969),
 .UNSPECIFIED.);
#653=B_SPLINE_CURVE_WITH_KNOTS('',3,(#7010,#7011,#7012,#7013),
 .UNSPECIFIED.,.F.,.F.,(4,4),(6.83270957354816,7.63270957354815),
 .UNSPECIFIED.);
#654=B_SPLINE_CURVE_WITH_KNOTS('',3,(#7014,#7015,#7016,#7017),
 .UNSPECIFIED.,.F.,.F.,(4,4),(0.,0.0587987440438583),.UNSPECIFIED.);
#655=B_SPLINE_CURVE_WITH_KNOTS('',3,(#7019,#7020,#7021,#7022,#7023,#7024,
#7025),.UNSPECIFIED.,.F.,.F.,(4,3,4),(0.0587987440438292,0.108133160887347,
0.25222527296551),.UNSPECIFIED.);
#656=B_SPLINE_CURVE_WITH_KNOTS('',3,(#7027,#7028,#7029,#7030),
 .UNSPECIFIED.,.F.,.F.,(4,4),(-0.197223604296223,-0.0500000000000043),
 .UNSPECIFIED.);
#657=B_SPLINE_CURVE_WITH_KNOTS('',3,(#7031,#7032,#7033,#7034,#7035,#7036),
 .UNSPECIFIED.,.F.,.F.,(4,2,4),(1.03666832515546,4.89194596472584,9.63666832515547),
 .UNSPECIFIED.);
#658=B_SPLINE_CURVE_WITH_KNOTS('',3,(#7051,#7052,#7053,#7054),
 .UNSPECIFIED.,.F.,.F.,(4,4),(-0.502776395703781,-0.0499999999999982),
 .UNSPECIFIED.);
#659=B_SPLINE_CURVE_WITH_KNOTS('',3,(#7058,#7059,#7060,#7061,#7062,#7063,
#7064,#7065,#7066,#7067),.UNSPECIFIED.,.F.,.F.,(4,3,3,4),(-15.4020576694251,
-11.299545719626,-7.70680664411948,0.),.UNSPECIFIED.);
#660=B_SPLINE_CURVE_WITH_KNOTS('',3,(#7068,#7069,#7070,#7071),
 .UNSPECIFIED.,.F.,.F.,(4,4),(-0.28470561385786,-0.0701290786430643),
 .UNSPECIFIED.);
#661=B_SPLINE_CURVE_WITH_KNOTS('',3,(#7074,#7075,#7076,#7077),
 .UNSPECIFIED.,.F.,.F.,(4,4),(-0.0789189691411013,-0.0527311515789689),
 .UNSPECIFIED.);
#662=B_SPLINE_CURVE_WITH_KNOTS('',3,(#7102,#7103,#7104,#7105),
 .UNSPECIFIED.,.F.,.F.,(4,4),(1.67503413943591,1.67862397792212),
 .UNSPECIFIED.);
#663=B_SPLINE_CURVE_WITH_KNOTS('',3,(#7107,#7108,#7109,#7110,#7111,#7112),
 .UNSPECIFIED.,.F.,.F.,(4,2,4),(-0.0053096855450342,-0.00265014623873365,
0.),.UNSPECIFIED.);
#664=B_SPLINE_CURVE_WITH_KNOTS('',3,(#7134,#7135,#7136,#7137),
 .UNSPECIFIED.,.F.,.F.,(4,4),(-0.452776395703782,0.),.UNSPECIFIED.);
#665=B_SPLINE_CURVE_WITH_KNOTS('',3,(#7163,#7164,#7165,#7166),
 .UNSPECIFIED.,.F.,.F.,(4,4),(-1.,0.),.UNSPECIFIED.);
#666=B_SPLINE_CURVE_WITH_KNOTS('',3,(#7167,#7168,#7169,#7170),
 .UNSPECIFIED.,.F.,.F.,(4,4),(-0.8,0.),.UNSPECIFIED.);
#667=B_SPLINE_CURVE_WITH_KNOTS('',3,(#7223,#7224,#7225,#7226),
 .UNSPECIFIED.,.F.,.F.,(4,4),(1.79690832842083,1.79927991764585),
 .UNSPECIFIED.);
#668=B_SPLINE_CURVE_WITH_KNOTS('',3,(#7228,#7229,#7230,#7231),
 .UNSPECIFIED.,.F.,.F.,(4,4),(0.,1.5),.UNSPECIFIED.);
#669=B_SPLINE_CURVE_WITH_KNOTS('',3,(#7232,#7233,#7234,#7235),
 .UNSPECIFIED.,.F.,.F.,(4,4),(0.,0.00869350518996322),.UNSPECIFIED.);
#670=B_SPLINE_CURVE_WITH_KNOTS('',3,(#7243,#7244,#7245,#7246),
 .UNSPECIFIED.,.F.,.F.,(4,4),(0.,0.00685878685343611),.UNSPECIFIED.);
#671=B_SPLINE_CURVE_WITH_KNOTS('',3,(#7248,#7249,#7250,#7251),
 .UNSPECIFIED.,.F.,.F.,(4,4),(0.42976239231731,1.08790604510843),
 .UNSPECIFIED.);
#672=B_SPLINE_CURVE_WITH_KNOTS('',3,(#7252,#7253,#7254,#7255),
 .UNSPECIFIED.,.F.,.F.,(4,4),(0.,0.00560443114084458),.UNSPECIFIED.);
#673=B_SPLINE_CURVE_WITH_KNOTS('',3,(#7263,#7264,#7265,#7266),
 .UNSPECIFIED.,.F.,.F.,(4,4),(1.27291936317386,1.67503413943591),
 .UNSPECIFIED.);
#674=B_SPLINE_CURVE_WITH_KNOTS('',3,(#7268,#7269,#7270,#7271),
 .UNSPECIFIED.,.F.,.F.,(4,4),(0.,0.00685882575431288),.UNSPECIFIED.);
#675=B_SPLINE_CURVE_WITH_KNOTS('',3,(#7307,#7308,#7309,#7310,#7311,#7312),
 .UNSPECIFIED.,.F.,.F.,(4,2,4),(0.800537879912978,1.17513105803502,1.35421920599114),
 .UNSPECIFIED.);
#676=B_SPLINE_CURVE_WITH_KNOTS('',3,(#7397,#7398,#7399,#7400,#7401,#7402,
#7403,#7404,#7405,#7406,#7407,#7408,#7409,#7410),.UNSPECIFIED.,.F.,.F.,
(4,2,2,2,2,2,4),(0.463621940807372,0.579317099792025,0.695012258776679,
0.807805207122827,0.920598155468976,1.03339110381512,1.07650830198373),
 .UNSPECIFIED.);
#677=B_SPLINE_CURVE_WITH_KNOTS('',3,(#7580,#7581,#7582,#7583,#7584,#7585,
#7586,#7587,#7588,#7589,#7590,#7591,#7592,#7593),.UNSPECIFIED.,.F.,.F.,
(4,2,2,2,2,2,4),(0.764688008954222,0.807805207122828,0.920598155468976,
1.03339110381512,1.14618405216127,1.26187921114593,1.37757437013058),
 .UNSPECIFIED.);
#678=B_SPLINE_CURVE_WITH_KNOTS('',3,(#7598,#7599,#7600,#7601,#7602,#7603),
 .UNSPECIFIED.,.F.,.F.,(4,2,4),(4.22253955475861,4.40162770271472,4.77622088083676),
 .UNSPECIFIED.);
#679=LINE('',#3859,#864);
#680=LINE('',#3886,#865);
#681=LINE('',#3940,#866);
#682=LINE('',#3988,#867);
#683=LINE('',#4039,#868);
#684=LINE('',#4090,#869);
#685=LINE('',#4138,#870);
#686=LINE('',#4177,#871);
#687=LINE('',#4204,#872);
#688=LINE('',#4258,#873);
#689=LINE('',#4306,#874);
#690=LINE('',#4357,#875);
#691=LINE('',#4408,#876);
#692=LINE('',#4456,#877);
#693=LINE('',#4495,#878);
#694=LINE('',#4521,#879);
#695=LINE('',#4546,#880);
#696=LINE('',#4571,#881);
#697=LINE('',#4595,#882);
#698=LINE('',#4620,#883);
#699=LINE('',#4645,#884);
#700=LINE('',#4662,#885);
#701=LINE('',#4688,#886);
#702=LINE('',#4713,#887);
#703=LINE('',#4738,#888);
#704=LINE('',#4762,#889);
#705=LINE('',#4787,#890);
#706=LINE('',#4812,#891);
#707=LINE('',#5607,#892);
#708=LINE('',#5609,#893);
#709=LINE('',#5611,#894);
#710=LINE('',#5613,#895);
#711=LINE('',#5615,#896);
#712=LINE('',#5617,#897);
#713=LINE('',#5625,#898);
#714=LINE('',#5627,#899);
#715=LINE('',#5629,#900);
#716=LINE('',#5631,#901);
#717=LINE('',#5633,#902);
#718=LINE('',#5635,#903);
#719=LINE('',#5639,#904);
#720=LINE('',#5643,#905);
#721=LINE('',#5645,#906);
#722=LINE('',#5647,#907);
#723=LINE('',#5649,#908);
#724=LINE('',#5651,#909);
#725=LINE('',#5653,#910);
#726=LINE('',#5657,#911);
#727=LINE('',#5661,#912);
#728=LINE('',#5663,#913);
#729=LINE('',#5665,#914);
#730=LINE('',#5667,#915);
#731=LINE('',#5669,#916);
#732=LINE('',#5671,#917);
#733=LINE('',#5673,#918);
#734=LINE('',#5677,#919);
#735=LINE('',#5681,#920);
#736=LINE('',#5683,#921);
#737=LINE('',#5685,#922);
#738=LINE('',#5687,#923);
#739=LINE('',#5688,#924);
#740=LINE('',#5842,#925);
#741=LINE('',#5846,#926);
#742=LINE('',#5850,#927);
#743=LINE('',#5854,#928);
#744=LINE('',#5858,#929);
#745=LINE('',#5860,#930);
#746=LINE('',#5862,#931);
#747=LINE('',#5863,#932);
#748=LINE('',#5866,#933);
#749=LINE('',#5868,#934);
#750=LINE('',#5870,#935);
#751=LINE('',#5871,#936);
#752=LINE('',#6507,#937);
#753=LINE('',#6512,#938);
#754=LINE('',#6516,#939);
#755=LINE('',#6519,#940);
#756=LINE('',#6532,#941);
#757=LINE('',#6558,#942);
#758=LINE('',#6570,#943);
#759=LINE('',#6575,#944);
#760=LINE('',#6592,#945);
#761=LINE('',#6597,#946);
#762=LINE('',#6610,#947);
#763=LINE('',#6613,#948);
#764=LINE('',#6618,#949);
#765=LINE('',#6638,#950);
#766=LINE('',#6640,#951);
#767=LINE('',#6647,#952);
#768=LINE('',#6649,#953);
#769=LINE('',#6651,#954);
#770=LINE('',#6657,#955);
#771=LINE('',#6664,#956);
#772=LINE('',#6665,#957);
#773=LINE('',#6691,#958);
#774=LINE('',#6693,#959);
#775=LINE('',#6694,#960);
#776=LINE('',#6727,#961);
#777=LINE('',#6733,#962);
#778=LINE('',#6964,#963);
#779=LINE('',#6965,#964);
#780=LINE('',#6972,#965);
#781=LINE('',#7073,#966);
#782=LINE('',#7100,#967);
#783=LINE('',#7113,#968);
#784=LINE('',#7140,#969);
#785=LINE('',#7142,#970);
#786=LINE('',#7143,#971);
#787=LINE('',#7145,#972);
#788=LINE('',#7173,#973);
#789=LINE('',#7179,#974);
#790=LINE('',#7193,#975);
#791=LINE('',#7197,#976);
#792=LINE('',#7201,#977);
#793=LINE('',#7203,#978);
#794=LINE('',#7205,#979);
#795=LINE('',#7206,#980);
#796=LINE('',#7210,#981);
#797=LINE('',#7212,#982);
#798=LINE('',#7214,#983);
#799=LINE('',#7215,#984);
#800=LINE('',#7272,#985);
#801=LINE('',#7275,#986);
#802=LINE('',#7276,#987);
#803=LINE('',#7286,#988);
#804=LINE('',#7302,#989);
#805=LINE('',#7305,#990);
#806=LINE('',#7329,#991);
#807=LINE('',#7334,#992);
#808=LINE('',#7340,#993);
#809=LINE('',#7346,#994);
#810=LINE('',#7352,#995);
#811=LINE('',#7356,#996);
#812=LINE('',#7360,#997);
#813=LINE('',#7366,#998);
#814=LINE('',#7372,#999);
#815=LINE('',#7383,#1000);
#816=LINE('',#7392,#1001);
#817=LINE('',#7413,#1002);
#818=LINE('',#7419,#1003);
#819=LINE('',#7424,#1004);
#820=LINE('',#7427,#1005);
#821=LINE('',#7430,#1006);
#822=LINE('',#7431,#1007);
#823=LINE('',#7434,#1008);
#824=LINE('',#7437,#1009);
#825=LINE('',#7440,#1010);
#826=LINE('',#7442,#1011);
#827=LINE('',#7452,#1012);
#828=LINE('',#7457,#1013);
#829=LINE('',#7459,#1014);
#830=LINE('',#7460,#1015);
#831=LINE('',#7464,#1016);
#832=LINE('',#7467,#1017);
#833=LINE('',#7468,#1018);
#834=LINE('',#7473,#1019);
#835=LINE('',#7474,#1020);
#836=LINE('',#7479,#1021);
#837=LINE('',#7481,#1022);
#838=LINE('',#7482,#1023);
#839=LINE('',#7486,#1024);
#840=LINE('',#7489,#1025);
#841=LINE('',#7490,#1026);
#842=LINE('',#7495,#1027);
#843=LINE('',#7501,#1028);
#844=LINE('',#7507,#1029);
#845=LINE('',#7513,#1030);
#846=LINE('',#7519,#1031);
#847=LINE('',#7526,#1032);
#848=LINE('',#7532,#1033);
#849=LINE('',#7535,#1034);
#850=LINE('',#7540,#1035);
#851=LINE('',#7543,#1036);
#852=LINE('',#7545,#1037);
#853=LINE('',#7552,#1038);
#854=LINE('',#7558,#1039);
#855=LINE('',#7561,#1040);
#856=LINE('',#7566,#1041);
#857=LINE('',#7569,#1042);
#858=LINE('',#7571,#1043);
#859=LINE('',#7577,#1044);
#860=LINE('',#7596,#1045);
#861=LINE('',#7607,#1046);
#862=LINE('',#7610,#1047);
#863=LINE('',#7612,#1048);
#864=VECTOR('',#3144,0.999999999999996);
#865=VECTOR('',#3149,0.999999999999996);
#866=VECTOR('',#3152,0.999999999999996);
#867=VECTOR('',#3155,0.999999999999996);
#868=VECTOR('',#3158,0.999999999999996);
#869=VECTOR('',#3161,0.999999999999996);
#870=VECTOR('',#3164,0.999999999999996);
#871=VECTOR('',#3169,0.999999999999996);
#872=VECTOR('',#3174,0.999999999999996);
#873=VECTOR('',#3177,0.999999999999996);
#874=VECTOR('',#3180,0.999999999999996);
#875=VECTOR('',#3183,0.999999999999996);
#876=VECTOR('',#3186,0.999999999999996);
#877=VECTOR('',#3189,0.999999999999996);
#878=VECTOR('',#3194,1.037);
#879=VECTOR('',#3199,1.037);
#880=VECTOR('',#3202,1.037);
#881=VECTOR('',#3205,1.037);
#882=VECTOR('',#3208,1.037);
#883=VECTOR('',#3211,1.037);
#884=VECTOR('',#3214,1.037);
#885=VECTOR('',#3219,1.03700000000002);
#886=VECTOR('',#3224,1.03700000000002);
#887=VECTOR('',#3227,1.03700000000002);
#888=VECTOR('',#3230,1.03700000000002);
#889=VECTOR('',#3233,1.03700000000002);
#890=VECTOR('',#3236,1.03700000000002);
#891=VECTOR('',#3239,1.03700000000002);
#892=VECTOR('',#3246,10.);
#893=VECTOR('',#3247,10.);
#894=VECTOR('',#3248,10.);
#895=VECTOR('',#3249,10.);
#896=VECTOR('',#3250,10.);
#897=VECTOR('',#3251,10.);
#898=VECTOR('',#3258,10.);
#899=VECTOR('',#3259,10.);
#900=VECTOR('',#3260,10.);
#901=VECTOR('',#3261,10.);
#902=VECTOR('',#3262,10.);
#903=VECTOR('',#3263,10.);
#904=VECTOR('',#3266,10.);
#905=VECTOR('',#3269,10.);
#906=VECTOR('',#3270,10.);
#907=VECTOR('',#3271,10.);
#908=VECTOR('',#3272,10.);
#909=VECTOR('',#3273,10.);
#910=VECTOR('',#3274,10.);
#911=VECTOR('',#3277,10.);
#912=VECTOR('',#3280,10.);
#913=VECTOR('',#3281,10.);
#914=VECTOR('',#3282,10.);
#915=VECTOR('',#3283,10.);
#916=VECTOR('',#3284,10.);
#917=VECTOR('',#3285,10.);
#918=VECTOR('',#3286,10.);
#919=VECTOR('',#3289,10.);
#920=VECTOR('',#3292,10.);
#921=VECTOR('',#3293,10.);
#922=VECTOR('',#3294,10.);
#923=VECTOR('',#3295,10.);
#924=VECTOR('',#3296,10.);
#925=VECTOR('',#3299,10.);
#926=VECTOR('',#3302,10.);
#927=VECTOR('',#3305,10.);
#928=VECTOR('',#3308,10.);
#929=VECTOR('',#3311,10.);
#930=VECTOR('',#3312,10.);
#931=VECTOR('',#3313,10.);
#932=VECTOR('',#3314,10.);
#933=VECTOR('',#3315,10.);
#934=VECTOR('',#3316,10.);
#935=VECTOR('',#3317,10.);
#936=VECTOR('',#3318,10.);
#937=VECTOR('',#3327,10.);
#938=VECTOR('',#3332,10.);
#939=VECTOR('',#3337,10.);
#940=VECTOR('',#3340,10.);
#941=VECTOR('',#3341,10.);
#942=VECTOR('',#3344,10.);
#943=VECTOR('',#3345,10.);
#944=VECTOR('',#3350,10.);
#945=VECTOR('',#3363,10.);
#946=VECTOR('',#3370,10.);
#947=VECTOR('',#3373,10.);
#948=VECTOR('',#3376,10.);
#949=VECTOR('',#3381,10.);
#950=VECTOR('',#3384,10.);
#951=VECTOR('',#3385,10.);
#952=VECTOR('',#3386,10.);
#953=VECTOR('',#3387,10.);
#954=VECTOR('',#3388,10.);
#955=VECTOR('',#3389,10.);
#956=VECTOR('',#3390,10.);
#957=VECTOR('',#3391,10.);
#958=VECTOR('',#3396,10.);
#959=VECTOR('',#3397,10.);
#960=VECTOR('',#3398,10.);
#961=VECTOR('',#3399,10.);
#962=VECTOR('',#3400,10.);
#963=VECTOR('',#3403,10.);
#964=VECTOR('',#3404,10.);
#965=VECTOR('',#3407,10.);
#966=VECTOR('',#3410,10.);
#967=VECTOR('',#3411,10.);
#968=VECTOR('',#3412,10.);
#969=VECTOR('',#3415,10.);
#970=VECTOR('',#3416,10.);
#971=VECTOR('',#3417,10.);
#972=VECTOR('',#3420,10.);
#973=VECTOR('',#3423,1.4);
#974=VECTOR('',#3430,1.4);
#975=VECTOR('',#3449,10.);
#976=VECTOR('',#3454,10.);
#977=VECTOR('',#3457,10.);
#978=VECTOR('',#3458,10.);
#979=VECTOR('',#3459,10.);
#980=VECTOR('',#3460,10.);
#981=VECTOR('',#3463,10.);
#982=VECTOR('',#3464,10.);
#983=VECTOR('',#3465,10.);
#984=VECTOR('',#3466,10.);
#985=VECTOR('',#3467,10.);
#986=VECTOR('',#3470,10.);
#987=VECTOR('',#3471,10.);
#988=VECTOR('',#3484,10.);
#989=VECTOR('',#3507,10.);
#990=VECTOR('',#3510,10.);
#991=VECTOR('',#3537,10.);
#992=VECTOR('',#3542,1.25);
#993=VECTOR('',#3549,1.25);
#994=VECTOR('',#3556,1.25);
#995=VECTOR('',#3563,1.25);
#996=VECTOR('',#3568,1.5);
#997=VECTOR('',#3573,1.5);
#998=VECTOR('',#3580,1.5);
#999=VECTOR('',#3587,1.5);
#1000=VECTOR('',#3604,12.8350257807109);
#1001=VECTOR('',#3617,11.6264891221038);
#1002=VECTOR('',#3628,12.5002393812231);
#1003=VECTOR('',#3635,3.94558812834061);
#1004=VECTOR('',#3642,10.);
#1005=VECTOR('',#3645,10.);
#1006=VECTOR('',#3648,10.);
#1007=VECTOR('',#3649,10.);
#1008=VECTOR('',#3652,10.);
#1009=VECTOR('',#3655,10.);
#1010=VECTOR('',#3658,10.);
#1011=VECTOR('',#3659,10.);
#1012=VECTOR('',#3670,10.);
#1013=VECTOR('',#3677,10.);
#1014=VECTOR('',#3678,10.);
#1015=VECTOR('',#3679,10.);
#1016=VECTOR('',#3684,10.);
#1017=VECTOR('',#3687,10.);
#1018=VECTOR('',#3688,10.);
#1019=VECTOR('',#3697,10.);
#1020=VECTOR('',#3698,10.);
#1021=VECTOR('',#3705,10.);
#1022=VECTOR('',#3706,10.);
#1023=VECTOR('',#3707,10.);
#1024=VECTOR('',#3712,10.);
#1025=VECTOR('',#3715,10.);
#1026=VECTOR('',#3716,10.);
#1027=VECTOR('',#3725,10.);
#1028=VECTOR('',#3732,10.);
#1029=VECTOR('',#3739,10.);
#1030=VECTOR('',#3746,10.);
#1031=VECTOR('',#3753,10.);
#1032=VECTOR('',#3762,10.);
#1033=VECTOR('',#3769,10.);
#1034=VECTOR('',#3774,10.);
#1035=VECTOR('',#3779,10.);
#1036=VECTOR('',#3784,10.);
#1037=VECTOR('',#3787,10.);
#1038=VECTOR('',#3796,10.);
#1039=VECTOR('',#3803,10.);
#1040=VECTOR('',#3808,10.);
#1041=VECTOR('',#3813,10.);
#1042=VECTOR('',#3818,10.);
#1043=VECTOR('',#3821,10.);
#1044=VECTOR('',#3830,10.);
#1045=VECTOR('',#3835,10.);
#1046=VECTOR('',#3844,3.93811967076138);
#1047=VECTOR('',#3849,10.);
#1048=VECTOR('',#3852,10.);
#1049=VERTEX_POINT('',#3857);
#1050=VERTEX_POINT('',#3858);
#1051=VERTEX_POINT('',#3860);
#1052=VERTEX_POINT('',#3868);
#1053=VERTEX_POINT('',#3884);
#1054=VERTEX_POINT('',#3885);
#1055=VERTEX_POINT('',#3938);
#1056=VERTEX_POINT('',#3939);
#1057=VERTEX_POINT('',#3986);
#1058=VERTEX_POINT('',#3987);
#1059=VERTEX_POINT('',#4037);
#1060=VERTEX_POINT('',#4038);
#1061=VERTEX_POINT('',#4088);
#1062=VERTEX_POINT('',#4089);
#1063=VERTEX_POINT('',#4136);
#1064=VERTEX_POINT('',#4137);
#1065=VERTEX_POINT('',#4139);
#1066=VERTEX_POINT('',#4153);
#1067=VERTEX_POINT('',#4175);
#1068=VERTEX_POINT('',#4176);
#1069=VERTEX_POINT('',#4178);
#1070=VERTEX_POINT('',#4186);
#1071=VERTEX_POINT('',#4202);
#1072=VERTEX_POINT('',#4203);
#1073=VERTEX_POINT('',#4256);
#1074=VERTEX_POINT('',#4257);
#1075=VERTEX_POINT('',#4304);
#1076=VERTEX_POINT('',#4305);
#1077=VERTEX_POINT('',#4355);
#1078=VERTEX_POINT('',#4356);
#1079=VERTEX_POINT('',#4406);
#1080=VERTEX_POINT('',#4407);
#1081=VERTEX_POINT('',#4454);
#1082=VERTEX_POINT('',#4455);
#1083=VERTEX_POINT('',#4457);
#1084=VERTEX_POINT('',#4471);
#1085=VERTEX_POINT('',#4493);
#1086=VERTEX_POINT('',#4494);
#1087=VERTEX_POINT('',#4496);
#1088=VERTEX_POINT('',#4506);
#1089=VERTEX_POINT('',#4519);
#1090=VERTEX_POINT('',#4520);
#1091=VERTEX_POINT('',#4544);
#1092=VERTEX_POINT('',#4545);
#1093=VERTEX_POINT('',#4569);
#1094=VERTEX_POINT('',#4570);
#1095=VERTEX_POINT('',#4593);
#1096=VERTEX_POINT('',#4594);
#1097=VERTEX_POINT('',#4618);
#1098=VERTEX_POINT('',#4619);
#1099=VERTEX_POINT('',#4643);
#1100=VERTEX_POINT('',#4644);
#1101=VERTEX_POINT('',#4646);
#1102=VERTEX_POINT('',#4652);
#1103=VERTEX_POINT('',#4660);
#1104=VERTEX_POINT('',#4661);
#1105=VERTEX_POINT('',#4663);
#1106=VERTEX_POINT('',#4673);
#1107=VERTEX_POINT('',#4686);
#1108=VERTEX_POINT('',#4687);
#1109=VERTEX_POINT('',#4711);
#1110=VERTEX_POINT('',#4712);
#1111=VERTEX_POINT('',#4736);
#1112=VERTEX_POINT('',#4737);
#1113=VERTEX_POINT('',#4760);
#1114=VERTEX_POINT('',#4761);
#1115=VERTEX_POINT('',#4785);
#1116=VERTEX_POINT('',#4786);
#1117=VERTEX_POINT('',#4810);
#1118=VERTEX_POINT('',#4811);
#1119=VERTEX_POINT('',#4813);
#1120=VERTEX_POINT('',#4819);
#1121=VERTEX_POINT('',#5605);
#1122=VERTEX_POINT('',#5606);
#1123=VERTEX_POINT('',#5608);
#1124=VERTEX_POINT('',#5610);
#1125=VERTEX_POINT('',#5612);
#1126=VERTEX_POINT('',#5614);
#1127=VERTEX_POINT('',#5616);
#1128=VERTEX_POINT('',#5618);
#1129=VERTEX_POINT('',#5620);
#1130=VERTEX_POINT('',#5622);
#1131=VERTEX_POINT('',#5624);
#1132=VERTEX_POINT('',#5626);
#1133=VERTEX_POINT('',#5628);
#1134=VERTEX_POINT('',#5630);
#1135=VERTEX_POINT('',#5632);
#1136=VERTEX_POINT('',#5634);
#1137=VERTEX_POINT('',#5636);
#1138=VERTEX_POINT('',#5638);
#1139=VERTEX_POINT('',#5641);
#1140=VERTEX_POINT('',#5642);
#1141=VERTEX_POINT('',#5644);
#1142=VERTEX_POINT('',#5646);
#1143=VERTEX_POINT('',#5648);
#1144=VERTEX_POINT('',#5650);
#1145=VERTEX_POINT('',#5652);
#1146=VERTEX_POINT('',#5654);
#1147=VERTEX_POINT('',#5656);
#1148=VERTEX_POINT('',#5658);
#1149=VERTEX_POINT('',#5660);
#1150=VERTEX_POINT('',#5662);
#1151=VERTEX_POINT('',#5664);
#1152=VERTEX_POINT('',#5666);
#1153=VERTEX_POINT('',#5668);
#1154=VERTEX_POINT('',#5670);
#1155=VERTEX_POINT('',#5672);
#1156=VERTEX_POINT('',#5674);
#1157=VERTEX_POINT('',#5676);
#1158=VERTEX_POINT('',#5678);
#1159=VERTEX_POINT('',#5680);
#1160=VERTEX_POINT('',#5682);
#1161=VERTEX_POINT('',#5684);
#1162=VERTEX_POINT('',#5686);
#1163=VERTEX_POINT('',#5838);
#1164=VERTEX_POINT('',#5840);
#1165=VERTEX_POINT('',#5841);
#1166=VERTEX_POINT('',#5843);
#1167=VERTEX_POINT('',#5845);
#1168=VERTEX_POINT('',#5848);
#1169=VERTEX_POINT('',#5849);
#1170=VERTEX_POINT('',#5851);
#1171=VERTEX_POINT('',#5853);
#1172=VERTEX_POINT('',#5856);
#1173=VERTEX_POINT('',#5857);
#1174=VERTEX_POINT('',#5859);
#1175=VERTEX_POINT('',#5861);
#1176=VERTEX_POINT('',#5864);
#1177=VERTEX_POINT('',#5865);
#1178=VERTEX_POINT('',#5867);
#1179=VERTEX_POINT('',#5869);
#1180=VERTEX_POINT('',#6502);
#1181=VERTEX_POINT('',#6504);
#1182=VERTEX_POINT('',#6506);
#1183=VERTEX_POINT('',#6509);
#1184=VERTEX_POINT('',#6511);
#1185=VERTEX_POINT('',#6514);
#1186=VERTEX_POINT('',#6518);
#1187=VERTEX_POINT('',#6520);
#1188=VERTEX_POINT('',#6531);
#1189=VERTEX_POINT('',#6544);
#1190=VERTEX_POINT('',#6557);
#1191=VERTEX_POINT('',#6559);
#1192=VERTEX_POINT('',#6572);
#1193=VERTEX_POINT('',#6574);
#1194=VERTEX_POINT('',#6578);
#1195=VERTEX_POINT('',#6580);
#1196=VERTEX_POINT('',#6582);
#1197=VERTEX_POINT('',#6584);
#1198=VERTEX_POINT('',#6586);
#1199=VERTEX_POINT('',#6591);
#1200=VERTEX_POINT('',#6595);
#1201=VERTEX_POINT('',#6599);
#1202=VERTEX_POINT('',#6604);
#1203=VERTEX_POINT('',#6609);
#1204=VERTEX_POINT('',#6611);
#1205=VERTEX_POINT('',#6614);
#1206=VERTEX_POINT('',#6617);
#1207=VERTEX_POINT('',#6619);
#1208=VERTEX_POINT('',#6637);
#1209=VERTEX_POINT('',#6639);
#1210=VERTEX_POINT('',#6641);
#1211=VERTEX_POINT('',#6646);
#1212=VERTEX_POINT('',#6648);
#1213=VERTEX_POINT('',#6650);
#1214=VERTEX_POINT('',#6652);
#1215=VERTEX_POINT('',#6658);
#1216=VERTEX_POINT('',#6663);
#1217=VERTEX_POINT('',#6667);
#1218=VERTEX_POINT('',#6690);
#1219=VERTEX_POINT('',#6692);
#1220=VERTEX_POINT('',#6705);
#1221=VERTEX_POINT('',#6706);
#1222=VERTEX_POINT('',#6726);
#1223=VERTEX_POINT('',#6732);
#1224=VERTEX_POINT('',#6967);
#1225=VERTEX_POINT('',#6993);
#1226=VERTEX_POINT('',#6994);
#1227=VERTEX_POINT('',#7004);
#1228=VERTEX_POINT('',#7009);
#1229=VERTEX_POINT('',#7018);
#1230=VERTEX_POINT('',#7026);
#1231=VERTEX_POINT('',#7056);
#1232=VERTEX_POINT('',#7057);
#1233=VERTEX_POINT('',#7072);
#1234=VERTEX_POINT('',#7101);
#1235=VERTEX_POINT('',#7106);
#1236=VERTEX_POINT('',#7139);
#1237=VERTEX_POINT('',#7141);
#1238=VERTEX_POINT('',#7162);
#1239=VERTEX_POINT('',#7172);
#1240=VERTEX_POINT('',#7176);
#1241=VERTEX_POINT('',#7178);
#1242=VERTEX_POINT('',#7182);
#1243=VERTEX_POINT('',#7184);
#1244=VERTEX_POINT('',#7187);
#1245=VERTEX_POINT('',#7191);
#1246=VERTEX_POINT('',#7195);
#1247=VERTEX_POINT('',#7199);
#1248=VERTEX_POINT('',#7200);
#1249=VERTEX_POINT('',#7202);
#1250=VERTEX_POINT('',#7204);
#1251=VERTEX_POINT('',#7208);
#1252=VERTEX_POINT('',#7209);
#1253=VERTEX_POINT('',#7211);
#1254=VERTEX_POINT('',#7213);
#1255=VERTEX_POINT('',#7222);
#1256=VERTEX_POINT('',#7227);
#1257=VERTEX_POINT('',#7242);
#1258=VERTEX_POINT('',#7247);
#1259=VERTEX_POINT('',#7262);
#1260=VERTEX_POINT('',#7267);
#1261=VERTEX_POINT('',#7274);
#1262=VERTEX_POINT('',#7278);
#1263=VERTEX_POINT('',#7283);
#1264=VERTEX_POINT('',#7285);
#1265=VERTEX_POINT('',#7290);
#1266=VERTEX_POINT('',#7293);
#1267=VERTEX_POINT('',#7296);
#1268=VERTEX_POINT('',#7300);
#1269=VERTEX_POINT('',#7304);
#1270=VERTEX_POINT('',#7306);
#1271=VERTEX_POINT('',#7317);
#1272=VERTEX_POINT('',#7322);
#1273=VERTEX_POINT('',#7325);
#1274=VERTEX_POINT('',#7331);
#1275=VERTEX_POINT('',#7333);
#1276=VERTEX_POINT('',#7337);
#1277=VERTEX_POINT('',#7339);
#1278=VERTEX_POINT('',#7343);
#1279=VERTEX_POINT('',#7345);
#1280=VERTEX_POINT('',#7349);
#1281=VERTEX_POINT('',#7351);
#1282=VERTEX_POINT('',#7355);
#1283=VERTEX_POINT('',#7359);
#1284=VERTEX_POINT('',#7363);
#1285=VERTEX_POINT('',#7365);
#1286=VERTEX_POINT('',#7369);
#1287=VERTEX_POINT('',#7371);
#1288=VERTEX_POINT('',#7379);
#1289=VERTEX_POINT('',#7382);
#1290=VERTEX_POINT('',#7386);
#1291=VERTEX_POINT('',#7391);
#1292=VERTEX_POINT('',#7412);
#1293=VERTEX_POINT('',#7416);
#1294=VERTEX_POINT('',#7418);
#1295=VERTEX_POINT('',#7423);
#1296=VERTEX_POINT('',#7425);
#1297=VERTEX_POINT('',#7429);
#1298=VERTEX_POINT('',#7433);
#1299=VERTEX_POINT('',#7435);
#1300=VERTEX_POINT('',#7439);
#1301=VERTEX_POINT('',#7441);
#1302=VERTEX_POINT('',#7443);
#1303=VERTEX_POINT('',#7446);
#1304=VERTEX_POINT('',#7449);
#1305=VERTEX_POINT('',#7451);
#1306=VERTEX_POINT('',#7456);
#1307=VERTEX_POINT('',#7458);
#1308=VERTEX_POINT('',#7462);
#1309=VERTEX_POINT('',#7466);
#1310=VERTEX_POINT('',#7478);
#1311=VERTEX_POINT('',#7480);
#1312=VERTEX_POINT('',#7484);
#1313=VERTEX_POINT('',#7488);
#1314=VERTEX_POINT('',#7498);
#1315=VERTEX_POINT('',#7500);
#1316=VERTEX_POINT('',#7504);
#1317=VERTEX_POINT('',#7506);
#1318=VERTEX_POINT('',#7510);
#1319=VERTEX_POINT('',#7512);
#1320=VERTEX_POINT('',#7516);
#1321=VERTEX_POINT('',#7518);
#1322=VERTEX_POINT('',#7523);
#1323=VERTEX_POINT('',#7525);
#1324=VERTEX_POINT('',#7527);
#1325=VERTEX_POINT('',#7531);
#1326=VERTEX_POINT('',#7537);
#1327=VERTEX_POINT('',#7539);
#1328=VERTEX_POINT('',#7549);
#1329=VERTEX_POINT('',#7551);
#1330=VERTEX_POINT('',#7553);
#1331=VERTEX_POINT('',#7557);
#1332=VERTEX_POINT('',#7563);
#1333=VERTEX_POINT('',#7565);
#1334=VERTEX_POINT('',#7575);
#1335=VERTEX_POINT('',#7579);
#1336=VERTEX_POINT('',#7594);
#1337=EDGE_CURVE('',#1049,#1050,#679,.T.);
#1338=EDGE_CURVE('',#1050,#1051,#561,.T.);
#1339=EDGE_CURVE('',#1052,#1051,#434,.T.);
#1340=EDGE_CURVE('',#1052,#1049,#562,.T.);
#1341=EDGE_CURVE('',#1053,#1054,#680,.T.);
#1342=EDGE_CURVE('',#1054,#1050,#563,.T.);
#1343=EDGE_CURVE('',#1049,#1053,#564,.T.);
#1344=EDGE_CURVE('',#1055,#1056,#681,.T.);
#1345=EDGE_CURVE('',#1056,#1054,#565,.T.);
#1346=EDGE_CURVE('',#1053,#1055,#566,.T.);
#1347=EDGE_CURVE('',#1057,#1058,#682,.T.);
#1348=EDGE_CURVE('',#1058,#1056,#567,.T.);
#1349=EDGE_CURVE('',#1055,#1057,#568,.T.);
#1350=EDGE_CURVE('',#1059,#1060,#683,.T.);
#1351=EDGE_CURVE('',#1060,#1058,#569,.T.);
#1352=EDGE_CURVE('',#1057,#1059,#570,.T.);
#1353=EDGE_CURVE('',#1061,#1062,#684,.T.);
#1354=EDGE_CURVE('',#1062,#1060,#571,.T.);
#1355=EDGE_CURVE('',#1059,#1061,#572,.T.);
#1356=EDGE_CURVE('',#1063,#1064,#685,.T.);
#1357=EDGE_CURVE('',#1063,#1065,#573,.T.);
#1358=EDGE_CURVE('',#1066,#1065,#435,.F.);
#1359=EDGE_CURVE('',#1066,#1064,#574,.T.);
#1360=EDGE_CURVE('',#1067,#1068,#686,.T.);
#1361=EDGE_CURVE('',#1068,#1069,#575,.T.);
#1362=EDGE_CURVE('',#1070,#1069,#436,.T.);
#1363=EDGE_CURVE('',#1070,#1067,#576,.T.);
#1364=EDGE_CURVE('',#1071,#1072,#687,.T.);
#1365=EDGE_CURVE('',#1072,#1068,#577,.T.);
#1366=EDGE_CURVE('',#1067,#1071,#578,.T.);
#1367=EDGE_CURVE('',#1073,#1074,#688,.T.);
#1368=EDGE_CURVE('',#1074,#1072,#579,.T.);
#1369=EDGE_CURVE('',#1071,#1073,#580,.T.);
#1370=EDGE_CURVE('',#1075,#1076,#689,.T.);
#1371=EDGE_CURVE('',#1076,#1074,#581,.T.);
#1372=EDGE_CURVE('',#1073,#1075,#582,.T.);
#1373=EDGE_CURVE('',#1077,#1078,#690,.T.);
#1374=EDGE_CURVE('',#1078,#1076,#583,.T.);
#1375=EDGE_CURVE('',#1075,#1077,#584,.T.);
#1376=EDGE_CURVE('',#1079,#1080,#691,.T.);
#1377=EDGE_CURVE('',#1080,#1078,#585,.T.);
#1378=EDGE_CURVE('',#1077,#1079,#586,.T.);
#1379=EDGE_CURVE('',#1081,#1082,#692,.T.);
#1380=EDGE_CURVE('',#1081,#1083,#587,.T.);
#1381=EDGE_CURVE('',#1084,#1083,#437,.F.);
#1382=EDGE_CURVE('',#1084,#1082,#588,.T.);
#1383=EDGE_CURVE('',#1085,#1086,#693,.T.);
#1384=EDGE_CURVE('',#1086,#1087,#589,.T.);
#1385=EDGE_CURVE('',#1088,#1087,#438,.T.);
#1386=EDGE_CURVE('',#1085,#1088,#590,.T.);
#1387=EDGE_CURVE('',#1089,#1090,#694,.T.);
#1388=EDGE_CURVE('',#1090,#1086,#591,.T.);
#1389=EDGE_CURVE('',#1089,#1085,#592,.T.);
#1390=EDGE_CURVE('',#1091,#1092,#695,.T.);
#1391=EDGE_CURVE('',#1092,#1090,#593,.T.);
#1392=EDGE_CURVE('',#1091,#1089,#594,.T.);
#1393=EDGE_CURVE('',#1093,#1094,#696,.T.);
#1394=EDGE_CURVE('',#1094,#1092,#595,.T.);
#1395=EDGE_CURVE('',#1093,#1091,#596,.T.);
#1396=EDGE_CURVE('',#1095,#1096,#697,.T.);
#1397=EDGE_CURVE('',#1096,#1094,#597,.T.);
#1398=EDGE_CURVE('',#1095,#1093,#598,.T.);
#1399=EDGE_CURVE('',#1097,#1098,#698,.T.);
#1400=EDGE_CURVE('',#1098,#1096,#599,.T.);
#1401=EDGE_CURVE('',#1097,#1095,#600,.T.);
#1402=EDGE_CURVE('',#1099,#1100,#699,.T.);
#1403=EDGE_CURVE('',#1101,#1099,#601,.T.);
#1404=EDGE_CURVE('',#1102,#1101,#439,.T.);
#1405=EDGE_CURVE('',#1102,#1100,#602,.T.);
#1406=EDGE_CURVE('',#1103,#1104,#700,.T.);
#1407=EDGE_CURVE('',#1104,#1105,#603,.T.);
#1408=EDGE_CURVE('',#1106,#1105,#440,.T.);
#1409=EDGE_CURVE('',#1103,#1106,#604,.T.);
#1410=EDGE_CURVE('',#1107,#1108,#701,.T.);
#1411=EDGE_CURVE('',#1108,#1104,#605,.T.);
#1412=EDGE_CURVE('',#1107,#1103,#606,.T.);
#1413=EDGE_CURVE('',#1109,#1110,#702,.T.);
#1414=EDGE_CURVE('',#1110,#1108,#607,.T.);
#1415=EDGE_CURVE('',#1109,#1107,#608,.T.);
#1416=EDGE_CURVE('',#1111,#1112,#703,.T.);
#1417=EDGE_CURVE('',#1112,#1110,#609,.T.);
#1418=EDGE_CURVE('',#1111,#1109,#610,.T.);
#1419=EDGE_CURVE('',#1113,#1114,#704,.T.);
#1420=EDGE_CURVE('',#1114,#1112,#611,.T.);
#1421=EDGE_CURVE('',#1113,#1111,#612,.T.);
#1422=EDGE_CURVE('',#1115,#1116,#705,.T.);
#1423=EDGE_CURVE('',#1116,#1114,#613,.T.);
#1424=EDGE_CURVE('',#1115,#1113,#614,.T.);
#1425=EDGE_CURVE('',#1117,#1118,#706,.T.);
#1426=EDGE_CURVE('',#1119,#1117,#615,.T.);
#1427=EDGE_CURVE('',#1120,#1119,#441,.T.);
#1428=EDGE_CURVE('',#1120,#1118,#616,.T.);
#1429=EDGE_CURVE('',#1118,#1116,#617,.T.);
#1430=EDGE_CURVE('',#1117,#1115,#618,.T.);
#1431=EDGE_CURVE('',#1105,#1070,#619,.T.);
#1432=EDGE_CURVE('',#1083,#1120,#620,.T.);
#1433=EDGE_CURVE('',#1079,#1081,#621,.T.);
#1434=EDGE_CURVE('',#1069,#1106,#622,.T.);
#1435=EDGE_CURVE('',#1082,#1080,#623,.T.);
#1436=EDGE_CURVE('',#1119,#1084,#624,.T.);
#1437=EDGE_CURVE('',#1121,#1122,#707,.T.);
#1438=EDGE_CURVE('',#1121,#1123,#708,.T.);
#1439=EDGE_CURVE('',#1123,#1124,#709,.T.);
#1440=EDGE_CURVE('',#1124,#1125,#710,.T.);
#1441=EDGE_CURVE('',#1126,#1125,#711,.T.);
#1442=EDGE_CURVE('',#1126,#1127,#712,.T.);
#1443=EDGE_CURVE('',#1128,#1127,#442,.T.);
#1444=EDGE_CURVE('',#1128,#1129,#443,.T.);
#1445=EDGE_CURVE('',#1130,#1129,#444,.T.);
#1446=EDGE_CURVE('',#1130,#1131,#713,.T.);
#1447=EDGE_CURVE('',#1132,#1131,#714,.T.);
#1448=EDGE_CURVE('',#1132,#1133,#715,.T.);
#1449=EDGE_CURVE('',#1133,#1134,#716,.T.);
#1450=EDGE_CURVE('',#1134,#1135,#717,.T.);
#1451=EDGE_CURVE('',#1136,#1135,#718,.T.);
#1452=EDGE_CURVE('',#1136,#1137,#445,.T.);
#1453=EDGE_CURVE('',#1137,#1138,#719,.T.);
#1454=EDGE_CURVE('',#1138,#1122,#446,.T.);
#1455=EDGE_CURVE('',#1139,#1140,#720,.T.);
#1456=EDGE_CURVE('',#1139,#1141,#721,.T.);
#1457=EDGE_CURVE('',#1141,#1142,#722,.T.);
#1458=EDGE_CURVE('',#1142,#1143,#723,.T.);
#1459=EDGE_CURVE('',#1144,#1143,#724,.T.);
#1460=EDGE_CURVE('',#1145,#1144,#725,.T.);
#1461=EDGE_CURVE('',#1145,#1146,#447,.T.);
#1462=EDGE_CURVE('',#1146,#1147,#726,.T.);
#1463=EDGE_CURVE('',#1147,#1148,#448,.T.);
#1464=EDGE_CURVE('',#1148,#1149,#727,.T.);
#1465=EDGE_CURVE('',#1149,#1150,#728,.T.);
#1466=EDGE_CURVE('',#1150,#1151,#729,.T.);
#1467=EDGE_CURVE('',#1151,#1152,#730,.T.);
#1468=EDGE_CURVE('',#1152,#1153,#731,.T.);
#1469=EDGE_CURVE('',#1153,#1154,#732,.T.);
#1470=EDGE_CURVE('',#1154,#1155,#733,.T.);
#1471=EDGE_CURVE('',#1155,#1156,#449,.T.);
#1472=EDGE_CURVE('',#1156,#1157,#734,.T.);
#1473=EDGE_CURVE('',#1157,#1158,#450,.T.);
#1474=EDGE_CURVE('',#1159,#1158,#735,.T.);
#1475=EDGE_CURVE('',#1160,#1159,#736,.T.);
#1476=EDGE_CURVE('',#1160,#1161,#737,.T.);
#1477=EDGE_CURVE('',#1161,#1162,#738,.T.);
#1478=EDGE_CURVE('',#1162,#1140,#739,.T.);
#1479=EDGE_CURVE('',#1065,#1102,#625,.T.);
#1480=EDGE_CURVE('',#1101,#1066,#626,.T.);
#1481=EDGE_CURVE('',#1163,#1163,#451,.T.);
#1482=EDGE_CURVE('',#1164,#1165,#740,.T.);
#1483=EDGE_CURVE('',#1165,#1166,#452,.T.);
#1484=EDGE_CURVE('',#1166,#1167,#741,.T.);
#1485=EDGE_CURVE('',#1167,#1164,#453,.T.);
#1486=EDGE_CURVE('',#1168,#1169,#742,.T.);
#1487=EDGE_CURVE('',#1169,#1170,#454,.T.);
#1488=EDGE_CURVE('',#1170,#1171,#743,.T.);
#1489=EDGE_CURVE('',#1171,#1168,#455,.T.);
#1490=EDGE_CURVE('',#1172,#1173,#744,.T.);
#1491=EDGE_CURVE('',#1173,#1174,#745,.T.);
#1492=EDGE_CURVE('',#1174,#1175,#746,.T.);
#1493=EDGE_CURVE('',#1172,#1175,#747,.T.);
#1494=EDGE_CURVE('',#1176,#1177,#748,.T.);
#1495=EDGE_CURVE('',#1177,#1178,#749,.T.);
#1496=EDGE_CURVE('',#1178,#1179,#750,.T.);
#1497=EDGE_CURVE('',#1176,#1179,#751,.T.);
#1498=EDGE_CURVE('',#1100,#1098,#627,.T.);
#1499=EDGE_CURVE('',#1099,#1097,#628,.T.);
#1500=EDGE_CURVE('',#1087,#1052,#629,.T.);
#1501=EDGE_CURVE('',#1061,#1063,#630,.T.);
#1502=EDGE_CURVE('',#1051,#1088,#631,.T.);
#1503=EDGE_CURVE('',#1064,#1062,#632,.T.);
#1504=EDGE_CURVE('',#1160,#1180,#456,.T.);
#1505=EDGE_CURVE('',#1159,#1181,#20,.T.);
#1506=EDGE_CURVE('',#1181,#1182,#752,.T.);
#1507=EDGE_CURVE('',#1182,#1144,#21,.T.);
#1508=EDGE_CURVE('',#1183,#1143,#457,.T.);
#1509=EDGE_CURVE('',#1184,#1183,#753,.T.);
#1510=EDGE_CURVE('',#1139,#1184,#458,.T.);
#1511=EDGE_CURVE('',#1185,#1140,#459,.T.);
#1512=EDGE_CURVE('',#1180,#1185,#754,.T.);
#1513=EDGE_CURVE('',#1182,#1186,#755,.T.);
#1514=EDGE_CURVE('',#1186,#1187,#633,.T.);
#1515=EDGE_CURVE('',#1188,#1187,#756,.T.);
#1516=EDGE_CURVE('',#1145,#1188,#634,.T.);
#1517=EDGE_CURVE('',#1189,#1158,#635,.T.);
#1518=EDGE_CURVE('',#1190,#1189,#757,.T.);
#1519=EDGE_CURVE('',#1191,#1190,#636,.F.);
#1520=EDGE_CURVE('',#1191,#1181,#758,.T.);
#1521=EDGE_CURVE('',#1183,#1192,#460,.T.);
#1522=EDGE_CURVE('',#1192,#1193,#759,.T.);
#1523=EDGE_CURVE('',#1193,#1184,#461,.T.);
#1524=EDGE_CURVE('',#1142,#1194,#462,.T.);
#1525=EDGE_CURVE('',#1195,#1194,#463,.T.);
#1526=EDGE_CURVE('',#1196,#1195,#464,.T.);
#1527=EDGE_CURVE('',#1196,#1197,#465,.T.);
#1528=EDGE_CURVE('',#1198,#1197,#637,.T.);
#1529=EDGE_CURVE('',#1198,#1199,#760,.T.);
#1530=EDGE_CURVE('',#1199,#1192,#466,.T.);
#1531=EDGE_CURVE('',#1200,#1188,#467,.T.);
#1532=EDGE_CURVE('',#1146,#1200,#761,.T.);
#1533=EDGE_CURVE('',#1187,#1201,#638,.T.);
#1534=EDGE_CURVE('',#1201,#1202,#639,.T.);
#1535=EDGE_CURVE('',#1202,#1203,#762,.T.);
#1536=EDGE_CURVE('',#1203,#1204,#468,.T.);
#1537=EDGE_CURVE('',#1204,#1200,#763,.T.);
#1538=EDGE_CURVE('',#1205,#1205,#469,.T.);
#1539=EDGE_CURVE('',#1182,#1206,#764,.T.);
#1540=EDGE_CURVE('',#1206,#1207,#640,.T.);
#1541=EDGE_CURVE('',#1207,#1186,#19,.T.);
#1542=EDGE_CURVE('',#1208,#1181,#765,.T.);
#1543=EDGE_CURVE('',#1209,#1208,#766,.T.);
#1544=EDGE_CURVE('',#1210,#1209,#641,.T.);
#1545=EDGE_CURVE('',#1211,#1210,#767,.T.);
#1546=EDGE_CURVE('',#1212,#1211,#768,.T.);
#1547=EDGE_CURVE('',#1213,#1212,#769,.T.);
#1548=EDGE_CURVE('',#1213,#1214,#642,.F.);
#1549=EDGE_CURVE('',#1214,#1206,#770,.T.);
#1550=EDGE_CURVE('',#1215,#1198,#643,.T.);
#1551=EDGE_CURVE('',#1216,#1215,#771,.T.);
#1552=EDGE_CURVE('',#1199,#1216,#772,.T.);
#1553=EDGE_CURVE('',#1191,#1217,#644,.T.);
#1554=EDGE_CURVE('',#1217,#1208,#645,.T.);
#1555=EDGE_CURVE('',#1153,#1218,#773,.T.);
#1556=EDGE_CURVE('',#1218,#1219,#774,.T.);
#1557=EDGE_CURVE('',#1154,#1219,#775,.T.);
#1558=EDGE_CURVE('',#1220,#1221,#646,.T.);
#1559=EDGE_CURVE('',#1221,#1222,#776,.T.);
#1560=EDGE_CURVE('',#1202,#1222,#647,.T.);
#1561=EDGE_CURVE('',#1223,#1207,#777,.T.);
#1562=EDGE_CURVE('',#1223,#1220,#648,.T.);
#1563=EDGE_CURVE('',#1221,#1150,#778,.T.);
#1564=EDGE_CURVE('',#1222,#1149,#779,.T.);
#1565=EDGE_CURVE('',#1224,#1223,#649,.T.);
#1566=EDGE_CURVE('',#1151,#1224,#780,.T.);
#1567=EDGE_CURVE('',#1225,#1226,#650,.T.);
#1568=EDGE_CURVE('',#1226,#1214,#651,.T.);
#1569=EDGE_CURVE('',#1227,#1213,#652,.F.);
#1570=EDGE_CURVE('',#1227,#1228,#653,.T.);
#1571=EDGE_CURVE('',#1228,#1210,#654,.T.);
#1572=EDGE_CURVE('',#1229,#1209,#655,.F.);
#1573=EDGE_CURVE('',#1229,#1230,#656,.T.);
#1574=EDGE_CURVE('',#1225,#1230,#657,.F.);
#1575=EDGE_CURVE('',#1226,#1224,#658,.T.);
#1576=EDGE_CURVE('',#1231,#1232,#659,.T.);
#1577=EDGE_CURVE('',#1218,#1231,#660,.T.);
#1578=EDGE_CURVE('',#1233,#1152,#781,.T.);
#1579=EDGE_CURVE('',#1232,#1233,#661,.T.);
#1580=EDGE_CURVE('',#1232,#1217,#782,.T.);
#1581=EDGE_CURVE('',#1190,#1234,#662,.T.);
#1582=EDGE_CURVE('',#1235,#1234,#663,.T.);
#1583=EDGE_CURVE('',#1219,#1235,#783,.T.);
#1584=EDGE_CURVE('',#1233,#1229,#664,.T.);
#1585=EDGE_CURVE('',#1219,#1236,#784,.T.);
#1586=EDGE_CURVE('',#1237,#1236,#785,.T.);
#1587=EDGE_CURVE('',#1155,#1237,#786,.T.);
#1588=EDGE_CURVE('',#1148,#1203,#787,.T.);
#1589=EDGE_CURVE('',#1215,#1238,#665,.F.);
#1590=EDGE_CURVE('',#1197,#1238,#666,.T.);
#1591=EDGE_CURVE('',#1239,#1196,#788,.T.);
#1592=EDGE_CURVE('',#1238,#1239,#470,.F.);
#1593=EDGE_CURVE('',#1240,#1227,#471,.T.);
#1594=EDGE_CURVE('',#1241,#1240,#789,.T.);
#1595=EDGE_CURVE('',#1228,#1241,#472,.F.);
#1596=EDGE_CURVE('',#1162,#1242,#473,.T.);
#1597=EDGE_CURVE('',#1243,#1242,#474,.T.);
#1598=EDGE_CURVE('',#1240,#1243,#475,.T.);
#1599=EDGE_CURVE('',#1212,#1244,#476,.T.);
#1600=EDGE_CURVE('',#1185,#1244,#477,.T.);
#1601=EDGE_CURVE('',#1245,#1241,#478,.T.);
#1602=EDGE_CURVE('',#1245,#1243,#790,.T.);
#1603=EDGE_CURVE('',#1246,#1239,#479,.T.);
#1604=EDGE_CURVE('',#1246,#1195,#791,.T.);
#1605=EDGE_CURVE('',#1247,#1248,#792,.T.);
#1606=EDGE_CURVE('',#1247,#1249,#793,.T.);
#1607=EDGE_CURVE('',#1250,#1249,#794,.T.);
#1608=EDGE_CURVE('',#1248,#1250,#795,.T.);
#1609=EDGE_CURVE('',#1251,#1252,#796,.T.);
#1610=EDGE_CURVE('',#1253,#1251,#797,.T.);
#1611=EDGE_CURVE('',#1254,#1253,#798,.T.);
#1612=EDGE_CURVE('',#1252,#1254,#799,.T.);
#1613=EDGE_CURVE('',#1255,#1251,#667,.T.);
#1614=EDGE_CURVE('',#1256,#1255,#668,.T.);
#1615=EDGE_CURVE('',#1253,#1256,#669,.T.);
#1616=EDGE_CURVE('',#1257,#1247,#670,.T.);
#1617=EDGE_CURVE('',#1258,#1257,#671,.T.);
#1618=EDGE_CURVE('',#1249,#1258,#672,.T.);
#1619=EDGE_CURVE('',#1259,#1190,#673,.T.);
#1620=EDGE_CURVE('',#1260,#1259,#674,.T.);
#1621=EDGE_CURVE('',#1235,#1260,#800,.T.);
#1622=EDGE_CURVE('',#1261,#1260,#801,.T.);
#1623=EDGE_CURVE('',#1236,#1261,#802,.T.);
#1624=EDGE_CURVE('',#1261,#1262,#480,.T.);
#1625=EDGE_CURVE('',#1262,#1248,#481,.T.);
#1626=EDGE_CURVE('',#1250,#1237,#482,.T.);
#1627=EDGE_CURVE('',#1189,#1263,#483,.T.);
#1628=EDGE_CURVE('',#1263,#1264,#803,.T.);
#1629=EDGE_CURVE('',#1264,#1258,#484,.T.);
#1630=EDGE_CURVE('',#1257,#1259,#485,.T.);
#1631=EDGE_CURVE('',#1256,#1265,#486,.T.);
#1632=EDGE_CURVE('',#1125,#1265,#487,.T.);
#1633=EDGE_CURVE('',#1124,#1266,#488,.T.);
#1634=EDGE_CURVE('',#1266,#1123,#489,.T.);
#1635=EDGE_CURVE('',#1267,#1121,#490,.T.);
#1636=EDGE_CURVE('',#1267,#1254,#491,.T.);
#1637=EDGE_CURVE('',#1268,#1255,#492,.T.);
#1638=EDGE_CURVE('',#1265,#1268,#804,.T.);
#1639=EDGE_CURVE('',#1269,#1267,#805,.T.);
#1640=EDGE_CURVE('',#1269,#1270,#675,.T.);
#1641=EDGE_CURVE('',#1252,#1270,#493,.T.);
#1642=EDGE_CURVE('',#1193,#1216,#494,.T.);
#1643=EDGE_CURVE('',#1271,#1246,#495,.T.);
#1644=EDGE_CURVE('',#1271,#1141,#496,.T.);
#1645=EDGE_CURVE('',#1272,#1180,#497,.T.);
#1646=EDGE_CURVE('',#1272,#1211,#498,.T.);
#1647=EDGE_CURVE('',#1273,#1245,#499,.T.);
#1648=EDGE_CURVE('',#1273,#1161,#500,.T.);
#1649=EDGE_CURVE('',#1244,#1272,#806,.T.);
#1650=EDGE_CURVE('',#1274,#1274,#501,.T.);
#1651=EDGE_CURVE('',#1274,#1275,#807,.T.);
#1652=EDGE_CURVE('',#1275,#1275,#502,.T.);
#1653=EDGE_CURVE('',#1276,#1276,#503,.T.);
#1654=EDGE_CURVE('',#1276,#1277,#808,.T.);
#1655=EDGE_CURVE('',#1277,#1277,#504,.T.);
#1656=EDGE_CURVE('',#1278,#1278,#505,.T.);
#1657=EDGE_CURVE('',#1278,#1279,#809,.T.);
#1658=EDGE_CURVE('',#1279,#1279,#506,.T.);
#1659=EDGE_CURVE('',#1280,#1280,#507,.T.);
#1660=EDGE_CURVE('',#1280,#1281,#810,.T.);
#1661=EDGE_CURVE('',#1281,#1281,#508,.T.);
#1662=EDGE_CURVE('',#1262,#1282,#811,.T.);
#1663=EDGE_CURVE('',#1282,#1282,#509,.T.);
#1664=EDGE_CURVE('',#1205,#1283,#812,.T.);
#1665=EDGE_CURVE('',#1283,#1283,#510,.T.);
#1666=EDGE_CURVE('',#1284,#1284,#511,.T.);
#1667=EDGE_CURVE('',#1284,#1285,#813,.T.);
#1668=EDGE_CURVE('',#1285,#1285,#512,.T.);
#1669=EDGE_CURVE('',#1286,#1286,#513,.T.);
#1670=EDGE_CURVE('',#1286,#1287,#814,.T.);
#1671=EDGE_CURVE('',#1287,#1287,#514,.T.);
#1672=EDGE_CURVE('',#1123,#1124,#515,.T.);
#1673=EDGE_CURVE('',#1134,#1133,#516,.T.);
#1674=EDGE_CURVE('',#1134,#1288,#517,.T.);
#1675=EDGE_CURVE('',#1288,#1133,#518,.T.);
#1676=EDGE_CURVE('',#1288,#1289,#815,.T.);
#1677=EDGE_CURVE('',#1289,#1289,#519,.T.);
#1678=EDGE_CURVE('',#1290,#1290,#520,.T.);
#1679=EDGE_CURVE('',#1163,#1291,#816,.T.);
#1680=EDGE_CURVE('',#1291,#1291,#521,.T.);
#1681=EDGE_CURVE('',#1268,#1126,#522,.T.);
#1682=EDGE_CURVE('',#1122,#1269,#676,.T.);
#1683=EDGE_CURVE('',#1266,#1292,#817,.T.);
#1684=EDGE_CURVE('',#1292,#1292,#523,.F.);
#1685=EDGE_CURVE('',#1293,#1293,#524,.T.);
#1686=EDGE_CURVE('',#1293,#1294,#818,.T.);
#1687=EDGE_CURVE('',#1294,#1294,#525,.T.);
#1688=EDGE_CURVE('',#1127,#1295,#819,.T.);
#1689=EDGE_CURVE('',#1295,#1296,#526,.T.);
#1690=EDGE_CURVE('',#1296,#1128,#820,.T.);
#1691=EDGE_CURVE('',#1297,#1270,#821,.T.);
#1692=EDGE_CURVE('',#1297,#1295,#822,.T.);
#1693=EDGE_CURVE('',#1129,#1298,#823,.T.);
#1694=EDGE_CURVE('',#1298,#1299,#527,.T.);
#1695=EDGE_CURVE('',#1299,#1130,#824,.T.);
#1696=EDGE_CURVE('',#1299,#1300,#825,.T.);
#1697=EDGE_CURVE('',#1300,#1301,#826,.T.);
#1698=EDGE_CURVE('',#1301,#1302,#528,.T.);
#1699=EDGE_CURVE('',#1131,#1302,#529,.T.);
#1700=EDGE_CURVE('',#1303,#1303,#530,.T.);
#1701=EDGE_CURVE('',#1297,#1304,#531,.T.);
#1702=EDGE_CURVE('',#1305,#1304,#827,.T.);
#1703=EDGE_CURVE('',#1305,#1300,#532,.T.);
#1704=EDGE_CURVE('',#1298,#1296,#533,.T.);
#1705=EDGE_CURVE('',#1164,#1306,#828,.T.);
#1706=EDGE_CURVE('',#1307,#1306,#829,.T.);
#1707=EDGE_CURVE('',#1165,#1307,#830,.T.);
#1708=EDGE_CURVE('',#1308,#1307,#534,.T.);
#1709=EDGE_CURVE('',#1166,#1308,#831,.T.);
#1710=EDGE_CURVE('',#1309,#1308,#832,.T.);
#1711=EDGE_CURVE('',#1167,#1309,#833,.T.);
#1712=EDGE_CURVE('',#1306,#1309,#535,.T.);
#1713=EDGE_CURVE('',#1156,#1264,#834,.T.);
#1714=EDGE_CURVE('',#1157,#1263,#835,.T.);
#1715=EDGE_CURVE('',#1168,#1310,#836,.T.);
#1716=EDGE_CURVE('',#1311,#1310,#837,.T.);
#1717=EDGE_CURVE('',#1169,#1311,#838,.T.);
#1718=EDGE_CURVE('',#1312,#1311,#536,.T.);
#1719=EDGE_CURVE('',#1170,#1312,#839,.T.);
#1720=EDGE_CURVE('',#1313,#1312,#840,.T.);
#1721=EDGE_CURVE('',#1171,#1313,#841,.T.);
#1722=EDGE_CURVE('',#1310,#1313,#537,.T.);
#1723=EDGE_CURVE('',#1147,#1204,#842,.T.);
#1724=EDGE_CURVE('',#1175,#1314,#538,.T.);
#1725=EDGE_CURVE('',#1314,#1315,#843,.T.);
#1726=EDGE_CURVE('',#1315,#1172,#539,.T.);
#1727=EDGE_CURVE('',#1316,#1314,#540,.T.);
#1728=EDGE_CURVE('',#1317,#1316,#844,.T.);
#1729=EDGE_CURVE('',#1315,#1317,#541,.T.);
#1730=EDGE_CURVE('',#1179,#1318,#542,.T.);
#1731=EDGE_CURVE('',#1318,#1319,#845,.T.);
#1732=EDGE_CURVE('',#1319,#1176,#543,.T.);
#1733=EDGE_CURVE('',#1320,#1318,#544,.T.);
#1734=EDGE_CURVE('',#1321,#1320,#846,.T.);
#1735=EDGE_CURVE('',#1319,#1321,#545,.T.);
#1736=EDGE_CURVE('',#1322,#1321,#546,.T.);
#1737=EDGE_CURVE('',#1322,#1323,#847,.T.);
#1738=EDGE_CURVE('',#1324,#1323,#547,.T.);
#1739=EDGE_CURVE('',#1324,#1177,#548,.T.);
#1740=EDGE_CURVE('',#1325,#1324,#848,.T.);
#1741=EDGE_CURVE('',#1178,#1325,#549,.T.);
#1742=EDGE_CURVE('',#1242,#1273,#849,.T.);
#1743=EDGE_CURVE('',#1326,#1325,#550,.T.);
#1744=EDGE_CURVE('',#1326,#1327,#850,.T.);
#1745=EDGE_CURVE('',#1320,#1327,#551,.T.);
#1746=EDGE_CURVE('',#1323,#1326,#851,.T.);
#1747=EDGE_CURVE('',#1327,#1322,#852,.T.);
#1748=EDGE_CURVE('',#1328,#1317,#552,.T.);
#1749=EDGE_CURVE('',#1328,#1329,#853,.T.);
#1750=EDGE_CURVE('',#1330,#1329,#553,.T.);
#1751=EDGE_CURVE('',#1330,#1173,#554,.T.);
#1752=EDGE_CURVE('',#1331,#1330,#854,.T.);
#1753=EDGE_CURVE('',#1174,#1331,#555,.T.);
#1754=EDGE_CURVE('',#1194,#1271,#855,.T.);
#1755=EDGE_CURVE('',#1332,#1331,#556,.T.);
#1756=EDGE_CURVE('',#1332,#1333,#856,.T.);
#1757=EDGE_CURVE('',#1316,#1333,#557,.T.);
#1758=EDGE_CURVE('',#1329,#1332,#857,.T.);
#1759=EDGE_CURVE('',#1333,#1328,#858,.T.);
#1760=EDGE_CURVE('',#1334,#1132,#558,.T.);
#1761=EDGE_CURVE('',#1302,#1334,#859,.T.);
#1762=EDGE_CURVE('',#1136,#1335,#677,.F.);
#1763=EDGE_CURVE('',#1135,#1336,#559,.T.);
#1764=EDGE_CURVE('',#1336,#1335,#860,.T.);
#1765=EDGE_CURVE('',#1301,#1335,#678,.T.);
#1766=EDGE_CURVE('',#1334,#1336,#560,.T.);
#1767=EDGE_CURVE('',#1290,#1303,#861,.T.);
#1768=EDGE_CURVE('',#1305,#1137,#862,.T.);
#1769=EDGE_CURVE('',#1304,#1138,#863,.T.);
#1770=ORIENTED_EDGE('',*,*,#1337,.T.);
#1771=ORIENTED_EDGE('',*,*,#1338,.T.);
#1772=ORIENTED_EDGE('',*,*,#1339,.F.);
#1773=ORIENTED_EDGE('',*,*,#1340,.T.);
#1774=ORIENTED_EDGE('',*,*,#1341,.T.);
#1775=ORIENTED_EDGE('',*,*,#1342,.T.);
#1776=ORIENTED_EDGE('',*,*,#1337,.F.);
#1777=ORIENTED_EDGE('',*,*,#1343,.T.);
#1778=ORIENTED_EDGE('',*,*,#1344,.T.);
#1779=ORIENTED_EDGE('',*,*,#1345,.T.);
#1780=ORIENTED_EDGE('',*,*,#1341,.F.);
#1781=ORIENTED_EDGE('',*,*,#1346,.T.);
#1782=ORIENTED_EDGE('',*,*,#1347,.T.);
#1783=ORIENTED_EDGE('',*,*,#1348,.T.);
#1784=ORIENTED_EDGE('',*,*,#1344,.F.);
#1785=ORIENTED_EDGE('',*,*,#1349,.T.);
#1786=ORIENTED_EDGE('',*,*,#1350,.T.);
#1787=ORIENTED_EDGE('',*,*,#1351,.T.);
#1788=ORIENTED_EDGE('',*,*,#1347,.F.);
#1789=ORIENTED_EDGE('',*,*,#1352,.T.);
#1790=ORIENTED_EDGE('',*,*,#1353,.T.);
#1791=ORIENTED_EDGE('',*,*,#1354,.T.);
#1792=ORIENTED_EDGE('',*,*,#1350,.F.);
#1793=ORIENTED_EDGE('',*,*,#1355,.T.);
#1794=ORIENTED_EDGE('',*,*,#1356,.F.);
#1795=ORIENTED_EDGE('',*,*,#1357,.T.);
#1796=ORIENTED_EDGE('',*,*,#1358,.F.);
#1797=ORIENTED_EDGE('',*,*,#1359,.T.);
#1798=ORIENTED_EDGE('',*,*,#1360,.T.);
#1799=ORIENTED_EDGE('',*,*,#1361,.T.);
#1800=ORIENTED_EDGE('',*,*,#1362,.F.);
#1801=ORIENTED_EDGE('',*,*,#1363,.T.);
#1802=ORIENTED_EDGE('',*,*,#1364,.T.);
#1803=ORIENTED_EDGE('',*,*,#1365,.T.);
#1804=ORIENTED_EDGE('',*,*,#1360,.F.);
#1805=ORIENTED_EDGE('',*,*,#1366,.T.);
#1806=ORIENTED_EDGE('',*,*,#1367,.T.);
#1807=ORIENTED_EDGE('',*,*,#1368,.T.);
#1808=ORIENTED_EDGE('',*,*,#1364,.F.);
#1809=ORIENTED_EDGE('',*,*,#1369,.T.);
#1810=ORIENTED_EDGE('',*,*,#1370,.T.);
#1811=ORIENTED_EDGE('',*,*,#1371,.T.);
#1812=ORIENTED_EDGE('',*,*,#1367,.F.);
#1813=ORIENTED_EDGE('',*,*,#1372,.T.);
#1814=ORIENTED_EDGE('',*,*,#1373,.T.);
#1815=ORIENTED_EDGE('',*,*,#1374,.T.);
#1816=ORIENTED_EDGE('',*,*,#1370,.F.);
#1817=ORIENTED_EDGE('',*,*,#1375,.T.);
#1818=ORIENTED_EDGE('',*,*,#1376,.T.);
#1819=ORIENTED_EDGE('',*,*,#1377,.T.);
#1820=ORIENTED_EDGE('',*,*,#1373,.F.);
#1821=ORIENTED_EDGE('',*,*,#1378,.T.);
#1822=ORIENTED_EDGE('',*,*,#1379,.F.);
#1823=ORIENTED_EDGE('',*,*,#1380,.T.);
#1824=ORIENTED_EDGE('',*,*,#1381,.F.);
#1825=ORIENTED_EDGE('',*,*,#1382,.T.);
#1826=ORIENTED_EDGE('',*,*,#1383,.T.);
#1827=ORIENTED_EDGE('',*,*,#1384,.T.);
#1828=ORIENTED_EDGE('',*,*,#1385,.F.);
#1829=ORIENTED_EDGE('',*,*,#1386,.F.);
#1830=ORIENTED_EDGE('',*,*,#1387,.T.);
#1831=ORIENTED_EDGE('',*,*,#1388,.T.);
#1832=ORIENTED_EDGE('',*,*,#1383,.F.);
#1833=ORIENTED_EDGE('',*,*,#1389,.F.);
#1834=ORIENTED_EDGE('',*,*,#1390,.T.);
#1835=ORIENTED_EDGE('',*,*,#1391,.T.);
#1836=ORIENTED_EDGE('',*,*,#1387,.F.);
#1837=ORIENTED_EDGE('',*,*,#1392,.F.);
#1838=ORIENTED_EDGE('',*,*,#1393,.T.);
#1839=ORIENTED_EDGE('',*,*,#1394,.T.);
#1840=ORIENTED_EDGE('',*,*,#1390,.F.);
#1841=ORIENTED_EDGE('',*,*,#1395,.F.);
#1842=ORIENTED_EDGE('',*,*,#1396,.T.);
#1843=ORIENTED_EDGE('',*,*,#1397,.T.);
#1844=ORIENTED_EDGE('',*,*,#1393,.F.);
#1845=ORIENTED_EDGE('',*,*,#1398,.F.);
#1846=ORIENTED_EDGE('',*,*,#1399,.T.);
#1847=ORIENTED_EDGE('',*,*,#1400,.T.);
#1848=ORIENTED_EDGE('',*,*,#1396,.F.);
#1849=ORIENTED_EDGE('',*,*,#1401,.F.);
#1850=ORIENTED_EDGE('',*,*,#1402,.F.);
#1851=ORIENTED_EDGE('',*,*,#1403,.F.);
#1852=ORIENTED_EDGE('',*,*,#1404,.F.);
#1853=ORIENTED_EDGE('',*,*,#1405,.T.);
#1854=ORIENTED_EDGE('',*,*,#1406,.T.);
#1855=ORIENTED_EDGE('',*,*,#1407,.T.);
#1856=ORIENTED_EDGE('',*,*,#1408,.F.);
#1857=ORIENTED_EDGE('',*,*,#1409,.F.);
#1858=ORIENTED_EDGE('',*,*,#1410,.T.);
#1859=ORIENTED_EDGE('',*,*,#1411,.T.);
#1860=ORIENTED_EDGE('',*,*,#1406,.F.);
#1861=ORIENTED_EDGE('',*,*,#1412,.F.);
#1862=ORIENTED_EDGE('',*,*,#1413,.T.);
#1863=ORIENTED_EDGE('',*,*,#1414,.T.);
#1864=ORIENTED_EDGE('',*,*,#1410,.F.);
#1865=ORIENTED_EDGE('',*,*,#1415,.F.);
#1866=ORIENTED_EDGE('',*,*,#1416,.T.);
#1867=ORIENTED_EDGE('',*,*,#1417,.T.);
#1868=ORIENTED_EDGE('',*,*,#1413,.F.);
#1869=ORIENTED_EDGE('',*,*,#1418,.F.);
#1870=ORIENTED_EDGE('',*,*,#1419,.T.);
#1871=ORIENTED_EDGE('',*,*,#1420,.T.);
#1872=ORIENTED_EDGE('',*,*,#1416,.F.);
#1873=ORIENTED_EDGE('',*,*,#1421,.F.);
#1874=ORIENTED_EDGE('',*,*,#1422,.T.);
#1875=ORIENTED_EDGE('',*,*,#1423,.T.);
#1876=ORIENTED_EDGE('',*,*,#1419,.F.);
#1877=ORIENTED_EDGE('',*,*,#1424,.F.);
#1878=ORIENTED_EDGE('',*,*,#1425,.F.);
#1879=ORIENTED_EDGE('',*,*,#1426,.F.);
#1880=ORIENTED_EDGE('',*,*,#1427,.F.);
#1881=ORIENTED_EDGE('',*,*,#1428,.T.);
#1882=ORIENTED_EDGE('',*,*,#1425,.T.);
#1883=ORIENTED_EDGE('',*,*,#1429,.T.);
#1884=ORIENTED_EDGE('',*,*,#1422,.F.);
#1885=ORIENTED_EDGE('',*,*,#1430,.F.);
#1886=ORIENTED_EDGE('',*,*,#1431,.F.);
#1887=ORIENTED_EDGE('',*,*,#1407,.F.);
#1888=ORIENTED_EDGE('',*,*,#1411,.F.);
#1889=ORIENTED_EDGE('',*,*,#1414,.F.);
#1890=ORIENTED_EDGE('',*,*,#1417,.F.);
#1891=ORIENTED_EDGE('',*,*,#1420,.F.);
#1892=ORIENTED_EDGE('',*,*,#1423,.F.);
#1893=ORIENTED_EDGE('',*,*,#1429,.F.);
#1894=ORIENTED_EDGE('',*,*,#1428,.F.);
#1895=ORIENTED_EDGE('',*,*,#1432,.F.);
#1896=ORIENTED_EDGE('',*,*,#1380,.F.);
#1897=ORIENTED_EDGE('',*,*,#1433,.F.);
#1898=ORIENTED_EDGE('',*,*,#1378,.F.);
#1899=ORIENTED_EDGE('',*,*,#1375,.F.);
#1900=ORIENTED_EDGE('',*,*,#1372,.F.);
#1901=ORIENTED_EDGE('',*,*,#1369,.F.);
#1902=ORIENTED_EDGE('',*,*,#1366,.F.);
#1903=ORIENTED_EDGE('',*,*,#1363,.F.);
#1904=ORIENTED_EDGE('',*,*,#1434,.F.);
#1905=ORIENTED_EDGE('',*,*,#1361,.F.);
#1906=ORIENTED_EDGE('',*,*,#1365,.F.);
#1907=ORIENTED_EDGE('',*,*,#1368,.F.);
#1908=ORIENTED_EDGE('',*,*,#1371,.F.);
#1909=ORIENTED_EDGE('',*,*,#1374,.F.);
#1910=ORIENTED_EDGE('',*,*,#1377,.F.);
#1911=ORIENTED_EDGE('',*,*,#1435,.F.);
#1912=ORIENTED_EDGE('',*,*,#1382,.F.);
#1913=ORIENTED_EDGE('',*,*,#1436,.F.);
#1914=ORIENTED_EDGE('',*,*,#1426,.T.);
#1915=ORIENTED_EDGE('',*,*,#1430,.T.);
#1916=ORIENTED_EDGE('',*,*,#1424,.T.);
#1917=ORIENTED_EDGE('',*,*,#1421,.T.);
#1918=ORIENTED_EDGE('',*,*,#1418,.T.);
#1919=ORIENTED_EDGE('',*,*,#1415,.T.);
#1920=ORIENTED_EDGE('',*,*,#1412,.T.);
#1921=ORIENTED_EDGE('',*,*,#1409,.T.);
#1922=ORIENTED_EDGE('',*,*,#1437,.F.);
#1923=ORIENTED_EDGE('',*,*,#1438,.T.);
#1924=ORIENTED_EDGE('',*,*,#1439,.T.);
#1925=ORIENTED_EDGE('',*,*,#1440,.T.);
#1926=ORIENTED_EDGE('',*,*,#1441,.F.);
#1927=ORIENTED_EDGE('',*,*,#1442,.T.);
#1928=ORIENTED_EDGE('',*,*,#1443,.F.);
#1929=ORIENTED_EDGE('',*,*,#1444,.T.);
#1930=ORIENTED_EDGE('',*,*,#1445,.F.);
#1931=ORIENTED_EDGE('',*,*,#1446,.T.);
#1932=ORIENTED_EDGE('',*,*,#1447,.F.);
#1933=ORIENTED_EDGE('',*,*,#1448,.T.);
#1934=ORIENTED_EDGE('',*,*,#1449,.T.);
#1935=ORIENTED_EDGE('',*,*,#1450,.T.);
#1936=ORIENTED_EDGE('',*,*,#1451,.F.);
#1937=ORIENTED_EDGE('',*,*,#1452,.T.);
#1938=ORIENTED_EDGE('',*,*,#1453,.T.);
#1939=ORIENTED_EDGE('',*,*,#1454,.T.);
#1940=ORIENTED_EDGE('',*,*,#1455,.F.);
#1941=ORIENTED_EDGE('',*,*,#1456,.T.);
#1942=ORIENTED_EDGE('',*,*,#1457,.T.);
#1943=ORIENTED_EDGE('',*,*,#1458,.T.);
#1944=ORIENTED_EDGE('',*,*,#1459,.F.);
#1945=ORIENTED_EDGE('',*,*,#1460,.F.);
#1946=ORIENTED_EDGE('',*,*,#1461,.T.);
#1947=ORIENTED_EDGE('',*,*,#1462,.T.);
#1948=ORIENTED_EDGE('',*,*,#1463,.T.);
#1949=ORIENTED_EDGE('',*,*,#1464,.T.);
#1950=ORIENTED_EDGE('',*,*,#1465,.T.);
#1951=ORIENTED_EDGE('',*,*,#1466,.T.);
#1952=ORIENTED_EDGE('',*,*,#1467,.T.);
#1953=ORIENTED_EDGE('',*,*,#1468,.T.);
#1954=ORIENTED_EDGE('',*,*,#1469,.T.);
#1955=ORIENTED_EDGE('',*,*,#1470,.T.);
#1956=ORIENTED_EDGE('',*,*,#1471,.T.);
#1957=ORIENTED_EDGE('',*,*,#1472,.T.);
#1958=ORIENTED_EDGE('',*,*,#1473,.T.);
#1959=ORIENTED_EDGE('',*,*,#1474,.F.);
#1960=ORIENTED_EDGE('',*,*,#1475,.F.);
#1961=ORIENTED_EDGE('',*,*,#1476,.T.);
#1962=ORIENTED_EDGE('',*,*,#1477,.T.);
#1963=ORIENTED_EDGE('',*,*,#1478,.T.);
#1964=ORIENTED_EDGE('',*,*,#1432,.T.);
#1965=ORIENTED_EDGE('',*,*,#1427,.T.);
#1966=ORIENTED_EDGE('',*,*,#1436,.T.);
#1967=ORIENTED_EDGE('',*,*,#1381,.T.);
#1968=ORIENTED_EDGE('',*,*,#1479,.T.);
#1969=ORIENTED_EDGE('',*,*,#1404,.T.);
#1970=ORIENTED_EDGE('',*,*,#1480,.T.);
#1971=ORIENTED_EDGE('',*,*,#1358,.T.);
#1972=ORIENTED_EDGE('',*,*,#1481,.T.);
#1973=ORIENTED_EDGE('',*,*,#1482,.T.);
#1974=ORIENTED_EDGE('',*,*,#1483,.T.);
#1975=ORIENTED_EDGE('',*,*,#1484,.T.);
#1976=ORIENTED_EDGE('',*,*,#1485,.T.);
#1977=ORIENTED_EDGE('',*,*,#1486,.T.);
#1978=ORIENTED_EDGE('',*,*,#1487,.T.);
#1979=ORIENTED_EDGE('',*,*,#1488,.T.);
#1980=ORIENTED_EDGE('',*,*,#1489,.T.);
#1981=ORIENTED_EDGE('',*,*,#1490,.T.);
#1982=ORIENTED_EDGE('',*,*,#1491,.T.);
#1983=ORIENTED_EDGE('',*,*,#1492,.T.);
#1984=ORIENTED_EDGE('',*,*,#1493,.F.);
#1985=ORIENTED_EDGE('',*,*,#1494,.T.);
#1986=ORIENTED_EDGE('',*,*,#1495,.T.);
#1987=ORIENTED_EDGE('',*,*,#1496,.T.);
#1988=ORIENTED_EDGE('',*,*,#1497,.F.);
#1989=ORIENTED_EDGE('',*,*,#1402,.T.);
#1990=ORIENTED_EDGE('',*,*,#1498,.T.);
#1991=ORIENTED_EDGE('',*,*,#1399,.F.);
#1992=ORIENTED_EDGE('',*,*,#1499,.F.);
#1993=ORIENTED_EDGE('',*,*,#1500,.F.);
#1994=ORIENTED_EDGE('',*,*,#1384,.F.);
#1995=ORIENTED_EDGE('',*,*,#1388,.F.);
#1996=ORIENTED_EDGE('',*,*,#1391,.F.);
#1997=ORIENTED_EDGE('',*,*,#1394,.F.);
#1998=ORIENTED_EDGE('',*,*,#1397,.F.);
#1999=ORIENTED_EDGE('',*,*,#1400,.F.);
#2000=ORIENTED_EDGE('',*,*,#1498,.F.);
#2001=ORIENTED_EDGE('',*,*,#1405,.F.);
#2002=ORIENTED_EDGE('',*,*,#1479,.F.);
#2003=ORIENTED_EDGE('',*,*,#1357,.F.);
#2004=ORIENTED_EDGE('',*,*,#1501,.F.);
#2005=ORIENTED_EDGE('',*,*,#1355,.F.);
#2006=ORIENTED_EDGE('',*,*,#1352,.F.);
#2007=ORIENTED_EDGE('',*,*,#1349,.F.);
#2008=ORIENTED_EDGE('',*,*,#1346,.F.);
#2009=ORIENTED_EDGE('',*,*,#1343,.F.);
#2010=ORIENTED_EDGE('',*,*,#1340,.F.);
#2011=ORIENTED_EDGE('',*,*,#1502,.F.);
#2012=ORIENTED_EDGE('',*,*,#1338,.F.);
#2013=ORIENTED_EDGE('',*,*,#1342,.F.);
#2014=ORIENTED_EDGE('',*,*,#1345,.F.);
#2015=ORIENTED_EDGE('',*,*,#1348,.F.);
#2016=ORIENTED_EDGE('',*,*,#1351,.F.);
#2017=ORIENTED_EDGE('',*,*,#1354,.F.);
#2018=ORIENTED_EDGE('',*,*,#1503,.F.);
#2019=ORIENTED_EDGE('',*,*,#1359,.F.);
#2020=ORIENTED_EDGE('',*,*,#1480,.F.);
#2021=ORIENTED_EDGE('',*,*,#1403,.T.);
#2022=ORIENTED_EDGE('',*,*,#1499,.T.);
#2023=ORIENTED_EDGE('',*,*,#1401,.T.);
#2024=ORIENTED_EDGE('',*,*,#1398,.T.);
#2025=ORIENTED_EDGE('',*,*,#1395,.T.);
#2026=ORIENTED_EDGE('',*,*,#1392,.T.);
#2027=ORIENTED_EDGE('',*,*,#1389,.T.);
#2028=ORIENTED_EDGE('',*,*,#1386,.T.);
#2029=ORIENTED_EDGE('',*,*,#1504,.F.);
#2030=ORIENTED_EDGE('',*,*,#1475,.T.);
#2031=ORIENTED_EDGE('',*,*,#1505,.T.);
#2032=ORIENTED_EDGE('',*,*,#1506,.T.);
#2033=ORIENTED_EDGE('',*,*,#1507,.T.);
#2034=ORIENTED_EDGE('',*,*,#1459,.T.);
#2035=ORIENTED_EDGE('',*,*,#1508,.F.);
#2036=ORIENTED_EDGE('',*,*,#1509,.F.);
#2037=ORIENTED_EDGE('',*,*,#1510,.F.);
#2038=ORIENTED_EDGE('',*,*,#1455,.T.);
#2039=ORIENTED_EDGE('',*,*,#1511,.F.);
#2040=ORIENTED_EDGE('',*,*,#1512,.F.);
#2041=ORIENTED_EDGE('',*,*,#1513,.T.);
#2042=ORIENTED_EDGE('',*,*,#1514,.T.);
#2043=ORIENTED_EDGE('',*,*,#1515,.F.);
#2044=ORIENTED_EDGE('',*,*,#1516,.F.);
#2045=ORIENTED_EDGE('',*,*,#1460,.T.);
#2046=ORIENTED_EDGE('',*,*,#1507,.F.);
#2047=ORIENTED_EDGE('',*,*,#1474,.T.);
#2048=ORIENTED_EDGE('',*,*,#1517,.F.);
#2049=ORIENTED_EDGE('',*,*,#1518,.F.);
#2050=ORIENTED_EDGE('',*,*,#1519,.F.);
#2051=ORIENTED_EDGE('',*,*,#1520,.T.);
#2052=ORIENTED_EDGE('',*,*,#1505,.F.);
#2053=ORIENTED_EDGE('',*,*,#1509,.T.);
#2054=ORIENTED_EDGE('',*,*,#1521,.T.);
#2055=ORIENTED_EDGE('',*,*,#1522,.T.);
#2056=ORIENTED_EDGE('',*,*,#1523,.T.);
#2057=ORIENTED_EDGE('',*,*,#1508,.T.);
#2058=ORIENTED_EDGE('',*,*,#1458,.F.);
#2059=ORIENTED_EDGE('',*,*,#1524,.T.);
#2060=ORIENTED_EDGE('',*,*,#1525,.F.);
#2061=ORIENTED_EDGE('',*,*,#1526,.F.);
#2062=ORIENTED_EDGE('',*,*,#1527,.T.);
#2063=ORIENTED_EDGE('',*,*,#1528,.F.);
#2064=ORIENTED_EDGE('',*,*,#1529,.T.);
#2065=ORIENTED_EDGE('',*,*,#1530,.T.);
#2066=ORIENTED_EDGE('',*,*,#1521,.F.);
#2067=ORIENTED_EDGE('',*,*,#1516,.T.);
#2068=ORIENTED_EDGE('',*,*,#1531,.F.);
#2069=ORIENTED_EDGE('',*,*,#1532,.F.);
#2070=ORIENTED_EDGE('',*,*,#1461,.F.);
#2071=ORIENTED_EDGE('',*,*,#1515,.T.);
#2072=ORIENTED_EDGE('',*,*,#1533,.T.);
#2073=ORIENTED_EDGE('',*,*,#1534,.T.);
#2074=ORIENTED_EDGE('',*,*,#1535,.T.);
#2075=ORIENTED_EDGE('',*,*,#1536,.T.);
#2076=ORIENTED_EDGE('',*,*,#1537,.T.);
#2077=ORIENTED_EDGE('',*,*,#1531,.T.);
#2078=ORIENTED_EDGE('',*,*,#1538,.T.);
#2079=ORIENTED_EDGE('',*,*,#1513,.F.);
#2080=ORIENTED_EDGE('',*,*,#1539,.T.);
#2081=ORIENTED_EDGE('',*,*,#1540,.T.);
#2082=ORIENTED_EDGE('',*,*,#1541,.T.);
#2083=ORIENTED_EDGE('',*,*,#1506,.F.);
#2084=ORIENTED_EDGE('',*,*,#1542,.F.);
#2085=ORIENTED_EDGE('',*,*,#1543,.F.);
#2086=ORIENTED_EDGE('',*,*,#1544,.F.);
#2087=ORIENTED_EDGE('',*,*,#1545,.F.);
#2088=ORIENTED_EDGE('',*,*,#1546,.F.);
#2089=ORIENTED_EDGE('',*,*,#1547,.F.);
#2090=ORIENTED_EDGE('',*,*,#1548,.T.);
#2091=ORIENTED_EDGE('',*,*,#1549,.T.);
#2092=ORIENTED_EDGE('',*,*,#1539,.F.);
#2093=ORIENTED_EDGE('',*,*,#1550,.F.);
#2094=ORIENTED_EDGE('',*,*,#1551,.F.);
#2095=ORIENTED_EDGE('',*,*,#1552,.F.);
#2096=ORIENTED_EDGE('',*,*,#1529,.F.);
#2097=ORIENTED_EDGE('',*,*,#1520,.F.);
#2098=ORIENTED_EDGE('',*,*,#1553,.T.);
#2099=ORIENTED_EDGE('',*,*,#1554,.T.);
#2100=ORIENTED_EDGE('',*,*,#1542,.T.);
#2101=ORIENTED_EDGE('',*,*,#1555,.T.);
#2102=ORIENTED_EDGE('',*,*,#1556,.T.);
#2103=ORIENTED_EDGE('',*,*,#1557,.F.);
#2104=ORIENTED_EDGE('',*,*,#1469,.F.);
#2105=ORIENTED_EDGE('',*,*,#1558,.T.);
#2106=ORIENTED_EDGE('',*,*,#1559,.T.);
#2107=ORIENTED_EDGE('',*,*,#1560,.F.);
#2108=ORIENTED_EDGE('',*,*,#1534,.F.);
#2109=ORIENTED_EDGE('',*,*,#1533,.F.);
#2110=ORIENTED_EDGE('',*,*,#1514,.F.);
#2111=ORIENTED_EDGE('',*,*,#1541,.F.);
#2112=ORIENTED_EDGE('',*,*,#1561,.F.);
#2113=ORIENTED_EDGE('',*,*,#1562,.T.);
#2114=ORIENTED_EDGE('',*,*,#1563,.T.);
#2115=ORIENTED_EDGE('',*,*,#1465,.F.);
#2116=ORIENTED_EDGE('',*,*,#1564,.F.);
#2117=ORIENTED_EDGE('',*,*,#1559,.F.);
#2118=ORIENTED_EDGE('',*,*,#1562,.F.);
#2119=ORIENTED_EDGE('',*,*,#1565,.F.);
#2120=ORIENTED_EDGE('',*,*,#1566,.F.);
#2121=ORIENTED_EDGE('',*,*,#1466,.F.);
#2122=ORIENTED_EDGE('',*,*,#1563,.F.);
#2123=ORIENTED_EDGE('',*,*,#1558,.F.);
#2124=ORIENTED_EDGE('',*,*,#1567,.T.);
#2125=ORIENTED_EDGE('',*,*,#1568,.T.);
#2126=ORIENTED_EDGE('',*,*,#1548,.F.);
#2127=ORIENTED_EDGE('',*,*,#1569,.F.);
#2128=ORIENTED_EDGE('',*,*,#1570,.T.);
#2129=ORIENTED_EDGE('',*,*,#1571,.T.);
#2130=ORIENTED_EDGE('',*,*,#1544,.T.);
#2131=ORIENTED_EDGE('',*,*,#1572,.F.);
#2132=ORIENTED_EDGE('',*,*,#1573,.T.);
#2133=ORIENTED_EDGE('',*,*,#1574,.F.);
#2134=ORIENTED_EDGE('',*,*,#1575,.T.);
#2135=ORIENTED_EDGE('',*,*,#1565,.T.);
#2136=ORIENTED_EDGE('',*,*,#1561,.T.);
#2137=ORIENTED_EDGE('',*,*,#1540,.F.);
#2138=ORIENTED_EDGE('',*,*,#1549,.F.);
#2139=ORIENTED_EDGE('',*,*,#1568,.F.);
#2140=ORIENTED_EDGE('',*,*,#1576,.F.);
#2141=ORIENTED_EDGE('',*,*,#1577,.F.);
#2142=ORIENTED_EDGE('',*,*,#1555,.F.);
#2143=ORIENTED_EDGE('',*,*,#1468,.F.);
#2144=ORIENTED_EDGE('',*,*,#1578,.F.);
#2145=ORIENTED_EDGE('',*,*,#1579,.F.);
#2146=ORIENTED_EDGE('',*,*,#1577,.T.);
#2147=ORIENTED_EDGE('',*,*,#1576,.T.);
#2148=ORIENTED_EDGE('',*,*,#1580,.T.);
#2149=ORIENTED_EDGE('',*,*,#1553,.F.);
#2150=ORIENTED_EDGE('',*,*,#1519,.T.);
#2151=ORIENTED_EDGE('',*,*,#1581,.T.);
#2152=ORIENTED_EDGE('',*,*,#1582,.F.);
#2153=ORIENTED_EDGE('',*,*,#1583,.F.);
#2154=ORIENTED_EDGE('',*,*,#1556,.F.);
#2155=ORIENTED_EDGE('',*,*,#1584,.T.);
#2156=ORIENTED_EDGE('',*,*,#1572,.T.);
#2157=ORIENTED_EDGE('',*,*,#1543,.T.);
#2158=ORIENTED_EDGE('',*,*,#1554,.F.);
#2159=ORIENTED_EDGE('',*,*,#1580,.F.);
#2160=ORIENTED_EDGE('',*,*,#1579,.T.);
#2161=ORIENTED_EDGE('',*,*,#1557,.T.);
#2162=ORIENTED_EDGE('',*,*,#1585,.T.);
#2163=ORIENTED_EDGE('',*,*,#1586,.F.);
#2164=ORIENTED_EDGE('',*,*,#1587,.F.);
#2165=ORIENTED_EDGE('',*,*,#1470,.F.);
#2166=ORIENTED_EDGE('',*,*,#1560,.T.);
#2167=ORIENTED_EDGE('',*,*,#1564,.T.);
#2168=ORIENTED_EDGE('',*,*,#1464,.F.);
#2169=ORIENTED_EDGE('',*,*,#1588,.T.);
#2170=ORIENTED_EDGE('',*,*,#1535,.F.);
#2171=ORIENTED_EDGE('',*,*,#1589,.F.);
#2172=ORIENTED_EDGE('',*,*,#1550,.T.);
#2173=ORIENTED_EDGE('',*,*,#1528,.T.);
#2174=ORIENTED_EDGE('',*,*,#1590,.T.);
#2175=ORIENTED_EDGE('',*,*,#1590,.F.);
#2176=ORIENTED_EDGE('',*,*,#1527,.F.);
#2177=ORIENTED_EDGE('',*,*,#1591,.F.);
#2178=ORIENTED_EDGE('',*,*,#1592,.F.);
#2179=ORIENTED_EDGE('',*,*,#1570,.F.);
#2180=ORIENTED_EDGE('',*,*,#1593,.F.);
#2181=ORIENTED_EDGE('',*,*,#1594,.F.);
#2182=ORIENTED_EDGE('',*,*,#1595,.F.);
#2183=ORIENTED_EDGE('',*,*,#1511,.T.);
#2184=ORIENTED_EDGE('',*,*,#1478,.F.);
#2185=ORIENTED_EDGE('',*,*,#1596,.T.);
#2186=ORIENTED_EDGE('',*,*,#1597,.F.);
#2187=ORIENTED_EDGE('',*,*,#1598,.F.);
#2188=ORIENTED_EDGE('',*,*,#1593,.T.);
#2189=ORIENTED_EDGE('',*,*,#1569,.T.);
#2190=ORIENTED_EDGE('',*,*,#1547,.T.);
#2191=ORIENTED_EDGE('',*,*,#1599,.T.);
#2192=ORIENTED_EDGE('',*,*,#1600,.F.);
#2193=ORIENTED_EDGE('',*,*,#1601,.T.);
#2194=ORIENTED_EDGE('',*,*,#1594,.T.);
#2195=ORIENTED_EDGE('',*,*,#1598,.T.);
#2196=ORIENTED_EDGE('',*,*,#1602,.F.);
#2197=ORIENTED_EDGE('',*,*,#1603,.T.);
#2198=ORIENTED_EDGE('',*,*,#1591,.T.);
#2199=ORIENTED_EDGE('',*,*,#1526,.T.);
#2200=ORIENTED_EDGE('',*,*,#1604,.F.);
#2201=ORIENTED_EDGE('',*,*,#1605,.F.);
#2202=ORIENTED_EDGE('',*,*,#1606,.T.);
#2203=ORIENTED_EDGE('',*,*,#1607,.F.);
#2204=ORIENTED_EDGE('',*,*,#1608,.F.);
#2205=ORIENTED_EDGE('',*,*,#1609,.F.);
#2206=ORIENTED_EDGE('',*,*,#1610,.F.);
#2207=ORIENTED_EDGE('',*,*,#1611,.F.);
#2208=ORIENTED_EDGE('',*,*,#1612,.F.);
#2209=ORIENTED_EDGE('',*,*,#1613,.F.);
#2210=ORIENTED_EDGE('',*,*,#1614,.F.);
#2211=ORIENTED_EDGE('',*,*,#1615,.F.);
#2212=ORIENTED_EDGE('',*,*,#1610,.T.);
#2213=ORIENTED_EDGE('',*,*,#1616,.F.);
#2214=ORIENTED_EDGE('',*,*,#1617,.F.);
#2215=ORIENTED_EDGE('',*,*,#1618,.F.);
#2216=ORIENTED_EDGE('',*,*,#1606,.F.);
#2217=ORIENTED_EDGE('',*,*,#1582,.T.);
#2218=ORIENTED_EDGE('',*,*,#1581,.F.);
#2219=ORIENTED_EDGE('',*,*,#1619,.F.);
#2220=ORIENTED_EDGE('',*,*,#1620,.F.);
#2221=ORIENTED_EDGE('',*,*,#1621,.F.);
#2222=ORIENTED_EDGE('',*,*,#1583,.T.);
#2223=ORIENTED_EDGE('',*,*,#1621,.T.);
#2224=ORIENTED_EDGE('',*,*,#1622,.F.);
#2225=ORIENTED_EDGE('',*,*,#1623,.F.);
#2226=ORIENTED_EDGE('',*,*,#1585,.F.);
#2227=ORIENTED_EDGE('',*,*,#1623,.T.);
#2228=ORIENTED_EDGE('',*,*,#1624,.T.);
#2229=ORIENTED_EDGE('',*,*,#1625,.T.);
#2230=ORIENTED_EDGE('',*,*,#1608,.T.);
#2231=ORIENTED_EDGE('',*,*,#1626,.T.);
#2232=ORIENTED_EDGE('',*,*,#1586,.T.);
#2233=ORIENTED_EDGE('',*,*,#1518,.T.);
#2234=ORIENTED_EDGE('',*,*,#1627,.T.);
#2235=ORIENTED_EDGE('',*,*,#1628,.T.);
#2236=ORIENTED_EDGE('',*,*,#1629,.T.);
#2237=ORIENTED_EDGE('',*,*,#1617,.T.);
#2238=ORIENTED_EDGE('',*,*,#1630,.T.);
#2239=ORIENTED_EDGE('',*,*,#1619,.T.);
#2240=ORIENTED_EDGE('',*,*,#1611,.T.);
#2241=ORIENTED_EDGE('',*,*,#1615,.T.);
#2242=ORIENTED_EDGE('',*,*,#1631,.T.);
#2243=ORIENTED_EDGE('',*,*,#1632,.F.);
#2244=ORIENTED_EDGE('',*,*,#1440,.F.);
#2245=ORIENTED_EDGE('',*,*,#1633,.T.);
#2246=ORIENTED_EDGE('',*,*,#1634,.T.);
#2247=ORIENTED_EDGE('',*,*,#1438,.F.);
#2248=ORIENTED_EDGE('',*,*,#1635,.F.);
#2249=ORIENTED_EDGE('',*,*,#1636,.T.);
#2250=ORIENTED_EDGE('',*,*,#1614,.T.);
#2251=ORIENTED_EDGE('',*,*,#1637,.F.);
#2252=ORIENTED_EDGE('',*,*,#1638,.F.);
#2253=ORIENTED_EDGE('',*,*,#1631,.F.);
#2254=ORIENTED_EDGE('',*,*,#1612,.T.);
#2255=ORIENTED_EDGE('',*,*,#1636,.F.);
#2256=ORIENTED_EDGE('',*,*,#1639,.F.);
#2257=ORIENTED_EDGE('',*,*,#1640,.T.);
#2258=ORIENTED_EDGE('',*,*,#1641,.F.);
#2259=ORIENTED_EDGE('',*,*,#1467,.F.);
#2260=ORIENTED_EDGE('',*,*,#1566,.T.);
#2261=ORIENTED_EDGE('',*,*,#1575,.F.);
#2262=ORIENTED_EDGE('',*,*,#1567,.F.);
#2263=ORIENTED_EDGE('',*,*,#1574,.T.);
#2264=ORIENTED_EDGE('',*,*,#1573,.F.);
#2265=ORIENTED_EDGE('',*,*,#1584,.F.);
#2266=ORIENTED_EDGE('',*,*,#1578,.T.);
#2267=ORIENTED_EDGE('',*,*,#1510,.T.);
#2268=ORIENTED_EDGE('',*,*,#1523,.F.);
#2269=ORIENTED_EDGE('',*,*,#1642,.T.);
#2270=ORIENTED_EDGE('',*,*,#1551,.T.);
#2271=ORIENTED_EDGE('',*,*,#1589,.T.);
#2272=ORIENTED_EDGE('',*,*,#1592,.T.);
#2273=ORIENTED_EDGE('',*,*,#1603,.F.);
#2274=ORIENTED_EDGE('',*,*,#1643,.F.);
#2275=ORIENTED_EDGE('',*,*,#1644,.T.);
#2276=ORIENTED_EDGE('',*,*,#1456,.F.);
#2277=ORIENTED_EDGE('',*,*,#1552,.T.);
#2278=ORIENTED_EDGE('',*,*,#1642,.F.);
#2279=ORIENTED_EDGE('',*,*,#1522,.F.);
#2280=ORIENTED_EDGE('',*,*,#1530,.F.);
#2281=ORIENTED_EDGE('',*,*,#1504,.T.);
#2282=ORIENTED_EDGE('',*,*,#1645,.F.);
#2283=ORIENTED_EDGE('',*,*,#1646,.T.);
#2284=ORIENTED_EDGE('',*,*,#1545,.T.);
#2285=ORIENTED_EDGE('',*,*,#1571,.F.);
#2286=ORIENTED_EDGE('',*,*,#1595,.T.);
#2287=ORIENTED_EDGE('',*,*,#1601,.F.);
#2288=ORIENTED_EDGE('',*,*,#1647,.F.);
#2289=ORIENTED_EDGE('',*,*,#1648,.T.);
#2290=ORIENTED_EDGE('',*,*,#1476,.F.);
#2291=ORIENTED_EDGE('',*,*,#1546,.T.);
#2292=ORIENTED_EDGE('',*,*,#1646,.F.);
#2293=ORIENTED_EDGE('',*,*,#1649,.F.);
#2294=ORIENTED_EDGE('',*,*,#1599,.F.);
#2295=ORIENTED_EDGE('',*,*,#1650,.F.);
#2296=ORIENTED_EDGE('',*,*,#1651,.T.);
#2297=ORIENTED_EDGE('',*,*,#1652,.F.);
#2298=ORIENTED_EDGE('',*,*,#1651,.F.);
#2299=ORIENTED_EDGE('',*,*,#1653,.F.);
#2300=ORIENTED_EDGE('',*,*,#1654,.T.);
#2301=ORIENTED_EDGE('',*,*,#1655,.F.);
#2302=ORIENTED_EDGE('',*,*,#1654,.F.);
#2303=ORIENTED_EDGE('',*,*,#1656,.F.);
#2304=ORIENTED_EDGE('',*,*,#1657,.T.);
#2305=ORIENTED_EDGE('',*,*,#1658,.F.);
#2306=ORIENTED_EDGE('',*,*,#1657,.F.);
#2307=ORIENTED_EDGE('',*,*,#1659,.F.);
#2308=ORIENTED_EDGE('',*,*,#1660,.T.);
#2309=ORIENTED_EDGE('',*,*,#1661,.F.);
#2310=ORIENTED_EDGE('',*,*,#1660,.F.);
#2311=ORIENTED_EDGE('',*,*,#1620,.T.);
#2312=ORIENTED_EDGE('',*,*,#1630,.F.);
#2313=ORIENTED_EDGE('',*,*,#1616,.T.);
#2314=ORIENTED_EDGE('',*,*,#1605,.T.);
#2315=ORIENTED_EDGE('',*,*,#1625,.F.);
#2316=ORIENTED_EDGE('',*,*,#1662,.T.);
#2317=ORIENTED_EDGE('',*,*,#1663,.F.);
#2318=ORIENTED_EDGE('',*,*,#1662,.F.);
#2319=ORIENTED_EDGE('',*,*,#1624,.F.);
#2320=ORIENTED_EDGE('',*,*,#1622,.T.);
#2321=ORIENTED_EDGE('',*,*,#1538,.F.);
#2322=ORIENTED_EDGE('',*,*,#1664,.T.);
#2323=ORIENTED_EDGE('',*,*,#1665,.F.);
#2324=ORIENTED_EDGE('',*,*,#1664,.F.);
#2325=ORIENTED_EDGE('',*,*,#1666,.F.);
#2326=ORIENTED_EDGE('',*,*,#1667,.T.);
#2327=ORIENTED_EDGE('',*,*,#1668,.F.);
#2328=ORIENTED_EDGE('',*,*,#1667,.F.);
#2329=ORIENTED_EDGE('',*,*,#1669,.F.);
#2330=ORIENTED_EDGE('',*,*,#1670,.T.);
#2331=ORIENTED_EDGE('',*,*,#1671,.F.);
#2332=ORIENTED_EDGE('',*,*,#1670,.F.);
#2333=ORIENTED_EDGE('',*,*,#1672,.T.);
#2334=ORIENTED_EDGE('',*,*,#1439,.F.);
#2335=ORIENTED_EDGE('',*,*,#1449,.F.);
#2336=ORIENTED_EDGE('',*,*,#1673,.F.);
#2337=ORIENTED_EDGE('',*,*,#1674,.F.);
#2338=ORIENTED_EDGE('',*,*,#1673,.T.);
#2339=ORIENTED_EDGE('',*,*,#1675,.F.);
#2340=ORIENTED_EDGE('',*,*,#1676,.T.);
#2341=ORIENTED_EDGE('',*,*,#1677,.T.);
#2342=ORIENTED_EDGE('',*,*,#1676,.F.);
#2343=ORIENTED_EDGE('',*,*,#1677,.F.);
#2344=ORIENTED_EDGE('',*,*,#1653,.T.);
#2345=ORIENTED_EDGE('',*,*,#1659,.T.);
#2346=ORIENTED_EDGE('',*,*,#1678,.F.);
#2347=ORIENTED_EDGE('',*,*,#1379,.T.);
#2348=ORIENTED_EDGE('',*,*,#1435,.T.);
#2349=ORIENTED_EDGE('',*,*,#1376,.F.);
#2350=ORIENTED_EDGE('',*,*,#1433,.T.);
#2351=ORIENTED_EDGE('',*,*,#1356,.T.);
#2352=ORIENTED_EDGE('',*,*,#1503,.T.);
#2353=ORIENTED_EDGE('',*,*,#1353,.F.);
#2354=ORIENTED_EDGE('',*,*,#1501,.T.);
#2355=ORIENTED_EDGE('',*,*,#1481,.F.);
#2356=ORIENTED_EDGE('',*,*,#1679,.T.);
#2357=ORIENTED_EDGE('',*,*,#1680,.F.);
#2358=ORIENTED_EDGE('',*,*,#1679,.F.);
#2359=ORIENTED_EDGE('',*,*,#1632,.T.);
#2360=ORIENTED_EDGE('',*,*,#1638,.T.);
#2361=ORIENTED_EDGE('',*,*,#1681,.T.);
#2362=ORIENTED_EDGE('',*,*,#1441,.T.);
#2363=ORIENTED_EDGE('',*,*,#1682,.T.);
#2364=ORIENTED_EDGE('',*,*,#1639,.T.);
#2365=ORIENTED_EDGE('',*,*,#1635,.T.);
#2366=ORIENTED_EDGE('',*,*,#1437,.T.);
#2367=ORIENTED_EDGE('',*,*,#1633,.F.);
#2368=ORIENTED_EDGE('',*,*,#1672,.F.);
#2369=ORIENTED_EDGE('',*,*,#1634,.F.);
#2370=ORIENTED_EDGE('',*,*,#1683,.T.);
#2371=ORIENTED_EDGE('',*,*,#1684,.F.);
#2372=ORIENTED_EDGE('',*,*,#1683,.F.);
#2373=ORIENTED_EDGE('',*,*,#1685,.F.);
#2374=ORIENTED_EDGE('',*,*,#1686,.T.);
#2375=ORIENTED_EDGE('',*,*,#1687,.F.);
#2376=ORIENTED_EDGE('',*,*,#1686,.F.);
#2377=ORIENTED_EDGE('',*,*,#1684,.T.);
#2378=ORIENTED_EDGE('',*,*,#1652,.T.);
#2379=ORIENTED_EDGE('',*,*,#1658,.T.);
#2380=ORIENTED_EDGE('',*,*,#1685,.T.);
#2381=ORIENTED_EDGE('',*,*,#1443,.T.);
#2382=ORIENTED_EDGE('',*,*,#1688,.T.);
#2383=ORIENTED_EDGE('',*,*,#1689,.T.);
#2384=ORIENTED_EDGE('',*,*,#1690,.T.);
#2385=ORIENTED_EDGE('',*,*,#1609,.T.);
#2386=ORIENTED_EDGE('',*,*,#1641,.T.);
#2387=ORIENTED_EDGE('',*,*,#1691,.F.);
#2388=ORIENTED_EDGE('',*,*,#1692,.T.);
#2389=ORIENTED_EDGE('',*,*,#1688,.F.);
#2390=ORIENTED_EDGE('',*,*,#1442,.F.);
#2391=ORIENTED_EDGE('',*,*,#1681,.F.);
#2392=ORIENTED_EDGE('',*,*,#1637,.T.);
#2393=ORIENTED_EDGE('',*,*,#1613,.T.);
#2394=ORIENTED_EDGE('',*,*,#1650,.T.);
#2395=ORIENTED_EDGE('',*,*,#1656,.T.);
#2396=ORIENTED_EDGE('',*,*,#1687,.T.);
#2397=ORIENTED_EDGE('',*,*,#1445,.T.);
#2398=ORIENTED_EDGE('',*,*,#1693,.T.);
#2399=ORIENTED_EDGE('',*,*,#1694,.T.);
#2400=ORIENTED_EDGE('',*,*,#1695,.T.);
#2401=ORIENTED_EDGE('',*,*,#1695,.F.);
#2402=ORIENTED_EDGE('',*,*,#1696,.T.);
#2403=ORIENTED_EDGE('',*,*,#1697,.T.);
#2404=ORIENTED_EDGE('',*,*,#1698,.T.);
#2405=ORIENTED_EDGE('',*,*,#1699,.F.);
#2406=ORIENTED_EDGE('',*,*,#1446,.F.);
#2407=ORIENTED_EDGE('',*,*,#1655,.T.);
#2408=ORIENTED_EDGE('',*,*,#1661,.T.);
#2409=ORIENTED_EDGE('',*,*,#1700,.T.);
#2410=ORIENTED_EDGE('',*,*,#1689,.F.);
#2411=ORIENTED_EDGE('',*,*,#1692,.F.);
#2412=ORIENTED_EDGE('',*,*,#1701,.T.);
#2413=ORIENTED_EDGE('',*,*,#1702,.F.);
#2414=ORIENTED_EDGE('',*,*,#1703,.T.);
#2415=ORIENTED_EDGE('',*,*,#1696,.F.);
#2416=ORIENTED_EDGE('',*,*,#1694,.F.);
#2417=ORIENTED_EDGE('',*,*,#1704,.T.);
#2418=ORIENTED_EDGE('',*,*,#1431,.T.);
#2419=ORIENTED_EDGE('',*,*,#1362,.T.);
#2420=ORIENTED_EDGE('',*,*,#1434,.T.);
#2421=ORIENTED_EDGE('',*,*,#1408,.T.);
#2422=ORIENTED_EDGE('',*,*,#1500,.T.);
#2423=ORIENTED_EDGE('',*,*,#1339,.T.);
#2424=ORIENTED_EDGE('',*,*,#1502,.T.);
#2425=ORIENTED_EDGE('',*,*,#1385,.T.);
#2426=ORIENTED_EDGE('',*,*,#1663,.T.);
#2427=ORIENTED_EDGE('',*,*,#1665,.T.);
#2428=ORIENTED_EDGE('',*,*,#1668,.T.);
#2429=ORIENTED_EDGE('',*,*,#1671,.T.);
#2430=ORIENTED_EDGE('',*,*,#1680,.T.);
#2431=ORIENTED_EDGE('',*,*,#1482,.F.);
#2432=ORIENTED_EDGE('',*,*,#1705,.T.);
#2433=ORIENTED_EDGE('',*,*,#1706,.F.);
#2434=ORIENTED_EDGE('',*,*,#1707,.F.);
#2435=ORIENTED_EDGE('',*,*,#1483,.F.);
#2436=ORIENTED_EDGE('',*,*,#1707,.T.);
#2437=ORIENTED_EDGE('',*,*,#1708,.F.);
#2438=ORIENTED_EDGE('',*,*,#1709,.F.);
#2439=ORIENTED_EDGE('',*,*,#1484,.F.);
#2440=ORIENTED_EDGE('',*,*,#1709,.T.);
#2441=ORIENTED_EDGE('',*,*,#1710,.F.);
#2442=ORIENTED_EDGE('',*,*,#1711,.F.);
#2443=ORIENTED_EDGE('',*,*,#1485,.F.);
#2444=ORIENTED_EDGE('',*,*,#1711,.T.);
#2445=ORIENTED_EDGE('',*,*,#1712,.F.);
#2446=ORIENTED_EDGE('',*,*,#1705,.F.);
#2447=ORIENTED_EDGE('',*,*,#1712,.T.);
#2448=ORIENTED_EDGE('',*,*,#1710,.T.);
#2449=ORIENTED_EDGE('',*,*,#1708,.T.);
#2450=ORIENTED_EDGE('',*,*,#1706,.T.);
#2451=ORIENTED_EDGE('',*,*,#1669,.T.);
#2452=ORIENTED_EDGE('',*,*,#1472,.F.);
#2453=ORIENTED_EDGE('',*,*,#1713,.T.);
#2454=ORIENTED_EDGE('',*,*,#1628,.F.);
#2455=ORIENTED_EDGE('',*,*,#1714,.F.);
#2456=ORIENTED_EDGE('',*,*,#1517,.T.);
#2457=ORIENTED_EDGE('',*,*,#1473,.F.);
#2458=ORIENTED_EDGE('',*,*,#1714,.T.);
#2459=ORIENTED_EDGE('',*,*,#1627,.F.);
#2460=ORIENTED_EDGE('',*,*,#1618,.T.);
#2461=ORIENTED_EDGE('',*,*,#1629,.F.);
#2462=ORIENTED_EDGE('',*,*,#1713,.F.);
#2463=ORIENTED_EDGE('',*,*,#1471,.F.);
#2464=ORIENTED_EDGE('',*,*,#1587,.T.);
#2465=ORIENTED_EDGE('',*,*,#1626,.F.);
#2466=ORIENTED_EDGE('',*,*,#1607,.T.);
#2467=ORIENTED_EDGE('',*,*,#1486,.F.);
#2468=ORIENTED_EDGE('',*,*,#1715,.T.);
#2469=ORIENTED_EDGE('',*,*,#1716,.F.);
#2470=ORIENTED_EDGE('',*,*,#1717,.F.);
#2471=ORIENTED_EDGE('',*,*,#1487,.F.);
#2472=ORIENTED_EDGE('',*,*,#1717,.T.);
#2473=ORIENTED_EDGE('',*,*,#1718,.F.);
#2474=ORIENTED_EDGE('',*,*,#1719,.F.);
#2475=ORIENTED_EDGE('',*,*,#1488,.F.);
#2476=ORIENTED_EDGE('',*,*,#1719,.T.);
#2477=ORIENTED_EDGE('',*,*,#1720,.F.);
#2478=ORIENTED_EDGE('',*,*,#1721,.F.);
#2479=ORIENTED_EDGE('',*,*,#1489,.F.);
#2480=ORIENTED_EDGE('',*,*,#1721,.T.);
#2481=ORIENTED_EDGE('',*,*,#1722,.F.);
#2482=ORIENTED_EDGE('',*,*,#1715,.F.);
#2483=ORIENTED_EDGE('',*,*,#1722,.T.);
#2484=ORIENTED_EDGE('',*,*,#1720,.T.);
#2485=ORIENTED_EDGE('',*,*,#1718,.T.);
#2486=ORIENTED_EDGE('',*,*,#1716,.T.);
#2487=ORIENTED_EDGE('',*,*,#1666,.T.);
#2488=ORIENTED_EDGE('',*,*,#1462,.F.);
#2489=ORIENTED_EDGE('',*,*,#1532,.T.);
#2490=ORIENTED_EDGE('',*,*,#1537,.F.);
#2491=ORIENTED_EDGE('',*,*,#1723,.F.);
#2492=ORIENTED_EDGE('',*,*,#1463,.F.);
#2493=ORIENTED_EDGE('',*,*,#1723,.T.);
#2494=ORIENTED_EDGE('',*,*,#1536,.F.);
#2495=ORIENTED_EDGE('',*,*,#1588,.F.);
#2496=ORIENTED_EDGE('',*,*,#1724,.T.);
#2497=ORIENTED_EDGE('',*,*,#1725,.T.);
#2498=ORIENTED_EDGE('',*,*,#1726,.T.);
#2499=ORIENTED_EDGE('',*,*,#1493,.T.);
#2500=ORIENTED_EDGE('',*,*,#1725,.F.);
#2501=ORIENTED_EDGE('',*,*,#1727,.F.);
#2502=ORIENTED_EDGE('',*,*,#1728,.F.);
#2503=ORIENTED_EDGE('',*,*,#1729,.F.);
#2504=ORIENTED_EDGE('',*,*,#1730,.T.);
#2505=ORIENTED_EDGE('',*,*,#1731,.T.);
#2506=ORIENTED_EDGE('',*,*,#1732,.T.);
#2507=ORIENTED_EDGE('',*,*,#1497,.T.);
#2508=ORIENTED_EDGE('',*,*,#1731,.F.);
#2509=ORIENTED_EDGE('',*,*,#1733,.F.);
#2510=ORIENTED_EDGE('',*,*,#1734,.F.);
#2511=ORIENTED_EDGE('',*,*,#1735,.F.);
#2512=ORIENTED_EDGE('',*,*,#1512,.T.);
#2513=ORIENTED_EDGE('',*,*,#1600,.T.);
#2514=ORIENTED_EDGE('',*,*,#1649,.T.);
#2515=ORIENTED_EDGE('',*,*,#1645,.T.);
#2516=ORIENTED_EDGE('',*,*,#1494,.F.);
#2517=ORIENTED_EDGE('',*,*,#1732,.F.);
#2518=ORIENTED_EDGE('',*,*,#1735,.T.);
#2519=ORIENTED_EDGE('',*,*,#1736,.F.);
#2520=ORIENTED_EDGE('',*,*,#1737,.T.);
#2521=ORIENTED_EDGE('',*,*,#1738,.F.);
#2522=ORIENTED_EDGE('',*,*,#1739,.T.);
#2523=ORIENTED_EDGE('',*,*,#1495,.F.);
#2524=ORIENTED_EDGE('',*,*,#1739,.F.);
#2525=ORIENTED_EDGE('',*,*,#1740,.F.);
#2526=ORIENTED_EDGE('',*,*,#1741,.F.);
#2527=ORIENTED_EDGE('',*,*,#1477,.F.);
#2528=ORIENTED_EDGE('',*,*,#1648,.F.);
#2529=ORIENTED_EDGE('',*,*,#1742,.F.);
#2530=ORIENTED_EDGE('',*,*,#1596,.F.);
#2531=ORIENTED_EDGE('',*,*,#1496,.F.);
#2532=ORIENTED_EDGE('',*,*,#1741,.T.);
#2533=ORIENTED_EDGE('',*,*,#1743,.F.);
#2534=ORIENTED_EDGE('',*,*,#1744,.T.);
#2535=ORIENTED_EDGE('',*,*,#1745,.F.);
#2536=ORIENTED_EDGE('',*,*,#1733,.T.);
#2537=ORIENTED_EDGE('',*,*,#1730,.F.);
#2538=ORIENTED_EDGE('',*,*,#1743,.T.);
#2539=ORIENTED_EDGE('',*,*,#1740,.T.);
#2540=ORIENTED_EDGE('',*,*,#1738,.T.);
#2541=ORIENTED_EDGE('',*,*,#1746,.T.);
#2542=ORIENTED_EDGE('',*,*,#1746,.F.);
#2543=ORIENTED_EDGE('',*,*,#1737,.F.);
#2544=ORIENTED_EDGE('',*,*,#1747,.F.);
#2545=ORIENTED_EDGE('',*,*,#1744,.F.);
#2546=ORIENTED_EDGE('',*,*,#1736,.T.);
#2547=ORIENTED_EDGE('',*,*,#1734,.T.);
#2548=ORIENTED_EDGE('',*,*,#1745,.T.);
#2549=ORIENTED_EDGE('',*,*,#1747,.T.);
#2550=ORIENTED_EDGE('',*,*,#1647,.T.);
#2551=ORIENTED_EDGE('',*,*,#1602,.T.);
#2552=ORIENTED_EDGE('',*,*,#1597,.T.);
#2553=ORIENTED_EDGE('',*,*,#1742,.T.);
#2554=ORIENTED_EDGE('',*,*,#1490,.F.);
#2555=ORIENTED_EDGE('',*,*,#1726,.F.);
#2556=ORIENTED_EDGE('',*,*,#1729,.T.);
#2557=ORIENTED_EDGE('',*,*,#1748,.F.);
#2558=ORIENTED_EDGE('',*,*,#1749,.T.);
#2559=ORIENTED_EDGE('',*,*,#1750,.F.);
#2560=ORIENTED_EDGE('',*,*,#1751,.T.);
#2561=ORIENTED_EDGE('',*,*,#1491,.F.);
#2562=ORIENTED_EDGE('',*,*,#1751,.F.);
#2563=ORIENTED_EDGE('',*,*,#1752,.F.);
#2564=ORIENTED_EDGE('',*,*,#1753,.F.);
#2565=ORIENTED_EDGE('',*,*,#1457,.F.);
#2566=ORIENTED_EDGE('',*,*,#1644,.F.);
#2567=ORIENTED_EDGE('',*,*,#1754,.F.);
#2568=ORIENTED_EDGE('',*,*,#1524,.F.);
#2569=ORIENTED_EDGE('',*,*,#1492,.F.);
#2570=ORIENTED_EDGE('',*,*,#1753,.T.);
#2571=ORIENTED_EDGE('',*,*,#1755,.F.);
#2572=ORIENTED_EDGE('',*,*,#1756,.T.);
#2573=ORIENTED_EDGE('',*,*,#1757,.F.);
#2574=ORIENTED_EDGE('',*,*,#1727,.T.);
#2575=ORIENTED_EDGE('',*,*,#1724,.F.);
#2576=ORIENTED_EDGE('',*,*,#1755,.T.);
#2577=ORIENTED_EDGE('',*,*,#1752,.T.);
#2578=ORIENTED_EDGE('',*,*,#1750,.T.);
#2579=ORIENTED_EDGE('',*,*,#1758,.T.);
#2580=ORIENTED_EDGE('',*,*,#1758,.F.);
#2581=ORIENTED_EDGE('',*,*,#1749,.F.);
#2582=ORIENTED_EDGE('',*,*,#1759,.F.);
#2583=ORIENTED_EDGE('',*,*,#1756,.F.);
#2584=ORIENTED_EDGE('',*,*,#1748,.T.);
#2585=ORIENTED_EDGE('',*,*,#1728,.T.);
#2586=ORIENTED_EDGE('',*,*,#1757,.T.);
#2587=ORIENTED_EDGE('',*,*,#1759,.T.);
#2588=ORIENTED_EDGE('',*,*,#1643,.T.);
#2589=ORIENTED_EDGE('',*,*,#1604,.T.);
#2590=ORIENTED_EDGE('',*,*,#1525,.T.);
#2591=ORIENTED_EDGE('',*,*,#1754,.T.);
#2592=ORIENTED_EDGE('',*,*,#1760,.T.);
#2593=ORIENTED_EDGE('',*,*,#1447,.T.);
#2594=ORIENTED_EDGE('',*,*,#1699,.T.);
#2595=ORIENTED_EDGE('',*,*,#1761,.T.);
#2596=ORIENTED_EDGE('',*,*,#1762,.F.);
#2597=ORIENTED_EDGE('',*,*,#1451,.T.);
#2598=ORIENTED_EDGE('',*,*,#1763,.T.);
#2599=ORIENTED_EDGE('',*,*,#1764,.T.);
#2600=ORIENTED_EDGE('',*,*,#1761,.F.);
#2601=ORIENTED_EDGE('',*,*,#1698,.F.);
#2602=ORIENTED_EDGE('',*,*,#1765,.T.);
#2603=ORIENTED_EDGE('',*,*,#1764,.F.);
#2604=ORIENTED_EDGE('',*,*,#1766,.F.);
#2605=ORIENTED_EDGE('',*,*,#1674,.T.);
#2606=ORIENTED_EDGE('',*,*,#1675,.T.);
#2607=ORIENTED_EDGE('',*,*,#1448,.F.);
#2608=ORIENTED_EDGE('',*,*,#1760,.F.);
#2609=ORIENTED_EDGE('',*,*,#1766,.T.);
#2610=ORIENTED_EDGE('',*,*,#1763,.F.);
#2611=ORIENTED_EDGE('',*,*,#1450,.F.);
#2612=ORIENTED_EDGE('',*,*,#1678,.T.);
#2613=ORIENTED_EDGE('',*,*,#1767,.T.);
#2614=ORIENTED_EDGE('',*,*,#1700,.F.);
#2615=ORIENTED_EDGE('',*,*,#1767,.F.);
#2616=ORIENTED_EDGE('',*,*,#1690,.F.);
#2617=ORIENTED_EDGE('',*,*,#1704,.F.);
#2618=ORIENTED_EDGE('',*,*,#1693,.F.);
#2619=ORIENTED_EDGE('',*,*,#1444,.F.);
#2620=ORIENTED_EDGE('',*,*,#1703,.F.);
#2621=ORIENTED_EDGE('',*,*,#1768,.T.);
#2622=ORIENTED_EDGE('',*,*,#1452,.F.);
#2623=ORIENTED_EDGE('',*,*,#1762,.T.);
#2624=ORIENTED_EDGE('',*,*,#1765,.F.);
#2625=ORIENTED_EDGE('',*,*,#1697,.F.);
#2626=ORIENTED_EDGE('',*,*,#1702,.T.);
#2627=ORIENTED_EDGE('',*,*,#1769,.T.);
#2628=ORIENTED_EDGE('',*,*,#1453,.F.);
#2629=ORIENTED_EDGE('',*,*,#1768,.F.);
#2630=ORIENTED_EDGE('',*,*,#1454,.F.);
#2631=ORIENTED_EDGE('',*,*,#1769,.F.);
#2632=ORIENTED_EDGE('',*,*,#1701,.F.);
#2633=ORIENTED_EDGE('',*,*,#1691,.T.);
#2634=ORIENTED_EDGE('',*,*,#1640,.F.);
#2635=ORIENTED_EDGE('',*,*,#1682,.F.);
#2636=CYLINDRICAL_SURFACE('',#2876,0.8115);
#2637=CYLINDRICAL_SURFACE('',#2878,0.8115);
#2638=CYLINDRICAL_SURFACE('',#2879,0.8115);
#2639=CYLINDRICAL_SURFACE('',#2880,0.8115);
#2640=CYLINDRICAL_SURFACE('',#2881,0.8115);
#2641=CYLINDRICAL_SURFACE('',#2882,0.8115);
#2642=CYLINDRICAL_SURFACE('',#2883,0.8115);
#2643=CYLINDRICAL_SURFACE('',#2885,0.8115);
#2644=CYLINDRICAL_SURFACE('',#2887,0.8115);
#2645=CYLINDRICAL_SURFACE('',#2888,0.8115);
#2646=CYLINDRICAL_SURFACE('',#2889,0.8115);
#2647=CYLINDRICAL_SURFACE('',#2890,0.8115);
#2648=CYLINDRICAL_SURFACE('',#2891,0.8115);
#2649=CYLINDRICAL_SURFACE('',#2892,0.8115);
#2650=CYLINDRICAL_SURFACE('',#2894,1.037);
#2651=CYLINDRICAL_SURFACE('',#2896,1.037);
#2652=CYLINDRICAL_SURFACE('',#2897,1.037);
#2653=CYLINDRICAL_SURFACE('',#2898,1.037);
#2654=CYLINDRICAL_SURFACE('',#2899,1.037);
#2655=CYLINDRICAL_SURFACE('',#2900,1.037);
#2656=CYLINDRICAL_SURFACE('',#2901,1.037);
#2657=CYLINDRICAL_SURFACE('',#2903,1.03700000000002);
#2658=CYLINDRICAL_SURFACE('',#2905,1.03700000000002);
#2659=CYLINDRICAL_SURFACE('',#2906,1.03700000000002);
#2660=CYLINDRICAL_SURFACE('',#2907,1.03700000000002);
#2661=CYLINDRICAL_SURFACE('',#2908,1.03700000000002);
#2662=CYLINDRICAL_SURFACE('',#2909,1.03700000000002);
#2663=CYLINDRICAL_SURFACE('',#2910,1.03700000000002);
#2664=CYLINDRICAL_SURFACE('',#2912,1.03700000000002);
#2665=CYLINDRICAL_SURFACE('',#2928,1.037);
#2666=CYLINDRICAL_SURFACE('',#2929,3.5);
#2667=CYLINDRICAL_SURFACE('',#2936,3.5);
#2668=CYLINDRICAL_SURFACE('',#2937,3.5);
#2669=CYLINDRICAL_SURFACE('',#2938,2.);
#2670=CYLINDRICAL_SURFACE('',#2947,5.);
#2671=CYLINDRICAL_SURFACE('',#2961,15.2604404183724);
#2672=CYLINDRICAL_SURFACE('',#2963,15.2604404183724);
#2673=CYLINDRICAL_SURFACE('',#2972,1.4);
#2674=CYLINDRICAL_SURFACE('',#2974,1.4);
#2675=CYLINDRICAL_SURFACE('',#2994,15.3693217621905);
#2676=CYLINDRICAL_SURFACE('',#2996,15.3693217621905);
#2677=CYLINDRICAL_SURFACE('',#3003,15.3604404183724);
#2678=CYLINDRICAL_SURFACE('',#3009,15.3604404183724);
#2679=CYLINDRICAL_SURFACE('',#3010,1.25);
#2680=CYLINDRICAL_SURFACE('',#3013,1.25);
#2681=CYLINDRICAL_SURFACE('',#3016,1.25);
#2682=CYLINDRICAL_SURFACE('',#3019,1.25);
#2683=CYLINDRICAL_SURFACE('',#3022,1.5);
#2684=CYLINDRICAL_SURFACE('',#3024,1.5);
#2685=CYLINDRICAL_SURFACE('',#3026,1.5);
#2686=CYLINDRICAL_SURFACE('',#3029,1.5);
#2687=CYLINDRICAL_SURFACE('',#3036,12.8350257807109);
#2688=CYLINDRICAL_SURFACE('',#3042,0.8115);
#2689=CYLINDRICAL_SURFACE('',#3043,0.8115);
#2690=CYLINDRICAL_SURFACE('',#3044,11.6264891221038);
#2691=CYLINDRICAL_SURFACE('',#3046,3.);
#2692=CYLINDRICAL_SURFACE('',#3048,3.);
#2693=CYLINDRICAL_SURFACE('',#3049,12.8002393812231);
#2694=CYLINDRICAL_SURFACE('',#3051,3.94558812834061);
#2695=CYLINDRICAL_SURFACE('',#3055,47.5);
#2696=CYLINDRICAL_SURFACE('',#3058,47.5);
#2697=CYLINDRICAL_SURFACE('',#3069,5.);
#2698=CYLINDRICAL_SURFACE('',#3072,18.9036161296641);
#2699=CYLINDRICAL_SURFACE('',#3076,5.00000000000003);
#2700=CYLINDRICAL_SURFACE('',#3077,70.3779706632081);
#2701=CYLINDRICAL_SURFACE('',#3079,18.9036161296641);
#2702=CYLINDRICAL_SURFACE('',#3082,5.);
#2703=CYLINDRICAL_SURFACE('',#3086,70.3779706632081);
#2704=CYLINDRICAL_SURFACE('',#3087,2.);
#2705=CYLINDRICAL_SURFACE('',#3090,15.3604404183724);
#2706=CYLINDRICAL_SURFACE('',#3093,2.);
#2707=CYLINDRICAL_SURFACE('',#3096,15.3604404183724);
#2708=CYLINDRICAL_SURFACE('',#3099,2.);
#2709=CYLINDRICAL_SURFACE('',#3104,12.5411507648256);
#2710=CYLINDRICAL_SURFACE('',#3106,12.5411507648256);
#2711=CYLINDRICAL_SURFACE('',#3110,1.4);
#2712=CYLINDRICAL_SURFACE('',#3112,1.4);
#2713=CYLINDRICAL_SURFACE('',#3113,1.4);
#2714=CYLINDRICAL_SURFACE('',#3118,12.5411507648256);
#2715=CYLINDRICAL_SURFACE('',#3120,12.5411507648256);
#2716=CYLINDRICAL_SURFACE('',#3124,1.4);
#2717=CYLINDRICAL_SURFACE('',#3126,1.4);
#2718=CYLINDRICAL_SURFACE('',#3127,1.4);
#2719=CYLINDRICAL_SURFACE('',#3128,3.);
#2720=CYLINDRICAL_SURFACE('',#3130,3.);
#2721=CYLINDRICAL_SURFACE('',#3132,15.3693217621905);
#2722=CYLINDRICAL_SURFACE('',#3135,3.93811967076138);
#2723=CYLINDRICAL_SURFACE('',#3136,76.474354533544);
#2724=CYLINDRICAL_SURFACE('',#3137,25.);
#2725=CYLINDRICAL_SURFACE('',#3139,25.);
#2726=ADVANCED_FACE('',(#107),#2636,.F.);
#2727=ADVANCED_FACE('',(#108),#2637,.F.);
#2728=ADVANCED_FACE('',(#109),#2638,.F.);
#2729=ADVANCED_FACE('',(#110),#2639,.F.);
#2730=ADVANCED_FACE('',(#111),#2640,.F.);
#2731=ADVANCED_FACE('',(#112),#2641,.F.);
#2732=ADVANCED_FACE('',(#113),#2642,.F.);
#2733=ADVANCED_FACE('',(#114),#2643,.F.);
#2734=ADVANCED_FACE('',(#115),#2644,.F.);
#2735=ADVANCED_FACE('',(#116),#2645,.F.);
#2736=ADVANCED_FACE('',(#117),#2646,.F.);
#2737=ADVANCED_FACE('',(#118),#2647,.F.);
#2738=ADVANCED_FACE('',(#119),#2648,.F.);
#2739=ADVANCED_FACE('',(#120),#2649,.F.);
#2740=ADVANCED_FACE('',(#121),#2650,.F.);
#2741=ADVANCED_FACE('',(#122),#2651,.F.);
#2742=ADVANCED_FACE('',(#123),#2652,.F.);
#2743=ADVANCED_FACE('',(#124),#2653,.F.);
#2744=ADVANCED_FACE('',(#125),#2654,.F.);
#2745=ADVANCED_FACE('',(#126),#2655,.F.);
#2746=ADVANCED_FACE('',(#127),#2656,.F.);
#2747=ADVANCED_FACE('',(#128),#2657,.F.);
#2748=ADVANCED_FACE('',(#129),#2658,.F.);
#2749=ADVANCED_FACE('',(#130),#2659,.F.);
#2750=ADVANCED_FACE('',(#131),#2660,.F.);
#2751=ADVANCED_FACE('',(#132),#2661,.F.);
#2752=ADVANCED_FACE('',(#133),#2662,.F.);
#2753=ADVANCED_FACE('',(#134),#2663,.F.);
#2754=ADVANCED_FACE('',(#135),#2664,.F.);
#2755=ADVANCED_FACE('',(#136),#98,.F.);
#2756=ADVANCED_FACE('',(#137),#99,.F.);
#2757=ADVANCED_FACE('',(#138,#22,#23,#24,#25,#26,#27,#28,#29),#53,.F.);
#2758=ADVANCED_FACE('',(#139),#2665,.F.);
#2759=ADVANCED_FACE('',(#140),#100,.F.);
#2760=ADVANCED_FACE('',(#141),#101,.F.);
#2761=ADVANCED_FACE('',(#142),#2666,.F.);
#2762=ADVANCED_FACE('',(#143),#2667,.F.);
#2763=ADVANCED_FACE('',(#144),#2668,.F.);
#2764=ADVANCED_FACE('',(#145),#2669,.F.);
#2765=ADVANCED_FACE('',(#146),#54,.F.);
#2766=ADVANCED_FACE('',(#147),#2670,.T.);
#2767=ADVANCED_FACE('',(#148,#30),#55,.T.);
#2768=ADVANCED_FACE('',(#149),#56,.T.);
#2769=ADVANCED_FACE('',(#150,#31),#57,.T.);
#2770=ADVANCED_FACE('',(#151),#58,.T.);
#2771=ADVANCED_FACE('',(#152),#59,.T.);
#2772=ADVANCED_FACE('',(#153),#15,.T.);
#2773=ADVANCED_FACE('',(#154),#60,.T.);
#2774=ADVANCED_FACE('',(#155),#61,.T.);
#2775=ADVANCED_FACE('',(#156),#102,.T.);
#2776=ADVANCED_FACE('',(#157),#103,.T.);
#2777=ADVANCED_FACE('',(#158),#62,.T.);
#2778=ADVANCED_FACE('',(#159),#104,.T.);
#2779=ADVANCED_FACE('',(#160),#105,.T.);
#2780=ADVANCED_FACE('',(#161),#63,.T.);
#2781=ADVANCED_FACE('',(#162),#64,.T.);
#2782=ADVANCED_FACE('',(#163),#106,.T.);
#2783=ADVANCED_FACE('',(#164),#2671,.T.);
#2784=ADVANCED_FACE('',(#165),#2672,.T.);
#2785=ADVANCED_FACE('',(#166),#65,.F.);
#2786=ADVANCED_FACE('',(#167),#2673,.T.);
#2787=ADVANCED_FACE('',(#168),#2674,.T.);
#2788=ADVANCED_FACE('',(#169),#66,.F.);
#2789=ADVANCED_FACE('',(#170),#67,.F.);
#2790=ADVANCED_FACE('',(#171),#16,.F.);
#2791=ADVANCED_FACE('',(#172),#17,.F.);
#2792=ADVANCED_FACE('',(#173),#18,.F.);
#2793=ADVANCED_FACE('',(#174),#68,.F.);
#2794=ADVANCED_FACE('',(#175),#69,.T.);
#2795=ADVANCED_FACE('',(#176),#70,.T.);
#2796=ADVANCED_FACE('',(#177),#71,.F.);
#2797=ADVANCED_FACE('',(#178),#2675,.T.);
#2798=ADVANCED_FACE('',(#179),#2676,.T.);
#2799=ADVANCED_FACE('',(#180),#72,.T.);
#2800=ADVANCED_FACE('',(#181),#73,.T.);
#2801=ADVANCED_FACE('',(#182),#2677,.T.);
#2802=ADVANCED_FACE('',(#183),#74,.T.);
#2803=ADVANCED_FACE('',(#184),#2678,.T.);
#2804=ADVANCED_FACE('',(#185),#2679,.F.);
#2805=ADVANCED_FACE('',(#186),#2680,.F.);
#2806=ADVANCED_FACE('',(#187),#2681,.F.);
#2807=ADVANCED_FACE('',(#188),#2682,.F.);
#2808=ADVANCED_FACE('',(#189),#2683,.F.);
#2809=ADVANCED_FACE('',(#190),#2684,.F.);
#2810=ADVANCED_FACE('',(#191),#2685,.F.);
#2811=ADVANCED_FACE('',(#192),#2686,.F.);
#2812=ADVANCED_FACE('',(#193),#75,.T.);
#2813=ADVANCED_FACE('',(#194),#76,.F.);
#2814=ADVANCED_FACE('',(#195),#2687,.F.);
#2815=ADVANCED_FACE('',(#196,#32,#33,#34),#77,.T.);
#2816=ADVANCED_FACE('',(#197),#2688,.F.);
#2817=ADVANCED_FACE('',(#198),#2689,.F.);
#2818=ADVANCED_FACE('',(#199),#2690,.F.);
#2819=ADVANCED_FACE('',(#200),#2691,.F.);
#2820=ADVANCED_FACE('',(#201),#2692,.F.);
#2821=ADVANCED_FACE('',(#202),#2693,.F.);
#2822=ADVANCED_FACE('',(#203),#2694,.F.);
#2823=ADVANCED_FACE('',(#204,#35,#36,#37),#78,.F.);
#2824=ADVANCED_FACE('',(#205),#2695,.T.);
#2825=ADVANCED_FACE('',(#206,#38,#39,#40),#79,.T.);
#2826=ADVANCED_FACE('',(#207),#2696,.T.);
#2827=ADVANCED_FACE('',(#208,#41,#42,#43),#80,.T.);
#2828=ADVANCED_FACE('',(#209,#44,#45,#46,#47,#48,#49,#50),#81,.T.);
#2829=ADVANCED_FACE('',(#210),#82,.T.);
#2830=ADVANCED_FACE('',(#211),#2697,.T.);
#2831=ADVANCED_FACE('',(#212),#83,.T.);
#2832=ADVANCED_FACE('',(#213),#2698,.T.);
#2833=ADVANCED_FACE('',(#214,#51),#84,.T.);
#2834=ADVANCED_FACE('',(#215),#85,.T.);
#2835=ADVANCED_FACE('',(#216),#2699,.T.);
#2836=ADVANCED_FACE('',(#217),#2700,.T.);
#2837=ADVANCED_FACE('',(#218),#86,.T.);
#2838=ADVANCED_FACE('',(#219),#2701,.T.);
#2839=ADVANCED_FACE('',(#220),#87,.T.);
#2840=ADVANCED_FACE('',(#221),#2702,.T.);
#2841=ADVANCED_FACE('',(#222,#52),#88,.T.);
#2842=ADVANCED_FACE('',(#223),#89,.T.);
#2843=ADVANCED_FACE('',(#224),#2703,.T.);
#2844=ADVANCED_FACE('',(#225),#2704,.F.);
#2845=ADVANCED_FACE('',(#226),#2705,.T.);
#2846=ADVANCED_FACE('',(#227),#2706,.F.);
#2847=ADVANCED_FACE('',(#228),#2707,.T.);
#2848=ADVANCED_FACE('',(#229),#2708,.F.);
#2849=ADVANCED_FACE('',(#230),#90,.F.);
#2850=ADVANCED_FACE('',(#231),#2709,.F.);
#2851=ADVANCED_FACE('',(#232),#2710,.F.);
#2852=ADVANCED_FACE('',(#233),#91,.T.);
#2853=ADVANCED_FACE('',(#234),#2711,.T.);
#2854=ADVANCED_FACE('',(#235),#92,.T.);
#2855=ADVANCED_FACE('',(#236),#2712,.T.);
#2856=ADVANCED_FACE('',(#237),#2713,.T.);
#2857=ADVANCED_FACE('',(#238),#93,.F.);
#2858=ADVANCED_FACE('',(#239),#2714,.F.);
#2859=ADVANCED_FACE('',(#240),#2715,.F.);
#2860=ADVANCED_FACE('',(#241),#94,.T.);
#2861=ADVANCED_FACE('',(#242),#2716,.T.);
#2862=ADVANCED_FACE('',(#243),#95,.T.);
#2863=ADVANCED_FACE('',(#244),#2717,.T.);
#2864=ADVANCED_FACE('',(#245),#2718,.T.);
#2865=ADVANCED_FACE('',(#246),#2719,.F.);
#2866=ADVANCED_FACE('',(#247),#2720,.F.);
#2867=ADVANCED_FACE('',(#248),#2721,.T.);
#2868=ADVANCED_FACE('',(#249),#96,.F.);
#2869=ADVANCED_FACE('',(#250),#2722,.F.);
#2870=ADVANCED_FACE('',(#251),#2723,.T.);
#2871=ADVANCED_FACE('',(#252),#2724,.T.);
#2872=ADVANCED_FACE('',(#253),#97,.T.);
#2873=ADVANCED_FACE('',(#254),#2725,.T.);
#2874=CLOSED_SHELL('',(#2726,#2727,#2728,#2729,#2730,#2731,#2732,#2733,
#2734,#2735,#2736,#2737,#2738,#2739,#2740,#2741,#2742,#2743,#2744,#2745,
#2746,#2747,#2748,#2749,#2750,#2751,#2752,#2753,#2754,#2755,#2756,#2757,
#2758,#2759,#2760,#2761,#2762,#2763,#2764,#2765,#2766,#2767,#2768,#2769,
#2770,#2771,#2772,#2773,#2774,#2775,#2776,#2777,#2778,#2779,#2780,#2781,
#2782,#2783,#2784,#2785,#2786,#2787,#2788,#2789,#2790,#2791,#2792,#2793,
#2794,#2795,#2796,#2797,#2798,#2799,#2800,#2801,#2802,#2803,#2804,#2805,
#2806,#2807,#2808,#2809,#2810,#2811,#2812,#2813,#2814,#2815,#2816,#2817,
#2818,#2819,#2820,#2821,#2822,#2823,#2824,#2825,#2826,#2827,#2828,#2829,
#2830,#2831,#2832,#2833,#2834,#2835,#2836,#2837,#2838,#2839,#2840,#2841,
#2842,#2843,#2844,#2845,#2846,#2847,#2848,#2849,#2850,#2851,#2852,#2853,
#2854,#2855,#2856,#2857,#2858,#2859,#2860,#2861,#2862,#2863,#2864,#2865,
#2866,#2867,#2868,#2869,#2870,#2871,#2872,#2873));
#2875=AXIS2_PLACEMENT_3D('',#3855,#3140,#3141);
#2876=AXIS2_PLACEMENT_3D('',#3856,#3142,#3143);
#2877=AXIS2_PLACEMENT_3D('',#3869,#3145,#3146);
#2878=AXIS2_PLACEMENT_3D('',#3883,#3147,#3148);
#2879=AXIS2_PLACEMENT_3D('',#3937,#3150,#3151);
#2880=AXIS2_PLACEMENT_3D('',#3985,#3153,#3154);
#2881=AXIS2_PLACEMENT_3D('',#4036,#3156,#3157);
#2882=AXIS2_PLACEMENT_3D('',#4087,#3159,#3160);
#2883=AXIS2_PLACEMENT_3D('',#4135,#3162,#3163);
#2884=AXIS2_PLACEMENT_3D('',#4154,#3165,#3166);
#2885=AXIS2_PLACEMENT_3D('',#4174,#3167,#3168);
#2886=AXIS2_PLACEMENT_3D('',#4187,#3170,#3171);
#2887=AXIS2_PLACEMENT_3D('',#4201,#3172,#3173);
#2888=AXIS2_PLACEMENT_3D('',#4255,#3175,#3176);
#2889=AXIS2_PLACEMENT_3D('',#4303,#3178,#3179);
#2890=AXIS2_PLACEMENT_3D('',#4354,#3181,#3182);
#2891=AXIS2_PLACEMENT_3D('',#4405,#3184,#3185);
#2892=AXIS2_PLACEMENT_3D('',#4453,#3187,#3188);
#2893=AXIS2_PLACEMENT_3D('',#4472,#3190,#3191);
#2894=AXIS2_PLACEMENT_3D('',#4492,#3192,#3193);
#2895=AXIS2_PLACEMENT_3D('',#4507,#3195,#3196);
#2896=AXIS2_PLACEMENT_3D('',#4518,#3197,#3198);
#2897=AXIS2_PLACEMENT_3D('',#4543,#3200,#3201);
#2898=AXIS2_PLACEMENT_3D('',#4568,#3203,#3204);
#2899=AXIS2_PLACEMENT_3D('',#4592,#3206,#3207);
#2900=AXIS2_PLACEMENT_3D('',#4617,#3209,#3210);
#2901=AXIS2_PLACEMENT_3D('',#4642,#3212,#3213);
#2902=AXIS2_PLACEMENT_3D('',#4653,#3215,#3216);
#2903=AXIS2_PLACEMENT_3D('',#4659,#3217,#3218);
#2904=AXIS2_PLACEMENT_3D('',#4674,#3220,#3221);
#2905=AXIS2_PLACEMENT_3D('',#4685,#3222,#3223);
#2906=AXIS2_PLACEMENT_3D('',#4710,#3225,#3226);
#2907=AXIS2_PLACEMENT_3D('',#4735,#3228,#3229);
#2908=AXIS2_PLACEMENT_3D('',#4759,#3231,#3232);
#2909=AXIS2_PLACEMENT_3D('',#4784,#3234,#3235);
#2910=AXIS2_PLACEMENT_3D('',#4809,#3237,#3238);
#2911=AXIS2_PLACEMENT_3D('',#4820,#3240,#3241);
#2912=AXIS2_PLACEMENT_3D('',#4826,#3242,#3243);
#2913=AXIS2_PLACEMENT_3D('',#5604,#3244,#3245);
#2914=AXIS2_PLACEMENT_3D('',#5619,#3252,#3253);
#2915=AXIS2_PLACEMENT_3D('',#5621,#3254,#3255);
#2916=AXIS2_PLACEMENT_3D('',#5623,#3256,#3257);
#2917=AXIS2_PLACEMENT_3D('',#5637,#3264,#3265);
#2918=AXIS2_PLACEMENT_3D('',#5640,#3267,#3268);
#2919=AXIS2_PLACEMENT_3D('',#5655,#3275,#3276);
#2920=AXIS2_PLACEMENT_3D('',#5659,#3278,#3279);
#2921=AXIS2_PLACEMENT_3D('',#5675,#3287,#3288);
#2922=AXIS2_PLACEMENT_3D('',#5679,#3290,#3291);
#2923=AXIS2_PLACEMENT_3D('',#5839,#3297,#3298);
#2924=AXIS2_PLACEMENT_3D('',#5844,#3300,#3301);
#2925=AXIS2_PLACEMENT_3D('',#5847,#3303,#3304);
#2926=AXIS2_PLACEMENT_3D('',#5852,#3306,#3307);
#2927=AXIS2_PLACEMENT_3D('',#5855,#3309,#3310);
#2928=AXIS2_PLACEMENT_3D('',#5872,#3319,#3320);
#2929=AXIS2_PLACEMENT_3D('',#6501,#3321,#3322);
#2930=AXIS2_PLACEMENT_3D('',#6503,#3323,#3324);
#2931=AXIS2_PLACEMENT_3D('',#6505,#3325,#3326);
#2932=AXIS2_PLACEMENT_3D('',#6508,#3328,#3329);
#2933=AXIS2_PLACEMENT_3D('',#6510,#3330,#3331);
#2934=AXIS2_PLACEMENT_3D('',#6513,#3333,#3334);
#2935=AXIS2_PLACEMENT_3D('',#6515,#3335,#3336);
#2936=AXIS2_PLACEMENT_3D('',#6517,#3338,#3339);
#2937=AXIS2_PLACEMENT_3D('',#6543,#3342,#3343);
#2938=AXIS2_PLACEMENT_3D('',#6571,#3346,#3347);
#2939=AXIS2_PLACEMENT_3D('',#6573,#3348,#3349);
#2940=AXIS2_PLACEMENT_3D('',#6576,#3351,#3352);
#2941=AXIS2_PLACEMENT_3D('',#6577,#3353,#3354);
#2942=AXIS2_PLACEMENT_3D('',#6579,#3355,#3356);
#2943=AXIS2_PLACEMENT_3D('',#6581,#3357,#3358);
#2944=AXIS2_PLACEMENT_3D('',#6583,#3359,#3360);
#2945=AXIS2_PLACEMENT_3D('',#6585,#3361,#3362);
#2946=AXIS2_PLACEMENT_3D('',#6593,#3364,#3365);
#2947=AXIS2_PLACEMENT_3D('',#6594,#3366,#3367);
#2948=AXIS2_PLACEMENT_3D('',#6596,#3368,#3369);
#2949=AXIS2_PLACEMENT_3D('',#6598,#3371,#3372);
#2950=AXIS2_PLACEMENT_3D('',#6612,#3374,#3375);
#2951=AXIS2_PLACEMENT_3D('',#6615,#3377,#3378);
#2952=AXIS2_PLACEMENT_3D('',#6616,#3379,#3380);
#2953=AXIS2_PLACEMENT_3D('',#6636,#3382,#3383);
#2954=AXIS2_PLACEMENT_3D('',#6666,#3392,#3393);
#2955=AXIS2_PLACEMENT_3D('',#6689,#3394,#3395);
#2956=AXIS2_PLACEMENT_3D('',#6963,#3401,#3402);
#2957=AXIS2_PLACEMENT_3D('',#6966,#3405,#3406);
#2958=AXIS2_PLACEMENT_3D('',#7055,#3408,#3409);
#2959=AXIS2_PLACEMENT_3D('',#7138,#3413,#3414);
#2960=AXIS2_PLACEMENT_3D('',#7144,#3418,#3419);
#2961=AXIS2_PLACEMENT_3D('',#7171,#3421,#3422);
#2962=AXIS2_PLACEMENT_3D('',#7174,#3424,#3425);
#2963=AXIS2_PLACEMENT_3D('',#7175,#3426,#3427);
#2964=AXIS2_PLACEMENT_3D('',#7177,#3428,#3429);
#2965=AXIS2_PLACEMENT_3D('',#7180,#3431,#3432);
#2966=AXIS2_PLACEMENT_3D('',#7181,#3433,#3434);
#2967=AXIS2_PLACEMENT_3D('',#7183,#3435,#3436);
#2968=AXIS2_PLACEMENT_3D('',#7185,#3437,#3438);
#2969=AXIS2_PLACEMENT_3D('',#7186,#3439,#3440);
#2970=AXIS2_PLACEMENT_3D('',#7188,#3441,#3442);
#2971=AXIS2_PLACEMENT_3D('',#7189,#3443,#3444);
#2972=AXIS2_PLACEMENT_3D('',#7190,#3445,#3446);
#2973=AXIS2_PLACEMENT_3D('',#7192,#3447,#3448);
#2974=AXIS2_PLACEMENT_3D('',#7194,#3450,#3451);
#2975=AXIS2_PLACEMENT_3D('',#7196,#3452,#3453);
#2976=AXIS2_PLACEMENT_3D('',#7198,#3455,#3456);
#2977=AXIS2_PLACEMENT_3D('',#7207,#3461,#3462);
#2978=AXIS2_PLACEMENT_3D('',#7273,#3468,#3469);
#2979=AXIS2_PLACEMENT_3D('',#7277,#3472,#3473);
#2980=AXIS2_PLACEMENT_3D('',#7279,#3474,#3475);
#2981=AXIS2_PLACEMENT_3D('',#7280,#3476,#3477);
#2982=AXIS2_PLACEMENT_3D('',#7281,#3478,#3479);
#2983=AXIS2_PLACEMENT_3D('',#7282,#3480,#3481);
#2984=AXIS2_PLACEMENT_3D('',#7284,#3482,#3483);
#2985=AXIS2_PLACEMENT_3D('',#7287,#3485,#3486);
#2986=AXIS2_PLACEMENT_3D('',#7288,#3487,#3488);
#2987=AXIS2_PLACEMENT_3D('',#7289,#3489,#3490);
#2988=AXIS2_PLACEMENT_3D('',#7291,#3491,#3492);
#2989=AXIS2_PLACEMENT_3D('',#7292,#3493,#3494);
#2990=AXIS2_PLACEMENT_3D('',#7294,#3495,#3496);
#2991=AXIS2_PLACEMENT_3D('',#7295,#3497,#3498);
#2992=AXIS2_PLACEMENT_3D('',#7297,#3499,#3500);
#2993=AXIS2_PLACEMENT_3D('',#7298,#3501,#3502);
#2994=AXIS2_PLACEMENT_3D('',#7299,#3503,#3504);
#2995=AXIS2_PLACEMENT_3D('',#7301,#3505,#3506);
#2996=AXIS2_PLACEMENT_3D('',#7303,#3508,#3509);
#2997=AXIS2_PLACEMENT_3D('',#7313,#3511,#3512);
#2998=AXIS2_PLACEMENT_3D('',#7314,#3513,#3514);
#2999=AXIS2_PLACEMENT_3D('',#7315,#3515,#3516);
#3000=AXIS2_PLACEMENT_3D('',#7316,#3517,#3518);
#3001=AXIS2_PLACEMENT_3D('',#7318,#3519,#3520);
#3002=AXIS2_PLACEMENT_3D('',#7319,#3521,#3522);
#3003=AXIS2_PLACEMENT_3D('',#7320,#3523,#3524);
#3004=AXIS2_PLACEMENT_3D('',#7321,#3525,#3526);
#3005=AXIS2_PLACEMENT_3D('',#7323,#3527,#3528);
#3006=AXIS2_PLACEMENT_3D('',#7324,#3529,#3530);
#3007=AXIS2_PLACEMENT_3D('',#7326,#3531,#3532);
#3008=AXIS2_PLACEMENT_3D('',#7327,#3533,#3534);
#3009=AXIS2_PLACEMENT_3D('',#7328,#3535,#3536);
#3010=AXIS2_PLACEMENT_3D('',#7330,#3538,#3539);
#3011=AXIS2_PLACEMENT_3D('',#7332,#3540,#3541);
#3012=AXIS2_PLACEMENT_3D('',#7335,#3543,#3544);
#3013=AXIS2_PLACEMENT_3D('',#7336,#3545,#3546);
#3014=AXIS2_PLACEMENT_3D('',#7338,#3547,#3548);
#3015=AXIS2_PLACEMENT_3D('',#7341,#3550,#3551);
#3016=AXIS2_PLACEMENT_3D('',#7342,#3552,#3553);
#3017=AXIS2_PLACEMENT_3D('',#7344,#3554,#3555);
#3018=AXIS2_PLACEMENT_3D('',#7347,#3557,#3558);
#3019=AXIS2_PLACEMENT_3D('',#7348,#3559,#3560);
#3020=AXIS2_PLACEMENT_3D('',#7350,#3561,#3562);
#3021=AXIS2_PLACEMENT_3D('',#7353,#3564,#3565);
#3022=AXIS2_PLACEMENT_3D('',#7354,#3566,#3567);
#3023=AXIS2_PLACEMENT_3D('',#7357,#3569,#3570);
#3024=AXIS2_PLACEMENT_3D('',#7358,#3571,#3572);
#3025=AXIS2_PLACEMENT_3D('',#7361,#3574,#3575);
#3026=AXIS2_PLACEMENT_3D('',#7362,#3576,#3577);
#3027=AXIS2_PLACEMENT_3D('',#7364,#3578,#3579);
#3028=AXIS2_PLACEMENT_3D('',#7367,#3581,#3582);
#3029=AXIS2_PLACEMENT_3D('',#7368,#3583,#3584);
#3030=AXIS2_PLACEMENT_3D('',#7370,#3585,#3586);
#3031=AXIS2_PLACEMENT_3D('',#7373,#3588,#3589);
#3032=AXIS2_PLACEMENT_3D('',#7374,#3590,#3591);
#3033=AXIS2_PLACEMENT_3D('',#7375,#3592,#3593);
#3034=AXIS2_PLACEMENT_3D('',#7376,#3594,#3595);
#3035=AXIS2_PLACEMENT_3D('',#7377,#3596,#3597);
#3036=AXIS2_PLACEMENT_3D('',#7378,#3598,#3599);
#3037=AXIS2_PLACEMENT_3D('',#7380,#3600,#3601);
#3038=AXIS2_PLACEMENT_3D('',#7381,#3602,#3603);
#3039=AXIS2_PLACEMENT_3D('',#7384,#3605,#3606);
#3040=AXIS2_PLACEMENT_3D('',#7385,#3607,#3608);
#3041=AXIS2_PLACEMENT_3D('',#7387,#3609,#3610);
#3042=AXIS2_PLACEMENT_3D('',#7388,#3611,#3612);
#3043=AXIS2_PLACEMENT_3D('',#7389,#3613,#3614);
#3044=AXIS2_PLACEMENT_3D('',#7390,#3615,#3616);
#3045=AXIS2_PLACEMENT_3D('',#7393,#3618,#3619);
#3046=AXIS2_PLACEMENT_3D('',#7394,#3620,#3621);
#3047=AXIS2_PLACEMENT_3D('',#7395,#3622,#3623);
#3048=AXIS2_PLACEMENT_3D('',#7396,#3624,#3625);
#3049=AXIS2_PLACEMENT_3D('',#7411,#3626,#3627);
#3050=AXIS2_PLACEMENT_3D('',#7414,#3629,#3630);
#3051=AXIS2_PLACEMENT_3D('',#7415,#3631,#3632);
#3052=AXIS2_PLACEMENT_3D('',#7417,#3633,#3634);
#3053=AXIS2_PLACEMENT_3D('',#7420,#3636,#3637);
#3054=AXIS2_PLACEMENT_3D('',#7421,#3638,#3639);
#3055=AXIS2_PLACEMENT_3D('',#7422,#3640,#3641);
#3056=AXIS2_PLACEMENT_3D('',#7426,#3643,#3644);
#3057=AXIS2_PLACEMENT_3D('',#7428,#3646,#3647);
#3058=AXIS2_PLACEMENT_3D('',#7432,#3650,#3651);
#3059=AXIS2_PLACEMENT_3D('',#7436,#3653,#3654);
#3060=AXIS2_PLACEMENT_3D('',#7438,#3656,#3657);
#3061=AXIS2_PLACEMENT_3D('',#7444,#3660,#3661);
#3062=AXIS2_PLACEMENT_3D('',#7445,#3662,#3663);
#3063=AXIS2_PLACEMENT_3D('',#7447,#3664,#3665);
#3064=AXIS2_PLACEMENT_3D('',#7448,#3666,#3667);
#3065=AXIS2_PLACEMENT_3D('',#7450,#3668,#3669);
#3066=AXIS2_PLACEMENT_3D('',#7453,#3671,#3672);
#3067=AXIS2_PLACEMENT_3D('',#7454,#3673,#3674);
#3068=AXIS2_PLACEMENT_3D('',#7455,#3675,#3676);
#3069=AXIS2_PLACEMENT_3D('',#7461,#3680,#3681);
#3070=AXIS2_PLACEMENT_3D('',#7463,#3682,#3683);
#3071=AXIS2_PLACEMENT_3D('',#7465,#3685,#3686);
#3072=AXIS2_PLACEMENT_3D('',#7469,#3689,#3690);
#3073=AXIS2_PLACEMENT_3D('',#7470,#3691,#3692);
#3074=AXIS2_PLACEMENT_3D('',#7471,#3693,#3694);
#3075=AXIS2_PLACEMENT_3D('',#7472,#3695,#3696);
#3076=AXIS2_PLACEMENT_3D('',#7475,#3699,#3700);
#3077=AXIS2_PLACEMENT_3D('',#7476,#3701,#3702);
#3078=AXIS2_PLACEMENT_3D('',#7477,#3703,#3704);
#3079=AXIS2_PLACEMENT_3D('',#7483,#3708,#3709);
#3080=AXIS2_PLACEMENT_3D('',#7485,#3710,#3711);
#3081=AXIS2_PLACEMENT_3D('',#7487,#3713,#3714);
#3082=AXIS2_PLACEMENT_3D('',#7491,#3717,#3718);
#3083=AXIS2_PLACEMENT_3D('',#7492,#3719,#3720);
#3084=AXIS2_PLACEMENT_3D('',#7493,#3721,#3722);
#3085=AXIS2_PLACEMENT_3D('',#7494,#3723,#3724);
#3086=AXIS2_PLACEMENT_3D('',#7496,#3726,#3727);
#3087=AXIS2_PLACEMENT_3D('',#7497,#3728,#3729);
#3088=AXIS2_PLACEMENT_3D('',#7499,#3730,#3731);
#3089=AXIS2_PLACEMENT_3D('',#7502,#3733,#3734);
#3090=AXIS2_PLACEMENT_3D('',#7503,#3735,#3736);
#3091=AXIS2_PLACEMENT_3D('',#7505,#3737,#3738);
#3092=AXIS2_PLACEMENT_3D('',#7508,#3740,#3741);
#3093=AXIS2_PLACEMENT_3D('',#7509,#3742,#3743);
#3094=AXIS2_PLACEMENT_3D('',#7511,#3744,#3745);
#3095=AXIS2_PLACEMENT_3D('',#7514,#3747,#3748);
#3096=AXIS2_PLACEMENT_3D('',#7515,#3749,#3750);
#3097=AXIS2_PLACEMENT_3D('',#7517,#3751,#3752);
#3098=AXIS2_PLACEMENT_3D('',#7520,#3754,#3755);
#3099=AXIS2_PLACEMENT_3D('',#7521,#3756,#3757);
#3100=AXIS2_PLACEMENT_3D('',#7522,#3758,#3759);
#3101=AXIS2_PLACEMENT_3D('',#7524,#3760,#3761);
#3102=AXIS2_PLACEMENT_3D('',#7528,#3763,#3764);
#3103=AXIS2_PLACEMENT_3D('',#7529,#3765,#3766);
#3104=AXIS2_PLACEMENT_3D('',#7530,#3767,#3768);
#3105=AXIS2_PLACEMENT_3D('',#7533,#3770,#3771);
#3106=AXIS2_PLACEMENT_3D('',#7534,#3772,#3773);
#3107=AXIS2_PLACEMENT_3D('',#7536,#3775,#3776);
#3108=AXIS2_PLACEMENT_3D('',#7538,#3777,#3778);
#3109=AXIS2_PLACEMENT_3D('',#7541,#3780,#3781);
#3110=AXIS2_PLACEMENT_3D('',#7542,#3782,#3783);
#3111=AXIS2_PLACEMENT_3D('',#7544,#3785,#3786);
#3112=AXIS2_PLACEMENT_3D('',#7546,#3788,#3789);
#3113=AXIS2_PLACEMENT_3D('',#7547,#3790,#3791);
#3114=AXIS2_PLACEMENT_3D('',#7548,#3792,#3793);
#3115=AXIS2_PLACEMENT_3D('',#7550,#3794,#3795);
#3116=AXIS2_PLACEMENT_3D('',#7554,#3797,#3798);
#3117=AXIS2_PLACEMENT_3D('',#7555,#3799,#3800);
#3118=AXIS2_PLACEMENT_3D('',#7556,#3801,#3802);
#3119=AXIS2_PLACEMENT_3D('',#7559,#3804,#3805);
#3120=AXIS2_PLACEMENT_3D('',#7560,#3806,#3807);
#3121=AXIS2_PLACEMENT_3D('',#7562,#3809,#3810);
#3122=AXIS2_PLACEMENT_3D('',#7564,#3811,#3812);
#3123=AXIS2_PLACEMENT_3D('',#7567,#3814,#3815);
#3124=AXIS2_PLACEMENT_3D('',#7568,#3816,#3817);
#3125=AXIS2_PLACEMENT_3D('',#7570,#3819,#3820);
#3126=AXIS2_PLACEMENT_3D('',#7572,#3822,#3823);
#3127=AXIS2_PLACEMENT_3D('',#7573,#3824,#3825);
#3128=AXIS2_PLACEMENT_3D('',#7574,#3826,#3827);
#3129=AXIS2_PLACEMENT_3D('',#7576,#3828,#3829);
#3130=AXIS2_PLACEMENT_3D('',#7578,#3831,#3832);
#3131=AXIS2_PLACEMENT_3D('',#7595,#3833,#3834);
#3132=AXIS2_PLACEMENT_3D('',#7597,#3836,#3837);
#3133=AXIS2_PLACEMENT_3D('',#7604,#3838,#3839);
#3134=AXIS2_PLACEMENT_3D('',#7605,#3840,#3841);
#3135=AXIS2_PLACEMENT_3D('',#7606,#3842,#3843);
#3136=AXIS2_PLACEMENT_3D('',#7608,#3845,#3846);
#3137=AXIS2_PLACEMENT_3D('',#7609,#3847,#3848);
#3138=AXIS2_PLACEMENT_3D('',#7611,#3850,#3851);
#3139=AXIS2_PLACEMENT_3D('',#7613,#3853,#3854);
#3140=DIRECTION('axis',(0.,0.,1.));
#3141=DIRECTION('refdir',(1.,0.,0.));
#3142=DIRECTION('center_axis',(0.,0.,1.));
#3143=DIRECTION('ref_axis',(-0.173603934676886,0.98481555322035,0.));
#3144=DIRECTION('',(0.,0.,1.));
#3145=DIRECTION('center_axis',(0.,0.,-1.));
#3146=DIRECTION('ref_axis',(-1.,0.,0.));
#3147=DIRECTION('center_axis',(0.,0.,1.));
#3148=DIRECTION('ref_axis',(-1.,0.,0.));
#3149=DIRECTION('',(0.,0.,1.));
#3150=DIRECTION('center_axis',(0.,0.,1.));
#3151=DIRECTION('ref_axis',(-1.,0.,0.));
#3152=DIRECTION('',(0.,0.,1.));
#3153=DIRECTION('center_axis',(0.,0.,1.));
#3154=DIRECTION('ref_axis',(-1.,0.,0.));
#3155=DIRECTION('',(0.,0.,1.));
#3156=DIRECTION('center_axis',(0.,0.,1.));
#3157=DIRECTION('ref_axis',(-1.,0.,0.));
#3158=DIRECTION('',(0.,0.,1.));
#3159=DIRECTION('center_axis',(0.,0.,1.));
#3160=DIRECTION('ref_axis',(-1.,0.,0.));
#3161=DIRECTION('',(0.,0.,1.));
#3162=DIRECTION('center_axis',(0.,0.,1.));
#3163=DIRECTION('ref_axis',(-0.93323046835333,-0.359278294553156,0.));
#3164=DIRECTION('',(0.,0.,1.));
#3165=DIRECTION('center_axis',(0.,0.,-1.));
#3166=DIRECTION('ref_axis',(-1.,0.,0.));
#3167=DIRECTION('center_axis',(0.,0.,1.));
#3168=DIRECTION('ref_axis',(-0.173601403029232,0.984815999497511,0.));
#3169=DIRECTION('',(0.,0.,1.));
#3170=DIRECTION('center_axis',(0.,0.,-1.));
#3171=DIRECTION('ref_axis',(-1.,0.,0.));
#3172=DIRECTION('center_axis',(0.,0.,1.));
#3173=DIRECTION('ref_axis',(-1.,0.,0.));
#3174=DIRECTION('',(0.,0.,1.));
#3175=DIRECTION('center_axis',(0.,0.,1.));
#3176=DIRECTION('ref_axis',(-1.,0.,0.));
#3177=DIRECTION('',(0.,0.,1.));
#3178=DIRECTION('center_axis',(0.,0.,1.));
#3179=DIRECTION('ref_axis',(-1.,0.,0.));
#3180=DIRECTION('',(0.,0.,1.));
#3181=DIRECTION('center_axis',(0.,0.,1.));
#3182=DIRECTION('ref_axis',(-1.,0.,0.));
#3183=DIRECTION('',(0.,0.,1.));
#3184=DIRECTION('center_axis',(0.,0.,1.));
#3185=DIRECTION('ref_axis',(-1.,0.,0.));
#3186=DIRECTION('',(0.,0.,1.));
#3187=DIRECTION('center_axis',(0.,0.,1.));
#3188=DIRECTION('ref_axis',(-0.933230654106785,-0.35927781205555,0.));
#3189=DIRECTION('',(0.,0.,1.));
#3190=DIRECTION('center_axis',(0.,0.,-1.));
#3191=DIRECTION('ref_axis',(-1.,0.,0.));
#3192=DIRECTION('center_axis',(0.,0.,1.));
#3193=DIRECTION('ref_axis',(-0.993576262030585,0.113164533000977,0.));
#3194=DIRECTION('',(-1.22464679914735E-16,-2.37501296157243E-30,1.));
#3195=DIRECTION('center_axis',(0.,0.,-1.));
#3196=DIRECTION('ref_axis',(-1.,-1.92709878912756E-14,0.));
#3197=DIRECTION('center_axis',(0.,0.,1.));
#3198=DIRECTION('ref_axis',(-1.,-1.92709878912756E-14,0.));
#3199=DIRECTION('',(-1.22464679914735E-16,-2.37501296157243E-30,1.));
#3200=DIRECTION('center_axis',(0.,0.,1.));
#3201=DIRECTION('ref_axis',(-1.,-1.92709878912756E-14,0.));
#3202=DIRECTION('',(-1.22464679914735E-16,-2.37501296157243E-30,1.));
#3203=DIRECTION('center_axis',(0.,0.,1.));
#3204=DIRECTION('ref_axis',(-1.,-1.92709878912756E-14,0.));
#3205=DIRECTION('',(-1.22464679914735E-16,-2.37501296157243E-30,1.));
#3206=DIRECTION('center_axis',(0.,0.,1.));
#3207=DIRECTION('ref_axis',(-1.,-1.92709878912756E-14,0.));
#3208=DIRECTION('',(-1.22464679914735E-16,-2.37501296157243E-30,1.));
#3209=DIRECTION('center_axis',(0.,0.,1.));
#3210=DIRECTION('ref_axis',(-1.,-1.92709878912756E-14,0.));
#3211=DIRECTION('',(-1.22464679914735E-16,-2.37501296157243E-30,1.));
#3212=DIRECTION('center_axis',(0.,0.,1.));
#3213=DIRECTION('ref_axis',(0.609274983513239,-0.792959011844208,0.));
#3214=DIRECTION('',(-1.22464679914735E-16,-2.37501296157243E-30,1.));
#3215=DIRECTION('center_axis',(0.,0.,1.));
#3216=DIRECTION('ref_axis',(-1.,-1.92709878912756E-14,0.));
#3217=DIRECTION('center_axis',(0.,0.,1.));
#3218=DIRECTION('ref_axis',(-0.993576330180682,0.113163934646551,0.));
#3219=DIRECTION('',(-1.22464679914735E-16,-2.63723689087748E-30,1.));
#3220=DIRECTION('center_axis',(0.,0.,-1.));
#3221=DIRECTION('ref_axis',(-1.,-2.14122087680837E-14,0.));
#3222=DIRECTION('center_axis',(0.,0.,1.));
#3223=DIRECTION('ref_axis',(-1.,-2.14122087680837E-14,0.));
#3224=DIRECTION('',(-1.22464679914735E-16,-2.63723689087748E-30,1.));
#3225=DIRECTION('center_axis',(0.,0.,1.));
#3226=DIRECTION('ref_axis',(-1.,-2.14122087680837E-14,0.));
#3227=DIRECTION('',(-1.22464679914735E-16,-2.63723689087748E-30,1.));
#3228=DIRECTION('center_axis',(0.,0.,1.));
#3229=DIRECTION('ref_axis',(-1.,-2.14122087680837E-14,0.));
#3230=DIRECTION('',(-1.22464679914735E-16,-2.63723689087748E-30,1.));
#3231=DIRECTION('center_axis',(0.,0.,1.));
#3232=DIRECTION('ref_axis',(-1.,-2.14122087680837E-14,0.));
#3233=DIRECTION('',(-1.22464679914735E-16,-2.63723689087748E-30,1.));
#3234=DIRECTION('center_axis',(0.,0.,1.));
#3235=DIRECTION('ref_axis',(-1.,-2.14122087680837E-14,0.));
#3236=DIRECTION('',(-1.22464679914735E-16,-2.63723689087748E-30,1.));
#3237=DIRECTION('center_axis',(0.,0.,1.));
#3238=DIRECTION('ref_axis',(0.609275168269208,-0.792958869885777,0.));
#3239=DIRECTION('',(-1.22464679914735E-16,-2.63723689087748E-30,1.));
#3240=DIRECTION('center_axis',(0.,0.,1.));
#3241=DIRECTION('ref_axis',(-1.,-2.14122087680837E-14,0.));
#3242=DIRECTION('center_axis',(0.,0.,1.));
#3243=DIRECTION('ref_axis',(-1.,-2.14122087680837E-14,0.));
#3244=DIRECTION('center_axis',(0.,0.,1.));
#3245=DIRECTION('ref_axis',(1.,0.,0.));
#3246=DIRECTION('',(0.,1.,0.));
#3247=DIRECTION('',(1.,0.,0.));
#3248=DIRECTION('',(1.,0.,0.));
#3249=DIRECTION('',(1.,0.,0.));
#3250=DIRECTION('',(0.,-1.,0.));
#3251=DIRECTION('',(1.,0.,0.));
#3252=DIRECTION('center_axis',(0.,0.,1.));
#3253=DIRECTION('ref_axis',(0.256540672103987,0.966533436336496,0.));
#3254=DIRECTION('center_axis',(0.,0.,-1.));
#3255=DIRECTION('ref_axis',(0.311854467096827,-0.950129881306632,0.));
#3256=DIRECTION('center_axis',(0.,0.,1.));
#3257=DIRECTION('ref_axis',(0.256540672103987,-0.966533436336496,0.));
#3258=DIRECTION('',(-1.,0.,0.));
#3259=DIRECTION('',(0.,-1.,0.));
#3260=DIRECTION('',(-1.,0.,0.));
#3261=DIRECTION('',(-1.,0.,0.));
#3262=DIRECTION('',(-1.,0.,0.));
#3263=DIRECTION('',(0.,1.,0.));
#3264=DIRECTION('center_axis',(0.,0.,-1.));
#3265=DIRECTION('ref_axis',(-1.,0.,0.));
#3266=DIRECTION('',(0.,1.,0.));
#3267=DIRECTION('center_axis',(0.,0.,-1.));
#3268=DIRECTION('ref_axis',(0.,1.,0.));
#3269=DIRECTION('',(-4.99288150725154E-17,1.,0.));
#3270=DIRECTION('',(-1.,0.,0.));
#3271=DIRECTION('',(0.,-1.,0.));
#3272=DIRECTION('',(1.,0.,0.));
#3273=DIRECTION('',(-4.99288150725154E-17,1.,0.));
#3274=DIRECTION('',(-1.,0.,0.));
#3275=DIRECTION('center_axis',(0.,0.,1.));
#3276=DIRECTION('ref_axis',(-1.,-1.77635683940025E-15,0.));
#3277=DIRECTION('',(0.,-1.,0.));
#3278=DIRECTION('center_axis',(0.,0.,1.));
#3279=DIRECTION('ref_axis',(0.324720683116609,0.945809958689526,0.));
#3280=DIRECTION('',(-1.,7.95759537908536E-16,0.));
#3281=DIRECTION('',(0.,1.,0.));
#3282=DIRECTION('',(-1.,0.,0.));
#3283=DIRECTION('',(0.,1.,0.));
#3284=DIRECTION('',(1.,0.,0.));
#3285=DIRECTION('',(0.,1.,0.));
#3286=DIRECTION('',(1.,3.97879768954268E-16,0.));
#3287=DIRECTION('center_axis',(0.,0.,1.));
#3288=DIRECTION('ref_axis',(0.324720683116609,0.945809958689526,0.));
#3289=DIRECTION('',(0.,-1.,0.));
#3290=DIRECTION('center_axis',(0.,0.,1.));
#3291=DIRECTION('ref_axis',(-5.32907051820072E-15,-1.,0.));
#3292=DIRECTION('',(1.,0.,0.));
#3293=DIRECTION('',(-4.99288150725154E-17,1.,0.));
#3294=DIRECTION('',(-1.,0.,0.));
#3295=DIRECTION('',(0.,-1.,0.));
#3296=DIRECTION('',(1.,0.,0.));
#3297=DIRECTION('center_axis',(0.,0.,1.));
#3298=DIRECTION('ref_axis',(-1.,0.,0.));
#3299=DIRECTION('',(-2.38921213243398E-16,1.,0.));
#3300=DIRECTION('center_axis',(0.,0.,1.));
#3301=DIRECTION('ref_axis',(8.88178419700125E-16,1.,0.));
#3302=DIRECTION('',(-1.,0.,0.));
#3303=DIRECTION('center_axis',(0.,0.,1.));
#3304=DIRECTION('ref_axis',(1.17461444097245E-16,-1.,0.));
#3305=DIRECTION('',(0.,1.,0.));
#3306=DIRECTION('center_axis',(0.,0.,1.));
#3307=DIRECTION('ref_axis',(-1.,-4.69845776388979E-16,0.));
#3308=DIRECTION('',(1.,0.,0.));
#3309=DIRECTION('center_axis',(0.,0.,1.));
#3310=DIRECTION('ref_axis',(1.,0.,0.));
#3311=DIRECTION('',(1.,0.,0.));
#3312=DIRECTION('',(0.,1.,0.));
#3313=DIRECTION('',(-1.,0.,0.));
#3314=DIRECTION('',(0.,1.,0.));
#3315=DIRECTION('',(1.,0.,0.));
#3316=DIRECTION('',(0.,1.,0.));
#3317=DIRECTION('',(-1.,0.,0.));
#3318=DIRECTION('',(0.,1.,0.));
#3319=DIRECTION('center_axis',(0.,0.,1.));
#3320=DIRECTION('ref_axis',(-1.,-1.92709878912756E-14,0.));
#3321=DIRECTION('center_axis',(4.99288150725154E-17,-1.,0.));
#3322=DIRECTION('ref_axis',(0.707106781186548,0.,0.707106781186548));
#3323=DIRECTION('center_axis',(0.,1.,0.));
#3324=DIRECTION('ref_axis',(0.707106781186548,0.,0.707106781186548));
#3325=DIRECTION('center_axis',(0.707106781186547,0.707106781186548,0.));
#3326=DIRECTION('ref_axis',(-0.707106781186548,0.707106781186547,0.));
#3327=DIRECTION('',(4.99288150725154E-17,-1.,0.));
#3328=DIRECTION('center_axis',(0.707106781186548,-0.707106781186548,-8.97195690676443E-16));
#3329=DIRECTION('ref_axis',(0.707106781186547,0.707106781186547,-8.97195690676443E-16));
#3330=DIRECTION('center_axis',(0.,-1.,0.));
#3331=DIRECTION('ref_axis',(0.707106781186548,0.,0.707106781186548));
#3332=DIRECTION('',(4.99288150725154E-17,-1.,0.));
#3333=DIRECTION('center_axis',(0.,1.,0.));
#3334=DIRECTION('ref_axis',(0.707106781186548,0.,0.707106781186548));
#3335=DIRECTION('center_axis',(0.,-1.,0.));
#3336=DIRECTION('ref_axis',(0.707106781186548,0.,0.707106781186548));
#3337=DIRECTION('',(4.99288150725154E-17,-1.,0.));
#3338=DIRECTION('center_axis',(1.,0.,0.));
#3339=DIRECTION('ref_axis',(0.,0.707106781186547,0.707106781186548));
#3340=DIRECTION('',(1.,0.,0.));
#3341=DIRECTION('',(1.,0.,0.));
#3342=DIRECTION('center_axis',(-1.,0.,0.));
#3343=DIRECTION('ref_axis',(0.,-0.707106781186547,0.707106781186548));
#3344=DIRECTION('',(-1.,0.,0.));
#3345=DIRECTION('',(-1.,0.,0.));
#3346=DIRECTION('center_axis',(0.,1.,0.));
#3347=DIRECTION('ref_axis',(-0.895779520779253,0.,0.444498650338212));
#3348=DIRECTION('center_axis',(0.,-1.,0.));
#3349=DIRECTION('ref_axis',(-0.895779520779253,0.,0.444498650338212));
#3350=DIRECTION('',(0.,1.,0.));
#3351=DIRECTION('center_axis',(0.,1.,0.));
#3352=DIRECTION('ref_axis',(-0.895779520779253,0.,0.444498650338212));
#3353=DIRECTION('center_axis',(0.,1.,0.));
#3354=DIRECTION('ref_axis',(1.,0.,0.));
#3355=DIRECTION('center_axis',(0.,1.,0.));
#3356=DIRECTION('ref_axis',(1.,0.,0.));
#3357=DIRECTION('center_axis',(0.,1.,0.));
#3358=DIRECTION('ref_axis',(-0.983981189154163,0.,-0.178272318071983));
#3359=DIRECTION('center_axis',(0.,1.,0.));
#3360=DIRECTION('ref_axis',(0.849661228582301,0.,-0.527328926424499));
#3361=DIRECTION('center_axis',(0.,-1.,0.));
#3362=DIRECTION('ref_axis',(1.,0.,0.));
#3363=DIRECTION('',(0.,0.,1.));
#3364=DIRECTION('center_axis',(0.,-1.,0.));
#3365=DIRECTION('ref_axis',(1.,0.,0.));
#3366=DIRECTION('center_axis',(0.,0.,-1.));
#3367=DIRECTION('ref_axis',(-1.,-1.77635683940025E-15,0.));
#3368=DIRECTION('center_axis',(0.,0.,-1.));
#3369=DIRECTION('ref_axis',(-1.,-1.77635683940025E-15,0.));
#3370=DIRECTION('',(0.,0.,-1.));
#3371=DIRECTION('center_axis',(0.,0.,-1.));
#3372=DIRECTION('ref_axis',(-1.,0.,0.));
#3373=DIRECTION('',(1.,-7.95759537908536E-16,0.));
#3374=DIRECTION('center_axis',(0.,0.,-1.));
#3375=DIRECTION('ref_axis',(0.324720683116609,0.945809958689526,0.));
#3376=DIRECTION('',(0.,1.,0.));
#3377=DIRECTION('center_axis',(0.,0.,1.));
#3378=DIRECTION('ref_axis',(-1.,0.,0.));
#3379=DIRECTION('center_axis',(0.,-1.,0.));
#3380=DIRECTION('ref_axis',(-1.,0.,0.));
#3381=DIRECTION('',(0.,0.,-1.));
#3382=DIRECTION('center_axis',(-1.,-4.99288150725154E-17,0.));
#3383=DIRECTION('ref_axis',(-4.99288150725154E-17,1.,0.));
#3384=DIRECTION('',(0.,0.,1.));
#3385=DIRECTION('',(0.,1.,0.));
#3386=DIRECTION('',(0.,0.,-1.));
#3387=DIRECTION('',(0.,1.,0.));
#3388=DIRECTION('',(0.,0.,1.));
#3389=DIRECTION('',(0.,-1.,0.));
#3390=DIRECTION('',(0.,0.,-1.));
#3391=DIRECTION('',(0.,1.,0.));
#3392=DIRECTION('center_axis',(0.,1.,0.));
#3393=DIRECTION('ref_axis',(1.,0.,0.));
#3394=DIRECTION('center_axis',(1.,0.,0.));
#3395=DIRECTION('ref_axis',(0.,-1.,0.));
#3396=DIRECTION('',(0.,0.,-1.));
#3397=DIRECTION('',(0.,1.,0.));
#3398=DIRECTION('',(0.,0.,-1.));
#3399=DIRECTION('',(0.,-1.,0.));
#3400=DIRECTION('',(0.,-1.,0.));
#3401=DIRECTION('center_axis',(1.,0.,0.));
#3402=DIRECTION('ref_axis',(0.,-1.,0.));
#3403=DIRECTION('',(0.,0.,1.));
#3404=DIRECTION('',(0.,0.,1.));
#3405=DIRECTION('center_axis',(0.,1.,0.));
#3406=DIRECTION('ref_axis',(1.,0.,0.));
#3407=DIRECTION('',(0.,0.,-1.));
#3408=DIRECTION('center_axis',(0.,-1.,0.));
#3409=DIRECTION('ref_axis',(-1.,0.,0.));
#3410=DIRECTION('',(0.,0.,1.));
#3411=DIRECTION('',(0.,1.,0.));
#3412=DIRECTION('',(0.,1.,0.));
#3413=DIRECTION('center_axis',(3.97879768954268E-16,-1.,0.));
#3414=DIRECTION('ref_axis',(-1.,-3.97879768954268E-16,0.));
#3415=DIRECTION('',(0.,0.,-1.));
#3416=DIRECTION('',(-1.,-3.97879768954268E-16,0.));
#3417=DIRECTION('',(0.,0.,-1.));
#3418=DIRECTION('center_axis',(7.95759537908536E-16,1.,0.));
#3419=DIRECTION('ref_axis',(1.,-7.95759537908536E-16,0.));
#3420=DIRECTION('',(0.,0.,-1.));
#3421=DIRECTION('center_axis',(0.,-1.,0.));
#3422=DIRECTION('ref_axis',(1.,0.,0.));
#3423=DIRECTION('',(0.,-1.,0.));
#3424=DIRECTION('center_axis',(0.,-1.,0.));
#3425=DIRECTION('ref_axis',(1.,0.,0.));
#3426=DIRECTION('center_axis',(0.,-1.,0.));
#3427=DIRECTION('ref_axis',(1.,0.,0.));
#3428=DIRECTION('center_axis',(0.,-1.,0.));
#3429=DIRECTION('ref_axis',(1.,0.,0.));
#3430=DIRECTION('',(0.,-1.,0.));
#3431=DIRECTION('center_axis',(0.,-1.,0.));
#3432=DIRECTION('ref_axis',(1.,0.,0.));
#3433=DIRECTION('center_axis',(0.,1.,0.));
#3434=DIRECTION('ref_axis',(1.,0.,0.));
#3435=DIRECTION('center_axis',(0.,1.,0.));
#3436=DIRECTION('ref_axis',(1.,0.,0.));
#3437=DIRECTION('center_axis',(0.,1.,0.));
#3438=DIRECTION('ref_axis',(-0.983981189154163,0.,-0.178272318071983));
#3439=DIRECTION('center_axis',(0.,1.,0.));
#3440=DIRECTION('ref_axis',(0.849661228582301,0.,-0.527328926424499));
#3441=DIRECTION('center_axis',(0.,-1.,0.));
#3442=DIRECTION('ref_axis',(1.,0.,0.));
#3443=DIRECTION('center_axis',(0.,-1.,0.));
#3444=DIRECTION('ref_axis',(-0.895779520779253,0.,0.444498650338212));
#3445=DIRECTION('center_axis',(0.,1.,0.));
#3446=DIRECTION('ref_axis',(0.849661228582301,0.,-0.527328926424499));
#3447=DIRECTION('center_axis',(0.,-1.,0.));
#3448=DIRECTION('ref_axis',(0.849661228582301,0.,-0.527328926424499));
#3449=DIRECTION('',(0.,-1.,0.));
#3450=DIRECTION('center_axis',(0.,1.,0.));
#3451=DIRECTION('ref_axis',(0.849661228582301,0.,-0.527328926424499));
#3452=DIRECTION('center_axis',(0.,-1.,0.));
#3453=DIRECTION('ref_axis',(0.849661228582301,0.,-0.527328926424499));
#3454=DIRECTION('',(0.,-1.,0.));
#3455=DIRECTION('center_axis',(1.,0.,0.));
#3456=DIRECTION('ref_axis',(0.,0.,-1.));
#3457=DIRECTION('',(0.,0.,-1.));
#3458=DIRECTION('',(0.,1.,0.));
#3459=DIRECTION('',(0.,0.,1.));
#3460=DIRECTION('',(0.,1.,0.));
#3461=DIRECTION('center_axis',(0.,0.,-1.));
#3462=DIRECTION('ref_axis',(-1.,0.,0.));
#3463=DIRECTION('',(1.,0.,0.));
#3464=DIRECTION('',(0.,1.,0.));
#3465=DIRECTION('',(-1.,0.,0.));
#3466=DIRECTION('',(0.,-1.,0.));
#3467=DIRECTION('',(0.,1.,0.));
#3468=DIRECTION('center_axis',(1.,0.,0.));
#3469=DIRECTION('ref_axis',(0.,0.,-1.));
#3470=DIRECTION('',(0.,0.,1.));
#3471=DIRECTION('',(0.,1.,0.));
#3472=DIRECTION('center_axis',(0.,0.,-1.));
#3473=DIRECTION('ref_axis',(-1.,0.,0.));
#3474=DIRECTION('center_axis',(0.,0.,1.));
#3475=DIRECTION('ref_axis',(-1.,0.,0.));
#3476=DIRECTION('center_axis',(0.,0.,1.));
#3477=DIRECTION('ref_axis',(-1.,0.,0.));
#3478=DIRECTION('center_axis',(0.,0.,-1.));
#3479=DIRECTION('ref_axis',(0.324720683116609,0.945809958689526,0.));
#3480=DIRECTION('center_axis',(0.,0.,-1.));
#3481=DIRECTION('ref_axis',(-1.,0.,0.));
#3482=DIRECTION('center_axis',(0.,0.,-1.));
#3483=DIRECTION('ref_axis',(-5.32907051820072E-15,-1.,0.));
#3484=DIRECTION('',(0.,1.,0.));
#3485=DIRECTION('center_axis',(0.,0.,-1.));
#3486=DIRECTION('ref_axis',(0.324720683116609,0.945809958689526,0.));
#3487=DIRECTION('center_axis',(0.,0.,1.));
#3488=DIRECTION('ref_axis',(-1.,0.,0.));
#3489=DIRECTION('center_axis',(0.,1.,0.));
#3490=DIRECTION('ref_axis',(-1.,0.,0.));
#3491=DIRECTION('center_axis',(0.,-1.,0.));
#3492=DIRECTION('ref_axis',(-1.,0.,0.));
#3493=DIRECTION('center_axis',(0.,-1.,0.));
#3494=DIRECTION('ref_axis',(-0.870971909333928,0.,0.491332813021085));
#3495=DIRECTION('center_axis',(0.,1.,0.));
#3496=DIRECTION('ref_axis',(-1.,0.,0.));
#3497=DIRECTION('center_axis',(0.,1.,0.));
#3498=DIRECTION('ref_axis',(-1.,0.,0.));
#3499=DIRECTION('center_axis',(0.,-1.,0.));
#3500=DIRECTION('ref_axis',(0.870971909333928,0.,0.491332813021085));
#3501=DIRECTION('center_axis',(0.,-1.,0.));
#3502=DIRECTION('ref_axis',(-1.,0.,0.));
#3503=DIRECTION('center_axis',(0.,-1.,0.));
#3504=DIRECTION('ref_axis',(0.967502565819046,0.,0.252861197366385));
#3505=DIRECTION('center_axis',(0.,1.,0.));
#3506=DIRECTION('ref_axis',(-1.,0.,0.));
#3507=DIRECTION('',(0.,1.,0.));
#3508=DIRECTION('center_axis',(0.,-1.,0.));
#3509=DIRECTION('ref_axis',(-1.,0.,0.));
#3510=DIRECTION('',(0.,-1.,0.));
#3511=DIRECTION('center_axis',(0.,1.,0.));
#3512=DIRECTION('ref_axis',(-1.,0.,0.));
#3513=DIRECTION('center_axis',(1.,0.,0.));
#3514=DIRECTION('ref_axis',(0.,-1.,0.));
#3515=DIRECTION('center_axis',(0.,1.,0.));
#3516=DIRECTION('ref_axis',(1.,0.,0.));
#3517=DIRECTION('center_axis',(0.,1.,0.));
#3518=DIRECTION('ref_axis',(1.,0.,0.));
#3519=DIRECTION('center_axis',(0.,-1.,0.));
#3520=DIRECTION('ref_axis',(-0.983981189154163,0.,-0.178272318071983));
#3521=DIRECTION('center_axis',(0.,-1.,0.));
#3522=DIRECTION('ref_axis',(1.,0.,0.));
#3523=DIRECTION('center_axis',(0.,-1.,0.));
#3524=DIRECTION('ref_axis',(1.,0.,0.));
#3525=DIRECTION('center_axis',(0.,1.,0.));
#3526=DIRECTION('ref_axis',(1.,0.,0.));
#3527=DIRECTION('center_axis',(0.,1.,0.));
#3528=DIRECTION('ref_axis',(-0.895779520779253,0.,0.444498650338212));
#3529=DIRECTION('center_axis',(0.,1.,0.));
#3530=DIRECTION('ref_axis',(1.,0.,0.));
#3531=DIRECTION('center_axis',(0.,-1.,0.));
#3532=DIRECTION('ref_axis',(-0.983981189154163,0.,-0.178272318071983));
#3533=DIRECTION('center_axis',(0.,-1.,0.));
#3534=DIRECTION('ref_axis',(1.,0.,0.));
#3535=DIRECTION('center_axis',(0.,-1.,0.));
#3536=DIRECTION('ref_axis',(1.,0.,0.));
#3537=DIRECTION('',(0.,1.,0.));
#3538=DIRECTION('center_axis',(0.,-1.,0.));
#3539=DIRECTION('ref_axis',(-1.,0.,0.));
#3540=DIRECTION('center_axis',(0.,-1.,0.));
#3541=DIRECTION('ref_axis',(-1.,0.,0.));
#3542=DIRECTION('',(0.,-1.,0.));
#3543=DIRECTION('center_axis',(0.,1.,0.));
#3544=DIRECTION('ref_axis',(-1.,0.,0.));
#3545=DIRECTION('center_axis',(0.,-1.,0.));
#3546=DIRECTION('ref_axis',(-1.,0.,0.));
#3547=DIRECTION('center_axis',(0.,-1.,0.));
#3548=DIRECTION('ref_axis',(-1.,0.,0.));
#3549=DIRECTION('',(0.,-1.,0.));
#3550=DIRECTION('center_axis',(0.,1.,0.));
#3551=DIRECTION('ref_axis',(-1.,0.,0.));
#3552=DIRECTION('center_axis',(0.,-1.,0.));
#3553=DIRECTION('ref_axis',(-1.,0.,0.));
#3554=DIRECTION('center_axis',(0.,-1.,0.));
#3555=DIRECTION('ref_axis',(-1.,0.,0.));
#3556=DIRECTION('',(0.,-1.,0.));
#3557=DIRECTION('center_axis',(0.,1.,0.));
#3558=DIRECTION('ref_axis',(-1.,0.,0.));
#3559=DIRECTION('center_axis',(0.,-1.,0.));
#3560=DIRECTION('ref_axis',(-1.,0.,0.));
#3561=DIRECTION('center_axis',(0.,-1.,0.));
#3562=DIRECTION('ref_axis',(-1.,0.,0.));
#3563=DIRECTION('',(0.,-1.,0.));
#3564=DIRECTION('center_axis',(0.,1.,0.));
#3565=DIRECTION('ref_axis',(-1.,0.,0.));
#3566=DIRECTION('center_axis',(0.,0.,1.));
#3567=DIRECTION('ref_axis',(-1.,0.,0.));
#3568=DIRECTION('',(0.,0.,1.));
#3569=DIRECTION('center_axis',(0.,0.,-1.));
#3570=DIRECTION('ref_axis',(-1.,0.,0.));
#3571=DIRECTION('center_axis',(0.,0.,1.));
#3572=DIRECTION('ref_axis',(-1.,0.,0.));
#3573=DIRECTION('',(0.,0.,1.));
#3574=DIRECTION('center_axis',(0.,0.,-1.));
#3575=DIRECTION('ref_axis',(-1.,0.,0.));
#3576=DIRECTION('center_axis',(0.,0.,1.));
#3577=DIRECTION('ref_axis',(-1.,0.,0.));
#3578=DIRECTION('center_axis',(0.,0.,1.));
#3579=DIRECTION('ref_axis',(-1.,0.,0.));
#3580=DIRECTION('',(0.,0.,1.));
#3581=DIRECTION('center_axis',(0.,0.,-1.));
#3582=DIRECTION('ref_axis',(-1.,0.,0.));
#3583=DIRECTION('center_axis',(0.,0.,1.));
#3584=DIRECTION('ref_axis',(-1.,0.,0.));
#3585=DIRECTION('center_axis',(0.,0.,1.));
#3586=DIRECTION('ref_axis',(-1.,0.,0.));
#3587=DIRECTION('',(0.,0.,1.));
#3588=DIRECTION('center_axis',(0.,0.,-1.));
#3589=DIRECTION('ref_axis',(-1.,0.,0.));
#3590=DIRECTION('center_axis',(0.,1.,0.));
#3591=DIRECTION('ref_axis',(-1.,0.,0.));
#3592=DIRECTION('center_axis',(0.,1.,0.));
#3593=DIRECTION('ref_axis',(-1.,0.,0.));
#3594=DIRECTION('center_axis',(0.,1.,0.));
#3595=DIRECTION('ref_axis',(1.,0.,0.));
#3596=DIRECTION('center_axis',(0.,1.,0.));
#3597=DIRECTION('ref_axis',(1.,0.,0.));
#3598=DIRECTION('center_axis',(0.,-1.,0.));
#3599=DIRECTION('ref_axis',(1.,0.,0.));
#3600=DIRECTION('center_axis',(0.,-1.,0.));
#3601=DIRECTION('ref_axis',(1.,0.,0.));
#3602=DIRECTION('center_axis',(0.,-1.,0.));
#3603=DIRECTION('ref_axis',(1.,0.,0.));
#3604=DIRECTION('',(0.,-1.,0.));
#3605=DIRECTION('center_axis',(0.,-1.,0.));
#3606=DIRECTION('ref_axis',(1.,0.,0.));
#3607=DIRECTION('center_axis',(0.,1.,0.));
#3608=DIRECTION('ref_axis',(1.,0.,0.));
#3609=DIRECTION('center_axis',(0.,1.,0.));
#3610=DIRECTION('ref_axis',(1.,0.,0.));
#3611=DIRECTION('center_axis',(0.,0.,1.));
#3612=DIRECTION('ref_axis',(-1.,0.,0.));
#3613=DIRECTION('center_axis',(0.,0.,1.));
#3614=DIRECTION('ref_axis',(-1.,0.,0.));
#3615=DIRECTION('center_axis',(0.,0.,1.));
#3616=DIRECTION('ref_axis',(-1.,0.,0.));
#3617=DIRECTION('',(0.,0.,1.));
#3618=DIRECTION('center_axis',(0.,0.,-1.));
#3619=DIRECTION('ref_axis',(-1.,0.,0.));
#3620=DIRECTION('center_axis',(0.,1.,0.));
#3621=DIRECTION('ref_axis',(-0.870971909333928,0.,0.491332813021085));
#3622=DIRECTION('center_axis',(0.,1.,0.));
#3623=DIRECTION('ref_axis',(-0.870971909333928,0.,0.491332813021085));
#3624=DIRECTION('center_axis',(0.,-1.,0.));
#3625=DIRECTION('ref_axis',(0.870971909333928,0.,0.491332813021085));
#3626=DIRECTION('center_axis',(0.,-1.,0.));
#3627=DIRECTION('ref_axis',(-1.,0.,0.));
#3628=DIRECTION('',(0.,1.,0.));
#3629=DIRECTION('center_axis',(0.,1.,0.));
#3630=DIRECTION('ref_axis',(-1.,0.,0.));
#3631=DIRECTION('center_axis',(0.,-1.,0.));
#3632=DIRECTION('ref_axis',(-1.,0.,0.));
#3633=DIRECTION('center_axis',(0.,1.,0.));
#3634=DIRECTION('ref_axis',(-1.,0.,0.));
#3635=DIRECTION('',(0.,1.,0.));
#3636=DIRECTION('center_axis',(0.,-1.,0.));
#3637=DIRECTION('ref_axis',(-1.,0.,0.));
#3638=DIRECTION('center_axis',(0.,1.,0.));
#3639=DIRECTION('ref_axis',(-1.,0.,0.));
#3640=DIRECTION('center_axis',(0.,0.,-1.));
#3641=DIRECTION('ref_axis',(0.256540672103987,0.966533436336496,0.));
#3642=DIRECTION('',(0.,0.,1.));
#3643=DIRECTION('center_axis',(0.,0.,-1.));
#3644=DIRECTION('ref_axis',(0.256540672103987,0.966533436336496,0.));
#3645=DIRECTION('',(0.,0.,-1.));
#3646=DIRECTION('center_axis',(0.,1.,0.));
#3647=DIRECTION('ref_axis',(1.,0.,0.));
#3648=DIRECTION('',(0.,0.,-1.));
#3649=DIRECTION('',(1.,0.,0.));
#3650=DIRECTION('center_axis',(0.,0.,-1.));
#3651=DIRECTION('ref_axis',(0.256540672103987,-0.966533436336496,0.));
#3652=DIRECTION('',(0.,0.,1.));
#3653=DIRECTION('center_axis',(0.,0.,-1.));
#3654=DIRECTION('ref_axis',(0.256540672103987,-0.966533436336496,0.));
#3655=DIRECTION('',(0.,0.,-1.));
#3656=DIRECTION('center_axis',(0.,-1.,0.));
#3657=DIRECTION('ref_axis',(-1.,0.,0.));
#3658=DIRECTION('',(-1.,0.,0.));
#3659=DIRECTION('',(0.,0.,-1.));
#3660=DIRECTION('center_axis',(0.,-1.,0.));
#3661=DIRECTION('ref_axis',(1.,0.,0.));
#3662=DIRECTION('center_axis',(0.,-1.,0.));
#3663=DIRECTION('ref_axis',(-0.870971909333928,0.,0.491332813021085));
#3664=DIRECTION('center_axis',(0.,1.,0.));
#3665=DIRECTION('ref_axis',(1.,0.,0.));
#3666=DIRECTION('center_axis',(0.,0.,1.));
#3667=DIRECTION('ref_axis',(1.,0.,0.));
#3668=DIRECTION('center_axis',(0.,0.,1.));
#3669=DIRECTION('ref_axis',(0.,1.,0.));
#3670=DIRECTION('',(0.,1.,0.));
#3671=DIRECTION('center_axis',(0.,0.,1.));
#3672=DIRECTION('ref_axis',(-1.,0.,0.));
#3673=DIRECTION('center_axis',(0.,0.,1.));
#3674=DIRECTION('ref_axis',(0.311854467096827,-0.950129881306632,0.));
#3675=DIRECTION('center_axis',(1.,2.38921213243398E-16,0.));
#3676=DIRECTION('ref_axis',(2.38921213243398E-16,-1.,0.));
#3677=DIRECTION('',(0.,0.,-1.));
#3678=DIRECTION('',(2.38921213243398E-16,-1.,0.));
#3679=DIRECTION('',(0.,0.,-1.));
#3680=DIRECTION('center_axis',(0.,0.,-1.));
#3681=DIRECTION('ref_axis',(8.88178419700125E-16,1.,0.));
#3682=DIRECTION('center_axis',(0.,0.,-1.));
#3683=DIRECTION('ref_axis',(8.88178419700125E-16,1.,0.));
#3684=DIRECTION('',(0.,0.,-1.));
#3685=DIRECTION('center_axis',(0.,1.,0.));
#3686=DIRECTION('ref_axis',(1.,0.,0.));
#3687=DIRECTION('',(1.,0.,0.));
#3688=DIRECTION('',(0.,0.,-1.));
#3689=DIRECTION('center_axis',(0.,0.,-1.));
#3690=DIRECTION('ref_axis',(1.17461444097245E-16,-1.,0.));
#3691=DIRECTION('center_axis',(0.,0.,-1.));
#3692=DIRECTION('ref_axis',(1.17461444097245E-16,-1.,0.));
#3693=DIRECTION('center_axis',(0.,0.,-1.));
#3694=DIRECTION('ref_axis',(-1.,0.,0.));
#3695=DIRECTION('center_axis',(-1.,0.,0.));
#3696=DIRECTION('ref_axis',(0.,1.,0.));
#3697=DIRECTION('',(0.,0.,-1.));
#3698=DIRECTION('',(0.,0.,-1.));
#3699=DIRECTION('center_axis',(0.,0.,-1.));
#3700=DIRECTION('ref_axis',(-5.32907051820072E-15,-1.,0.));
#3701=DIRECTION('center_axis',(0.,0.,-1.));
#3702=DIRECTION('ref_axis',(0.324720683116609,0.945809958689526,0.));
#3703=DIRECTION('center_axis',(1.,0.,0.));
#3704=DIRECTION('ref_axis',(0.,-1.,0.));
#3705=DIRECTION('',(0.,0.,-1.));
#3706=DIRECTION('',(0.,-1.,0.));
#3707=DIRECTION('',(0.,0.,-1.));
#3708=DIRECTION('center_axis',(0.,0.,-1.));
#3709=DIRECTION('ref_axis',(-1.,-4.69845776388979E-16,0.));
#3710=DIRECTION('center_axis',(0.,0.,-1.));
#3711=DIRECTION('ref_axis',(-1.,-4.69845776388979E-16,0.));
#3712=DIRECTION('',(0.,0.,-1.));
#3713=DIRECTION('center_axis',(0.,-1.,0.));
#3714=DIRECTION('ref_axis',(-1.,0.,0.));
#3715=DIRECTION('',(-1.,0.,0.));
#3716=DIRECTION('',(0.,0.,-1.));
#3717=DIRECTION('center_axis',(0.,0.,-1.));
#3718=DIRECTION('ref_axis',(1.,0.,0.));
#3719=DIRECTION('center_axis',(0.,0.,-1.));
#3720=DIRECTION('ref_axis',(1.,0.,0.));
#3721=DIRECTION('center_axis',(0.,0.,-1.));
#3722=DIRECTION('ref_axis',(-1.,0.,0.));
#3723=DIRECTION('center_axis',(-1.,0.,0.));
#3724=DIRECTION('ref_axis',(0.,1.,0.));
#3725=DIRECTION('',(0.,0.,-1.));
#3726=DIRECTION('center_axis',(0.,0.,-1.));
#3727=DIRECTION('ref_axis',(0.324720683116609,0.945809958689526,0.));
#3728=DIRECTION('center_axis',(0.,-1.,0.));
#3729=DIRECTION('ref_axis',(0.895779520779253,0.,0.444498650338211));
#3730=DIRECTION('center_axis',(0.,1.,0.));
#3731=DIRECTION('ref_axis',(0.895779520779253,0.,0.444498650338211));
#3732=DIRECTION('',(0.,-1.,0.));
#3733=DIRECTION('center_axis',(0.,-1.,0.));
#3734=DIRECTION('ref_axis',(0.895779520779253,0.,0.444498650338211));
#3735=DIRECTION('center_axis',(0.,-1.,0.));
#3736=DIRECTION('ref_axis',(-0.998906111178369,0.,0.0467608923194119));
#3737=DIRECTION('center_axis',(0.,1.,0.));
#3738=DIRECTION('ref_axis',(1.,0.,0.));
#3739=DIRECTION('',(0.,1.,0.));
#3740=DIRECTION('center_axis',(0.,-1.,0.));
#3741=DIRECTION('ref_axis',(1.,0.,0.));
#3742=DIRECTION('center_axis',(0.,-1.,0.));
#3743=DIRECTION('ref_axis',(0.895779520779253,0.,0.444498650338211));
#3744=DIRECTION('center_axis',(0.,1.,0.));
#3745=DIRECTION('ref_axis',(0.895779520779253,0.,0.444498650338211));
#3746=DIRECTION('',(0.,-1.,0.));
#3747=DIRECTION('center_axis',(0.,-1.,0.));
#3748=DIRECTION('ref_axis',(0.895779520779253,0.,0.444498650338211));
#3749=DIRECTION('center_axis',(0.,-1.,0.));
#3750=DIRECTION('ref_axis',(-0.998906111178369,0.,0.0467608923194119));
#3751=DIRECTION('center_axis',(0.,1.,0.));
#3752=DIRECTION('ref_axis',(1.,0.,0.));
#3753=DIRECTION('',(0.,1.,0.));
#3754=DIRECTION('center_axis',(0.,-1.,0.));
#3755=DIRECTION('ref_axis',(1.,0.,0.));
#3756=DIRECTION('center_axis',(0.,1.,0.));
#3757=DIRECTION('ref_axis',(-0.895779520779253,0.,0.444498650338212));
#3758=DIRECTION('center_axis',(0.,1.,0.));
#3759=DIRECTION('ref_axis',(1.,0.,0.));
#3760=DIRECTION('center_axis',(0.,1.,0.));
#3761=DIRECTION('ref_axis',(-0.178203704161979,0.,-0.983993617775517));
#3762=DIRECTION('',(0.792155488069146,0.,0.610319328484633));
#3763=DIRECTION('center_axis',(0.,1.,0.));
#3764=DIRECTION('ref_axis',(0.983981189154164,0.,-0.178272318071982));
#3765=DIRECTION('center_axis',(0.,1.,0.));
#3766=DIRECTION('ref_axis',(1.,0.,0.));
#3767=DIRECTION('center_axis',(0.,-1.,0.));
#3768=DIRECTION('ref_axis',(-0.892875561184291,0.,0.450303489038047));
#3769=DIRECTION('',(0.,-1.,0.));
#3770=DIRECTION('center_axis',(0.,-1.,0.));
#3771=DIRECTION('ref_axis',(1.,0.,0.));
#3772=DIRECTION('center_axis',(0.,-1.,0.));
#3773=DIRECTION('ref_axis',(1.,0.,0.));
#3774=DIRECTION('',(0.,1.,0.));
#3775=DIRECTION('center_axis',(0.,1.,0.));
#3776=DIRECTION('ref_axis',(1.,0.,0.));
#3777=DIRECTION('center_axis',(0.,-1.,0.));
#3778=DIRECTION('ref_axis',(0.983981189154164,0.,-0.178272318071982));
#3779=DIRECTION('',(-0.792155488069146,0.,-0.610319328484633));
#3780=DIRECTION('center_axis',(0.,-1.,0.));
#3781=DIRECTION('ref_axis',(-0.178203704161979,0.,-0.983993617775517));
#3782=DIRECTION('center_axis',(0.,1.,0.));
#3783=DIRECTION('ref_axis',(0.983981189154164,0.,-0.178272318071982));
#3784=DIRECTION('',(0.,1.,0.));
#3785=DIRECTION('center_axis',(0.610319328484633,0.,-0.792155488069146));
#3786=DIRECTION('ref_axis',(0.792155488069146,0.,0.610319328484633));
#3787=DIRECTION('',(0.,-1.,0.));
#3788=DIRECTION('center_axis',(0.,-1.,0.));
#3789=DIRECTION('ref_axis',(-0.178203704161979,0.,-0.983993617775517));
#3790=DIRECTION('center_axis',(0.,1.,0.));
#3791=DIRECTION('ref_axis',(-0.983981189154163,0.,-0.178272318071983));
#3792=DIRECTION('center_axis',(0.,1.,0.));
#3793=DIRECTION('ref_axis',(1.,0.,0.));
#3794=DIRECTION('center_axis',(0.,1.,0.));
#3795=DIRECTION('ref_axis',(-0.178203704161979,0.,-0.983993617775517));
#3796=DIRECTION('',(0.792155488069146,0.,0.610319328484633));
#3797=DIRECTION('center_axis',(0.,1.,0.));
#3798=DIRECTION('ref_axis',(0.983981189154164,0.,-0.178272318071982));
#3799=DIRECTION('center_axis',(0.,1.,0.));
#3800=DIRECTION('ref_axis',(1.,0.,0.));
#3801=DIRECTION('center_axis',(0.,-1.,0.));
#3802=DIRECTION('ref_axis',(-0.892875561184291,0.,0.450303489038047));
#3803=DIRECTION('',(0.,-1.,0.));
#3804=DIRECTION('center_axis',(0.,-1.,0.));
#3805=DIRECTION('ref_axis',(1.,0.,0.));
#3806=DIRECTION('center_axis',(0.,-1.,0.));
#3807=DIRECTION('ref_axis',(1.,0.,0.));
#3808=DIRECTION('',(0.,1.,0.));
#3809=DIRECTION('center_axis',(0.,1.,0.));
#3810=DIRECTION('ref_axis',(1.,0.,0.));
#3811=DIRECTION('center_axis',(0.,-1.,0.));
#3812=DIRECTION('ref_axis',(0.983981189154164,0.,-0.178272318071982));
#3813=DIRECTION('',(-0.792155488069146,0.,-0.610319328484633));
#3814=DIRECTION('center_axis',(0.,-1.,0.));
#3815=DIRECTION('ref_axis',(-0.178203704161979,0.,-0.983993617775517));
#3816=DIRECTION('center_axis',(0.,1.,0.));
#3817=DIRECTION('ref_axis',(0.983981189154164,0.,-0.178272318071982));
#3818=DIRECTION('',(0.,1.,0.));
#3819=DIRECTION('center_axis',(0.610319328484633,0.,-0.792155488069146));
#3820=DIRECTION('ref_axis',(0.792155488069146,0.,0.610319328484633));
#3821=DIRECTION('',(0.,-1.,0.));
#3822=DIRECTION('center_axis',(0.,-1.,0.));
#3823=DIRECTION('ref_axis',(-0.178203704161979,0.,-0.983993617775517));
#3824=DIRECTION('center_axis',(0.,1.,0.));
#3825=DIRECTION('ref_axis',(-0.983981189154163,0.,-0.178272318071983));
#3826=DIRECTION('center_axis',(0.,1.,0.));
#3827=DIRECTION('ref_axis',(-0.870971909333928,0.,0.491332813021085));
#3828=DIRECTION('center_axis',(0.,1.,0.));
#3829=DIRECTION('ref_axis',(-0.870971909333928,0.,0.491332813021085));
#3830=DIRECTION('',(0.,1.,0.));
#3831=DIRECTION('center_axis',(0.,-1.,0.));
#3832=DIRECTION('ref_axis',(0.870971909333928,0.,0.491332813021085));
#3833=DIRECTION('center_axis',(0.,1.,0.));
#3834=DIRECTION('ref_axis',(0.870971909333928,0.,0.491332813021085));
#3835=DIRECTION('',(0.,-1.,0.));
#3836=DIRECTION('center_axis',(0.,1.,0.));
#3837=DIRECTION('ref_axis',(-0.183644859434108,0.,-0.982992657960082));
#3838=DIRECTION('center_axis',(0.,1.,0.));
#3839=DIRECTION('ref_axis',(1.,0.,0.));
#3840=DIRECTION('center_axis',(0.,-1.,0.));
#3841=DIRECTION('ref_axis',(1.,0.,0.));
#3842=DIRECTION('center_axis',(0.,1.,0.));
#3843=DIRECTION('ref_axis',(1.,0.,0.));
#3844=DIRECTION('',(0.,-1.,0.));
#3845=DIRECTION('center_axis',(0.,0.,-1.));
#3846=DIRECTION('ref_axis',(0.311854467096827,-0.950129881306632,0.));
#3847=DIRECTION('center_axis',(0.,0.,-1.));
#3848=DIRECTION('ref_axis',(-1.,0.,0.));
#3849=DIRECTION('',(0.,0.,-1.));
#3850=DIRECTION('center_axis',(-1.,0.,0.));
#3851=DIRECTION('ref_axis',(0.,1.,0.));
#3852=DIRECTION('',(0.,0.,-1.));
#3853=DIRECTION('center_axis',(0.,0.,-1.));
#3854=DIRECTION('ref_axis',(0.,1.,0.));
#3855=CARTESIAN_POINT('',(0.,0.,0.));
#3856=CARTESIAN_POINT('Origin',(99.6816920509817,-5.27344338588619,12.5003217621905));
#3857=CARTESIAN_POINT('',(100.492373459991,-5.27395082567158,15.1470871339949));
#3858=CARTESIAN_POINT('',(100.493893252953,-5.2740251682796,15.2535563903862));
#3859=CARTESIAN_POINT('',(100.493192050982,-5.27344338588619,12.5003217621905));
#3860=CARTESIAN_POINT('',(99.4827784183296,-4.48669970669636,15.3693217621905));
#3861=CARTESIAN_POINT('Ctrl Pts',(100.493893252953,-5.2740251682796,15.2535563903862));
#3862=CARTESIAN_POINT('Ctrl Pts',(100.491916635357,-5.04809768165034,15.2713171220591));
#3863=CARTESIAN_POINT('Ctrl Pts',(100.392994189062,-4.82076361403219,15.2890778537321));
#3864=CARTESIAN_POINT('Ctrl Pts',(100.225882351056,-4.6699831158458,15.3068385854051));
#3865=CARTESIAN_POINT('Ctrl Pts',(100.029912974918,-4.493165240369,15.3276663110002));
#3866=CARTESIAN_POINT('Ctrl Pts',(99.74017038407,-4.42162289416498,15.3484940365954));
#3867=CARTESIAN_POINT('Ctrl Pts',(99.4827784183296,-4.48669970669635,15.3693217621905));
#3868=CARTESIAN_POINT('',(98.9181899204244,-5.55187721881714,15.3693217621905));
#3869=CARTESIAN_POINT('Origin',(99.6816920509817,-5.27344338588619,15.3693217621905));
#3870=CARTESIAN_POINT('Ctrl Pts',(98.9181899204244,-5.55187721881714,15.3693217621905));
#3871=CARTESIAN_POINT('Ctrl Pts',(98.8364611662261,-5.32363029459526,15.3502360806391));
#3872=CARTESIAN_POINT('Ctrl Pts',(98.8621937571475,-5.05504303306843,15.3311503990878));
#3873=CARTESIAN_POINT('Ctrl Pts',(98.9889001705954,-4.84851386798286,15.3120647175364));
#3874=CARTESIAN_POINT('Ctrl Pts',(99.1271717017081,-4.62313377001679,15.2912369919412));
#3875=CARTESIAN_POINT('Ctrl Pts',(99.3856910344696,-4.47165747686718,15.2704092663461));
#3876=CARTESIAN_POINT('Ctrl Pts',(99.6498275666291,-4.46131038544528,15.2495815407509));
#3877=CARTESIAN_POINT('Ctrl Pts',(99.9139640987885,-4.45096329402339,15.2287538151558));
#3878=CARTESIAN_POINT('Ctrl Pts',(100.183717830346,-4.58174540432921,15.2079260895606));
#3879=CARTESIAN_POINT('Ctrl Pts',(100.339161435648,-4.79559223033576,15.1870983639655));
#3880=CARTESIAN_POINT('Ctrl Pts',(100.438700066031,-4.93252948247331,15.1737612873086));
#3881=CARTESIAN_POINT('Ctrl Pts',(100.491365744523,-5.1035274827737,15.1604242106517));
#3882=CARTESIAN_POINT('Ctrl Pts',(100.492373459991,-5.27395082567158,15.1470871339949));
#3883=CARTESIAN_POINT('Origin',(99.6816920509817,-5.27344338588619,12.5003217621905));
#3884=CARTESIAN_POINT('',(100.494396300665,-5.27325256661525,14.7470871339949));
#3885=CARTESIAN_POINT('',(100.49305743228,-5.27276485913881,14.8535563903862));
#3886=CARTESIAN_POINT('',(100.493192050982,-5.27344338588619,12.5003217621905));
#3887=CARTESIAN_POINT('Ctrl Pts',(100.49305743228,-5.27276485913881,14.8535563903862));
#3888=CARTESIAN_POINT('Ctrl Pts',(100.49363314538,-5.2051877044584,14.8588563762264));
#3889=CARTESIAN_POINT('Ctrl Pts',(100.485868784263,-5.13774081812249,14.8641563620666));
#3890=CARTESIAN_POINT('Ctrl Pts',(100.46924061473,-5.07255476392381,14.8694563479068));
#3891=CARTESIAN_POINT('Ctrl Pts',(100.403895732193,-4.81638856076549,14.890284073502));
#3892=CARTESIAN_POINT('Ctrl Pts',(100.201666235414,-4.59513659767485,14.9111117990971));
#3893=CARTESIAN_POINT('Ctrl Pts',(99.9523960375695,-4.50708456930136,14.9319395246923));
#3894=CARTESIAN_POINT('Ctrl Pts',(99.7031258397251,-4.41903254092787,14.9527672502874));
#3895=CARTESIAN_POINT('Ctrl Pts',(99.4068149408153,-4.46418044727152,14.9735949758826));
#3896=CARTESIAN_POINT('Ctrl Pts',(99.1950639001719,-4.62246625254222,14.9944227014777));
#3897=CARTESIAN_POINT('Ctrl Pts',(98.9833128595285,-4.78075205781292,15.0152504270729));
#3898=CARTESIAN_POINT('Ctrl Pts',(98.8561216771516,-5.05217576201066,15.036078152668));
#3899=CARTESIAN_POINT('Ctrl Pts',(98.8700387477231,-5.31618237867514,15.0569058782632));
#3900=CARTESIAN_POINT('Ctrl Pts',(98.8839558182947,-5.58018899533961,15.0777336038584));
#3901=CARTESIAN_POINT('Ctrl Pts',(99.0389811418147,-5.83677852447082,15.0985613294535));
#3902=CARTESIAN_POINT('Ctrl Pts',(99.2661505600255,-5.97194221358316,15.1193890550487));
#3903=CARTESIAN_POINT('Ctrl Pts',(99.4933199782362,-6.1071059026955,15.1402167806438));
#3904=CARTESIAN_POINT('Ctrl Pts',(99.7926334911378,-6.12084375178896,15.161044506239));
#3905=CARTESIAN_POINT('Ctrl Pts',(100.031339755257,-6.0071137096589,15.1818722318341));
#3906=CARTESIAN_POINT('Ctrl Pts',(100.270046019375,-5.89338366752885,15.2026999574293));
#3907=CARTESIAN_POINT('Ctrl Pts',(100.448145034712,-5.65218573417527,15.2235276830244));
#3908=CARTESIAN_POINT('Ctrl Pts',(100.486096461666,-5.3905400651237,15.2443554086196));
#3909=CARTESIAN_POINT('Ctrl Pts',(100.491685012143,-5.35201134180813,15.2474224025418));
#3910=CARTESIAN_POINT('Ctrl Pts',(100.494234583157,-5.31303922699669,15.250489396464));
#3911=CARTESIAN_POINT('Ctrl Pts',(100.493893252953,-5.2740251682796,15.2535563903862));
#3912=CARTESIAN_POINT('Ctrl Pts',(100.492373459991,-5.27395082567158,15.1470871339949));
#3913=CARTESIAN_POINT('Ctrl Pts',(100.492939434304,-5.36966756070902,15.1395964850566));
#3914=CARTESIAN_POINT('Ctrl Pts',(100.477210389677,-5.46520302546962,15.1321058361183));
#3915=CARTESIAN_POINT('Ctrl Pts',(100.444338592617,-5.55442106008199,15.12461518718));
#3916=CARTESIAN_POINT('Ctrl Pts',(100.352938665239,-5.80249152211439,15.1037874615848));
#3917=CARTESIAN_POINT('Ctrl Pts',(100.129005331435,-6.00172090447192,15.0829597359897));
#3918=CARTESIAN_POINT('Ctrl Pts',(99.8719883894316,-6.06361665904548,15.0621320103945));
#3919=CARTESIAN_POINT('Ctrl Pts',(99.614971447428,-6.12551241361905,15.0413042847994));
#3920=CARTESIAN_POINT('Ctrl Pts',(99.3248708972243,-6.05007454040865,15.0204765592042));
#3921=CARTESIAN_POINT('Ctrl Pts',(99.1305638183406,-5.8708098260368,14.9996488336091));
#3922=CARTESIAN_POINT('Ctrl Pts',(98.9362567394569,-5.69154511166494,14.9788211080139));
#3923=CARTESIAN_POINT('Ctrl Pts',(98.8377431318934,-5.40845355613164,14.9579933824188));
#3924=CARTESIAN_POINT('Ctrl Pts',(98.8787781419153,-5.14728896737637,14.9371656568236));
#3925=CARTESIAN_POINT('Ctrl Pts',(98.9198131519372,-4.88612437862111,14.9163379312284));
#3926=CARTESIAN_POINT('Ctrl Pts',(99.1003967795445,-4.64688675664388,14.8955102056333));
#3927=CARTESIAN_POINT('Ctrl Pts',(99.3403146779133,-4.53584703892622,14.8746824800381));
#3928=CARTESIAN_POINT('Ctrl Pts',(99.5802325762822,-4.42480732120856,14.853854754443));
#3929=CARTESIAN_POINT('Ctrl Pts',(99.8794847454127,-4.44196550775047,14.8330270288478));
#3930=CARTESIAN_POINT('Ctrl Pts',(100.105139038723,-4.57970015899397,14.8121993032527));
#3931=CARTESIAN_POINT('Ctrl Pts',(100.330793332032,-4.71743481023747,14.7913715776575));
#3932=CARTESIAN_POINT('Ctrl Pts',(100.482849749522,-4.97574592618254,14.7705438520624));
#3933=CARTESIAN_POINT('Ctrl Pts',(100.493763942891,-5.23988891531883,14.7497161264672));
#3934=CARTESIAN_POINT('Ctrl Pts',(100.494223159814,-5.25100278573619,14.7488397956431));
#3935=CARTESIAN_POINT('Ctrl Pts',(100.494432509429,-5.26212698045208,14.747963464819));
#3936=CARTESIAN_POINT('Ctrl Pts',(100.494396300665,-5.27325256661525,14.7470871339949));
#3937=CARTESIAN_POINT('Origin',(99.6816920509817,-5.27344338588619,12.5003217621905));
#3938=CARTESIAN_POINT('',(100.492045338272,-5.27321814671478,14.3470871339949));
#3939=CARTESIAN_POINT('',(100.492454606135,-5.27399370816578,14.4535563903862));
#3940=CARTESIAN_POINT('',(100.493192050982,-5.27344338588619,12.5003217621905));
#3941=CARTESIAN_POINT('Ctrl Pts',(100.492454606135,-5.27399370816578,14.4535563903862));
#3942=CARTESIAN_POINT('Ctrl Pts',(100.491320836642,-5.09940500718851,14.4672233559888));
#3943=CARTESIAN_POINT('Ctrl Pts',(100.435801361125,-4.92415848405873,14.4808903215914));
#3944=CARTESIAN_POINT('Ctrl Pts',(100.331640818363,-4.78543375095884,14.494557287194));
#3945=CARTESIAN_POINT('Ctrl Pts',(100.172905714641,-4.5740246673133,14.5153850127892));
#3946=CARTESIAN_POINT('Ctrl Pts',(99.9012059541764,-4.44743427100653,14.5362127383843));
#3947=CARTESIAN_POINT('Ctrl Pts',(99.6372334572839,-4.46189533424673,14.5570404639795));
#3948=CARTESIAN_POINT('Ctrl Pts',(99.3732609603914,-4.47635639748694,14.5778681895747));
#3949=CARTESIAN_POINT('Ctrl Pts',(99.1170157270712,-4.63186892027413,14.5986959151698));
#3950=CARTESIAN_POINT('Ctrl Pts',(98.9823241551451,-4.85935258403307,14.619523640765));
#3951=CARTESIAN_POINT('Ctrl Pts',(98.847632583219,-5.08683624779201,14.6403513663601));
#3952=CARTESIAN_POINT('Ctrl Pts',(98.8344946726871,-5.3862910525227,14.6611790919553));
#3953=CARTESIAN_POINT('Ctrl Pts',(98.9487470604605,-5.6246963474391,14.6820068175504));
#3954=CARTESIAN_POINT('Ctrl Pts',(99.0629994482341,-5.86310164235549,14.7028345431456));
#3955=CARTESIAN_POINT('Ctrl Pts',(99.3046421343131,-6.04045742745758,14.7236622687407));
#3956=CARTESIAN_POINT('Ctrl Pts',(99.5663336795974,-6.07798009350437,14.7444899943359));
#3957=CARTESIAN_POINT('Ctrl Pts',(99.8280252248817,-6.11550275955115,14.765317719931));
#3958=CARTESIAN_POINT('Ctrl Pts',(100.109765629371,-6.01319230654263,14.7861454455262));
#3959=CARTESIAN_POINT('Ctrl Pts',(100.286405697468,-5.81649685842537,14.8069731711213));
#3960=CARTESIAN_POINT('Ctrl Pts',(100.418096553254,-5.6698540713677,14.8225009108763));
#3961=CARTESIAN_POINT('Ctrl Pts',(100.491370725286,-5.47075038266501,14.8380286506312));
#3962=CARTESIAN_POINT('Ctrl Pts',(100.49305743228,-5.27276485913881,14.8535563903862));
#3963=CARTESIAN_POINT('Ctrl Pts',(100.494396300665,-5.27325256661525,14.7470871339949));
#3964=CARTESIAN_POINT('Ctrl Pts',(100.49357193692,-5.52654841732984,14.7271357392238));
#3965=CARTESIAN_POINT('Ctrl Pts',(100.365466125037,-5.78056550356257,14.7071843444528));
#3966=CARTESIAN_POINT('Ctrl Pts',(100.160928140006,-5.92988804602719,14.6872329496817));
#3967=CARTESIAN_POINT('Ctrl Pts',(99.9474061745054,-6.08576932527177,14.6664052240866));
#3968=CARTESIAN_POINT('Ctrl Pts',(99.650590274255,-6.12755702143345,14.6455774984914));
#3969=CARTESIAN_POINT('Ctrl Pts',(99.40232920108,-6.0366885734112,14.6247497728963));
#3970=CARTESIAN_POINT('Ctrl Pts',(99.1540681279049,-5.94582012538896,14.6039220473011));
#3971=CARTESIAN_POINT('Ctrl Pts',(98.9543618818053,-5.7222955331828,14.583094321706));
#3972=CARTESIAN_POINT('Ctrl Pts',(98.8919219131778,-5.46540669243047,14.5622665961108));
#3973=CARTESIAN_POINT('Ctrl Pts',(98.8294819445503,-5.20851785167815,14.5414388705157));
#3974=CARTESIAN_POINT('Ctrl Pts',(98.9043082533949,-4.91826476237964,14.5206111449205));
#3975=CARTESIAN_POINT('Ctrl Pts',(99.0831622762243,-4.72358075690948,14.4997834193254));
#3976=CARTESIAN_POINT('Ctrl Pts',(99.2620162990538,-4.52889675143931,14.4789556937302));
#3977=CARTESIAN_POINT('Ctrl Pts',(99.5448980358681,-4.42978182979748,14.458127968135));
#3978=CARTESIAN_POINT('Ctrl Pts',(99.8061485549232,-4.47026384290341,14.4373002425399));
#3979=CARTESIAN_POINT('Ctrl Pts',(100.067399073978,-4.51074585600934,14.4164725169447));
#3980=CARTESIAN_POINT('Ctrl Pts',(100.307018375274,-4.69082480386303,14.3956447913496));
#3981=CARTESIAN_POINT('Ctrl Pts',(100.418565162253,-4.93050780303106,14.3748170657544));
#3982=CARTESIAN_POINT('Ctrl Pts',(100.468069444046,-5.03687872641856,14.3655737551679));
#3983=CARTESIAN_POINT('Ctrl Pts',(100.492348948962,-5.15498908432446,14.3563304445814));
#3984=CARTESIAN_POINT('Ctrl Pts',(100.492045338272,-5.27321814671478,14.3470871339949));
#3985=CARTESIAN_POINT('Origin',(99.6816920509817,-5.27344338588619,12.5003217621905));
#3986=CARTESIAN_POINT('',(100.493803885803,-5.27402492318973,13.9470871339949));
#3987=CARTESIAN_POINT('',(100.494345500381,-5.27318436340579,14.0535563903862));
#3988=CARTESIAN_POINT('',(100.493192050982,-5.27344338588619,12.5003217621905));
#3989=CARTESIAN_POINT('Ctrl Pts',(100.494345500381,-5.27318436340579,14.0535563903862));
#3990=CARTESIAN_POINT('Ctrl Pts',(100.494410884864,-5.25786805846175,14.054762610156));
#3991=CARTESIAN_POINT('Ctrl Pts',(100.494014105482,-5.24255520377313,14.0559688299259));
#3992=CARTESIAN_POINT('Ctrl Pts',(100.493144288799,-5.22726926635732,14.0571750496958));
#3993=CARTESIAN_POINT('Ctrl Pts',(100.478125215446,-4.9633278869231,14.0780027752909));
#3994=CARTESIAN_POINT('Ctrl Pts',(100.322071370811,-4.70741181839013,14.0988305008861));
#3995=CARTESIAN_POINT('Ctrl Pts',(100.094303442148,-4.57320155353822,14.1196582264812));
#3996=CARTESIAN_POINT('Ctrl Pts',(99.8665355134854,-4.43899128868631,14.1404859520764));
#3997=CARTESIAN_POINT('Ctrl Pts',(99.5670535007948,-4.42648682751546,14.1613136776716));
#3998=CARTESIAN_POINT('Ctrl Pts',(99.3288903299746,-4.5412427780989,14.1821414032667));
#3999=CARTESIAN_POINT('Ctrl Pts',(99.0907271591544,-4.65599872868234,14.2029691288619));
#4000=CARTESIAN_POINT('Ctrl Pts',(98.9138828302046,-4.89801509102008,14.223796854457));
#4001=CARTESIAN_POINT('Ctrl Pts',(98.8769133695764,-5.15978576022374,14.2446245800522));
#4002=CARTESIAN_POINT('Ctrl Pts',(98.8399439089481,-5.4215564294274,14.2654523056473));
#4003=CARTESIAN_POINT('Ctrl Pts',(98.9428493166414,-5.70308140549699,14.2862800312425));
#4004=CARTESIAN_POINT('Ctrl Pts',(99.1399179834912,-5.87930446340114,14.3071077568376));
#4005=CARTESIAN_POINT('Ctrl Pts',(99.3369866503409,-6.0555275213053,14.3279354824328));
#4006=CARTESIAN_POINT('Ctrl Pts',(99.6282185763472,-6.12644866104402,14.3487632080279));
#4007=CARTESIAN_POINT('Ctrl Pts',(99.8842455916312,-6.06056399354509,14.3695909336231));
#4008=CARTESIAN_POINT('Ctrl Pts',(100.140272606915,-5.99467932604617,14.3904186592183));
#4009=CARTESIAN_POINT('Ctrl Pts',(100.361094711477,-5.79198885130958,14.4112463848134));
#4010=CARTESIAN_POINT('Ctrl Pts',(100.44862054027,-5.54252972844914,14.4320741104086));
#4011=CARTESIAN_POINT('Ctrl Pts',(100.478712709972,-5.45676343108795,14.4392348704011));
#4012=CARTESIAN_POINT('Ctrl Pts',(100.493048640792,-5.36546886230434,14.4463956303936));
#4013=CARTESIAN_POINT('Ctrl Pts',(100.492454606135,-5.27399370816578,14.4535563903862));
#4014=CARTESIAN_POINT('Ctrl Pts',(100.492045338272,-5.27321814671478,14.3470871339949));
#4015=CARTESIAN_POINT('Ctrl Pts',(100.491664830422,-5.42139173798299,14.3355027189862));
#4016=CARTESIAN_POINT('Ctrl Pts',(100.452671633625,-5.56975177833308,14.3239183039776));
#4017=CARTESIAN_POINT('Ctrl Pts',(100.3763288705,-5.69542263602207,14.312333888969));
#4018=CARTESIAN_POINT('Ctrl Pts',(100.239071519107,-5.92136741936267,14.2915061633738));
#4019=CARTESIAN_POINT('Ctrl Pts',(99.9810825436571,-6.07396993556147,14.2706784377787));
#4020=CARTESIAN_POINT('Ctrl Pts',(99.7169632453326,-6.08544261059402,14.2498507121835));
#4021=CARTESIAN_POINT('Ctrl Pts',(99.4528439470081,-6.09691528562657,14.2290229865883));
#4022=CARTESIAN_POINT('Ctrl Pts',(99.1825943258085,-5.96725811949286,14.2081952609932));
#4023=CARTESIAN_POINT('Ctrl Pts',(99.0262619821563,-5.75406613049883,14.187367535398));
#4024=CARTESIAN_POINT('Ctrl Pts',(98.8699296385041,-5.5408741415048,14.1665398098029));
#4025=CARTESIAN_POINT('Ctrl Pts',(98.8275145723992,-5.24414732965044,14.1457120842077));
#4026=CARTESIAN_POINT('Ctrl Pts',(98.9178579835278,-4.99569473072156,14.1248843586126));
#4027=CARTESIAN_POINT('Ctrl Pts',(99.0082013946564,-4.74724213179269,14.1040566330174));
#4028=CARTESIAN_POINT('Ctrl Pts',(99.2313032830185,-4.54706374578931,14.0832289074223));
#4029=CARTESIAN_POINT('Ctrl Pts',(99.4880595443764,-4.48408082637064,14.0624011818271));
#4030=CARTESIAN_POINT('Ctrl Pts',(99.7448158057343,-4.42109790695198,14.041573456232));
#4031=CARTESIAN_POINT('Ctrl Pts',(100.035226440088,-4.49531045411803,14.0207457306368));
#4032=CARTESIAN_POINT('Ctrl Pts',(100.230288121228,-4.67375250748829,13.9999180050416));
#4033=CARTESIAN_POINT('Ctrl Pts',(100.395216971722,-4.82462910493296,13.9823077146927));
#4034=CARTESIAN_POINT('Ctrl Pts',(100.491980221245,-5.05002006976042,13.9646974243438));
#4035=CARTESIAN_POINT('Ctrl Pts',(100.493803885803,-5.27402492318973,13.9470871339949));
#4036=CARTESIAN_POINT('Origin',(99.6816920509817,-5.27344338588619,12.5003217621905));
#4037=CARTESIAN_POINT('',(100.493109559927,-5.27276245934336,13.5470871339949));
#4038=CARTESIAN_POINT('',(100.492014290478,-5.27328017408406,13.6535563903862));
#4039=CARTESIAN_POINT('',(100.493192050982,-5.27344338588619,12.5003217621905));
#4040=CARTESIAN_POINT('Ctrl Pts',(100.492014290478,-5.27328017408406,13.6535563903862));
#4041=CARTESIAN_POINT('Ctrl Pts',(100.492241610896,-5.15081980315227,13.6631295899184));
#4042=CARTESIAN_POINT('Ctrl Pts',(100.466122597464,-5.02845145689081,13.6727027894507));
#4043=CARTESIAN_POINT('Ctrl Pts',(100.413145176221,-4.91909453355267,13.682275988983));
#4044=CARTESIAN_POINT('Ctrl Pts',(100.297885989504,-4.68117449610465,13.7031037145782));
#4045=CARTESIAN_POINT('Ctrl Pts',(100.055496308268,-4.50484219841947,13.7239314401733));
#4046=CARTESIAN_POINT('Ctrl Pts',(99.7936480678513,-4.46842622200156,13.7447591657685));
#4047=CARTESIAN_POINT('Ctrl Pts',(99.5317998274345,-4.43201024558365,13.7655868913636));
#4048=CARTESIAN_POINT('Ctrl Pts',(99.2504930278362,-4.53551059043302,13.7864146169588));
#4049=CARTESIAN_POINT('Ctrl Pts',(99.0746869805717,-4.73295136162591,13.8072423425539));
#4050=CARTESIAN_POINT('Ctrl Pts',(98.8988809333072,-4.93039213281879,13.8280700681491));
#4051=CARTESIAN_POINT('Ctrl Pts',(98.8285756383764,-5.2217733303552,13.8488977937442));
#4052=CARTESIAN_POINT('Ctrl Pts',(98.8950014151692,-5.47766049403579,13.8697255193394));
#4053=CARTESIAN_POINT('Ctrl Pts',(98.961427191962,-5.73354765771638,13.8905532449345));
#4054=CARTESIAN_POINT('Ctrl Pts',(99.1645840404784,-5.95394078754115,13.9113809705297));
#4055=CARTESIAN_POINT('Ctrl Pts',(99.4142276442867,-6.04093903730296,13.9322086961249));
#4056=CARTESIAN_POINT('Ctrl Pts',(99.6638712480949,-6.12793728706478,13.95303642172));
#4057=CARTESIAN_POINT('Ctrl Pts',(99.9600016071952,-6.08154065676364,13.9738641473152));
#4058=CARTESIAN_POINT('Ctrl Pts',(100.171074635709,-5.92235899644534,13.9946918729103));
#4059=CARTESIAN_POINT('Ctrl Pts',(100.369923551768,-5.7723962047356,14.0143133787356));
#4060=CARTESIAN_POINT('Ctrl Pts',(100.493281894851,-5.52233379221412,14.0339348845609));
#4061=CARTESIAN_POINT('Ctrl Pts',(100.494345500381,-5.27318436340579,14.0535563903862));
#4062=CARTESIAN_POINT('Ctrl Pts',(100.493803885803,-5.27402492318973,13.9470871339949));
#4063=CARTESIAN_POINT('Ctrl Pts',(100.494137072963,-5.31495105765261,13.9438696987486));
#4064=CARTESIAN_POINT('Ctrl Pts',(100.491301174843,-5.35583092368879,13.9406522635024));
#4065=CARTESIAN_POINT('Ctrl Pts',(100.48513290772,-5.39620163490851,13.9374348282562));
#4066=CARTESIAN_POINT('Ctrl Pts',(100.445203285147,-5.65753714938402,13.916607102661));
#4067=CARTESIAN_POINT('Ctrl Pts',(100.265631312076,-5.89753661876056,13.8957793770659));
#4068=CARTESIAN_POINT('Ctrl Pts',(100.026184666147,-6.00958986325702,13.8749516514707));
#4069=CARTESIAN_POINT('Ctrl Pts',(99.786738020218,-6.12164310775347,13.8541239258756));
#4070=CARTESIAN_POINT('Ctrl Pts',(99.4874167014309,-6.10575012736985,13.8332962002804));
#4071=CARTESIAN_POINT('Ctrl Pts',(99.261182251704,-5.96897074442134,13.8124684746852));
#4072=CARTESIAN_POINT('Ctrl Pts',(99.034947801977,-5.83219136147283,13.7916407490901));
#4073=CARTESIAN_POINT('Ctrl Pts',(98.8818002213103,-5.57452557595943,13.7708130234949));
#4074=CARTESIAN_POINT('Ctrl Pts',(98.8697692064535,-5.31043112183107,13.7499852978998));
#4075=CARTESIAN_POINT('Ctrl Pts',(98.8577381915968,-5.0463366677027,13.7291575723046));
#4076=CARTESIAN_POINT('Ctrl Pts',(98.98682374255,-4.77581354495937,13.7083298467095));
#4077=CARTESIAN_POINT('Ctrl Pts',(99.1996847580951,-4.61903084919365,13.6875021211143));
#4078=CARTESIAN_POINT('Ctrl Pts',(99.4125457736403,-4.46224815342794,13.6666743955192));
#4079=CARTESIAN_POINT('Ctrl Pts',(99.7091822537773,-4.41920588463985,13.645846669924));
#4080=CARTESIAN_POINT('Ctrl Pts',(99.9578252896998,-4.50902384755781,13.6250189443289));
#4081=CARTESIAN_POINT('Ctrl Pts',(100.206468325622,-4.59884181047578,13.6041912187337));
#4082=CARTESIAN_POINT('Ctrl Pts',(100.40711791733,-4.82152000509981,13.5833634931385));
#4083=CARTESIAN_POINT('Ctrl Pts',(100.470643495142,-5.07814254513754,13.5625357675434));
#4084=CARTESIAN_POINT('Ctrl Pts',(100.486349856807,-5.14159110497863,13.5573862230272));
#4085=CARTESIAN_POINT('Ctrl Pts',(100.493673836314,-5.20711468047346,13.552236678511));
#4086=CARTESIAN_POINT('Ctrl Pts',(100.493109559927,-5.27276245934336,13.5470871339949));
#4087=CARTESIAN_POINT('Origin',(99.6816920509817,-5.27344338588619,12.5003217621905));
#4088=CARTESIAN_POINT('',(100.492413915356,-5.2739759869433,13.1470871339949));
#4089=CARTESIAN_POINT('',(100.493912831182,-5.27398569255236,13.2535563903862));
#4090=CARTESIAN_POINT('',(100.493192050982,-5.27344338588619,12.5003217621905));
#4091=CARTESIAN_POINT('Ctrl Pts',(100.493912831182,-5.27398569255236,13.2535563903862));
#4092=CARTESIAN_POINT('Ctrl Pts',(100.492141806201,-5.04586461790958,13.2714965696808));
#4093=CARTESIAN_POINT('Ctrl Pts',(100.391287049638,-4.81636954171234,13.2894367489755));
#4094=CARTESIAN_POINT('Ctrl Pts',(100.220899611643,-4.66529704333331,13.3073769282702));
#4095=CARTESIAN_POINT('Ctrl Pts',(100.023087608479,-4.48990879946302,13.3282046538654));
#4096=CARTESIAN_POINT('Ctrl Pts',(99.7315584464631,-4.42021964602624,13.3490323794605));
#4097=CARTESIAN_POINT('Ctrl Pts',(99.475812286765,-4.48718623296669,13.3698601050557));
#4098=CARTESIAN_POINT('Ctrl Pts',(99.220066127067,-4.55415281990714,13.3906878306508));
#4099=CARTESIAN_POINT('Ctrl Pts',(99.0001029696864,-4.75777514722482,13.411515556246));
#4100=CARTESIAN_POINT('Ctrl Pts',(98.9136326755774,-5.00760211500001,13.4323432818412));
#4101=CARTESIAN_POINT('Ctrl Pts',(98.8271623814685,-5.2574290827752,13.4531710074363));
#4102=CARTESIAN_POINT('Ctrl Pts',(98.8741849506312,-5.5534606910079,13.4739987330315));
#4103=CARTESIAN_POINT('Ctrl Pts',(99.0338124783862,-5.76419672650567,13.4948264586266));
#4104=CARTESIAN_POINT('Ctrl Pts',(99.1934400061411,-5.97493276200345,13.5156541842218));
#4105=CARTESIAN_POINT('Ctrl Pts',(99.4656724924883,-6.1003732247663,13.5364819098169));
#4106=CARTESIAN_POINT('Ctrl Pts',(99.7295815304121,-6.0847961957966,13.5573096354121));
#4107=CARTESIAN_POINT('Ctrl Pts',(99.993490568336,-6.0692191668269,13.5781373610072));
#4108=CARTESIAN_POINT('Ctrl Pts',(100.249076157837,-5.91262464612464,13.5989650866024));
#4109=CARTESIAN_POINT('Ctrl Pts',(100.382804606487,-5.68457349716808,13.6197928121975));
#4110=CARTESIAN_POINT('Ctrl Pts',(100.45506647223,-5.5613431623015,13.6310473382604));
#4111=CARTESIAN_POINT('Ctrl Pts',(100.491747046118,-5.41724807443692,13.6423018643233));
#4112=CARTESIAN_POINT('Ctrl Pts',(100.492014290478,-5.27328017408406,13.6535563903862));
#4113=CARTESIAN_POINT('Ctrl Pts',(100.493109559927,-5.27276245934336,13.5470871339949));
#4114=CARTESIAN_POINT('Ctrl Pts',(100.491391577425,-5.4726321296263,13.5314089529159));
#4115=CARTESIAN_POINT('Ctrl Pts',(100.416553843007,-5.67365309622792,13.5157307718369));
#4116=CARTESIAN_POINT('Ctrl Pts',(100.282541356563,-5.82077044898345,13.5000525907579));
#4117=CARTESIAN_POINT('Ctrl Pts',(100.104512076259,-6.01620892734021,13.4792248651628));
#4118=CARTESIAN_POINT('Ctrl Pts',(99.8220519517347,-6.11651899860231,13.4583971395676));
#4119=CARTESIAN_POINT('Ctrl Pts',(99.5606326052216,-6.0771419563829,13.4375694139725));
#4120=CARTESIAN_POINT('Ctrl Pts',(99.2992132587085,-6.03776491416349,13.4167416883773));
#4121=CARTESIAN_POINT('Ctrl Pts',(99.0588346902062,-5.85870075846257,13.3959139627822));
#4122=CARTESIAN_POINT('Ctrl Pts',(98.9462754945843,-5.61949151369778,13.375086237187));
#4123=CARTESIAN_POINT('Ctrl Pts',(98.8337162989625,-5.38028226893298,13.3542585115919));
#4124=CARTESIAN_POINT('Ctrl Pts',(98.8489764762211,-5.08092793510433,13.3334307859967));
#4125=CARTESIAN_POINT('Ctrl Pts',(98.9852772697909,-4.85440487525693,13.3126030604015));
#4126=CARTESIAN_POINT('Ctrl Pts',(99.1215780633607,-4.62788181540952,13.2917753348064));
#4127=CARTESIAN_POINT('Ctrl Pts',(99.3789194732418,-4.47419002954337,13.2709476092112));
#4128=CARTESIAN_POINT('Ctrl Pts',(99.64298792175,-4.46160063602384,13.2501198836161));
#4129=CARTESIAN_POINT('Ctrl Pts',(99.9070563702582,-4.44901124250431,13.2292921580209));
#4130=CARTESIAN_POINT('Ctrl Pts',(100.177851857394,-4.5775242413314,13.2084644324258));
#4131=CARTESIAN_POINT('Ctrl Pts',(100.335084166166,-4.79005352242117,13.1876367068306));
#4132=CARTESIAN_POINT('Ctrl Pts',(100.43712287938,-4.92797819281471,13.174120182552));
#4133=CARTESIAN_POINT('Ctrl Pts',(100.491333407408,-5.10128709923065,13.1606036582735));
#4134=CARTESIAN_POINT('Ctrl Pts',(100.492413915356,-5.2739759869433,13.1470871339949));
#4135=CARTESIAN_POINT('Origin',(99.6816920509817,-5.27344338588619,12.5003217621905));
#4136=CARTESIAN_POINT('',(100.494365809648,-5.27323741971673,12.7470871339949));
#4137=CARTESIAN_POINT('',(100.492991295387,-5.27276862144985,12.8535563903862));
#4138=CARTESIAN_POINT('',(100.493192050982,-5.27344338588619,12.5003217621905));
#4139=CARTESIAN_POINT('',(99.079472646805,-4.7295095303182,12.5003217621905));
#4140=CARTESIAN_POINT('Ctrl Pts',(100.494365809648,-5.27323741971673,12.7470871339949));
#4141=CARTESIAN_POINT('Ctrl Pts',(100.493414203488,-5.5242408677795,12.7273151868455));
#4142=CARTESIAN_POINT('Ctrl Pts',(100.367925512332,-5.77600966397894,12.7075432396962));
#4143=CARTESIAN_POINT('Ctrl Pts',(100.166474089581,-5.92575624009523,12.6877712925469));
#4144=CARTESIAN_POINT('Ctrl Pts',(99.9542656043907,-6.08349895367875,12.6669435669517));
#4145=CARTESIAN_POINT('Ctrl Pts',(99.6577653079397,-6.12803302482667,12.6461158413566));
#4146=CARTESIAN_POINT('Ctrl Pts',(99.4087732624268,-6.0391413907231,12.6252881157614));
#4147=CARTESIAN_POINT('Ctrl Pts',(99.159781216914,-5.95024975661954,12.6044603901663));
#4148=CARTESIAN_POINT('Ctrl Pts',(98.9582974223393,-5.72793241726447,12.5836326645711));
#4149=CARTESIAN_POINT('Ctrl Pts',(98.893731773574,-5.47200305868459,12.562804938976));
#4150=CARTESIAN_POINT('Ctrl Pts',(98.8291661248088,-5.21607370010472,12.5419772133808));
#4151=CARTESIAN_POINT('Ctrl Pts',(98.901518621853,-4.92653232230002,12.5211494877857));
#4152=CARTESIAN_POINT('Ctrl Pts',(99.079472646805,-4.72950953031819,12.5003217621905));
#4153=CARTESIAN_POINT('',(100.285027706713,-4.72897393797264,12.5003217621905));
#4154=CARTESIAN_POINT('Origin',(99.6816920509817,-5.27344338588619,12.5003217621905));
#4155=CARTESIAN_POINT('Ctrl Pts',(100.285027706713,-4.72897393797264,12.5003217621905));
#4156=CARTESIAN_POINT('Ctrl Pts',(100.121554239556,-4.54994132688715,12.5194074437419));
#4157=CARTESIAN_POINT('Ctrl Pts',(99.8721450065731,-4.44700293476319,12.5384931252933));
#4158=CARTESIAN_POINT('Ctrl Pts',(99.6303319237837,-4.46234055737205,12.5575788068447));
#4159=CARTESIAN_POINT('Ctrl Pts',(99.3664473713721,-4.4790781202471,12.5784065324398));
#4160=CARTESIAN_POINT('Ctrl Pts',(99.1116089295155,-4.63666833585471,12.599234258035));
#4161=CARTESIAN_POINT('Ctrl Pts',(98.9788671685467,-4.86526140731484,12.6200619836301));
#4162=CARTESIAN_POINT('Ctrl Pts',(98.846125407578,-5.09385447877497,12.6408897092253));
#4163=CARTESIAN_POINT('Ctrl Pts',(98.835480327497,-5.39345040608762,12.6617174348204));
#4164=CARTESIAN_POINT('Ctrl Pts',(98.9517341037566,-5.63089142613536,12.6825451604156));
#4165=CARTESIAN_POINT('Ctrl Pts',(99.0679878800161,-5.8683324461831,12.7033728860107));
#4166=CARTESIAN_POINT('Ctrl Pts',(99.3111405126162,-6.04361855896592,12.7242006116059));
#4167=CARTESIAN_POINT('Ctrl Pts',(99.5731454091339,-6.07892200871916,12.745028337201));
#4168=CARTESIAN_POINT('Ctrl Pts',(99.8351503056517,-6.1142254584724,12.7658560627962));
#4169=CARTESIAN_POINT('Ctrl Pts',(100.116007466087,-6.00954624519606,12.7866837883914));
#4170=CARTESIAN_POINT('Ctrl Pts',(100.290974694595,-5.8113663769392,12.8075115139865));
#4171=CARTESIAN_POINT('Ctrl Pts',(100.419910911111,-5.66532438598669,12.8228598061197));
#4172=CARTESIAN_POINT('Ctrl Pts',(100.491344050129,-5.46850726172663,12.8382080982529));
#4173=CARTESIAN_POINT('Ctrl Pts',(100.492991295387,-5.27276862144985,12.8535563903862));
#4174=CARTESIAN_POINT('Origin',(99.6816920509817,29.9539186878861,12.5003217621905));
#4175=CARTESIAN_POINT('',(100.492378234561,29.9534113681643,15.1470871339949));
#4176=CARTESIAN_POINT('',(100.493898830165,29.953331875479,15.2535563903861));
#4177=CARTESIAN_POINT('',(100.493192050982,29.9539186878861,12.5003217621905));
#4178=CARTESIAN_POINT('',(99.4827784183296,30.7406623670759,15.3693217621905));
#4179=CARTESIAN_POINT('Ctrl Pts',(100.493898830165,29.953331875479,15.2535563903861));
#4180=CARTESIAN_POINT('Ctrl Pts',(100.491924947007,30.1792506365531,15.2713171220591));
#4181=CARTESIAN_POINT('Ctrl Pts',(100.393007303351,30.4065685704256,15.2890778537321));
#4182=CARTESIAN_POINT('Ctrl Pts',(100.225894086321,30.5573507002812,15.306838585405));
#4183=CARTESIAN_POINT('Ctrl Pts',(100.029923093024,30.7341704891903,15.3276663110002));
#4184=CARTESIAN_POINT('Ctrl Pts',(99.74017038407,30.8057391796073,15.3484940365954));
#4185=CARTESIAN_POINT('Ctrl Pts',(99.4827784183296,30.7406623670759,15.3693217621905));
#4186=CARTESIAN_POINT('',(98.9181866459009,29.675482755328,15.3693217621905));
#4187=CARTESIAN_POINT('Origin',(99.6816920509817,29.9539186878861,15.3693217621905));
#4188=CARTESIAN_POINT('Ctrl Pts',(98.9181866459009,29.675482755328,15.3693217621905));
#4189=CARTESIAN_POINT('Ctrl Pts',(98.8364607702243,29.9037274561211,15.3502360806391));
#4190=CARTESIAN_POINT('Ctrl Pts',(98.8621870157303,30.1723204959607,15.3311503990878));
#4191=CARTESIAN_POINT('Ctrl Pts',(98.988892917213,30.3788520978484,15.3120647175364));
#4192=CARTESIAN_POINT('Ctrl Pts',(99.127163889631,30.6042348550354,15.2912369919412));
#4193=CARTESIAN_POINT('Ctrl Pts',(99.3856896106428,30.7557098280645,15.2704092663461));
#4194=CARTESIAN_POINT('Ctrl Pts',(99.6498288137039,30.7660563227381,15.2495815407509));
#4195=CARTESIAN_POINT('Ctrl Pts',(99.9139680167651,30.7764028174117,15.2287538151558));
#4196=CARTESIAN_POINT('Ctrl Pts',(100.183720701876,30.6456208337299,15.2079260895606));
#4197=CARTESIAN_POINT('Ctrl Pts',(100.339164670932,30.4317729604531,15.1870983639655));
#4198=CARTESIAN_POINT('Ctrl Pts',(100.438703534246,30.2948350376939,15.1737612873086));
#4199=CARTESIAN_POINT('Ctrl Pts',(100.491370023923,30.1238358854157,15.1604242106517));
#4200=CARTESIAN_POINT('Ctrl Pts',(100.492378234561,29.9534113681643,15.1470871339949));
#4201=CARTESIAN_POINT('Origin',(99.6816920509817,29.9539186878861,12.5003217621905));
#4202=CARTESIAN_POINT('',(100.494401326541,29.95410950867,14.7470871339949));
#4203=CARTESIAN_POINT('',(100.493062409755,29.954597314426,14.8535563903861));
#4204=CARTESIAN_POINT('',(100.493192050982,29.9539186878861,12.5003217621905));
#4205=CARTESIAN_POINT('Ctrl Pts',(100.493062409755,29.954597314426,14.8535563903861));
#4206=CARTESIAN_POINT('Ctrl Pts',(100.49363811811,30.0221748983321,14.8588563762264));
#4207=CARTESIAN_POINT('Ctrl Pts',(100.485873710597,30.0896222039927,14.8641563620666));
#4208=CARTESIAN_POINT('Ctrl Pts',(100.469245456703,30.154808648593,14.8694563479068));
#4209=CARTESIAN_POINT('Ctrl Pts',(100.40390024265,30.41097638594,14.8902840735019));
#4210=CARTESIAN_POINT('Ctrl Pts',(100.201669828094,30.6322294365577,14.9111117990971));
#4211=CARTESIAN_POINT('Ctrl Pts',(99.9523979282567,30.720282164713,14.9319395246923));
#4212=CARTESIAN_POINT('Ctrl Pts',(99.7031260284195,30.8083348928683,14.9527672502874));
#4213=CARTESIAN_POINT('Ctrl Pts',(99.4068126433009,30.763187298561,14.9735949758826));
#4214=CARTESIAN_POINT('Ctrl Pts',(99.1950605004981,30.6049002106533,14.9944227014777));
#4215=CARTESIAN_POINT('Ctrl Pts',(98.9833083576953,30.4466131227455,15.0152504270729));
#4216=CARTESIAN_POINT('Ctrl Pts',(98.8561174572082,30.1751865412371,15.036078152668));
#4217=CARTESIAN_POINT('Ctrl Pts',(98.8700342582349,29.9111788284314,15.0569058782632));
#4218=CARTESIAN_POINT('Ctrl Pts',(98.8839510592616,29.6471711156256,15.0777336038583));
#4219=CARTESIAN_POINT('Ctrl Pts',(99.038975561802,29.3905822715225,15.0985613294535));
#4220=CARTESIAN_POINT('Ctrl Pts',(99.2661469285536,29.255416593958,15.1193890550486));
#4221=CARTESIAN_POINT('Ctrl Pts',(99.4933182953052,29.1202509163936,15.1402167806438));
#4222=CARTESIAN_POINT('Ctrl Pts',(99.792636526268,29.106508405368,15.161044506239));
#4223=CARTESIAN_POINT('Ctrl Pts',(100.031343788027,29.2202410235597,15.1818722318341));
#4224=CARTESIAN_POINT('Ctrl Pts',(100.270051049785,29.3339736417513,15.2026999574293));
#4225=CARTESIAN_POINT('Ctrl Pts',(100.44814734234,29.5751813891604,15.2235276830244));
#4226=CARTESIAN_POINT('Ctrl Pts',(100.486100849798,29.8368207065656,15.2443554086196));
#4227=CARTESIAN_POINT('Ctrl Pts',(100.49168970664,29.8753484945673,15.2474224025418));
#4228=CARTESIAN_POINT('Ctrl Pts',(100.494239688174,29.9143193235255,15.250489396464));
#4229=CARTESIAN_POINT('Ctrl Pts',(100.493898830165,29.953331875479,15.2535563903861));
#4230=CARTESIAN_POINT('Ctrl Pts',(100.492378234561,29.9534113681643,15.1470871339949));
#4231=CARTESIAN_POINT('Ctrl Pts',(100.492944486982,29.8576939735618,15.1395964850566));
#4232=CARTESIAN_POINT('Ctrl Pts',(100.477215620778,29.7621578421779,15.1321058361183));
#4233=CARTESIAN_POINT('Ctrl Pts',(100.444343744025,29.6729392151991,15.12461518718));
#4234=CARTESIAN_POINT('Ctrl Pts',(100.35294359506,29.4248671060937,15.1037874615848));
#4235=CARTESIAN_POINT('Ctrl Pts',(100.129008044128,29.2256366507546,15.0829597359897));
#4236=CARTESIAN_POINT('Ctrl Pts',(99.8719893246871,29.163740562211,15.0621320103945));
#4237=CARTESIAN_POINT('Ctrl Pts',(99.6149706052461,29.1018444736674,15.0413042847994));
#4238=CARTESIAN_POINT('Ctrl Pts',(99.3248687172963,29.1772827519194,15.0204765592042));
#4239=CARTESIAN_POINT('Ctrl Pts',(99.1305605443362,29.3565485532776,14.9996488336091));
#4240=CARTESIAN_POINT('Ctrl Pts',(98.9362523713761,29.5358143546357,14.9788211080139));
#4241=CARTESIAN_POINT('Ctrl Pts',(98.8377379134058,29.8189076791,14.9579933824188));
#4242=CARTESIAN_POINT('Ctrl Pts',(98.8787731197901,30.0800738870194,14.9371656568236));
#4243=CARTESIAN_POINT('Ctrl Pts',(98.9198083261743,30.3412400949387,14.9163379312284));
#4244=CARTESIAN_POINT('Ctrl Pts',(99.1003931969132,30.5804791863131,14.8955102056333));
#4245=CARTESIAN_POINT('Ctrl Pts',(99.34031260634,30.691519586613,14.8746824800381));
#4246=CARTESIAN_POINT('Ctrl Pts',(99.5802320157667,30.802559986913,14.853854754443));
#4247=CARTESIAN_POINT('Ctrl Pts',(99.8794859638814,30.7854016961385,14.8330270288478));
#4248=CARTESIAN_POINT('Ctrl Pts',(100.105141633615,30.6476661957413,14.8121993032527));
#4249=CARTESIAN_POINT('Ctrl Pts',(100.330797303348,30.5099306953442,14.7913715776575));
#4250=CARTESIAN_POINT('Ctrl Pts',(100.482854694701,30.2516179853244,14.7705438520624));
#4251=CARTESIAN_POINT('Ctrl Pts',(100.493768963931,29.9874733658892,14.7497161264672));
#4252=CARTESIAN_POINT('Ctrl Pts',(100.494228184046,29.9763594268766,14.7488397956431));
#4253=CARTESIAN_POINT('Ctrl Pts',(100.494437535264,29.9652351635015,14.747963464819));
#4254=CARTESIAN_POINT('Ctrl Pts',(100.494401326541,29.95410950867,14.7470871339949));
#4255=CARTESIAN_POINT('Origin',(99.6816920509817,29.9539186878861,12.5003217621905));
#4256=CARTESIAN_POINT('',(100.492050339362,29.9541439284632,14.3470871339949));
#4257=CARTESIAN_POINT('',(100.492459697199,29.9533683625997,14.4535563903861));
#4258=CARTESIAN_POINT('',(100.493192050982,29.9539186878861,12.5003217621905));
#4259=CARTESIAN_POINT('Ctrl Pts',(100.492459697199,29.9533683625997,14.4535563903861));
#4260=CARTESIAN_POINT('Ctrl Pts',(100.491325919153,30.1279581608457,14.4672233559888));
#4261=CARTESIAN_POINT('Ctrl Pts',(100.435806093533,30.3032057853517,14.4808903215914));
#4262=CARTESIAN_POINT('Ctrl Pts',(100.331644897936,30.4419313888646,14.494557287194));
#4263=CARTESIAN_POINT('Ctrl Pts',(100.172908799327,30.653341798973,14.5153850127892));
#4264=CARTESIAN_POINT('Ctrl Pts',(99.9012073409011,30.7799329853505,14.5362127383843));
#4265=CARTESIAN_POINT('Ctrl Pts',(99.6372331824043,30.7654718337438,14.5570404639795));
#4266=CARTESIAN_POINT('Ctrl Pts',(99.3732590239075,30.751010682137,14.5778681895746));
#4267=CARTESIAN_POINT('Ctrl Pts',(99.11701216534,30.595497192546,14.5986959151698));
#4268=CARTESIAN_POINT('Ctrl Pts',(98.9823197546643,30.3680120952685,14.6195236407649));
#4269=CARTESIAN_POINT('Ctrl Pts',(98.8476273439885,30.1405269979911,14.6403513663601));
#4270=CARTESIAN_POINT('Ctrl Pts',(98.8344893812044,29.8410702930273,14.6611790919552));
#4271=CARTESIAN_POINT('Ctrl Pts',(98.9487424732069,29.6026635105347,14.6820068175504));
#4272=CARTESIAN_POINT('Ctrl Pts',(99.0629955652093,29.3642567280422,14.7028345431456));
#4273=CARTESIAN_POINT('Ctrl Pts',(99.3046397119982,29.1868998680209,14.7236622687407));
#4274=CARTESIAN_POINT('Ctrl Pts',(99.5663329252382,29.1493769471926,14.7444899943359));
#4275=CARTESIAN_POINT('Ctrl Pts',(99.8280261384783,29.1118540263644,14.765317719931));
#4276=CARTESIAN_POINT('Ctrl Pts',(100.109768418169,29.214165044729,14.7861454455262));
#4277=CARTESIAN_POINT('Ctrl Pts',(100.286409551239,29.4108617659495,14.8069731711213));
#4278=CARTESIAN_POINT('Ctrl Pts',(100.418101200997,29.5575055021465,14.8225009108763));
#4279=CARTESIAN_POINT('Ctrl Pts',(100.491375716661,29.7566105333673,14.8380286506312));
#4280=CARTESIAN_POINT('Ctrl Pts',(100.493062409755,29.954597314426,14.8535563903861));
#4281=CARTESIAN_POINT('Ctrl Pts',(100.494401326541,29.95410950867,14.7470871339949));
#4282=CARTESIAN_POINT('Ctrl Pts',(100.493576963753,29.7008120945879,14.7271357392238));
#4283=CARTESIAN_POINT('Ctrl Pts',(100.365470344169,29.446793440347,14.7071843444528));
#4284=CARTESIAN_POINT('Ctrl Pts',(100.16093109261,29.2974699763573,14.6872329496817));
#4285=CARTESIAN_POINT('Ctrl Pts',(99.947407804951,29.1415877351113,14.6664052240866));
#4286=CARTESIAN_POINT('Ctrl Pts',(99.6505900825239,29.0997997814699,14.6455774984914));
#4287=CARTESIAN_POINT('Ctrl Pts',(99.402327479571,29.190668790325,14.6247497728963));
#4288=CARTESIAN_POINT('Ctrl Pts',(99.154064876618,29.2815377991801,14.6039220473011));
#4289=CARTESIAN_POINT('Ctrl Pts',(98.9543573931393,29.5050637705317,14.583094321706));
#4290=CARTESIAN_POINT('Ctrl Pts',(98.8919170379772,29.7619541965698,14.5622665961108));
#4291=CARTESIAN_POINT('Ctrl Pts',(98.8294766828151,30.018844622608,14.5414388705157));
#4292=CARTESIAN_POINT('Ctrl Pts',(98.9043034559695,30.3090995033327,14.5206111449205));
#4293=CARTESIAN_POINT('Ctrl Pts',(99.0831585831788,30.5037847102932,14.4997834193254));
#4294=CARTESIAN_POINT('Ctrl Pts',(99.2620137103881,30.6984699172538,14.4789556937302));
#4295=CARTESIAN_POINT('Ctrl Pts',(99.5448971916522,30.7975854504501,14.458127968135));
#4296=CARTESIAN_POINT('Ctrl Pts',(99.8061493226448,30.7571031874938,14.4373002425399));
#4297=CARTESIAN_POINT('Ctrl Pts',(100.067401453637,30.7166209245375,14.4164725169447));
#4298=CARTESIAN_POINT('Ctrl Pts',(100.307022234359,30.5365408654286,14.3956447913496));
#4299=CARTESIAN_POINT('Ctrl Pts',(100.418569709889,30.2968563871194,14.3748170657544));
#4300=CARTESIAN_POINT('Ctrl Pts',(100.46807429726,30.1904848072914,14.3655737551679));
#4301=CARTESIAN_POINT('Ctrl Pts',(100.492353951985,30.0723737204874,14.3563304445814));
#4302=CARTESIAN_POINT('Ctrl Pts',(100.492050339362,29.9541439284632,14.3470871339949));
#4303=CARTESIAN_POINT('Origin',(99.6816920509817,29.9539186878861,12.5003217621905));
#4304=CARTESIAN_POINT('',(100.493808897587,29.9533371469864,13.9470871339949));
#4305=CARTESIAN_POINT('',(100.494350604047,29.9541777119824,14.0535563903861));
#4306=CARTESIAN_POINT('',(100.493192050982,29.9539186878861,12.5003217621905));
#4307=CARTESIAN_POINT('Ctrl Pts',(100.494350604047,29.9541777119824,14.0535563903861));
#4308=CARTESIAN_POINT('Ctrl Pts',(100.49441598894,29.9694941131166,14.054762610156));
#4309=CARTESIAN_POINT('Ctrl Pts',(100.494019207065,29.9848070639738,14.0559688299259));
#4310=CARTESIAN_POINT('Ctrl Pts',(100.493149384918,30.0000930973892,14.0571750496958));
#4311=CARTESIAN_POINT('Ctrl Pts',(100.478130217222,30.2640361344433,14.0780027752909));
#4312=CARTESIAN_POINT('Ctrl Pts',(100.322075392454,30.5199538102234,14.0988305008861));
#4313=CARTESIAN_POINT('Ctrl Pts',(100.094306033397,30.6541649179257,14.1196582264812));
#4314=CARTESIAN_POINT('Ctrl Pts',(99.8665366743406,30.788376025628,14.1404859520764));
#4315=CARTESIAN_POINT('Ctrl Pts',(99.5670527809949,30.8008805652526,14.1613136776715));
#4316=CARTESIAN_POINT('Ctrl Pts',(99.3288881143824,30.6861238940155,14.1821414032667));
#4317=CARTESIAN_POINT('Ctrl Pts',(99.0907234477699,30.5713672227784,14.2029691288618));
#4318=CARTESIAN_POINT('Ctrl Pts',(98.9138780078906,30.3293493406796,14.223796854457));
#4319=CARTESIAN_POINT('Ctrl Pts',(98.8769083152325,30.0675770274209,14.2446245800522));
#4320=CARTESIAN_POINT('Ctrl Pts',(98.8399386225743,29.8058047141621,14.2654523056473));
#4321=CARTESIAN_POINT('Ctrl Pts',(98.9428446771373,29.5242779697434,14.2862800312425));
#4322=CARTESIAN_POINT('Ctrl Pts',(99.1399145813379,29.3480538052751,14.3071077568376));
#4323=CARTESIAN_POINT('Ctrl Pts',(99.3369844855384,29.1718296408068,14.3279354824328));
#4324=CARTESIAN_POINT('Ctrl Pts',(99.6282182393765,29.100908056289,14.3487632080279));
#4325=CARTESIAN_POINT('Ctrl Pts',(99.8842468631138,29.1667931372479,14.3695909336231));
#4326=CARTESIAN_POINT('Ctrl Pts',(100.140275486851,29.2326782182067,14.3904186592182));
#4327=CARTESIAN_POINT('Ctrl Pts',(100.361098980488,29.4353699646422,14.4112463848134));
#4328=CARTESIAN_POINT('Ctrl Pts',(100.448625357911,29.6848306547795,14.4320741104085));
#4329=CARTESIAN_POINT('Ctrl Pts',(100.478717716238,29.7705974909847,14.4392348704011));
#4330=CARTESIAN_POINT('Ctrl Pts',(100.493053736338,29.8618926335509,14.4463956303936));
#4331=CARTESIAN_POINT('Ctrl Pts',(100.492459697199,29.9533683625997,14.4535563903861));
#4332=CARTESIAN_POINT('Ctrl Pts',(100.492050339362,29.9541439284632,14.3470871339949));
#4333=CARTESIAN_POINT('Ctrl Pts',(100.491669829091,29.8059694227628,14.3355027189862));
#4334=CARTESIAN_POINT('Ctrl Pts',(100.45267639153,29.657608466825,14.3239183039776));
#4335=CARTESIAN_POINT('Ctrl Pts',(100.376333157225,29.531936833579,14.312333888969));
#4336=CARTESIAN_POINT('Ctrl Pts',(100.239074958692,29.3059906558574,14.2915061633738));
#4337=CARTESIAN_POINT('Ctrl Pts',(99.981084391287,29.1533871979237,14.2706784377787));
#4338=CARTESIAN_POINT('Ctrl Pts',(99.7169634630456,29.1419144520943,14.2498507121835));
#4339=CARTESIAN_POINT('Ctrl Pts',(99.4528425348041,29.1304417062649,14.2290229865883));
#4340=CARTESIAN_POINT('Ctrl Pts',(99.1825912457264,29.2600996725399,14.2081952609932));
#4341=CARTESIAN_POINT('Ctrl Pts',(99.0262579372791,29.4732929772032,14.187367535398));
#4342=CARTESIAN_POINT('Ctrl Pts',(98.8699246288318,29.6864862818666,14.1665398098029));
#4343=CARTESIAN_POINT('Ctrl Pts',(98.8275093010149,29.9832149249182,14.1457120842077));
#4344=CARTESIAN_POINT('Ctrl Pts',(98.9178532696906,30.2316690571231,14.1248843586126));
#4345=CARTESIAN_POINT('Ctrl Pts',(99.0081972383663,30.4801231893279,14.1040566330174));
#4346=CARTESIAN_POINT('Ctrl Pts',(99.2313005035344,30.680302810686,14.0832289074223));
#4347=CARTESIAN_POINT('Ctrl Pts',(99.4880583494066,30.7432861187917,14.0624011818271));
#4348=CARTESIAN_POINT('Ctrl Pts',(99.7448161952787,30.8062694268975,14.041573456232));
#4349=CARTESIAN_POINT('Ctrl Pts',(100.035228621855,30.732056421751,14.0207457306368));
#4350=CARTESIAN_POINT('Ctrl Pts',(100.230291506781,30.553613267159,13.9999180050416));
#4351=CARTESIAN_POINT('Ctrl Pts',(100.395221375103,30.4027357386077,13.9823077146927));
#4352=CARTESIAN_POINT('Ctrl Pts',(100.491985221776,30.1773433828162,13.9646974243438));
#4353=CARTESIAN_POINT('Ctrl Pts',(100.493808897587,29.9533371469864,13.9470871339949));
#4354=CARTESIAN_POINT('Origin',(99.6816920509817,29.9539186878861,12.5003217621905));
#4355=CARTESIAN_POINT('',(100.493114567419,29.9545996186653,13.5470871339949));
#4356=CARTESIAN_POINT('',(100.492019379462,29.9540819006878,13.6535563903861));
#4357=CARTESIAN_POINT('',(100.493192050982,29.9539186878861,12.5003217621905));
#4358=CARTESIAN_POINT('Ctrl Pts',(100.492019379462,29.9540819006878,13.6535563903861));
#4359=CARTESIAN_POINT('Ctrl Pts',(100.49224670132,30.0765430407131,13.6631295899184));
#4360=CARTESIAN_POINT('Ctrl Pts',(100.466127523868,30.1989121554945,13.6727027894507));
#4361=CARTESIAN_POINT('Ctrl Pts',(100.413149769921,30.3082697656265,13.682275988983));
#4362=CARTESIAN_POINT('Ctrl Pts',(100.297889859363,30.5461912972829,13.7031037145781));
#4363=CARTESIAN_POINT('Ctrl Pts',(100.055498655839,30.7225247023376,13.7239314401733));
#4364=CARTESIAN_POINT('Ctrl Pts',(99.7936487709522,30.7589409074464,13.7447591657684));
#4365=CARTESIAN_POINT('Ctrl Pts',(99.5317988860651,30.7953571125553,13.7655868913636));
#4366=CARTESIAN_POINT('Ctrl Pts',(99.2504903198145,30.6918561177182,13.7864146169588));
#4367=CARTESIAN_POINT('Ctrl Pts',(99.0746831684514,30.4944141065591,13.8072423425539));
#4368=CARTESIAN_POINT('Ctrl Pts',(98.8988760170882,30.2969720953999,13.8280700681491));
#4369=CARTESIAN_POINT('Ctrl Pts',(98.8285702806126,30.0055890679187,13.8488977937442));
#4370=CARTESIAN_POINT('Ctrl Pts',(98.8949964745748,29.749700297207,13.8697255193394));
#4371=CARTESIAN_POINT('Ctrl Pts',(98.9614226685369,29.4938115264953,13.8905532449345));
#4372=CARTESIAN_POINT('Ctrl Pts',(99.1645807929369,29.2734170125531,13.9113809705297));
#4373=CARTESIAN_POINT('Ctrl Pts',(99.4142259645576,29.1864182164268,13.9322086961248));
#4374=CARTESIAN_POINT('Ctrl Pts',(99.6638711361783,29.0994194203004,13.95303642172));
#4375=CARTESIAN_POINT('Ctrl Pts',(99.9600033550198,29.1458163419898,13.9738641473151));
#4376=CARTESIAN_POINT('Ctrl Pts',(100.171077709129,29.3049990019985,13.9946918729103));
#4377=CARTESIAN_POINT('Ctrl Pts',(100.369927874011,29.4549627355024,14.0143133787356));
#4378=CARTESIAN_POINT('Ctrl Pts',(100.49328699185,29.7050267184544,14.0339348845609));
#4379=CARTESIAN_POINT('Ctrl Pts',(100.494350604047,29.9541777119824,14.0535563903861));
#4380=CARTESIAN_POINT('Ctrl Pts',(100.493808897587,29.9533371469864,13.9470871339949));
#4381=CARTESIAN_POINT('Ctrl Pts',(100.494142086802,29.9124107599562,13.9438696987486));
#4382=CARTESIAN_POINT('Ctrl Pts',(100.491306171181,29.8715306416386,13.9406522635024));
#4383=CARTESIAN_POINT('Ctrl Pts',(100.485137865992,29.8311596812799,13.9374348282562));
#4384=CARTESIAN_POINT('Ctrl Pts',(100.445207997,29.5698225540302,13.916607102661));
#4385=CARTESIAN_POINT('Ctrl Pts',(100.265634915741,29.329821603568,13.8957793770659));
#4386=CARTESIAN_POINT('Ctrl Pts',(100.026186792115,29.2177676675466,13.8749516514707));
#4387=CARTESIAN_POINT('Ctrl Pts',(99.7867386684898,29.1057137315252,13.8541239258756));
#4388=CARTESIAN_POINT('Ctrl Pts',(99.4874155024978,29.1216068099446,13.8332962002804));
#4389=CARTESIAN_POINT('Ctrl Pts',(99.2611796566107,29.2583870370211,13.8124684746853));
#4390=CARTESIAN_POINT('Ctrl Pts',(99.0349438107236,29.3951672640977,13.7916407490901));
#4391=CARTESIAN_POINT('Ctrl Pts',(98.8817952849415,29.6528346398314,13.7708130234949));
#4392=CARTESIAN_POINT('Ctrl Pts',(98.869764195837,29.9169307237231,13.7499852978998));
#4393=CARTESIAN_POINT('Ctrl Pts',(98.8577331067326,30.1810268076149,13.7291575723046));
#4394=CARTESIAN_POINT('Ctrl Pts',(98.9868194543058,30.4515515996646,13.7083298467095));
#4395=CARTESIAN_POINT('Ctrl Pts',(99.1996817834807,30.6083352630666,13.6875021211143));
#4396=CARTESIAN_POINT('Ctrl Pts',(99.4125441126556,30.7651189264687,13.6666743955192));
#4397=CARTESIAN_POINT('Ctrl Pts',(99.7091824234321,30.808161461223,13.645846669924));
#4398=CARTESIAN_POINT('Ctrl Pts',(99.9578269938054,30.7183429438483,13.6250189443289));
#4399=CARTESIAN_POINT('Ctrl Pts',(100.206471564179,30.6285244264736,13.6041912187337));
#4400=CARTESIAN_POINT('Ctrl Pts',(100.407122394149,30.4058448569697,13.5833634931385));
#4401=CARTESIAN_POINT('Ctrl Pts',(100.470648363991,30.149220733556,13.5625357675434));
#4402=CARTESIAN_POINT('Ctrl Pts',(100.486354822583,30.0857717822336,13.5573862230272));
#4403=CARTESIAN_POINT('Ctrl Pts',(100.493678847288,30.0202478025121,13.552236678511));
#4404=CARTESIAN_POINT('Ctrl Pts',(100.493114567419,29.9545996186653,13.5470871339949));
#4405=CARTESIAN_POINT('Origin',(99.6816920509817,29.9539186878861,12.5003217621905));
#4406=CARTESIAN_POINT('',(100.492418913647,29.9533861206557,13.1470871339949));
#4407=CARTESIAN_POINT('',(100.49391793047,29.9533763751209,13.2535563903861));
#4408=CARTESIAN_POINT('',(100.493192050982,29.9539186878861,12.5003217621905));
#4409=CARTESIAN_POINT('Ctrl Pts',(100.49391793047,29.9533763751209,13.2535563903861));
#4410=CARTESIAN_POINT('Ctrl Pts',(100.492146894177,30.1814988820026,13.2714965696808));
#4411=CARTESIAN_POINT('Ctrl Pts',(100.391291506232,30.4109954027871,13.2894367489755));
#4412=CARTESIAN_POINT('Ctrl Pts',(100.220902998698,30.5620688508405,13.3073769282702));
#4413=CARTESIAN_POINT('Ctrl Pts',(100.023089753847,30.737458197239,13.3282046538654));
#4414=CARTESIAN_POINT('Ctrl Pts',(99.7315587595909,30.8071477861531,13.3490323794605));
#4415=CARTESIAN_POINT('Ctrl Pts',(99.4758109934236,30.7401807781105,13.3698601050557));
#4416=CARTESIAN_POINT('Ctrl Pts',(99.2200632272561,30.6732137700679,13.3906878306508));
#4417=CARTESIAN_POINT('Ctrl Pts',(99.0000986891774,30.4695901650685,13.411515556246));
#4418=CARTESIAN_POINT('Ctrl Pts',(98.9136278521883,30.2197616285989,13.4323432818411));
#4419=CARTESIAN_POINT('Ctrl Pts',(98.8271570151992,29.9699330921292,13.4531710074363));
#4420=CARTESIAN_POINT('Ctrl Pts',(98.8741798792999,29.6738996241893,13.4739987330314));
#4421=CARTESIAN_POINT('Ctrl Pts',(99.0338084094607,29.4631622650837,13.4948264586266));
#4422=CARTESIAN_POINT('Ctrl Pts',(99.1934369396215,29.2524249059781,13.5156541842217));
#4423=CARTESIAN_POINT('Ctrl Pts',(99.4656711358424,29.1269836557069,13.5364819098169));
#4424=CARTESIAN_POINT('Ctrl Pts',(99.7295818312198,29.1425607825744,13.5573096354121));
#4425=CARTESIAN_POINT('Ctrl Pts',(99.9934925265973,29.1581379094419,13.5781373610072));
#4426=CARTESIAN_POINT('Ctrl Pts',(100.249079721131,29.3147334134481,13.5989650866024));
#4427=CARTESIAN_POINT('Ctrl Pts',(100.382809009602,29.5427859945802,13.6197928121975));
#4428=CARTESIAN_POINT('Ctrl Pts',(100.455071329152,29.666017103341,13.6310473382604));
#4429=CARTESIAN_POINT('Ctrl Pts',(100.491752133411,29.8101130961666,13.6423018643233));
#4430=CARTESIAN_POINT('Ctrl Pts',(100.492019379462,29.9540819006878,13.6535563903861));
#4431=CARTESIAN_POINT('Ctrl Pts',(100.493114567419,29.9545996186653,13.5470871339949));
#4432=CARTESIAN_POINT('Ctrl Pts',(100.491396574312,29.7547287153993,13.5314089529159));
#4433=CARTESIAN_POINT('Ctrl Pts',(100.41655837805,29.5537065088603,13.5157307718369));
#4434=CARTESIAN_POINT('Ctrl Pts',(100.282545064589,29.4065882477336,13.5000525907579));
#4435=CARTESIAN_POINT('Ctrl Pts',(100.10451468563,29.2111485626485,13.4792248651628));
#4436=CARTESIAN_POINT('Ctrl Pts',(99.8220528179986,29.1108378698019,13.4583971395676));
#4437=CARTESIAN_POINT('Ctrl Pts',(99.5606318581339,29.1502151562276,13.4375694139725));
#4438=CARTESIAN_POINT('Ctrl Pts',(99.2992108982692,29.1895924426532,13.4167416883773));
#4439=CARTESIAN_POINT('Ctrl Pts',(99.0588308461712,29.3686577083512,13.3959139627822));
#4440=CARTESIAN_POINT('Ctrl Pts',(98.9462709560623,29.6078684270366,13.375086237187));
#4441=CARTESIAN_POINT('Ctrl Pts',(98.8337110659534,29.8470791457219,13.3542585115919));
#4442=CARTESIAN_POINT('Ctrl Pts',(98.8489713378335,30.1464353173946,13.3334307859967));
#4443=CARTESIAN_POINT('Ctrl Pts',(98.9852729721724,30.3729597796173,13.3126030604015));
#4444=CARTESIAN_POINT('Ctrl Pts',(99.1215746065112,30.59948424184,13.2917753348064));
#4445=CARTESIAN_POINT('Ctrl Pts',(99.378917603309,30.7531769946127,13.2709476092112));
#4446=CARTESIAN_POINT('Ctrl Pts',(99.6429876824109,30.7657664573691,13.2501198836161));
#4447=CARTESIAN_POINT('Ctrl Pts',(99.9070577615129,30.7783559201256,13.2292921580209));
#4448=CARTESIAN_POINT('Ctrl Pts',(100.177854922919,30.6498420928657,13.2084644324258));
#4449=CARTESIAN_POINT('Ctrl Pts',(100.335088199739,30.4373115162116,13.1876367068306));
#4450=CARTESIAN_POINT('Ctrl Pts',(100.437127541185,30.2993860050384,13.174120182552));
#4451=CARTESIAN_POINT('Ctrl Pts',(100.491338400013,30.1260760611061,13.1606036582735));
#4452=CARTESIAN_POINT('Ctrl Pts',(100.492418913647,29.9533861206557,13.1470871339949));
#4453=CARTESIAN_POINT('Origin',(99.6816920509817,29.9539186878861,12.5003217621905));
#4454=CARTESIAN_POINT('',(100.494370448814,29.9541258845924,12.7470871339949));
#4455=CARTESIAN_POINT('',(100.49299638341,29.9545934716612,12.8535563903861));
#4456=CARTESIAN_POINT('',(100.493192050982,29.9539186878861,12.5003217621905));
#4457=CARTESIAN_POINT('',(99.079472646805,30.4978525434541,12.5003217621905));
#4458=CARTESIAN_POINT('Ctrl Pts',(100.494370448814,29.9541258845924,12.7470871339949));
#4459=CARTESIAN_POINT('Ctrl Pts',(100.493419719494,29.703119636075,12.7273151868456));
#4460=CARTESIAN_POINT('Ctrl Pts',(100.367932594787,29.4513452266932,12.7075432396962));
#4461=CARTESIAN_POINT('Ctrl Pts',(100.166478610484,29.3015989546425,12.6877712925469));
#4462=CARTESIAN_POINT('Ctrl Pts',(99.9542674269601,29.1438565613609,12.6669435669517));
#4463=CARTESIAN_POINT('Ctrl Pts',(99.6577598515525,29.0993293765709,12.6461158413566));
#4464=CARTESIAN_POINT('Ctrl Pts',(99.4087723676461,29.1882162814609,12.6252881157614));
#4465=CARTESIAN_POINT('Ctrl Pts',(99.1597848837398,29.2771031863508,12.6044603901663));
#4466=CARTESIAN_POINT('Ctrl Pts',(98.9583174913348,29.4994041809207,12.5836326645711));
#4467=CARTESIAN_POINT('Ctrl Pts',(98.8937509258631,29.7553358222011,12.562804938976));
#4468=CARTESIAN_POINT('Ctrl Pts',(98.8291843603914,30.0112674634814,12.5419772133808));
#4469=CARTESIAN_POINT('Ctrl Pts',(98.901518621853,30.3008297514722,12.5211494877857));
#4470=CARTESIAN_POINT('Ctrl Pts',(99.079472646805,30.4978525434541,12.5003217621905));
#4471=CARTESIAN_POINT('',(100.285031151882,30.4983900924996,12.5003217621905));
#4472=CARTESIAN_POINT('Origin',(99.6816920509817,29.9539186878861,12.5003217621905));
#4473=CARTESIAN_POINT('Ctrl Pts',(100.285031151882,30.4983900924996,12.5003217621905));
#4474=CARTESIAN_POINT('Ctrl Pts',(100.12155831325,30.6774190564016,12.5194074437419));
#4475=CARTESIAN_POINT('Ctrl Pts',(99.872146906644,30.7803658963878,12.5384931252933));
#4476=CARTESIAN_POINT('Ctrl Pts',(99.6303318768874,30.7650298916473,12.5575788068446));
#4477=CARTESIAN_POINT('Ctrl Pts',(99.3664451997992,30.7482940943114,12.5784065324398));
#4478=CARTESIAN_POINT('Ctrl Pts',(99.1116049031869,30.5906975105333,12.5992342580349));
#4479=CARTESIAN_POINT('Ctrl Pts',(98.9788624068996,30.3621017539178,12.6200619836301));
#4480=CARTESIAN_POINT('Ctrl Pts',(98.8461199106123,30.1335059973022,12.6408897092253));
#4481=CARTESIAN_POINT('Ctrl Pts',(98.8354752146499,29.8339110678492,12.6617174348204));
#4482=CARTESIAN_POINT('Ctrl Pts',(98.9517297595866,29.5964692211723,12.6825451604156));
#4483=CARTESIAN_POINT('Ctrl Pts',(99.0679843045231,29.3590273744955,12.7033728860107));
#4484=CARTESIAN_POINT('Ctrl Pts',(99.3111380903587,29.1837386105947,12.7242006116059));
#4485=CARTESIAN_POINT('Ctrl Pts',(99.5731445737497,29.1484345762507,12.745028337201));
#4486=CARTESIAN_POINT('Ctrl Pts',(99.8351510571408,29.1131305419067,12.7658560627962));
#4487=CARTESIAN_POINT('Ctrl Pts',(100.116010238087,29.2178112371194,12.7866837883913));
#4488=CARTESIAN_POINT('Ctrl Pts',(100.290978613309,29.4159925446542,12.8075115139865));
#4489=CARTESIAN_POINT('Ctrl Pts',(100.419915674858,29.5620355962342,12.8228598061197));
#4490=CARTESIAN_POINT('Ctrl Pts',(100.491349184396,29.7588537579562,12.8382080982529));
#4491=CARTESIAN_POINT('Ctrl Pts',(100.49299638341,29.9545934716612,12.8535563903861));
#4492=CARTESIAN_POINT('Origin',(99.6816920509817,-5.27344338588619,11.6168946482926));
#4493=CARTESIAN_POINT('',(100.718520024372,-5.27257630980851,14.9837488760884));
#4494=CARTESIAN_POINT('',(100.717645989543,-5.27409183327674,15.0168946482926));
#4495=CARTESIAN_POINT('',(100.718692050982,-5.27344338588617,11.6168946482926));
#4496=CARTESIAN_POINT('',(100.442378085994,-5.97823112424294,15.3693217621905));
#4497=CARTESIAN_POINT('Ctrl Pts',(100.717645989543,-5.27409183327674,15.0168946482926));
#4498=CARTESIAN_POINT('Ctrl Pts',(100.716358249628,-5.05631117205049,15.0302317249495));
#4499=CARTESIAN_POINT('Ctrl Pts',(100.543958679025,-4.49655417907212,15.0643965272015));
#4500=CARTESIAN_POINT('Ctrl Pts',(99.6337949393991,-4.05528823659615,15.1193890550487));
#4501=CARTESIAN_POINT('Ctrl Pts',(98.6427245213816,-4.63599402586103,15.1818722318341));
#4502=CARTESIAN_POINT('Ctrl Pts',(98.5736280058399,-5.78334118736012,15.2443554086196));
#4503=CARTESIAN_POINT('Ctrl Pts',(99.491148598855,-6.47700756267276,15.3068385854051));
#4504=CARTESIAN_POINT('Ctrl Pts',(100.211798919991,-6.22709804118412,15.3484940365954));
#4505=CARTESIAN_POINT('Ctrl Pts',(100.442378085994,-5.97823112424294,15.3693217621905));
#4506=CARTESIAN_POINT('',(100.693756506325,-5.50634673724104,15.3693217621905));
#4507=CARTESIAN_POINT('Origin',(99.6816920509817,-5.27344338588619,15.3693217621905));
#4508=CARTESIAN_POINT('Ctrl Pts',(100.718520024372,-5.27257630980851,14.9837488760884));
#4509=CARTESIAN_POINT('Ctrl Pts',(100.719255716897,-5.18622078374124,14.9890488619286));
#4510=CARTESIAN_POINT('Ctrl Pts',(100.670342906175,-4.76132854396193,15.015176573364));
#4511=CARTESIAN_POINT('Ctrl Pts',(100.08773178123,-4.12391482753728,15.0621320103945));
#4512=CARTESIAN_POINT('Ctrl Pts',(98.9517820504739,-4.29699571063662,15.12461518718));
#4513=CARTESIAN_POINT('Ctrl Pts',(98.4641766673876,-5.33753686129486,15.1870983639655));
#4514=CARTESIAN_POINT('Ctrl Pts',(99.0584881664273,-6.32120910421191,15.2495815407509));
#4515=CARTESIAN_POINT('Ctrl Pts',(100.173957398742,-6.37240675256861,15.3103226734926));
#4516=CARTESIAN_POINT('Ctrl Pts',(100.622514119792,-5.80785109025654,15.3502360806391));
#4517=CARTESIAN_POINT('Ctrl Pts',(100.693756506325,-5.50634673724104,15.3693217621905));
#4518=CARTESIAN_POINT('Origin',(99.6816920509817,-5.27344338588619,11.6168946482926));
#4519=CARTESIAN_POINT('',(100.717749684616,-5.27414663197853,14.5837488760884));
#4520=CARTESIAN_POINT('',(100.72023093813,-5.27319954166687,14.6168946482926));
#4521=CARTESIAN_POINT('',(100.718692050982,-5.27344338588617,11.6168946482926));
#4522=CARTESIAN_POINT('Ctrl Pts',(100.72023093813,-5.27319954166687,14.6168946482926));
#4523=CARTESIAN_POINT('Ctrl Pts',(100.720277208604,-5.25898237241092,14.6177709791167));
#4524=CARTESIAN_POINT('Ctrl Pts',(100.713651455919,-4.90691025180293,14.639475035536));
#4525=CARTESIAN_POINT('Ctrl Pts',(100.31685597398,-4.23284015707192,14.6820068175504));
#4526=CARTESIAN_POINT('Ctrl Pts',(99.1696304679237,-4.16706182271346,14.7444899943359));
#4527=CARTESIAN_POINT('Ctrl Pts',(98.4773375960982,-5.08421307591268,14.8069731711213));
#4528=CARTESIAN_POINT('Ctrl Pts',(98.8550034409906,-6.16948458455606,14.8694563479068));
#4529=CARTESIAN_POINT('Ctrl Pts',(99.9671449218087,-6.45868633878597,14.9319395246923));
#4530=CARTESIAN_POINT('Ctrl Pts',(100.642381859854,-5.85794041218901,14.9810856248209));
#4531=CARTESIAN_POINT('Ctrl Pts',(100.718369237064,-5.39640637946754,15.0094039993543));
#4532=CARTESIAN_POINT('Ctrl Pts',(100.717645989543,-5.27409183327674,15.0168946482926));
#4533=CARTESIAN_POINT('Ctrl Pts',(100.717749684616,-5.27414663197853,14.5837488760884));
#4534=CARTESIAN_POINT('Ctrl Pts',(100.716300862726,-5.05104314101929,14.597415841691));
#4535=CARTESIAN_POINT('Ctrl Pts',(100.537233784664,-4.48582017115991,14.6319105328888));
#4536=CARTESIAN_POINT('Ctrl Pts',(99.6150047632565,-4.0561350764588,14.6872329496818));
#4537=CARTESIAN_POINT('Ctrl Pts',(98.6326524270159,-4.65231432278159,14.7497161264672));
#4538=CARTESIAN_POINT('Ctrl Pts',(98.5822863892279,-5.80031666106523,14.8121993032527));
#4539=CARTESIAN_POINT('Ctrl Pts',(99.5086577957488,-6.48023514221446,14.8746824800381));
#4540=CARTESIAN_POINT('Ctrl Pts',(100.497133285579,-6.12128281041981,14.9318656709834));
#4541=CARTESIAN_POINT('Ctrl Pts',(100.716364614448,-5.52557814332259,14.9682211363335));
#4542=CARTESIAN_POINT('Ctrl Pts',(100.718520024372,-5.27257630980851,14.9837488760884));
#4543=CARTESIAN_POINT('Origin',(99.6816920509817,-5.27344338588619,11.6168946482926));
#4544=CARTESIAN_POINT('',(100.72016602144,-5.27311238611765,14.1837488760884));
#4545=CARTESIAN_POINT('',(100.717226689207,-5.27315555714836,14.2168946482926));
#4546=CARTESIAN_POINT('',(100.718692050982,-5.27344338588617,11.6168946482926));
#4547=CARTESIAN_POINT('Ctrl Pts',(100.717226689207,-5.27315555714836,14.2168946482926));
#4548=CARTESIAN_POINT('Ctrl Pts',(100.717614667378,-5.12207294753804,14.2261379588791));
#4549=CARTESIAN_POINT('Ctrl Pts',(100.61667754806,-4.63105307995074,14.2562089950608));
#4550=CARTESIAN_POINT('Ctrl Pts',(99.8683746971969,-4.06868773905123,14.3071077568376));
#4551=CARTESIAN_POINT('Ctrl Pts',(98.7839075582821,-4.44865880649143,14.3695909336231));
#4552=CARTESIAN_POINT('Ctrl Pts',(98.4970503225268,-5.56138506749902,14.4320741104086));
#4553=CARTESIAN_POINT('Ctrl Pts',(99.2626524563725,-6.4182981991729,14.494557287194));
#4554=CARTESIAN_POINT('Ctrl Pts',(100.384579256131,-6.26034595947012,14.5561641331554));
#4555=CARTESIAN_POINT('Ctrl Pts',(100.719177499802,-5.59688136198854,14.5969432535216));
#4556=CARTESIAN_POINT('Ctrl Pts',(100.72023093813,-5.27319954166687,14.6168946482926));
#4557=CARTESIAN_POINT('Ctrl Pts',(100.72016602144,-5.27311238611765,14.1837488760884));
#4558=CARTESIAN_POINT('Ctrl Pts',(100.720249574994,-5.25353997918361,14.1849550958583));
#4559=CARTESIAN_POINT('Ctrl Pts',(100.71098756693,-4.89609251576001,14.2069890412233));
#4560=CARTESIAN_POINT('Ctrl Pts',(100.300602116017,-4.22309255586513,14.2498507121835));
#4561=CARTESIAN_POINT('Ctrl Pts',(99.1524954721723,-4.17515493577577,14.312333888969));
#4562=CARTESIAN_POINT('Ctrl Pts',(98.474537730505,-5.10295888307421,14.3748170657544));
#4563=CARTESIAN_POINT('Ctrl Pts',(98.8690401622166,-6.18222468782155,14.4373002425399));
#4564=CARTESIAN_POINT('Ctrl Pts',(99.9855189321553,-6.45411090559996,14.4997834193253));
#4565=CARTESIAN_POINT('Ctrl Pts',(100.646904933783,-5.84703108938367,14.5485996305082));
#4566=CARTESIAN_POINT('Ctrl Pts',(100.718508789902,-5.39104094478406,14.5765881160959));
#4567=CARTESIAN_POINT('Ctrl Pts',(100.717749684616,-5.27414663197853,14.5837488760884));
#4568=CARTESIAN_POINT('Origin',(99.6816920509817,-5.27344338588619,11.6168946482926));
#4569=CARTESIAN_POINT('',(100.717187013837,-5.27323482071208,13.7837488760884));
#4570=CARTESIAN_POINT('',(100.719473902749,-5.27418652104798,13.8168946482926));
#4571=CARTESIAN_POINT('',(100.718692050982,-5.27344338588617,11.6168946482926));
#4572=CARTESIAN_POINT('Ctrl Pts',(100.719473902749,-5.27418652104798,13.8168946482926));
#4573=CARTESIAN_POINT('Ctrl Pts',(100.71714347743,-4.98793509405328,13.8345049386415));
#4574=CARTESIAN_POINT('Ctrl Pts',(100.447248301021,-4.35926734557499,13.8729429545856));
#4575=CARTESIAN_POINT('Ctrl Pts',(99.3912465868457,-4.08941298161511,13.9322086961248));
#4576=CARTESIAN_POINT('Ctrl Pts',(98.5359539501303,-4.85682513054492,13.9946918729103));
#4577=CARTESIAN_POINT('Ctrl Pts',(98.6985581037378,-5.99436932238584,14.0571750496958));
#4578=CARTESIAN_POINT('Ctrl Pts',(99.7345982412011,-6.49142840290583,14.1196582264812));
#4579=CARTESIAN_POINT('Ctrl Pts',(100.577324425676,-5.99294921016727,14.1728980926802));
#4580=CARTESIAN_POINT('Ctrl Pts',(100.716740445658,-5.46250369534322,14.205310233284));
#4581=CARTESIAN_POINT('Ctrl Pts',(100.717226689207,-5.27315555714836,14.2168946482926));
#4582=CARTESIAN_POINT('Ctrl Pts',(100.717187013837,-5.27323482071208,13.7837488760884));
#4583=CARTESIAN_POINT('Ctrl Pts',(100.71747750216,-5.11674510456141,13.7933220756207));
#4584=CARTESIAN_POINT('Ctrl Pts',(100.611484622887,-4.62016534722816,13.8237230007481));
#4585=CARTESIAN_POINT('Ctrl Pts',(99.849624170963,-4.06593134139757,13.8749516514707));
#4586=CARTESIAN_POINT('Ctrl Pts',(98.7711947765699,-4.46271454882379,13.9374348282562));
#4587=CARTESIAN_POINT('Ctrl Pts',(98.5016694869461,-5.57976557228128,13.9999180050416));
#4588=CARTESIAN_POINT('Ctrl Pts',(99.2804999930884,-6.42467380011228,14.0624011818271));
#4589=CARTESIAN_POINT('Ctrl Pts',(100.393841777152,-6.25023944859567,14.1236781388427));
#4590=CARTESIAN_POINT('Ctrl Pts',(100.718806860708,-5.5914955748721,14.1641273702631));
#4591=CARTESIAN_POINT('Ctrl Pts',(100.72016602144,-5.27311238611765,14.1837488760884));
#4592=CARTESIAN_POINT('Origin',(99.6816920509817,-5.27344338588619,11.6168946482926));
#4593=CARTESIAN_POINT('',(100.719613121922,-5.27413638898269,13.3837488760884));
#4594=CARTESIAN_POINT('',(100.718586637275,-5.27257324315676,13.4168946482926));
#4595=CARTESIAN_POINT('',(100.718692050982,-5.27344338588617,11.6168946482926));
#4596=CARTESIAN_POINT('Ctrl Pts',(100.718586637275,-5.27257324315676,13.4168946482926));
#4597=CARTESIAN_POINT('Ctrl Pts',(100.719307715048,-5.1886832287537,13.4220441928088));
#4598=CARTESIAN_POINT('Ctrl Pts',(100.67209466625,-4.76629431244537,13.4480214629201));
#4599=CARTESIAN_POINT('Ctrl Pts',(100.095887208346,-4.12682709318659,13.4948264586266));
#4600=CARTESIAN_POINT('Ctrl Pts',(98.9586893159168,-4.29183571696942,13.5573096354121));
#4601=CARTESIAN_POINT('Ctrl Pts',(98.4638216030203,-5.32892436127568,13.6197928121975));
#4602=CARTESIAN_POINT('Ctrl Pts',(99.0509345093102,-6.31672258522166,13.682275988983));
#4603=CARTESIAN_POINT('Ctrl Pts',(100.198425110354,-6.37765057286611,13.7447591657685));
#4604=CARTESIAN_POINT('Ctrl Pts',(100.692816553977,-5.71689220336871,13.789632052205));
#4605=CARTESIAN_POINT('Ctrl Pts',(100.719899676113,-5.32648522891983,13.8136772130464));
#4606=CARTESIAN_POINT('Ctrl Pts',(100.719473902749,-5.27418652104798,13.8168946482926));
#4607=CARTESIAN_POINT('Ctrl Pts',(100.719613121922,-5.27413638898269,13.3837488760884));
#4608=CARTESIAN_POINT('Ctrl Pts',(100.717349963689,-4.98262492329624,13.4016890553831));
#4609=CARTESIAN_POINT('Ctrl Pts',(100.438845493739,-4.34888778752615,13.4404569602729));
#4610=CARTESIAN_POINT('Ctrl Pts',(99.37287592172,-4.09407102562901,13.5000525907579));
#4611=CARTESIAN_POINT('Ctrl Pts',(98.5296160540538,-4.874686010577,13.5625357675434));
#4612=CARTESIAN_POINT('Ctrl Pts',(98.7098837221565,-6.00956504102915,13.6250189443289));
#4613=CARTESIAN_POINT('Ctrl Pts',(99.7535254535501,-6.49045879291483,13.6875021211143));
#4614=CARTESIAN_POINT('Ctrl Pts',(100.583227809906,-5.98210915132152,13.7404120983675));
#4615=CARTESIAN_POINT('Ctrl Pts',(100.71684550749,-5.45720858863064,13.7724943500255));
#4616=CARTESIAN_POINT('Ctrl Pts',(100.717187013837,-5.27323482071208,13.7837488760884));
#4617=CARTESIAN_POINT('Origin',(99.6816920509817,-5.27344338588619,11.6168946482926));
#4618=CARTESIAN_POINT('',(100.718435509328,-5.2725811175923,12.9837488760884));
#4619=CARTESIAN_POINT('',(100.717697686664,-5.27412398637444,13.0168946482926));
#4620=CARTESIAN_POINT('',(100.718692050982,-5.27344338588617,11.6168946482926));
#4621=CARTESIAN_POINT('Ctrl Pts',(100.717697686664,-5.27412398637444,13.0168946482926));
#4622=CARTESIAN_POINT('Ctrl Pts',(100.716316926661,-5.05344822967941,13.0304111725712));
#4623=CARTESIAN_POINT('Ctrl Pts',(100.540296578334,-4.49071816256452,13.0647554224449));
#4624=CARTESIAN_POINT('Ctrl Pts',(99.6236364489241,-4.05569340132586,13.1199273979138));
#4625=CARTESIAN_POINT('Ctrl Pts',(98.6370817648331,-4.6448925952009,13.1824105746993));
#4626=CARTESIAN_POINT('Ctrl Pts',(98.5785797174498,-5.79250976407454,13.2448937514847));
#4627=CARTESIAN_POINT('Ctrl Pts',(99.5001049504883,-6.47897752548624,13.3073769282702));
#4628=CARTESIAN_POINT('Ctrl Pts',(100.493712740655,-6.12611756549656,13.3647105605395));
#4629=CARTESIAN_POINT('Ctrl Pts',(100.71639126099,-5.52798279101063,13.4012164672136));
#4630=CARTESIAN_POINT('Ctrl Pts',(100.718586637275,-5.27257324315676,13.4168946482926));
#4631=CARTESIAN_POINT('Ctrl Pts',(100.718435509328,-5.2725811175923,12.9837488760884));
#4632=CARTESIAN_POINT('Ctrl Pts',(100.719187000874,-5.18328298024751,12.9892283095504));
#4633=CARTESIAN_POINT('Ctrl Pts',(100.668225793545,-4.75539944225597,13.0155354686074));
#4634=CARTESIAN_POINT('Ctrl Pts',(100.078010158726,-4.12052982137447,13.0626703532597));
#4635=CARTESIAN_POINT('Ctrl Pts',(98.9435189412058,-4.30319204905144,13.1251535300451));
#4636=CARTESIAN_POINT('Ctrl Pts',(98.46483055927,-5.34785015428375,13.1876367068306));
#4637=CARTESIAN_POINT('Ctrl Pts',(99.0672288556314,-6.32640132770701,13.2501198836161));
#4638=CARTESIAN_POINT('Ctrl Pts',(100.215527436982,-6.369484669415,13.3126030604015));
#4639=CARTESIAN_POINT('Ctrl Pts',(100.696029167223,-5.70603421705048,13.3571460578923));
#4640=CARTESIAN_POINT('Ctrl Pts',(100.71997738663,-5.32105636901526,13.3808613297879));
#4641=CARTESIAN_POINT('Ctrl Pts',(100.719613121922,-5.27413638898269,13.3837488760884));
#4642=CARTESIAN_POINT('Origin',(99.6816920509817,-5.27344338588619,11.6168946482926));
#4643=CARTESIAN_POINT('',(100.717541233747,-5.27436201463231,12.5837488760884));
#4644=CARTESIAN_POINT('',(100.720191974256,-5.27318018574111,12.6168946482926));
#4645=CARTESIAN_POINT('',(100.718692050982,-5.27344338588617,11.6168946482926));
#4646=CARTESIAN_POINT('',(99.9486115555757,-6.27550275442047,12.5003217621905));
#4647=CARTESIAN_POINT('Ctrl Pts',(99.9486115555757,-6.27550275442047,12.5003217621905));
#4648=CARTESIAN_POINT('Ctrl Pts',(100.276446449554,-6.18817706271282,12.5211494877857));
#4649=CARTESIAN_POINT('Ctrl Pts',(100.649015584044,-5.84106304810776,12.5489585257516));
#4650=CARTESIAN_POINT('Ctrl Pts',(100.718276263938,-5.38830918709304,12.5767675637176));
#4651=CARTESIAN_POINT('Ctrl Pts',(100.717541233747,-5.27436201463231,12.5837488760884));
#4652=CARTESIAN_POINT('',(99.4139524622127,-6.27684773667505,12.5003217621905));
#4653=CARTESIAN_POINT('Origin',(99.6816920509817,-5.27344338588619,12.5003217621905));
#4654=CARTESIAN_POINT('Ctrl Pts',(99.4139488900648,-6.27685359519028,12.5003217621905));
#4655=CARTESIAN_POINT('Ctrl Pts',(99.7137445057022,-6.3549748925279,12.5194074437419));
#4656=CARTESIAN_POINT('Ctrl Pts',(100.403822768823,-6.22622648481259,12.5582650724426));
#4657=CARTESIAN_POINT('Ctrl Pts',(100.718975935331,-5.59393258948861,12.5971227011433));
#4658=CARTESIAN_POINT('Ctrl Pts',(100.720191974256,-5.27318018574111,12.6168946482926));
#4659=CARTESIAN_POINT('Origin',(99.6816920509817,29.9539186878861,11.6168946482926));
#4660=CARTESIAN_POINT('',(100.71852638499,29.9547858914867,14.9837488760884));
#4661=CARTESIAN_POINT('',(100.717652090873,29.9532703939225,15.0168946482926));
#4662=CARTESIAN_POINT('',(100.718692050982,29.9539186878861,11.6168946482926));
#4663=CARTESIAN_POINT('',(100.442378085994,29.2491309495293,15.3693217621905));
#4664=CARTESIAN_POINT('Ctrl Pts',(100.717652090873,29.9532703939225,15.0168946482926));
#4665=CARTESIAN_POINT('Ctrl Pts',(100.716363718191,30.1710525558321,15.0302317249495));
#4666=CARTESIAN_POINT('Ctrl Pts',(100.543961492196,30.7308133197766,15.0643965272015));
#4667=CARTESIAN_POINT('Ctrl Pts',(99.6338012833387,31.1720788350163,15.1193890550487));
#4668=CARTESIAN_POINT('Ctrl Pts',(98.6427063750609,30.5913781066202,15.1818722318341));
#4669=CARTESIAN_POINT('Ctrl Pts',(98.5736386334495,29.4440054952531,15.2443554086196));
#4670=CARTESIAN_POINT('Ctrl Pts',(99.491091229224,28.750396186179,15.306838585405));
#4671=CARTESIAN_POINT('Ctrl Pts',(100.211798919991,29.0002640325881,15.3484940365954));
#4672=CARTESIAN_POINT('Ctrl Pts',(100.442378085994,29.2491309495293,15.3693217621905));
#4673=CARTESIAN_POINT('',(100.693761569171,29.7210152932167,15.3693217621905));
#4674=CARTESIAN_POINT('Origin',(99.6816920509817,29.9539186878861,15.3693217621905));
#4675=CARTESIAN_POINT('Ctrl Pts',(100.71852638499,29.9547858914867,14.9837488760884));
#4676=CARTESIAN_POINT('Ctrl Pts',(100.719262071453,30.0411419660531,14.9890488619286));
#4677=CARTESIAN_POINT('Ctrl Pts',(100.670348968442,30.4660368474341,15.015176573364));
#4678=CARTESIAN_POINT('Ctrl Pts',(100.087735199436,31.1034536969595,15.0621320103945));
#4679=CARTESIAN_POINT('Ctrl Pts',(98.9517759374474,30.930374010096,15.12461518718));
#4680=CARTESIAN_POINT('Ctrl Pts',(98.464171635026,29.8898218288606,15.1870983639655));
#4681=CARTESIAN_POINT('Ctrl Pts',(99.0584799867242,28.9061522120955,15.2495815407509));
#4682=CARTESIAN_POINT('Ctrl Pts',(100.173966802115,28.8549371898425,15.3103226734926));
#4683=CARTESIAN_POINT('Ctrl Pts',(100.622517617443,29.4195154030539,15.3502360806391));
#4684=CARTESIAN_POINT('Ctrl Pts',(100.693761569171,29.7210152932167,15.3693217621905));
#4685=CARTESIAN_POINT('Origin',(99.6816920509817,29.9539186878861,11.6168946482926));
#4686=CARTESIAN_POINT('',(100.717756190387,29.9532154379514,14.5837488760884));
#4687=CARTESIAN_POINT('',(100.7202373606,29.9541625340389,14.6168946482926));
#4688=CARTESIAN_POINT('',(100.718692050982,29.9539186878861,11.6168946482926));
#4689=CARTESIAN_POINT('Ctrl Pts',(100.7202373606,29.9541625340389,14.6168946482926));
#4690=CARTESIAN_POINT('Ctrl Pts',(100.720283631019,29.9683797910447,14.6177709791167));
#4691=CARTESIAN_POINT('Ctrl Pts',(100.713657827628,30.3204540846658,14.639475035536));
#4692=CARTESIAN_POINT('Ctrl Pts',(100.316859804367,30.9945283391795,14.6820068175504));
#4693=CARTESIAN_POINT('Ctrl Pts',(99.1696274783226,31.0603070731283,14.7444899943359));
#4694=CARTESIAN_POINT('Ctrl Pts',(98.4773298407765,30.1431501867874,14.8069731711213));
#4695=CARTESIAN_POINT('Ctrl Pts',(98.8549989458237,29.0578718966967,14.8694563479068));
#4696=CARTESIAN_POINT('Ctrl Pts',(99.9671455550804,28.7686685896827,14.9319395246923));
#4697=CARTESIAN_POINT('Ctrl Pts',(100.64238917854,29.3694177516926,14.9810856248209));
#4698=CARTESIAN_POINT('Ctrl Pts',(100.718375693782,29.8309550048864,15.0094039993543));
#4699=CARTESIAN_POINT('Ctrl Pts',(100.717652090873,29.9532703939225,15.0168946482926));
#4700=CARTESIAN_POINT('Ctrl Pts',(100.717756190387,29.9532154379514,14.5837488760884));
#4701=CARTESIAN_POINT('Ctrl Pts',(100.716307357566,30.176320331089,14.597415841691));
#4702=CARTESIAN_POINT('Ctrl Pts',(100.537239150322,30.7415468532193,14.6319105328888));
#4703=CARTESIAN_POINT('Ctrl Pts',(99.6150043655331,31.1712346296534,14.6872329496818));
#4704=CARTESIAN_POINT('Ctrl Pts',(98.6326457986775,30.5750516769513,14.7497161264672));
#4705=CARTESIAN_POINT('Ctrl Pts',(98.5822795605736,29.4270420538551,14.8121993032527));
#4706=CARTESIAN_POINT('Ctrl Pts',(99.5086565669327,28.7471194518513,14.8746824800381));
#4707=CARTESIAN_POINT('Ctrl Pts',(100.497138635836,29.1060737671765,14.9318656709834));
#4708=CARTESIAN_POINT('Ctrl Pts',(100.716370992829,29.7017824509964,14.9682211363335));
#4709=CARTESIAN_POINT('Ctrl Pts',(100.71852638499,29.9547858914867,14.9837488760884));
#4710=CARTESIAN_POINT('Origin',(99.6816920509817,29.9539186878861,11.6168946482926));
#4711=CARTESIAN_POINT('',(100.720172543315,29.9542496897196,14.1837488760884));
#4712=CARTESIAN_POINT('',(100.717233080003,29.9542065184203,14.2168946482926));
#4713=CARTESIAN_POINT('',(100.718692050982,29.9539186878861,11.6168946482926));
#4714=CARTESIAN_POINT('Ctrl Pts',(100.717233080003,29.9542065184203,14.2168946482926));
#4715=CARTESIAN_POINT('Ctrl Pts',(100.717621060643,30.1052900604154,14.2261379588791));
#4716=CARTESIAN_POINT('Ctrl Pts',(100.616683318522,30.596312958249,14.2562089950608));
#4717=CARTESIAN_POINT('Ctrl Pts',(99.8683758475883,31.1586817694676,14.3071077568376));
#4718=CARTESIAN_POINT('Ctrl Pts',(98.7839020210784,30.7787083575469,14.3695909336231));
#4719=CARTESIAN_POINT('Ctrl Pts',(98.4970430053254,29.6659752288535,14.4320741104086));
#4720=CARTESIAN_POINT('Ctrl Pts',(99.2626498828391,28.8090568100306,14.494557287194));
#4721=CARTESIAN_POINT('Ctrl Pts',(100.384583570197,28.9670100229744,14.5561641331554));
#4722=CARTESIAN_POINT('Ctrl Pts',(100.719183923494,29.6304787159203,14.5969432535216));
#4723=CARTESIAN_POINT('Ctrl Pts',(100.7202373606,29.9541625340389,14.6168946482926));
#4724=CARTESIAN_POINT('Ctrl Pts',(100.720172543315,29.9542496897196,14.1837488760884));
#4725=CARTESIAN_POINT('Ctrl Pts',(100.720256097393,29.9738222195732,14.1849550958583));
#4726=CARTESIAN_POINT('Ctrl Pts',(100.71099403114,30.3312719278567,14.2069890412233));
#4727=CARTESIAN_POINT('Ctrl Pts',(100.300606002704,31.0042761144391,14.2498507121835));
#4728=CARTESIAN_POINT('Ctrl Pts',(99.1524921491014,31.0522140352918,14.312333888969));
#4729=CARTESIAN_POINT('Ctrl Pts',(98.474530148529,30.1244042617746,14.3748170657544));
#4730=CARTESIAN_POINT('Ctrl Pts',(98.8690350601071,29.0451316778106,14.4373002425399));
#4731=CARTESIAN_POINT('Ctrl Pts',(99.9855208372977,28.7732437549087,14.4997834193254));
#4732=CARTESIAN_POINT('Ctrl Pts',(100.646910999353,29.3803273800003,14.5485996305082));
#4733=CARTESIAN_POINT('Ctrl Pts',(100.7185153014,29.8363203904793,14.5765881160959));
#4734=CARTESIAN_POINT('Ctrl Pts',(100.717756190387,29.9532154379514,14.5837488760884));
#4735=CARTESIAN_POINT('Origin',(99.6816920509817,29.9539186878861,11.6168946482926));
#4736=CARTESIAN_POINT('',(100.717193516951,29.9541272543375,13.7837488760884));
#4737=CARTESIAN_POINT('',(100.71948030721,29.9531755481289,13.8168946482926));
#4738=CARTESIAN_POINT('',(100.718692050982,29.9539186878861,11.6168946482926));
#4739=CARTESIAN_POINT('Ctrl Pts',(100.71948030721,29.9531755481289,13.8168946482926));
#4740=CARTESIAN_POINT('Ctrl Pts',(100.717149867512,30.2394287416662,13.8345049386415));
#4741=CARTESIAN_POINT('Ctrl Pts',(100.447253025511,30.8681003698663,13.8729429545856));
#4742=CARTESIAN_POINT('Ctrl Pts',(99.3912447943908,31.1379563991513,13.9322086961249));
#4743=CARTESIAN_POINT('Ctrl Pts',(98.5359468794948,30.3705395143149,13.9946918729103));
#4744=CARTESIAN_POINT('Ctrl Pts',(98.6985520364119,29.23298830232,14.0571750496958));
#4745=CARTESIAN_POINT('Ctrl Pts',(99.7345985679225,28.7359261543454,14.1196582264812));
#4746=CARTESIAN_POINT('Ctrl Pts',(100.577329952553,29.2344084232799,14.1728980926802));
#4747=CARTESIAN_POINT('Ctrl Pts',(100.716746833359,29.7648572116903,14.205310233284));
#4748=CARTESIAN_POINT('Ctrl Pts',(100.717233080003,29.9542065184203,14.2168946482926));
#4749=CARTESIAN_POINT('Ctrl Pts',(100.717193516951,29.9541272543375,13.7837488760884));
#4750=CARTESIAN_POINT('Ctrl Pts',(100.717484007113,30.1106179532978,13.7933220756207));
#4751=CARTESIAN_POINT('Ctrl Pts',(100.611490462238,30.6072008293416,13.8237230007481));
#4752=CARTESIAN_POINT('Ctrl Pts',(99.8496252255761,31.1614383157702,13.8749516514707));
#4753=CARTESIAN_POINT('Ctrl Pts',(98.7711890584712,30.7646526165243,13.9374348282562));
#4754=CARTESIAN_POINT('Ctrl Pts',(98.5016620761227,29.6475945777145,13.9999180050416));
#4755=CARTESIAN_POINT('Ctrl Pts',(99.2804974735453,28.8026810436737,14.0624011818271));
#4756=CARTESIAN_POINT('Ctrl Pts',(100.393846249556,28.9771164907036,14.1236781388427));
#4757=CARTESIAN_POINT('Ctrl Pts',(100.718813374063,29.6358645014405,14.1641273702631));
#4758=CARTESIAN_POINT('Ctrl Pts',(100.720172543315,29.9542496897196,14.1837488760884));
#4759=CARTESIAN_POINT('Origin',(99.6816920509817,29.9539186878861,11.6168946482926));
#4760=CARTESIAN_POINT('',(100.719619638202,29.9532256769958,13.3837488760884));
#4761=CARTESIAN_POINT('',(100.71859303625,29.9547888360292,13.4168946482926));
#4762=CARTESIAN_POINT('',(100.718692050982,29.9539186878861,11.6168946482926));
#4763=CARTESIAN_POINT('Ctrl Pts',(100.71859303625,29.9547888360292,13.4168946482926));
#4764=CARTESIAN_POINT('Ctrl Pts',(100.719314118474,30.0386793679443,13.4220441928088));
#4765=CARTESIAN_POINT('Ctrl Pts',(100.672100778317,30.4610708900454,13.4480214629201));
#4766=CARTESIAN_POINT('Ctrl Pts',(100.095889764483,31.1005420575604,13.4948264586266));
#4767=CARTESIAN_POINT('Ctrl Pts',(98.9586848540384,30.9355324141582,13.5573096354121));
#4768=CARTESIAN_POINT('Ctrl Pts',(98.4638140871866,29.8984373703299,13.6197928121975));
#4769=CARTESIAN_POINT('Ctrl Pts',(99.0509306167099,28.9106330500494,13.682275988983));
#4770=CARTESIAN_POINT('Ctrl Pts',(100.198428299274,28.8497046865711,13.7447591657685));
#4771=CARTESIAN_POINT('Ctrl Pts',(100.692822793924,29.510467133743,13.789632052205));
#4772=CARTESIAN_POINT('Ctrl Pts',(100.719906083201,29.9008765175062,13.8136772130464));
#4773=CARTESIAN_POINT('Ctrl Pts',(100.71948030721,29.9531755481289,13.8168946482926));
#4774=CARTESIAN_POINT('Ctrl Pts',(100.719619638202,29.9532256769958,13.3837488760884));
#4775=CARTESIAN_POINT('Ctrl Pts',(100.717356465514,30.2447389729123,13.4016890553831));
#4776=CARTESIAN_POINT('Ctrl Pts',(100.438850252039,30.8784800978253,13.4404569602729));
#4777=CARTESIAN_POINT('Ctrl Pts',(99.3728739804755,31.1332984520351,13.5000525907579));
#4778=CARTESIAN_POINT('Ctrl Pts',(98.5296088197079,30.3526785689136,13.5625357675434));
#4779=CARTESIAN_POINT('Ctrl Pts',(98.7098776184965,29.2177924090108,13.6250189443289));
#4780=CARTESIAN_POINT('Ctrl Pts',(99.7535259049332,28.7368956381004,13.6875021211143));
#4781=CARTESIAN_POINT('Ctrl Pts',(100.583233471676,29.2452484717736,13.7404120983675));
#4782=CARTESIAN_POINT('Ctrl Pts',(100.716852008443,29.770152331,13.7724943500255));
#4783=CARTESIAN_POINT('Ctrl Pts',(100.717193516951,29.9541272543375,13.7837488760884));
#4784=CARTESIAN_POINT('Origin',(99.6816920509817,29.9539186878861,11.6168946482926));
#4785=CARTESIAN_POINT('',(100.718442011214,29.9547809808926,12.9837488760884));
#4786=CARTESIAN_POINT('',(100.717704073882,29.9532381306244,13.0168946482926));
#4787=CARTESIAN_POINT('',(100.718692050982,29.9539186878861,11.6168946482926));
#4788=CARTESIAN_POINT('Ctrl Pts',(100.717704073882,29.9532381306244,13.0168946482926));
#4789=CARTESIAN_POINT('Ctrl Pts',(100.716323306613,30.1739152325924,13.0304111725712));
#4790=CARTESIAN_POINT('Ctrl Pts',(100.540301884187,30.7366486684993,13.0647554224449));
#4791=CARTESIAN_POINT('Ctrl Pts',(99.6236360872633,31.1716762340362,13.1199273979138));
#4792=CARTESIAN_POINT('Ctrl Pts',(98.6370753195029,30.5824733333881,13.1824105746993));
#4793=CARTESIAN_POINT('Ctrl Pts',(98.5785729093747,29.4348491188795,13.2448937514848));
#4794=CARTESIAN_POINT('Ctrl Pts',(99.5001038299869,28.7483771021371,13.3073769282702));
#4795=CARTESIAN_POINT('Ctrl Pts',(100.493717751869,29.1012392486698,13.3647105605395));
#4796=CARTESIAN_POINT('Ctrl Pts',(100.716397646415,29.6993777125703,13.4012164672136));
#4797=CARTESIAN_POINT('Ctrl Pts',(100.71859303625,29.9547888360292,13.4168946482926));
#4798=CARTESIAN_POINT('Ctrl Pts',(100.718442011214,29.9547809808926,12.9837488760884));
#4799=CARTESIAN_POINT('Ctrl Pts',(100.719193481663,30.0440796079473,12.9892283095504));
#4800=CARTESIAN_POINT('Ctrl Pts',(100.668231847156,30.4719655251954,13.0155354686074));
#4801=CARTESIAN_POINT('Ctrl Pts',(100.078012782279,31.1068397929459,13.0626703532597));
#4802=CARTESIAN_POINT('Ctrl Pts',(98.9435142293951,30.9241759622993,13.1251535300451));
#4803=CARTESIAN_POINT('Ctrl Pts',(98.4648229590829,29.8795115327559,13.1876367068306));
#4804=CARTESIAN_POINT('Ctrl Pts',(99.0672249738217,28.9009540917742,13.2501198836161));
#4805=CARTESIAN_POINT('Ctrl Pts',(100.21553080187,28.8578705422639,13.3126030604015));
#4806=CARTESIAN_POINT('Ctrl Pts',(100.696035536347,29.5213251383059,13.3571460578923));
#4807=CARTESIAN_POINT('Ctrl Pts',(100.719983905237,29.9063054023801,13.3808613297879));
#4808=CARTESIAN_POINT('Ctrl Pts',(100.719619638202,29.9532256769958,13.3837488760884));
#4809=CARTESIAN_POINT('Origin',(99.6816920509817,29.9539186878861,11.6168946482926));
#4810=CARTESIAN_POINT('',(100.717538920555,29.9530331060931,12.5837488760884));
#4811=CARTESIAN_POINT('',(100.720197902555,29.9541834605101,12.6168946482926));
#4812=CARTESIAN_POINT('',(100.718692050982,29.9539186878861,11.6168946482926));
#4813=CARTESIAN_POINT('',(99.9486115555757,28.9518593193518,12.5003217621905));
#4814=CARTESIAN_POINT('Ctrl Pts',(99.9486115555757,28.9518593193518,12.5003217621905));
#4815=CARTESIAN_POINT('Ctrl Pts',(100.276446449554,29.0391850110594,12.5211494877857));
#4816=CARTESIAN_POINT('Ctrl Pts',(100.649008804622,29.3863466962291,12.5489585257516));
#4817=CARTESIAN_POINT('Ctrl Pts',(100.718272855603,29.8390901790004,12.5767675637176));
#4818=CARTESIAN_POINT('Ctrl Pts',(100.717538920555,29.953033106093,12.5837488760884));
#4819=CARTESIAN_POINT('',(99.4139487201181,28.9505075687417,12.5003217621905));
#4820=CARTESIAN_POINT('Origin',(99.6816920509817,29.9539186878861,12.5003217621905));
#4821=CARTESIAN_POINT('Ctrl Pts',(99.4139465892473,28.9505040723663,12.5003217621905));
#4822=CARTESIAN_POINT('Ctrl Pts',(99.7137390481315,28.8723861865438,12.5194074437419));
#4823=CARTESIAN_POINT('Ctrl Pts',(100.40383375161,29.0011194858074,12.5582650724426));
#4824=CARTESIAN_POINT('Ctrl Pts',(100.718982984127,29.6334274781164,12.5971227011433));
#4825=CARTESIAN_POINT('Ctrl Pts',(100.720197902555,29.9541834605101,12.6168946482926));
#4826=CARTESIAN_POINT('Origin',(99.6816920509817,29.9539186878861,11.6168946482926));
#4827=CARTESIAN_POINT('Ctrl Pts',(100.720197902555,29.9541834605101,12.6168946482926));
#4828=CARTESIAN_POINT('Ctrl Pts',(100.720262776525,29.9713111237607,12.6179504267384));
#4829=CARTESIAN_POINT('Ctrl Pts',(100.712202042321,30.3262644186059,12.6398339307794));
#4830=CARTESIAN_POINT('Ctrl Pts',(100.30805267285,30.9999285042816,12.6825451604156));
#4831=CARTESIAN_POINT('Ctrl Pts',(99.1602839691163,31.0559058819964,12.745028337201));
#4832=CARTESIAN_POINT('Ctrl Pts',(98.4757729390266,30.1329734105683,12.8075115139865));
#4833=CARTESIAN_POINT('Ctrl Pts',(98.8626110979045,29.0509083145112,12.869994690772));
#4834=CARTESIAN_POINT('Ctrl Pts',(99.9771438323291,28.7711232117172,12.9324778675574));
#4835=CARTESIAN_POINT('Ctrl Pts',(100.644871645172,29.3753549203306,12.9814445200643));
#4836=CARTESIAN_POINT('Ctrl Pts',(100.718450942475,29.8338720358212,13.009583446976));
#4837=CARTESIAN_POINT('Ctrl Pts',(100.717704073882,29.9532381306244,13.0168946482926));
#4838=CARTESIAN_POINT('Ctrl Pts',(100.717538920555,29.953033106093,12.5837488760884));
#4839=CARTESIAN_POINT('Ctrl Pts',(100.716083267603,30.179022256659,12.5975952893128));
#4840=CARTESIAN_POINT('Ctrl Pts',(100.533919874268,30.7477417118076,12.6322694281323));
#4841=CARTESIAN_POINT('Ctrl Pts',(99.6044996947412,31.170425100506,12.6877712925469));
#4842=CARTESIAN_POINT('Ctrl Pts',(98.627533382035,30.5662563116782,12.7502544693324));
#4843=CARTESIAN_POINT('Ctrl Pts',(98.5867254348524,29.4177167854573,12.8127376461178));
#4844=CARTESIAN_POINT('Ctrl Pts',(99.5188898559668,28.74572252237,12.8752208229033));
#4845=CARTESIAN_POINT('Ctrl Pts',(100.501181355679,29.1118382275602,12.9322245662268));
#4846=CARTESIAN_POINT('Ctrl Pts',(100.716337087767,29.7046490238845,12.9684005839552));
#4847=CARTESIAN_POINT('Ctrl Pts',(100.718442011214,29.9547809808926,12.9837488760884));
#4848=CARTESIAN_POINT('Ctrl Pts',(99.079472646805,30.4978525434541,12.5003217621905));
#4849=CARTESIAN_POINT('Ctrl Pts',(98.901518621853,30.3008297514722,12.5211494877857));
#4850=CARTESIAN_POINT('Ctrl Pts',(98.7568500989298,29.7217051754906,12.562804938976));
#4851=CARTESIAN_POINT('Ctrl Pts',(99.3612522761448,29.0548021917809,12.6252881157614));
#4852=CARTESIAN_POINT('Ctrl Pts',(100.250775002368,29.1883837461509,12.6877712925469));
#4853=CARTESIAN_POINT('Ctrl Pts',(100.634519377286,30.0012565514702,12.7502544693324));
#4854=CARTESIAN_POINT('Ctrl Pts',(100.171847928172,30.7724692819121,12.8127376461178));
#4855=CARTESIAN_POINT('Ctrl Pts',(99.2736663437167,30.8162741440293,12.8752208229033));
#4856=CARTESIAN_POINT('Ctrl Pts',(98.738005108502,30.0940372100236,12.9377039996888));
#4857=CARTESIAN_POINT('Ctrl Pts',(99.0407236870258,29.2472717081428,13.0001871764742));
#4858=CARTESIAN_POINT('Ctrl Pts',(99.9128966031161,29.0283270495919,13.0626703532597));
#4859=CARTESIAN_POINT('Ctrl Pts',(100.579660261027,29.6316862874607,13.1251535300451));
#4860=CARTESIAN_POINT('Ctrl Pts',(100.448652084325,30.5213282656058,13.1876367068306));
#4861=CARTESIAN_POINT('Ctrl Pts',(99.6362606001067,30.9068697473854,13.2501198836161));
#4862=CARTESIAN_POINT('Ctrl Pts',(98.8642316097136,30.4457914890672,13.3126030604015));
#4863=CARTESIAN_POINT('Ctrl Pts',(98.8184507940733,29.5477229740492,13.375086237187));
#4864=CARTESIAN_POINT('Ctrl Pts',(99.5395909503671,29.0105271769553,13.4375694139725));
#4865=CARTESIAN_POINT('Ctrl Pts',(100.386976553262,29.3114592554951,13.5000525907579));
#4866=CARTESIAN_POINT('Ctrl Pts',(100.607773224119,30.1831652874659,13.5625357675434));
#4867=CARTESIAN_POINT('Ctrl Pts',(100.005820734209,30.8512039959774,13.6250189443289));
#4868=CARTESIAN_POINT('Ctrl Pts',(99.1159058018791,30.7220763917143,13.6875021211143));
#4869=CARTESIAN_POINT('Ctrl Pts',(98.7286467591593,29.9105020155651,13.7499852978998));
#4870=CARTESIAN_POINT('Ctrl Pts',(99.1880923365058,29.137499888364,13.8124684746853));
#4871=CARTESIAN_POINT('Ctrl Pts',(100.086061834482,29.0898206531058,13.8749516514707));
#4872=CARTESIAN_POINT('Ctrl Pts',(100.62478107826,29.8098235044923,13.9374348282562));
#4873=CARTESIAN_POINT('Ctrl Pts',(100.325641048431,30.6578434166045,13.9999180050416));
#4874=CARTESIAN_POINT('Ctrl Pts',(99.4544037687026,30.880482432044,14.0624011818271));
#4875=CARTESIAN_POINT('Ctrl Pts',(98.7850939731981,30.2799435679699,14.1248843586126));
#4876=CARTESIAN_POINT('Ctrl Pts',(98.9123399566487,29.3897576388148,14.187367535398));
#4877=CARTESIAN_POINT('Ctrl Pts',(99.7230938238819,29.00078373999,14.2498507121835));
#4878=CARTESIAN_POINT('Ctrl Pts',(100.497065526097,29.458594113791,14.312333888969));
#4879=CARTESIAN_POINT('Ctrl Pts',(100.54664301508,30.3564608063197,14.3748170657544));
#4880=CARTESIAN_POINT('Ctrl Pts',(99.8277806729163,30.8967009836464,14.4373002425399));
#4881=CARTESIAN_POINT('Ctrl Pts',(98.979130229124,30.5993543840574,14.4997834193254));
#4882=CARTESIAN_POINT('Ctrl Pts',(98.7546499096606,29.7285897418833,14.5622665961108));
#4883=CARTESIAN_POINT('Ctrl Pts',(99.3537723600967,29.0580118278285,14.6247497728963));
#4884=CARTESIAN_POINT('Ctrl Pts',(100.244225527378,29.1833756887527,14.6872329496817));
#4885=CARTESIAN_POINT('Ctrl Pts',(100.634912086053,29.9933052753046,14.7497161264672));
#4886=CARTESIAN_POINT('Ctrl Pts',(100.178739911996,30.768243405364,14.8121993032527));
#4887=CARTESIAN_POINT('Ctrl Pts',(99.2809780676521,30.8197182776875,14.8746824800381));
#4888=CARTESIAN_POINT('Ctrl Pts',(98.7392234554355,30.1020010035644,14.9371656568236));
#4889=CARTESIAN_POINT('Ctrl Pts',(99.0347668293464,29.2527210301714,14.9996488336091));
#4890=CARTESIAN_POINT('Ctrl Pts',(99.9050724931959,29.0264061954154,15.0621320103945));
#4891=CARTESIAN_POINT('Ctrl Pts',(100.576879145993,29.6240975614328,15.12461518718));
#4892=CARTESIAN_POINT('Ctrl Pts',(100.453473386986,30.5148388500481,15.1870983639655));
#4893=CARTESIAN_POINT('Ctrl Pts',(99.6442153316546,30.9071848010936,15.2495815407509));
#4894=CARTESIAN_POINT('Ctrl Pts',(98.8686381686193,30.4527598820063,15.3120647175364));
#4895=CARTESIAN_POINT('Ctrl Pts',(98.8145894971463,29.5548882579713,15.3745478943219));
#4896=CARTESIAN_POINT('Ctrl Pts',(99.5325381774461,29.0121072027026,15.4370310711073));
#4897=CARTESIAN_POINT('Ctrl Pts',(100.096524957637,29.2076402377662,15.4786865222976));
#4898=CARTESIAN_POINT('Ctrl Pts',(100.27696371676,29.4023899996734,15.4995142478928));
#4899=CARTESIAN_POINT('Ctrl Pts',(99.023690976794,30.5482354082849,12.4569242669564));
#4900=CARTESIAN_POINT('Ctrl Pts',(98.829253635914,30.3329630210712,12.4777519925516));
#4901=CARTESIAN_POINT('Ctrl Pts',(98.6711849273596,29.7001959756364,12.5194074437419));
#4902=CARTESIAN_POINT('Ctrl Pts',(99.3315709579168,28.971519887459,12.5818906205274));
#4903=CARTESIAN_POINT('Ctrl Pts',(100.30348734804,29.1174746767891,12.6443737973128));
#4904=CARTESIAN_POINT('Ctrl Pts',(100.722776745157,30.00564130737,12.7068569740983));
#4905=CARTESIAN_POINT('Ctrl Pts',(100.217249509732,30.8482890227019,12.7693401508837));
#4906=CARTESIAN_POINT('Ctrl Pts',(99.2358722188498,30.8961513900183,12.8318233276692));
#4907=CARTESIAN_POINT('Ctrl Pts',(98.6505943853435,30.1070159435385,12.8943065044547));
#4908=CARTESIAN_POINT('Ctrl Pts',(98.9813528239854,29.1818172435989,12.9567896812401));
#4909=CARTESIAN_POINT('Ctrl Pts',(99.9343123461871,28.942592436967,13.0192728580256));
#4910=CARTESIAN_POINT('Ctrl Pts',(100.66283620326,29.6018389240202,13.0817560348111));
#4911=CARTESIAN_POINT('Ctrl Pts',(100.519693155395,30.5738856119914,13.1442392115965));
#4912=CARTESIAN_POINT('Ctrl Pts',(99.632052429159,30.995138576269,13.206722388382));
#4913=CARTESIAN_POINT('Ctrl Pts',(98.7885128463099,30.4913521038408,13.2692055651675));
#4914=CARTESIAN_POINT('Ctrl Pts',(98.7384914991738,29.5100983556594,13.3316887419529));
#4915=CARTESIAN_POINT('Ctrl Pts',(99.526428576907,28.9231438186825,13.3941719187384));
#4916=CARTESIAN_POINT('Ctrl Pts',(100.452304815847,29.251950279523,13.4566550955238));
#4917=CARTESIAN_POINT('Ctrl Pts',(100.693553180801,30.2043996716126,13.5191382723093));
#4918=CARTESIAN_POINT('Ctrl Pts',(100.0358437443,30.9343166831717,13.5816214490948));
#4919=CARTESIAN_POINT('Ctrl Pts',(99.0634988192655,30.7932283991956,13.6441046258803));
#4920=CARTESIAN_POINT('Ctrl Pts',(98.6403692018351,29.9064804671534,13.7065878026657));
#4921=CARTESIAN_POINT('Ctrl Pts',(99.1423717632405,29.0618776089258,13.7690709794512));
#4922=CARTESIAN_POINT('Ctrl Pts',(100.123517322746,29.0097819975942,13.8315541562366));
#4923=CARTESIAN_POINT('Ctrl Pts',(100.712136418433,29.7964764254801,13.8940373330221));
#4924=CARTESIAN_POINT('Ctrl Pts',(100.385287998082,30.7230457276852,13.9565205098076));
#4925=CARTESIAN_POINT('Ctrl Pts',(99.4333507772652,30.9663070877464,14.019003686593));
#4926=CARTESIAN_POINT('Ctrl Pts',(98.7020449419637,30.3101422167516,14.0814868633785));
#4927=CARTESIAN_POINT('Ctrl Pts',(98.8410773165697,29.3375011933166,14.143970040164));
#4928=CARTESIAN_POINT('Ctrl Pts',(99.7269287385621,28.9124978781085,14.2064532169494));
#4929=CARTESIAN_POINT('Ctrl Pts',(100.572590980457,29.4127137722595,14.2689363937349));
#4930=CARTESIAN_POINT('Ctrl Pts',(100.626760674724,30.3937470037758,14.3314195705203));
#4931=CARTESIAN_POINT('Ctrl Pts',(99.8413123978069,30.9840279122535,14.3939027473058));
#4932=CARTESIAN_POINT('Ctrl Pts',(98.9140541597755,30.6591390418873,14.4563859240913));
#4933=CARTESIAN_POINT('Ctrl Pts',(98.6687809415488,29.70771823754,14.5188691008767));
#4934=CARTESIAN_POINT('Ctrl Pts',(99.3233982010109,28.9750268218959,14.5813522776622));
#4935=CARTESIAN_POINT('Ctrl Pts',(100.296331215991,29.112002738946,14.6438354544477));
#4936=CARTESIAN_POINT('Ctrl Pts',(100.723205829289,29.9969535297564,14.7063186312331));
#4937=CARTESIAN_POINT('Ctrl Pts',(100.22477987612,30.8436717166358,14.7688018080186));
#4938=CARTESIAN_POINT('Ctrl Pts',(99.2438612045422,30.8999145428344,14.831284984804));
#4939=CARTESIAN_POINT('Ctrl Pts',(98.6519255838825,30.115717397972,14.8937681615895));
#4940=CARTESIAN_POINT('Ctrl Pts',(98.9748442015056,29.1877713190132,14.956251338375));
#4941=CARTESIAN_POINT('Ctrl Pts',(99.9257635138241,28.9404936601712,15.0187345151604));
#4942=CARTESIAN_POINT('Ctrl Pts',(100.659797482376,29.5935472784116,15.0812176919459));
#4943=CARTESIAN_POINT('Ctrl Pts',(100.524961040003,30.5667951024891,15.1437008687314));
#4944=CARTESIAN_POINT('Ctrl Pts',(99.6407439822159,30.9954828124011,15.2061840455168));
#4945=CARTESIAN_POINT('Ctrl Pts',(98.7933275707666,30.4989659568776,15.2686672223023));
#4946=CARTESIAN_POINT('Ctrl Pts',(98.7342725425806,29.5179273370652,15.3311503990878));
#4947=CARTESIAN_POINT('Ctrl Pts',(99.5187225280388,28.9248701971947,15.3936335758732));
#4948=CARTESIAN_POINT('Ctrl Pts',(100.134949611755,29.1385148360402,15.4352890270635));
#4949=CARTESIAN_POINT('Ctrl Pts',(100.332101839838,29.3513036496254,15.4561167526587));
#4950=CARTESIAN_POINT('Ctrl Pts',(98.967909306783,30.5986182731157,12.4135267717223));
#4951=CARTESIAN_POINT('Ctrl Pts',(98.756988649975,30.3650962906702,12.4343544973175));
#4952=CARTESIAN_POINT('Ctrl Pts',(98.5855197557894,29.6786867757821,12.4760099485078));
#4953=CARTESIAN_POINT('Ctrl Pts',(99.301889639689,28.8882375831371,12.5384931252933));
#4954=CARTESIAN_POINT('Ctrl Pts',(100.356199693711,29.0465656074273,12.6009763020787));
#4955=CARTESIAN_POINT('Ctrl Pts',(100.811034113028,30.0100260632699,12.6634594788642));
#4956=CARTESIAN_POINT('Ctrl Pts',(100.262651091291,30.9241087634917,12.7259426556497));
#4957=CARTESIAN_POINT('Ctrl Pts',(99.1980780939831,30.9760286360073,12.7884258324351));
#4958=CARTESIAN_POINT('Ctrl Pts',(98.5631836621851,30.1199946770534,12.8509090092206));
#4959=CARTESIAN_POINT('Ctrl Pts',(98.9219819609449,29.1163627790551,12.9133921860061));
#4960=CARTESIAN_POINT('Ctrl Pts',(99.955728089258,28.8568578243421,12.9758753627915));
#4961=CARTESIAN_POINT('Ctrl Pts',(100.746012145492,29.5719915605797,13.038358539577));
#4962=CARTESIAN_POINT('Ctrl Pts',(100.590734226465,30.6264429583771,13.1008417163624));
#4963=CARTESIAN_POINT('Ctrl Pts',(99.6278442582112,31.0834074051526,13.1633248931479));
#4964=CARTESIAN_POINT('Ctrl Pts',(98.7127940829063,30.5369127186145,13.2258080699334));
#4965=CARTESIAN_POINT('Ctrl Pts',(98.6585322042743,29.4724737372694,13.2882912467188));
#4966=CARTESIAN_POINT('Ctrl Pts',(99.5132662034469,28.8357604604098,13.3507744235043));
#4967=CARTESIAN_POINT('Ctrl Pts',(100.517633078432,29.1924413035508,13.4132576002898));
#4968=CARTESIAN_POINT('Ctrl Pts',(100.779333137483,30.2256340557594,13.4757407770752));
#4969=CARTESIAN_POINT('Ctrl Pts',(100.065866754392,31.0174293703661,13.5382239538607));
#4970=CARTESIAN_POINT('Ctrl Pts',(99.0110918366519,30.8643804066769,13.6007071306462));
#4971=CARTESIAN_POINT('Ctrl Pts',(98.5520916445108,29.9024589187417,13.6631903074316));
#4972=CARTESIAN_POINT('Ctrl Pts',(99.0966511899751,28.9862553294876,13.7256734842171));
#4973=CARTESIAN_POINT('Ctrl Pts',(100.16097281101,28.9297433420827,13.7881566610026));
#4974=CARTESIAN_POINT('Ctrl Pts',(100.799491758606,29.7831293464679,13.850639837788));
#4975=CARTESIAN_POINT('Ctrl Pts',(100.444934947733,30.7882480387659,13.9131230145735));
#4976=CARTESIAN_POINT('Ctrl Pts',(99.412297785828,31.0521317434489,13.9756061913589));
#4977=CARTESIAN_POINT('Ctrl Pts',(98.6189959107293,30.3403408655332,14.0380893681444));
#4978=CARTESIAN_POINT('Ctrl Pts',(98.7698146764908,29.2852447478183,14.1005725449299));
#4979=CARTESIAN_POINT('Ctrl Pts',(99.7307636532424,28.8242120162269,14.1630557217153));
#4980=CARTESIAN_POINT('Ctrl Pts',(100.648116434817,29.366833430728,14.2255388985008));
#4981=CARTESIAN_POINT('Ctrl Pts',(100.706878334368,30.4310332012319,14.2880220752863));
#4982=CARTESIAN_POINT('Ctrl Pts',(99.8548441226976,31.0713548408606,14.3505052520717));
#4983=CARTESIAN_POINT('Ctrl Pts',(98.8489780904271,30.7189236997171,14.4129884288572));
#4984=CARTESIAN_POINT('Ctrl Pts',(98.5829119734371,29.6868467331968,14.4754716056426));
#4985=CARTESIAN_POINT('Ctrl Pts',(99.293024041925,28.8920418159632,14.5379547824281));
#4986=CARTESIAN_POINT('Ctrl Pts',(100.348436904603,29.0406297891392,14.6004379592136));
#4987=CARTESIAN_POINT('Ctrl Pts',(100.811499572525,30.0006017842081,14.662921135999));
#4988=CARTESIAN_POINT('Ctrl Pts',(100.270819840243,30.9191000279077,14.7254043127845));
#4989=CARTESIAN_POINT('Ctrl Pts',(99.2067443414325,30.9801108079813,14.78788748957));
#4990=CARTESIAN_POINT('Ctrl Pts',(98.5646277123295,30.1294337923797,14.8503706663554));
#4991=CARTESIAN_POINT('Ctrl Pts',(98.9149215736646,29.122821607855,14.9128538431409));
#4992=CARTESIAN_POINT('Ctrl Pts',(99.9464545344523,28.8545811249269,14.9753370199264));
#4993=CARTESIAN_POINT('Ctrl Pts',(100.742715818759,29.5629969953903,15.0378201967118));
#4994=CARTESIAN_POINT('Ctrl Pts',(100.596448693019,30.61875135493,15.1003033734973));
#4995=CARTESIAN_POINT('Ctrl Pts',(99.6372726327773,31.0837808237087,15.1627865502827));
#4996=CARTESIAN_POINT('Ctrl Pts',(98.7180169729137,30.5451720317489,15.2252697270682));
#4997=CARTESIAN_POINT('Ctrl Pts',(98.6539555880152,29.4809664161591,15.2877529038537));
#4998=CARTESIAN_POINT('Ctrl Pts',(99.5049068786313,28.8376331916869,15.3502360806391));
#4999=CARTESIAN_POINT('Ctrl Pts',(100.173374265873,29.0693894343142,15.3918915318294));
#5000=CARTESIAN_POINT('Ctrl Pts',(100.387239962916,29.3002172995774,15.4127192574246));
#5001=CARTESIAN_POINT('Ctrl Pts',(98.9121276367719,30.6490011379465,12.3701292764883));
#5002=CARTESIAN_POINT('Ctrl Pts',(98.684723664036,30.3972295602691,12.3909570020834));
#5003=CARTESIAN_POINT('Ctrl Pts',(98.4998545842192,29.6571775759279,12.4326124532737));
#5004=CARTESIAN_POINT('Ctrl Pts',(99.2722083214611,28.8049552788151,12.4950956300592));
#5005=CARTESIAN_POINT('Ctrl Pts',(100.408912039383,28.9756565380656,12.5575788068446));
#5006=CARTESIAN_POINT('Ctrl Pts',(100.899291480899,30.0144108191697,12.6200619836301));
#5007=CARTESIAN_POINT('Ctrl Pts',(100.30805267285,30.9999285042816,12.6825451604156));
#5008=CARTESIAN_POINT('Ctrl Pts',(99.1602839691163,31.0559058819964,12.745028337201));
#5009=CARTESIAN_POINT('Ctrl Pts',(98.4757729390266,30.1329734105683,12.8075115139865));
#5010=CARTESIAN_POINT('Ctrl Pts',(98.8626110979045,29.0509083145112,12.869994690772));
#5011=CARTESIAN_POINT('Ctrl Pts',(99.9771438323291,28.7711232117172,12.9324778675574));
#5012=CARTESIAN_POINT('Ctrl Pts',(100.829188087725,29.5421441971392,12.9949610443429));
#5013=CARTESIAN_POINT('Ctrl Pts',(100.661775297534,30.6790003047627,13.0574442211283));
#5014=CARTESIAN_POINT('Ctrl Pts',(99.6236360872633,31.1716762340362,13.1199273979138));
#5015=CARTESIAN_POINT('Ctrl Pts',(98.6370753195029,30.5824733333881,13.1824105746993));
#5016=CARTESIAN_POINT('Ctrl Pts',(98.5785729093747,29.4348491188795,13.2448937514848));
#5017=CARTESIAN_POINT('Ctrl Pts',(99.5001038299869,28.7483771021371,13.3073769282702));
#5018=CARTESIAN_POINT('Ctrl Pts',(100.582961341018,29.1329323275787,13.3698601050557));
#5019=CARTESIAN_POINT('Ctrl Pts',(100.865113094165,30.2468684399062,13.4323432818411));
#5020=CARTESIAN_POINT('Ctrl Pts',(100.095889764483,31.1005420575604,13.4948264586266));
#5021=CARTESIAN_POINT('Ctrl Pts',(98.9586848540384,30.9355324141582,13.5573096354121));
#5022=CARTESIAN_POINT('Ctrl Pts',(98.4638140871866,29.8984373703299,13.6197928121975));
#5023=CARTESIAN_POINT('Ctrl Pts',(99.0509306167099,28.9106330500494,13.682275988983));
#5024=CARTESIAN_POINT('Ctrl Pts',(100.198428299274,28.8497046865711,13.7447591657685));
#5025=CARTESIAN_POINT('Ctrl Pts',(100.886847098779,29.7697822674556,13.8072423425539));
#5026=CARTESIAN_POINT('Ctrl Pts',(100.504581897383,30.8534503498466,13.8697255193394));
#5027=CARTESIAN_POINT('Ctrl Pts',(99.3912447943908,31.1379563991513,13.9322086961249));
#5028=CARTESIAN_POINT('Ctrl Pts',(98.5359468794948,30.3705395143149,13.9946918729103));
#5029=CARTESIAN_POINT('Ctrl Pts',(98.6985520364119,29.23298830232,14.0571750496958));
#5030=CARTESIAN_POINT('Ctrl Pts',(99.7345985679225,28.7359261543454,14.1196582264812));
#5031=CARTESIAN_POINT('Ctrl Pts',(100.723641889176,29.3209530891965,14.1821414032667));
#5032=CARTESIAN_POINT('Ctrl Pts',(100.786995994013,30.4683193986879,14.2446245800522));
#5033=CARTESIAN_POINT('Ctrl Pts',(99.8683758475883,31.1586817694676,14.3071077568376));
#5034=CARTESIAN_POINT('Ctrl Pts',(98.7839020210784,30.7787083575469,14.3695909336231));
#5035=CARTESIAN_POINT('Ctrl Pts',(98.4970430053254,29.6659752288535,14.4320741104086));
#5036=CARTESIAN_POINT('Ctrl Pts',(99.2626498828391,28.8090568100306,14.494557287194));
#5037=CARTESIAN_POINT('Ctrl Pts',(100.400542593216,28.9692568393324,14.5570404639795));
#5038=CARTESIAN_POINT('Ctrl Pts',(100.899793315761,30.00425003866,14.6195236407649));
#5039=CARTESIAN_POINT('Ctrl Pts',(100.316859804367,30.9945283391795,14.6820068175504));
#5040=CARTESIAN_POINT('Ctrl Pts',(99.1696274783226,31.0603070731283,14.7444899943359));
#5041=CARTESIAN_POINT('Ctrl Pts',(98.4773298407765,30.1431501867874,14.8069731711213));
#5042=CARTESIAN_POINT('Ctrl Pts',(98.8549989458237,29.0578718966967,14.8694563479068));
#5043=CARTESIAN_POINT('Ctrl Pts',(99.9671455550804,28.7686685896827,14.9319395246923));
#5044=CARTESIAN_POINT('Ctrl Pts',(100.825634155142,29.5324467123691,14.9944227014777));
#5045=CARTESIAN_POINT('Ctrl Pts',(100.667936346036,30.670707607371,15.0569058782632));
#5046=CARTESIAN_POINT('Ctrl Pts',(99.6338012833387,31.1720788350163,15.1193890550487));
#5047=CARTESIAN_POINT('Ctrl Pts',(98.6427063750609,30.5913781066202,15.1818722318341));
#5048=CARTESIAN_POINT('Ctrl Pts',(98.5736386334495,29.4440054952531,15.2443554086196));
#5049=CARTESIAN_POINT('Ctrl Pts',(99.491091229224,28.750396186179,15.306838585405));
#5050=CARTESIAN_POINT('Ctrl Pts',(100.211798919991,29.0002640325881,15.3484940365954));
#5051=CARTESIAN_POINT('Ctrl Pts',(100.442378085994,29.2491309495293,15.3693217621905));
#5052=CARTESIAN_POINT('Ctrl Pts',(100.442378085994,29.2491309495293,15.3693217621905));
#5053=CARTESIAN_POINT('Ctrl Pts',(100.408913177963,29.2199223598618,15.3693217621905));
#5054=CARTESIAN_POINT('Ctrl Pts',(100.373550485459,29.1931560856816,15.3693217621905));
#5055=CARTESIAN_POINT('Ctrl Pts',(100.336591399815,29.1688654942335,15.3693217621905));
#5056=CARTESIAN_POINT('Ctrl Pts',(100.299269746616,29.1443366127899,15.3693217621905));
#5057=CARTESIAN_POINT('Ctrl Pts',(100.260318934198,29.1223319947431,15.3693217621905));
#5058=CARTESIAN_POINT('Ctrl Pts',(100.220030311186,29.1029359766488,15.3693217621905));
#5059=CARTESIAN_POINT('Ctrl Pts',(100.193563675707,29.0901942321491,15.3693217621905));
#5060=CARTESIAN_POINT('Ctrl Pts',(100.166519359007,29.0785792638503,15.3693217621905));
#5061=CARTESIAN_POINT('Ctrl Pts',(100.138979626017,29.0681272557797,15.3693217621905));
#5062=CARTESIAN_POINT('Ctrl Pts',(100.128666632446,29.0642132202995,15.3693217621905));
#5063=CARTESIAN_POINT('Ctrl Pts',(100.118284178444,29.0604623698201,15.3693217621905));
#5064=CARTESIAN_POINT('Ctrl Pts',(100.107836657268,29.0568769655258,15.3693217621905));
#5065=CARTESIAN_POINT('Ctrl Pts',(100.100732548419,29.0544389611472,15.3693217621905));
#5066=CARTESIAN_POINT('Ctrl Pts',(100.093599867185,29.0520780491456,15.3693217621905));
#5067=CARTESIAN_POINT('Ctrl Pts',(100.086448943354,29.0497975168111,15.3693217621905));
#5068=CARTESIAN_POINT('Ctrl Pts',(100.045062441282,29.036598766773,15.3693217621905));
#5069=CARTESIAN_POINT('Ctrl Pts',(100.002982424485,29.0260593818934,15.3693217621905));
#5070=CARTESIAN_POINT('Ctrl Pts',(99.9604827055299,29.0182483303097,15.3693217621905));
#5071=CARTESIAN_POINT('Ctrl Pts',(99.9190611788496,29.0106354404005,15.3693217621905));
#5072=CARTESIAN_POINT('Ctrl Pts',(99.8772398700521,29.0056143350985,15.3693217621905));
#5073=CARTESIAN_POINT('Ctrl Pts',(99.8352776405122,29.0032970083832,15.3693217621905));
#5074=CARTESIAN_POINT('Ctrl Pts',(99.8100010316689,29.0019011301949,15.3693217621905));
#5075=CARTESIAN_POINT('Ctrl Pts',(99.784673470466,29.0014872244961,15.3693217621905));
#5076=CARTESIAN_POINT('Ctrl Pts',(99.7593549567483,29.0020882700734,15.3693217621905));
#5077=CARTESIAN_POINT('Ctrl Pts',(99.7506619502516,29.0022946365752,15.3693217621905));
#5078=CARTESIAN_POINT('Ctrl Pts',(99.7419700404822,29.0026207079329,15.3693217621905));
#5079=CARTESIAN_POINT('Ctrl Pts',(99.733281759819,29.0030679950773,15.3693217621905));
#5080=CARTESIAN_POINT('Ctrl Pts',(99.7246242560286,29.0035136977771,15.3693217621905));
#5081=CARTESIAN_POINT('Ctrl Pts',(99.7159791975808,29.004079342859,15.3693217621905));
#5082=CARTESIAN_POINT('Ctrl Pts',(99.7073530846342,29.0047653404381,15.3693217621905));
#5083=CARTESIAN_POINT('Ctrl Pts',(99.6669227017415,29.0079805945112,15.3693217621905));
#5084=CARTESIAN_POINT('Ctrl Pts',(99.626877074906,29.0138374253177,15.3693217621905));
#5085=CARTESIAN_POINT('Ctrl Pts',(99.5874535530923,29.022429377461,15.3693217621905));
#5086=CARTESIAN_POINT('Ctrl Pts',(99.5699742467051,29.0262388129723,15.3693217621905));
#5087=CARTESIAN_POINT('Ctrl Pts',(99.5526174470696,29.030586548643,15.3693217621905));
#5088=CARTESIAN_POINT('Ctrl Pts',(99.5354052107869,29.0354837641048,15.3693217621905));
#5089=CARTESIAN_POINT('Ctrl Pts',(99.5009649325833,29.0452826920394,15.3693217621905));
#5090=CARTESIAN_POINT('Ctrl Pts',(99.4671020597231,29.0572805046798,15.3693217621905));
#5091=CARTESIAN_POINT('Ctrl Pts',(99.43397881227,29.0713560801353,15.3693217621905));
#5092=CARTESIAN_POINT('Ctrl Pts',(99.4224187029091,29.076268496764,15.3693217621905));
#5093=CARTESIAN_POINT('Ctrl Pts',(99.4109488760879,29.0814341615393,15.3693217621905));
#5094=CARTESIAN_POINT('Ctrl Pts',(99.3995769055722,29.0868484110121,15.3693217621905));
#5095=CARTESIAN_POINT('Ctrl Pts',(99.3903005934357,29.0912649075222,15.3693217621905));
#5096=CARTESIAN_POINT('Ctrl Pts',(99.3810865415171,29.0958484983088,15.3693217621905));
#5097=CARTESIAN_POINT('Ctrl Pts',(99.371961327426,29.1005845927822,15.3693217621905));
#5098=CARTESIAN_POINT('Ctrl Pts',(99.3360900740452,29.1192021992507,15.3693217621905));
#5099=CARTESIAN_POINT('Ctrl Pts',(99.3015175948342,29.1402051494735,15.3693217621905));
#5100=CARTESIAN_POINT('Ctrl Pts',(99.268454737526,29.1633876242623,15.3693217621905));
#5101=CARTESIAN_POINT('Ctrl Pts',(99.2356371206408,29.1863981453729,15.3693217621905));
#5102=CARTESIAN_POINT('Ctrl Pts',(99.2043060274584,29.2115570736936,15.3693217621905));
#5103=CARTESIAN_POINT('Ctrl Pts',(99.1747083051182,29.2386933145691,15.3693217621905));
#5104=CARTESIAN_POINT('Ctrl Pts',(99.1598007711431,29.2523610700863,15.3693217621905));
#5105=CARTESIAN_POINT('Ctrl Pts',(99.1453336849155,29.2665308161922,15.3693217621905));
#5106=CARTESIAN_POINT('Ctrl Pts',(99.1313434765089,29.2811823119972,15.3693217621905));
#5107=CARTESIAN_POINT('Ctrl Pts',(99.1253150003886,29.2874957413629,15.3693217621905));
#5108=CARTESIAN_POINT('Ctrl Pts',(99.1193747471027,29.2938990413253,15.3693217621905));
#5109=CARTESIAN_POINT('Ctrl Pts',(99.1135269672313,29.3003893746735,15.3693217621905));
#5110=CARTESIAN_POINT('Ctrl Pts',(99.0876527669441,29.329106629542,15.3693217621905));
#5111=CARTESIAN_POINT('Ctrl Pts',(99.0637048905637,29.3593930201767,15.3693217621905));
#5112=CARTESIAN_POINT('Ctrl Pts',(99.0419094495926,29.3910866542592,15.3693217621905));
#5113=CARTESIAN_POINT('Ctrl Pts',(99.0290825399688,29.4097387834162,15.3693217621905));
#5114=CARTESIAN_POINT('Ctrl Pts',(99.0170019780783,29.4288786875898,15.3693217621905));
#5115=CARTESIAN_POINT('Ctrl Pts',(99.0057221898802,29.4484752183257,15.3693217621905));
#5116=CARTESIAN_POINT('Ctrl Pts',(99.0006381856278,29.4573077286392,15.3693217621905));
#5117=CARTESIAN_POINT('Ctrl Pts',(98.9957169455728,29.4662330107826,15.3693217621905));
#5118=CARTESIAN_POINT('Ctrl Pts',(98.9909639114478,29.4752482351793,15.3693217621905));
#5119=CARTESIAN_POINT('Ctrl Pts',(98.9859672296778,29.4847255934755,15.3693217621905));
#5120=CARTESIAN_POINT('Ctrl Pts',(98.9811602906991,29.4942952517314,15.3693217621905));
#5121=CARTESIAN_POINT('Ctrl Pts',(98.9765516834033,29.5039470056079,15.3693217621905));
#5122=CARTESIAN_POINT('Ctrl Pts',(98.9601138294609,29.5383726162814,15.3693217621905));
#5123=CARTESIAN_POINT('Ctrl Pts',(98.9461803509992,29.573868866824,15.3693217621905));
#5124=CARTESIAN_POINT('Ctrl Pts',(98.9350187892549,29.6102791566761,15.3693217621905));
#5125=CARTESIAN_POINT('Ctrl Pts',(98.9284467819574,29.6317177954697,15.3693217621905));
#5126=CARTESIAN_POINT('Ctrl Pts',(98.9228370904319,29.6534735323071,15.3693217621905));
#5127=CARTESIAN_POINT('Ctrl Pts',(98.9181866459009,29.675482755328,15.3693217621905));
#5128=CARTESIAN_POINT('Ctrl Pts',(99.079472646805,30.4978525434541,12.5003217621905));
#5129=CARTESIAN_POINT('Ctrl Pts',(99.0514227475599,30.4741709682975,12.5003217621905));
#5130=CARTESIAN_POINT('Ctrl Pts',(99.0252421744433,30.4485450104926,12.5003217621905));
#5131=CARTESIAN_POINT('Ctrl Pts',(99.0009460147542,30.4212744165426,12.5003217621905));
#5132=CARTESIAN_POINT('Ctrl Pts',(98.9759702030076,30.3932409647779,12.5003217621905));
#5133=CARTESIAN_POINT('Ctrl Pts',(98.9529850183369,30.3634689671622,12.5003217621905));
#5134=CARTESIAN_POINT('Ctrl Pts',(98.9320301875273,30.332231858505,12.5003217621905));
#5135=CARTESIAN_POINT('Ctrl Pts',(98.9171318229198,30.3100230495534,12.5003217621905));
#5136=CARTESIAN_POINT('Ctrl Pts',(98.9032602436592,30.2870725072187,12.5003217621905));
#5137=CARTESIAN_POINT('Ctrl Pts',(98.8904395495582,30.2634660190174,12.5003217621905));
#5138=CARTESIAN_POINT('Ctrl Pts',(98.8848971229151,30.2532608594429,12.5003217621905));
#5139=CARTESIAN_POINT('Ctrl Pts',(98.8795485383616,30.2429271089918,12.5003217621905));
#5140=CARTESIAN_POINT('Ctrl Pts',(98.8744113660891,30.232503217863,12.5003217621905));
#5141=CARTESIAN_POINT('Ctrl Pts',(98.8571172567615,30.1974115559056,12.5003217621905));
#5142=CARTESIAN_POINT('Ctrl Pts',(98.8421866038564,30.1612520311028,12.5003217621905));
#5143=CARTESIAN_POINT('Ctrl Pts',(98.8296541711238,30.12431852271,12.5003217621905));
#5144=CARTESIAN_POINT('Ctrl Pts',(98.8176736924101,30.0890116417106,12.5003217621905));
#5145=CARTESIAN_POINT('Ctrl Pts',(98.8078845655588,30.0529963495889,12.5003217621905));
#5146=CARTESIAN_POINT('Ctrl Pts',(98.8003468086404,30.0164991152816,12.5003217621905));
#5147=CARTESIAN_POINT('Ctrl Pts',(98.7952336068334,29.9917413887553,12.5003217621905));
#5148=CARTESIAN_POINT('Ctrl Pts',(98.7911569820721,29.9667612886421,12.5003217621905));
#5149=CARTESIAN_POINT('Ctrl Pts',(98.7881449717551,29.9416247394588,12.5003217621905));
#5150=CARTESIAN_POINT('Ctrl Pts',(98.7868146139823,29.9305223194575,12.5003217621905));
#5151=CARTESIAN_POINT('Ctrl Pts',(98.7856918274788,29.9193841465554,12.5003217621905));
#5152=CARTESIAN_POINT('Ctrl Pts',(98.7847815162223,29.9082470225522,12.5003217621905));
#5153=CARTESIAN_POINT('Ctrl Pts',(98.7814190139709,29.8671087808042,12.5003217621905));
#5154=CARTESIAN_POINT('Ctrl Pts',(98.7809412442067,29.8259177872841,12.5003217621905));
#5155=CARTESIAN_POINT('Ctrl Pts',(98.7834086185544,29.7849733688027,12.5003217621905));
#5156=CARTESIAN_POINT('Ctrl Pts',(98.7845395798053,29.7662058271912,12.5003217621905));
#5157=CARTESIAN_POINT('Ctrl Pts',(98.7862899170648,29.7474896850725,12.5003217621905));
#5158=CARTESIAN_POINT('Ctrl Pts',(98.788668770189,29.7288522247077,12.5003217621905));
#5159=CARTESIAN_POINT('Ctrl Pts',(98.7936967613246,29.6894597189029,12.5003217621905));
#5160=CARTESIAN_POINT('Ctrl Pts',(98.8015290825348,29.6504186566763,12.5003217621905));
#5161=CARTESIAN_POINT('Ctrl Pts',(98.8119761384536,29.6119138253254,12.5003217621905));
#5162=CARTESIAN_POINT('Ctrl Pts',(98.8151559919425,29.6001938036022,12.5003217621905));
#5163=CARTESIAN_POINT('Ctrl Pts',(98.8185784488434,29.5885234613073,12.5003217621905));
#5164=CARTESIAN_POINT('Ctrl Pts',(98.822239077546,29.5769080708965,12.5003217621905));
#5165=CARTESIAN_POINT('Ctrl Pts',(98.8247340489612,29.5689913796924,12.5003217621905));
#5166=CARTESIAN_POINT('Ctrl Pts',(98.8273366147937,29.5611099391919,12.5003217621905));
#5167=CARTESIAN_POINT('Ctrl Pts',(98.8300442455511,29.5532663833854,12.5003217621905));
#5168=CARTESIAN_POINT('Ctrl Pts',(98.8435631642374,29.5141043252388,12.5003217621905));
#5169=CARTESIAN_POINT('Ctrl Pts',(98.8596994568653,29.4758789708539,12.5003217621905));
#5170=CARTESIAN_POINT('Ctrl Pts',(98.8782109113113,29.4387890316115,12.5003217621905));
#5171=CARTESIAN_POINT('Ctrl Pts',(98.8971869698554,29.4007682018319,12.5003217621905));
#5172=CARTESIAN_POINT('Ctrl Pts',(98.9186592097447,29.3639394533001,12.5003217621905));
#5173=CARTESIAN_POINT('Ctrl Pts',(98.9424218105005,29.3285192759988,12.5003217621905));
#5174=CARTESIAN_POINT('Ctrl Pts',(98.9553542233211,29.3092424148612,12.5003217621905));
#5175=CARTESIAN_POINT('Ctrl Pts',(98.9689659417906,29.2903828935966,12.5003217621905));
#5176=CARTESIAN_POINT('Ctrl Pts',(98.9832298467219,29.2719776550439,12.5003217621905));
#5177=CARTESIAN_POINT('Ctrl Pts',(98.9890762014801,29.2644338895389,12.5003217621905));
#5178=CARTESIAN_POINT('Ctrl Pts',(98.9950336058955,29.2569647168169,12.5003217621905));
#5179=CARTESIAN_POINT('Ctrl Pts',(99.0010957538612,29.2495784063547,12.5003217621905));
#5180=CARTESIAN_POINT('Ctrl Pts',(99.0292272186039,29.2153021508888,12.5003217621905));
#5181=CARTESIAN_POINT('Ctrl Pts',(99.0595165259584,29.1829210468171,12.5003217621905));
#5182=CARTESIAN_POINT('Ctrl Pts',(99.0917351429038,29.1526667882648,12.5003217621905));
#5183=CARTESIAN_POINT('Ctrl Pts',(99.1098857095782,29.1356228556228,12.5003217621905));
#5184=CARTESIAN_POINT('Ctrl Pts',(99.1286495362103,29.1192541322686,12.5003217621905));
#5185=CARTESIAN_POINT('Ctrl Pts',(99.147992381904,29.1036050527262,12.5003217621905));
#5186=CARTESIAN_POINT('Ctrl Pts',(99.1577801266725,29.0956864042064,12.5003217621905));
#5187=CARTESIAN_POINT('Ctrl Pts',(99.1677161994029,29.0879520646981,12.5003217621905));
#5188=CARTESIAN_POINT('Ctrl Pts',(99.1777965698075,29.0804081095669,12.5003217621905));
#5189=CARTESIAN_POINT('Ctrl Pts',(99.186084706224,29.0742054278461,12.5003217621905));
#5190=CARTESIAN_POINT('Ctrl Pts',(99.1944691278008,29.0681325609942,12.5003217621905));
#5191=CARTESIAN_POINT('Ctrl Pts',(99.2029375421951,29.0621994906607,12.5003217621905));
#5192=CARTESIAN_POINT('Ctrl Pts',(99.2397779766574,29.0363886506845,12.5003217621905));
#5193=CARTESIAN_POINT('Ctrl Pts',(99.2782537687688,29.0131839208297,12.5003217621905));
#5194=CARTESIAN_POINT('Ctrl Pts',(99.318158306024,28.9928341963662,12.5003217621905));
#5195=CARTESIAN_POINT('Ctrl Pts',(99.3240668785477,28.9898210597381,12.5003217621905));
#5196=CARTESIAN_POINT('Ctrl Pts',(99.3300068481828,28.986870574028,12.5003217621905));
#5197=CARTESIAN_POINT('Ctrl Pts',(99.3359776175397,28.9839836125292,12.5003217621905));
#5198=CARTESIAN_POINT('Ctrl Pts',(99.3614327828514,28.9716756371563,12.5003217621905));
#5199=CARTESIAN_POINT('Ctrl Pts',(99.3874473433627,28.9605216394344,12.5003217621905));
#5200=CARTESIAN_POINT('Ctrl Pts',(99.4139465892473,28.9505040723663,12.5003217621905));
#5201=CARTESIAN_POINT('Ctrl Pts',(100.492418913647,29.9533861206557,13.1470871339949));
#5202=CARTESIAN_POINT('Ctrl Pts',(100.493003372531,29.8599766838835,13.1397759326783));
#5203=CARTESIAN_POINT('Ctrl Pts',(100.47804285509,29.7667486488962,13.1324647313617));
#5204=CARTESIAN_POINT('Ctrl Pts',(100.446698288592,29.6794000775068,13.1251535300452));
#5205=CARTESIAN_POINT('Ctrl Pts',(100.35740570839,29.4305665415045,13.10432580445));
#5206=CARTESIAN_POINT('Ctrl Pts',(100.135151155753,29.2294467955482,13.0834980788548));
#5207=CARTESIAN_POINT('Ctrl Pts',(99.8786617267529,29.1653776989952,13.0626703532597));
#5208=CARTESIAN_POINT('Ctrl Pts',(99.6221722977527,29.1013086024422,13.0418426276645));
#5209=CARTESIAN_POINT('Ctrl Pts',(99.3314479923893,29.1742901552925,13.0210149020694));
#5210=CARTESIAN_POINT('Ctrl Pts',(99.1356327432869,29.3519085153645,13.0001871764742));
#5211=CARTESIAN_POINT('Ctrl Pts',(98.9398174941846,29.5295268754364,12.9793594508791));
#5212=CARTESIAN_POINT('Ctrl Pts',(98.8389113013433,29.81178204273,12.9585317252839));
#5213=CARTESIAN_POINT('Ctrl Pts',(98.8777350774584,30.0732824487111,12.9377039996888));
#5214=CARTESIAN_POINT('Ctrl Pts',(98.9165588535735,30.3347828546922,12.9168762740936));
#5215=CARTESIAN_POINT('Ctrl Pts',(99.0951125986451,30.5755284993607,12.8960485484984));
#5216=CARTESIAN_POINT('Ctrl Pts',(99.3340864019235,30.6886005113421,12.8752208229033));
#5217=CARTESIAN_POINT('Ctrl Pts',(99.5730602052019,30.8016725233235,12.8543930973081));
#5218=CARTESIAN_POINT('Ctrl Pts',(99.872454066687,30.7870709026178,12.833565371713));
#5219=CARTESIAN_POINT('Ctrl Pts',(100.099262905615,30.6512346371913,12.8127376461178));
#5220=CARTESIAN_POINT('Ctrl Pts',(100.326071744544,30.5153983717648,12.7919099205227));
#5221=CARTESIAN_POINT('Ctrl Pts',(100.480295560915,30.2583274616175,12.7710821949275));
#5222=CARTESIAN_POINT('Ctrl Pts',(100.493450073281,29.9943132056573,12.7502544693324));
#5223=CARTESIAN_POINT('Ctrl Pts',(100.494116888798,29.9809300563757,12.7491986908865));
#5224=CARTESIAN_POINT('Ctrl Pts',(100.494421215666,29.9675290656221,12.7481429124407));
#5225=CARTESIAN_POINT('Ctrl Pts',(100.494370448814,29.9541258845924,12.7470871339949));
#5226=CARTESIAN_POINT('Ctrl Pts',(99.9486115555757,28.9518593193518,12.5003217621905));
#5227=CARTESIAN_POINT('Ctrl Pts',(100.276446449554,29.0391850110594,12.5211494877857));
#5228=CARTESIAN_POINT('Ctrl Pts',(100.834511529542,29.5592021597802,12.562804938976));
#5229=CARTESIAN_POINT('Ctrl Pts',(100.650827164959,30.6945744028968,12.6252881157614));
#5230=CARTESIAN_POINT('Ctrl Pts',(99.6044996947412,31.170425100506,12.6877712925469));
#5231=CARTESIAN_POINT('Ctrl Pts',(98.627533382035,30.5662563116782,12.7502544693324));
#5232=CARTESIAN_POINT('Ctrl Pts',(98.5867254348524,29.4177167854573,12.8127376461178));
#5233=CARTESIAN_POINT('Ctrl Pts',(99.5188898559668,28.74572252237,12.8752208229033));
#5234=CARTESIAN_POINT('Ctrl Pts',(100.595603240963,29.1470307698214,12.9377039996888));
#5235=CARTESIAN_POINT('Ctrl Pts',(100.860421871533,30.265234654818,13.0001871764742));
#5236=CARTESIAN_POINT('Ctrl Pts',(100.078012782279,31.1068397929459,13.0626703532597));
#5237=CARTESIAN_POINT('Ctrl Pts',(98.9435142293951,30.9241759622993,13.1251535300451));
#5238=CARTESIAN_POINT('Ctrl Pts',(98.4648229590829,29.8795115327559,13.1876367068306));
#5239=CARTESIAN_POINT('Ctrl Pts',(99.0672249738217,28.9009540917742,13.2501198836161));
#5240=CARTESIAN_POINT('Ctrl Pts',(100.21553080187,28.8578705422639,13.3126030604015));
#5241=CARTESIAN_POINT('Ctrl Pts',(100.889564072236,29.7885387314041,13.375086237187));
#5242=CARTESIAN_POINT('Ctrl Pts',(100.49049927084,30.8661335584901,13.4375694139725));
#5243=CARTESIAN_POINT('Ctrl Pts',(99.3728739804755,31.1332984520351,13.5000525907579));
#5244=CARTESIAN_POINT('Ctrl Pts',(98.5296088197079,30.3526785689136,13.5625357675434));
#5245=CARTESIAN_POINT('Ctrl Pts',(98.7098776184965,29.2177924090108,13.6250189443289));
#5246=CARTESIAN_POINT('Ctrl Pts',(99.7535259049332,28.7368956381004,13.6875021211143));
#5247=CARTESIAN_POINT('Ctrl Pts',(100.733355556437,29.3372266460651,13.7499852978998));
#5248=CARTESIAN_POINT('Ctrl Pts',(100.778866179565,30.485439273102,13.8124684746852));
#5249=CARTESIAN_POINT('Ctrl Pts',(99.8496252255761,31.1614383157702,13.8749516514707));
#5250=CARTESIAN_POINT('Ctrl Pts',(98.7711890584712,30.7646526165243,13.9374348282562));
#5251=CARTESIAN_POINT('Ctrl Pts',(98.5016620761227,29.6475945777145,13.9999180050416));
#5252=CARTESIAN_POINT('Ctrl Pts',(99.2804974735453,28.8026810436737,14.0624011818271));
#5253=CARTESIAN_POINT('Ctrl Pts',(100.415762208993,28.9805502037178,14.1248843586126));
#5254=CARTESIAN_POINT('Ctrl Pts',(100.898864240354,30.0231795163468,14.187367535398));
#5255=CARTESIAN_POINT('Ctrl Pts',(100.300606002704,31.0042761144391,14.2498507121835));
#5256=CARTESIAN_POINT('Ctrl Pts',(99.1524921491014,31.0522140352918,14.312333888969));
#5257=CARTESIAN_POINT('Ctrl Pts',(98.474530148529,30.1244042617746,14.3748170657544));
#5258=CARTESIAN_POINT('Ctrl Pts',(98.8690350601071,29.0451316778106,14.4373002425399));
#5259=CARTESIAN_POINT('Ctrl Pts',(99.9855208372977,28.7732437549087,14.4997834193254));
#5260=CARTESIAN_POINT('Ctrl Pts',(100.832078925657,29.5502912264562,14.5622665961108));
#5261=CARTESIAN_POINT('Ctrl Pts',(100.656610326302,30.6859294160729,14.6247497728963));
#5262=CARTESIAN_POINT('Ctrl Pts',(99.6150043655331,31.1712346296534,14.6872329496818));
#5263=CARTESIAN_POINT('Ctrl Pts',(98.6326457986775,30.5750516769513,14.7497161264672));
#5264=CARTESIAN_POINT('Ctrl Pts',(98.5822795605736,29.4270420538551,14.8121993032527));
#5265=CARTESIAN_POINT('Ctrl Pts',(99.5086565669327,28.7471194518513,14.8746824800381));
#5266=CARTESIAN_POINT('Ctrl Pts',(100.588755435841,29.139343208022,14.9371656568236));
#5267=CARTESIAN_POINT('Ctrl Pts',(100.863014089989,30.2552488411717,14.9996488336091));
#5268=CARTESIAN_POINT('Ctrl Pts',(100.087735199436,31.1034536969595,15.0621320103945));
#5269=CARTESIAN_POINT('Ctrl Pts',(98.9517759374474,30.930374010096,15.12461518718));
#5270=CARTESIAN_POINT('Ctrl Pts',(98.464171635026,29.8898218288606,15.1870983639655));
#5271=CARTESIAN_POINT('Ctrl Pts',(99.0584799867242,28.9061522120955,15.2495815407509));
#5272=CARTESIAN_POINT('Ctrl Pts',(100.205958750156,28.8534683528215,15.3120647175364));
#5273=CARTESIAN_POINT('Ctrl Pts',(100.888716071337,29.7781723604488,15.3745478943218));
#5274=CARTESIAN_POINT('Ctrl Pts',(100.496959025453,30.8595309934808,15.4370310711073));
#5275=CARTESIAN_POINT('Ctrl Pts',(99.7564203706522,31.0424434567276,15.4786865222976));
#5276=CARTESIAN_POINT('Ctrl Pts',(99.4275042049433,30.9592830690566,15.4995142478928));
#5277=CARTESIAN_POINT('Ctrl Pts',(99.929263966927,29.0244933237248,12.4569242669564));
#5278=CARTESIAN_POINT('Ctrl Pts',(100.233335836607,29.1054892361075,12.4777519925516));
#5279=CARTESIAN_POINT('Ctrl Pts',(100.750949719058,29.587813081377,12.5194074437419));
#5280=CARTESIAN_POINT('Ctrl Pts',(100.58057966634,30.6408881721881,12.5818906205274));
#5281=CARTESIAN_POINT('Ctrl Pts',(99.6100949619646,31.0822469597005,12.6443737973128));
#5282=CARTESIAN_POINT('Ctrl Pts',(98.7039437902149,30.5218711833705,12.7068569740983));
#5283=CARTESIAN_POINT('Ctrl Pts',(98.6660937961307,29.4565832364369,12.7693401508837));
#5284=CARTESIAN_POINT('Ctrl Pts',(99.5306905293759,28.8332982971447,12.8318233276692));
#5285=CARTESIAN_POINT('Ctrl Pts',(100.529358633654,29.2055178239916,12.8943065044547));
#5286=CARTESIAN_POINT('Ctrl Pts',(100.774981956864,30.2426690005129,12.9567896812401));
#5287=CARTESIAN_POINT('Ctrl Pts',(100.049285580444,31.0232706160925,13.0192728580256));
#5288=CARTESIAN_POINT('Ctrl Pts',(98.9970208506641,30.8538471241829,13.0817560348111));
#5289=CARTESIAN_POINT('Ctrl Pts',(98.5530273885986,29.8849049154244,13.1442392115965));
#5290=CARTESIAN_POINT('Ctrl Pts',(99.1117644549852,28.9772779479051,13.206722388382));
#5291=CARTESIAN_POINT('Ctrl Pts',(100.176835643295,28.9373172979174,13.2692055651675));
#5292=CARTESIAN_POINT('Ctrl Pts',(100.802011792971,29.8005262531613,13.3316887419529));
#5293=CARTESIAN_POINT('Ctrl Pts',(100.431873096594,30.800011908435,13.3941719187384));
#5294=CARTESIAN_POINT('Ctrl Pts',(99.3952585754286,31.0478114263791,13.4566550955238));
#5295=CARTESIAN_POINT('Ctrl Pts',(98.6131172635048,30.3237745659654,13.5191382723093));
#5296=CARTESIAN_POINT('Ctrl Pts',(98.7803193267978,29.271150324757,13.5816214490948));
#5297=CARTESIAN_POINT('Ctrl Pts',(99.7483190473099,28.8251112272121,13.6441046258802));
#5298=CARTESIAN_POINT('Ctrl Pts',(100.657126009513,29.3819274031948,13.7065878026657));
#5299=CARTESIAN_POINT('Ctrl Pts',(100.699337807339,30.4469121461441,13.7690709794512));
#5300=CARTESIAN_POINT('Ctrl Pts',(99.8374526344894,31.0739115796442,13.8315541562366));
#5301=CARTESIAN_POINT('Ctrl Pts',(98.8371866235019,30.70588678531,13.8940373330221));
#5302=CARTESIAN_POINT('Ctrl Pts',(98.5871962321276,29.6697983986222,13.9565205098076));
#5303=CARTESIAN_POINT('Ctrl Pts',(99.3095779548091,28.8861281953195,14.019003686593));
#5304=CARTESIAN_POINT('Ctrl Pts',(100.362553330616,29.0511045570382,14.0814868633785));
#5305=CARTESIAN_POINT('Ctrl Pts',(100.8106378409,30.0181591637856,14.1439700401639));
#5306=CARTESIAN_POINT('Ctrl Pts',(100.255744191032,30.9281412382939,14.2064532169494));
#5307=CARTESIAN_POINT('Ctrl Pts',(99.1908510619506,30.9726043918203,14.2689363937349));
#5308=CARTESIAN_POINT('Ctrl Pts',(98.5620309550231,30.11204666071,14.3314195705203));
#5309=CARTESIAN_POINT('Ctrl Pts',(98.9279402839715,29.1110048603152,14.3939027473058));
#5310=CARTESIAN_POINT('Ctrl Pts',(99.9634978892701,28.8588246605295,14.4563859240913));
#5311=CARTESIAN_POINT('Ctrl Pts',(100.748693441813,29.5795480546633,14.5188691008767));
#5312=CARTESIAN_POINT('Ctrl Pts',(100.585943636786,30.6328698149137,14.5813522776622));
#5313=CARTESIAN_POINT('Ctrl Pts',(99.6198382045137,31.0829978103449,14.6438354544477));
#5314=CARTESIAN_POINT('Ctrl Pts',(98.7086856347092,30.5300290189525,14.7063186312331));
#5315=CARTESIAN_POINT('Ctrl Pts',(98.6619701798559,29.4652325652579,14.7688018080186));
#5316=CARTESIAN_POINT('Ctrl Pts',(99.5211989975508,28.8345939705674,14.831284984804));
#5317=CARTESIAN_POINT('Ctrl Pts',(100.523007189848,29.1983874930459,14.8937681615895));
#5318=CARTESIAN_POINT('Ctrl Pts',(100.777386279061,30.2334070058885,14.956251338375));
#5319=CARTESIAN_POINT('Ctrl Pts',(100.058303270804,31.0201299603649,15.0187345151605));
#5320=CARTESIAN_POINT('Ctrl Pts',(99.0046837110256,30.8595959081486,15.0812176919459));
#5321=CARTESIAN_POINT('Ctrl Pts',(98.552423275591,29.8944678724834,15.1437008687314));
#5322=CARTESIAN_POINT('Ctrl Pts',(99.1036533459303,28.9820992838701,15.2061840455168));
#5323=CARTESIAN_POINT('Ctrl Pts',(100.167957419181,28.9332341999951,15.2686672223023));
#5324=CARTESIAN_POINT('Ctrl Pts',(100.801225259189,29.7909112858223,15.3311503990878));
#5325=CARTESIAN_POINT('Ctrl Pts',(100.437864617628,30.7938879285783,15.3936335758732));
#5326=CARTESIAN_POINT('Ctrl Pts',(99.7510037084581,30.9635420310208,15.4352890270635));
#5327=CARTESIAN_POINT('Ctrl Pts',(99.4459289427387,30.8864095017297,15.4561167526587));
#5328=CARTESIAN_POINT('Ctrl Pts',(99.9099163782784,29.0971273280978,12.4135267717223));
#5329=CARTESIAN_POINT('Ctrl Pts',(100.19022522366,29.1717934611555,12.4343544973175));
#5330=CARTESIAN_POINT('Ctrl Pts',(100.667387908575,29.6164240029739,12.4760099485078));
#5331=CARTESIAN_POINT('Ctrl Pts',(100.510332167722,30.5872019414793,12.5384931252933));
#5332=CARTESIAN_POINT('Ctrl Pts',(99.6156902291881,30.994068818895,12.6009763020787));
#5333=CARTESIAN_POINT('Ctrl Pts',(98.7803541983947,30.4774860550629,12.6634594788642));
#5334=CARTESIAN_POINT('Ctrl Pts',(98.7454621574092,29.4954496874166,12.7259426556497));
#5335=CARTESIAN_POINT('Ctrl Pts',(99.542491202785,28.9208740719193,12.7884258324351));
#5336=CARTESIAN_POINT('Ctrl Pts',(100.463114026344,29.2640048781619,12.8509090092206));
#5337=CARTESIAN_POINT('Ctrl Pts',(100.689542042195,30.2201033462078,12.913392186006));
#5338=CARTESIAN_POINT('Ctrl Pts',(100.02055837861,30.9397014392391,12.9758753627915));
#5339=CARTESIAN_POINT('Ctrl Pts',(99.0505274719331,30.7835182860665,13.038358539577));
#5340=CARTESIAN_POINT('Ctrl Pts',(98.6412318181142,29.890298298093,13.1008417163624));
#5341=CARTESIAN_POINT('Ctrl Pts',(99.1563039361487,29.053601804036,13.1633248931479));
#5342=CARTESIAN_POINT('Ctrl Pts',(100.138140484721,29.0167640535708,13.2258080699334));
#5343=CARTESIAN_POINT('Ctrl Pts',(100.714459513706,29.8125137749185,13.2882912467188));
#5344=CARTESIAN_POINT('Ctrl Pts',(100.373246922349,30.73389025838,13.3507744235043));
#5345=CARTESIAN_POINT('Ctrl Pts',(99.4176431703817,30.9623244007232,13.4132576002898));
#5346=CARTESIAN_POINT('Ctrl Pts',(98.6966257073017,30.2948705630173,13.4757407770752));
#5347=CARTESIAN_POINT('Ctrl Pts',(98.8507610350992,29.3245082405032,13.5382239538607));
#5348=CARTESIAN_POINT('Ctrl Pts',(99.7431121896866,28.9133268163239,13.6007071306461));
#5349=CARTESIAN_POINT('Ctrl Pts',(100.580896462589,29.4266281603246,13.6631903074316));
#5350=CARTESIAN_POINT('Ctrl Pts',(100.619809435113,30.4083850191861,13.7256734842171));
#5351=CARTESIAN_POINT('Ctrl Pts',(99.8252800434025,30.9863848435183,13.7881566610026));
#5352=CARTESIAN_POINT('Ctrl Pts',(98.9031841885329,30.6471209540956,13.850639837788));
#5353=CARTESIAN_POINT('Ctrl Pts',(98.6727303881322,29.6920022195298,13.9131230145735));
#5354=CARTESIAN_POINT('Ctrl Pts',(99.3386584360729,28.9695753469652,13.9756061913589));
#5355=CARTESIAN_POINT('Ctrl Pts',(100.309344452239,29.1216589103587,14.0380893681444));
#5356=CARTESIAN_POINT('Ctrl Pts',(100.722411441445,30.0131388112244,14.1005725449299));
#5357=CARTESIAN_POINT('Ctrl Pts',(100.210882379359,30.8520063621487,14.1630557217153));
#5358=CARTESIAN_POINT('Ctrl Pts',(99.2292099747999,30.8929947483487,14.2255388985008));
#5359=CARTESIAN_POINT('Ctrl Pts',(98.6495317615172,30.0996890596454,14.2880220752862));
#5360=CARTESIAN_POINT('Ctrl Pts',(98.9868455078359,29.1768780428199,14.3505052520717));
#5361=CARTESIAN_POINT('Ctrl Pts',(99.9414749412424,28.9444055661504,14.4129884288572));
#5362=CARTESIAN_POINT('Ctrl Pts',(100.665307957969,29.6088048828705,14.4754716056426));
#5363=CARTESIAN_POINT('Ctrl Pts',(100.51527694727,30.5798102137546,14.5379547824281));
#5364=CARTESIAN_POINT('Ctrl Pts',(99.6246720434943,30.9947609910365,14.6004379592136));
#5365=CARTESIAN_POINT('Ctrl Pts',(98.7847254707409,30.4850063609537,14.662921135999));
#5366=CARTESIAN_POINT('Ctrl Pts',(98.7416607991381,29.5034230766606,14.7254043127845));
#5367=CARTESIAN_POINT('Ctrl Pts',(99.533741428169,28.9220684892836,14.78788748957));
#5368=CARTESIAN_POINT('Ctrl Pts',(100.457258943854,29.2574317780698,14.8503706663554));
#5369=CARTESIAN_POINT('Ctrl Pts',(100.691758468133,30.2115651706054,14.9128538431409));
#5370=CARTESIAN_POINT('Ctrl Pts',(100.028871342171,30.9368062237702,14.9753370199264));
#5371=CARTESIAN_POINT('Ctrl Pts',(99.0575914846039,30.7888178062013,15.0378201967118));
#5372=CARTESIAN_POINT('Ctrl Pts',(98.6406749161561,29.899113916106,15.1003033734973));
#5373=CARTESIAN_POINT('Ctrl Pts',(99.1488267051363,29.0580463556447,15.1627865502828));
#5374=CARTESIAN_POINT('Ctrl Pts',(100.129956088206,29.0130000471687,15.2252697270682));
#5375=CARTESIAN_POINT('Ctrl Pts',(100.713734447042,29.8036502111959,15.2877529038537));
#5376=CARTESIAN_POINT('Ctrl Pts',(100.378770209803,30.7282448636759,15.3502360806391));
#5377=CARTESIAN_POINT('Ctrl Pts',(99.7455870462641,30.8846406053141,15.3918915318294));
#5378=CARTESIAN_POINT('Ctrl Pts',(99.4643536805342,30.8135359344028,15.4127192574246));
#5379=CARTESIAN_POINT('Ctrl Pts',(99.8905687896297,29.1697613324708,12.3701292764883));
#5380=CARTESIAN_POINT('Ctrl Pts',(100.147114610713,29.2380976862035,12.3909570020834));
#5381=CARTESIAN_POINT('Ctrl Pts',(100.583826098091,29.6450349245708,12.4326124532737));
#5382=CARTESIAN_POINT('Ctrl Pts',(100.440084669104,30.5335157107706,12.4950956300592));
#5383=CARTESIAN_POINT('Ctrl Pts',(99.6212854964115,30.9058906780896,12.5575788068446));
#5384=CARTESIAN_POINT('Ctrl Pts',(98.8567646065746,30.4331009267552,12.6200619836301));
#5385=CARTESIAN_POINT('Ctrl Pts',(98.8248305186876,29.5343161383962,12.6825451604156));
#5386=CARTESIAN_POINT('Ctrl Pts',(99.5542918761942,29.0084498466939,12.745028337201));
#5387=CARTESIAN_POINT('Ctrl Pts',(100.396869419034,29.3224919323321,12.8075115139865));
#5388=CARTESIAN_POINT('Ctrl Pts',(100.604102127527,30.1975376919027,12.869994690772));
#5389=CARTESIAN_POINT('Ctrl Pts',(99.9918311767752,30.8561322623856,12.9324778675574));
#5390=CARTESIAN_POINT('Ctrl Pts',(99.104034093202,30.7131894479501,12.9949610443429));
#5391=CARTESIAN_POINT('Ctrl Pts',(98.7294362476299,29.8956916807615,13.0574442211284));
#5392=CARTESIAN_POINT('Ctrl Pts',(99.2008434173122,29.1299256601669,13.1199273979138));
#5393=CARTESIAN_POINT('Ctrl Pts',(100.099445326146,29.0962108092242,13.1824105746993));
#5394=CARTESIAN_POINT('Ctrl Pts',(100.626907234441,29.8245012966757,13.2448937514847));
#5395=CARTESIAN_POINT('Ctrl Pts',(100.314620748103,30.6677686083249,13.3073769282702));
#5396=CARTESIAN_POINT('Ctrl Pts',(99.4400277653349,30.8768373750673,13.3698601050557));
#5397=CARTESIAN_POINT('Ctrl Pts',(98.7801341510986,30.2659665600691,13.4323432818411));
#5398=CARTESIAN_POINT('Ctrl Pts',(98.9212027434005,29.3778661562494,13.4948264586266));
#5399=CARTESIAN_POINT('Ctrl Pts',(99.7379053320633,29.0015424054357,13.5573096354121));
#5400=CARTESIAN_POINT('Ctrl Pts',(100.504666915665,29.4713289174543,13.6197928121975));
#5401=CARTESIAN_POINT('Ctrl Pts',(100.540281062887,30.3698578922282,13.682275988983));
#5402=CARTESIAN_POINT('Ctrl Pts',(99.8131074523158,30.8988581073923,13.7447591657684));
#5403=CARTESIAN_POINT('Ctrl Pts',(98.9691817535638,30.5883551228812,13.8072423425539));
#5404=CARTESIAN_POINT('Ctrl Pts',(98.758264544137,29.7142060404374,13.8697255193394));
#5405=CARTESIAN_POINT('Ctrl Pts',(99.3677389173369,29.053022498611,13.9322086961249));
#5406=CARTESIAN_POINT('Ctrl Pts',(100.256135573861,29.1922132636792,13.9946918729103));
#5407=CARTESIAN_POINT('Ctrl Pts',(100.63418504199,30.0081184586632,14.0571750496958));
#5408=CARTESIAN_POINT('Ctrl Pts',(100.166020567686,30.7758714860035,14.1196582264812));
#5409=CARTESIAN_POINT('Ctrl Pts',(99.2675688876491,30.8133851048771,14.1821414032667));
#5410=CARTESIAN_POINT('Ctrl Pts',(98.7370325680113,30.0873314585809,14.2446245800522));
#5411=CARTESIAN_POINT('Ctrl Pts',(99.0457507317003,29.2427512253246,14.3071077568376));
#5412=CARTESIAN_POINT('Ctrl Pts',(99.9194519932146,29.0299864717712,14.3695909336231));
#5413=CARTESIAN_POINT('Ctrl Pts',(100.581922474124,29.6380617110776,14.4320741104086));
#5414=CARTESIAN_POINT('Ctrl Pts',(100.444610257753,30.5267506125954,14.494557287194));
#5415=CARTESIAN_POINT('Ctrl Pts',(99.6295058824749,30.9065241717281,14.5570404639795));
#5416=CARTESIAN_POINT('Ctrl Pts',(98.8607653067726,30.4399837029549,14.619523640765));
#5417=CARTESIAN_POINT('Ctrl Pts',(98.8213514184204,29.5416135880634,14.6820068175504));
#5418=CARTESIAN_POINT('Ctrl Pts',(99.5462838587871,29.0095430079997,14.7444899943359));
#5419=CARTESIAN_POINT('Ctrl Pts',(100.391510697861,29.3164760630937,14.8069731711213));
#5420=CARTESIAN_POINT('Ctrl Pts',(100.606130657206,30.1897233353222,14.8694563479068));
#5421=CARTESIAN_POINT('Ctrl Pts',(99.9994394135381,30.8534824871755,14.9319395246923));
#5422=CARTESIAN_POINT('Ctrl Pts',(99.1104992581823,30.7180397042539,14.9944227014777));
#5423=CARTESIAN_POINT('Ctrl Pts',(98.7289265567212,29.9037599597288,15.0569058782632));
#5424=CARTESIAN_POINT('Ctrl Pts',(99.1940000643424,29.1339934274193,15.1193890550487));
#5425=CARTESIAN_POINT('Ctrl Pts',(100.091954757231,29.0927658943423,15.1818722318341));
#5426=CARTESIAN_POINT('Ctrl Pts',(100.626243634895,29.8163891365694,15.2443554086196));
#5427=CARTESIAN_POINT('Ctrl Pts',(100.319675801978,30.6626017987734,15.306838585405));
#5428=CARTESIAN_POINT('Ctrl Pts',(99.74017038407,30.8057391796073,15.3484940365954));
#5429=CARTESIAN_POINT('Ctrl Pts',(99.4827784183296,30.7406623670759,15.3693217621905));
#5430=CARTESIAN_POINT('Ctrl Pts',(99.4827784183296,30.7406623670759,15.3693217621905));
#5431=CARTESIAN_POINT('Ctrl Pts',(99.5168327354726,30.7543705771414,15.3693217621905));
#5432=CARTESIAN_POINT('Ctrl Pts',(99.5517307191779,30.7655169033644,15.3693217621905));
#5433=CARTESIAN_POINT('Ctrl Pts',(99.5872004039466,30.7742282740956,15.3693217621905));
#5434=CARTESIAN_POINT('Ctrl Pts',(99.6236623125145,30.7831833354438,15.3693217621905));
#5435=CARTESIAN_POINT('Ctrl Pts',(99.6607292161098,30.7895656290278,15.3693217621905));
#5436=CARTESIAN_POINT('Ctrl Pts',(99.6981408728561,30.7934679958031,15.3693217621905));
#5437=CARTESIAN_POINT('Ctrl Pts',(99.7247396084391,30.7962424792404,15.3693217621905));
#5438=CARTESIAN_POINT('Ctrl Pts',(99.7515133994477,30.7977624477967,15.3693217621905));
#5439=CARTESIAN_POINT('Ctrl Pts',(99.7783751529523,30.7980467460361,15.3693217621905));
#5440=CARTESIAN_POINT('Ctrl Pts',(99.789987708885,30.7981696504922,15.3693217621905));
#5441=CARTESIAN_POINT('Ctrl Pts',(99.8016232052076,30.7980610675527,15.3693217621905));
#5442=CARTESIAN_POINT('Ctrl Pts',(99.8132394384113,30.7977234614198,15.3693217621905));
#5443=CARTESIAN_POINT('Ctrl Pts',(99.8523446594392,30.7965869344396,15.3693217621905));
#5444=CARTESIAN_POINT('Ctrl Pts',(99.8912876901277,30.7928619825015,15.3693217621905));
#5445=CARTESIAN_POINT('Ctrl Pts',(99.9297925428749,30.7866553992881,15.3693217621905));
#5446=CARTESIAN_POINT('Ctrl Pts',(99.9666015605403,30.7807221671149,15.3693217621905));
#5447=CARTESIAN_POINT('Ctrl Pts',(100.003011249414,30.7725208100962,15.3693217621905));
#5448=CARTESIAN_POINT('Ctrl Pts',(100.038793379641,30.762104259506,15.3693217621905));
#5449=CARTESIAN_POINT('Ctrl Pts',(100.063066021257,30.7550382408605,15.3693217621905));
#5450=CARTESIAN_POINT('Ctrl Pts',(100.087050143883,30.7469520778639,15.3693217621905));
#5451=CARTESIAN_POINT('Ctrl Pts',(100.110674366098,30.7378518406086,15.3693217621905));
#5452=CARTESIAN_POINT('Ctrl Pts',(100.121108866952,30.7338323883466,15.3693217621905));
#5453=CARTESIAN_POINT('Ctrl Pts',(100.13147783561,30.7296127603764,15.3693217621905));
#5454=CARTESIAN_POINT('Ctrl Pts',(100.141746452829,30.7252058435674,15.3693217621905));
#5455=CARTESIAN_POINT('Ctrl Pts',(100.179676442572,30.7089276723392,15.3693217621905));
#5456=CARTESIAN_POINT('Ctrl Pts',(100.216303198705,30.6900753940973,15.3693217621905));
#5457=CARTESIAN_POINT('Ctrl Pts',(100.251333917294,30.6687356852193,15.3693217621905));
#5458=CARTESIAN_POINT('Ctrl Pts',(100.267390816573,30.6589542827848,15.3693217621905));
#5459=CARTESIAN_POINT('Ctrl Pts',(100.283112465838,30.6486495499865,15.3693217621905));
#5460=CARTESIAN_POINT('Ctrl Pts',(100.298470477085,30.6378261757245,15.3693217621905));
#5461=CARTESIAN_POINT('Ctrl Pts',(100.330931477786,30.6149496747336,15.3693217621905));
#5462=CARTESIAN_POINT('Ctrl Pts',(100.361769652601,30.5897592612843,15.3693217621905));
#5463=CARTESIAN_POINT('Ctrl Pts',(100.390910410679,30.5625089592503,15.3693217621905));
#5464=CARTESIAN_POINT('Ctrl Pts',(100.399780222474,30.5542145610834,15.3693217621905));
#5465=CARTESIAN_POINT('Ctrl Pts',(100.408492607476,30.5457290050468,15.3693217621905));
#5466=CARTESIAN_POINT('Ctrl Pts',(100.417044979759,30.537058674761,15.3693217621905));
#5467=CARTESIAN_POINT('Ctrl Pts',(100.422874002673,30.5311492554525,15.3693217621905));
#5468=CARTESIAN_POINT('Ctrl Pts',(100.428621525609,30.525161243146,15.3693217621905));
#5469=CARTESIAN_POINT('Ctrl Pts',(100.434286404424,30.5190981057646,15.3693217621905));
#5470=CARTESIAN_POINT('Ctrl Pts',(100.462570591709,30.4888254523081,15.3693217621905));
#5471=CARTESIAN_POINT('Ctrl Pts',(100.488802201313,30.4566779688229,15.3693217621905));
#5472=CARTESIAN_POINT('Ctrl Pts',(100.512918957676,30.4229626957964,15.3693217621905));
#5473=CARTESIAN_POINT('Ctrl Pts',(100.537640994633,30.3884012393026,15.3693217621905));
#5474=CARTESIAN_POINT('Ctrl Pts',(100.560141471139,30.3521915571058,15.3693217621905));
#5475=CARTESIAN_POINT('Ctrl Pts',(100.580325370791,30.3146168468796,15.3693217621905));
#5476=CARTESIAN_POINT('Ctrl Pts',(100.591310138842,30.2941674053198,15.3693217621905));
#5477=CARTESIAN_POINT('Ctrl Pts',(100.601608207623,30.2733129026339,15.3693217621905));
#5478=CARTESIAN_POINT('Ctrl Pts',(100.611199618235,30.2520945923092,15.3693217621905));
#5479=CARTESIAN_POINT('Ctrl Pts',(100.615130859158,30.2433978225399,15.3693217621905));
#5480=CARTESIAN_POINT('Ctrl Pts',(100.618944213687,30.2346378148473,15.3693217621905));
#5481=CARTESIAN_POINT('Ctrl Pts',(100.62263532421,30.2258240122349,15.3693217621905));
#5482=CARTESIAN_POINT('Ctrl Pts',(100.639763934963,30.1849235316752,15.3693217621905));
#5483=CARTESIAN_POINT('Ctrl Pts',(100.654207956143,30.1430028228617,15.3693217621905));
#5484=CARTESIAN_POINT('Ctrl Pts',(100.665869562359,30.1003722702662,15.3693217621905));
#5485=CARTESIAN_POINT('Ctrl Pts',(100.672439198651,30.0763560909973,15.3693217621905));
#5486=CARTESIAN_POINT('Ctrl Pts',(100.678125146784,30.0521138843446,15.3693217621905));
#5487=CARTESIAN_POINT('Ctrl Pts',(100.682904159529,30.0276967030507,15.3693217621905));
#5488=CARTESIAN_POINT('Ctrl Pts',(100.68532242872,30.015341155912,15.3693217621905));
#5489=CARTESIAN_POINT('Ctrl Pts',(100.687508400736,30.0029407643617,15.3693217621905));
#5490=CARTESIAN_POINT('Ctrl Pts',(100.689458592189,29.9905019332048,15.3693217621905));
#5491=CARTESIAN_POINT('Ctrl Pts',(100.69106203666,29.9802747449825,15.3693217621905));
#5492=CARTESIAN_POINT('Ctrl Pts',(100.692505700345,29.9700232077916,15.3693217621905));
#5493=CARTESIAN_POINT('Ctrl Pts',(100.693786513848,29.9597628554111,15.3693217621905));
#5494=CARTESIAN_POINT('Ctrl Pts',(100.699358478625,29.9151269096596,15.3693217621905));
#5495=CARTESIAN_POINT('Ctrl Pts',(100.701862020958,29.8702651656952,15.3693217621905));
#5496=CARTESIAN_POINT('Ctrl Pts',(100.701173856337,29.8254766841747,15.3693217621905));
#5497=CARTESIAN_POINT('Ctrl Pts',(100.701071963933,29.8188451226546,15.3693217621905));
#5498=CARTESIAN_POINT('Ctrl Pts',(100.700900014676,29.8122151295166,15.3693217621905));
#5499=CARTESIAN_POINT('Ctrl Pts',(100.700657516351,29.8055876412768,15.3693217621905));
#5500=CARTESIAN_POINT('Ctrl Pts',(100.699623648068,29.7773319825317,15.3693217621905));
#5501=CARTESIAN_POINT('Ctrl Pts',(100.697308176908,29.7491219280244,15.3693217621905));
#5502=CARTESIAN_POINT('Ctrl Pts',(100.693761569171,29.7210152932167,15.3693217621905));
#5503=CARTESIAN_POINT('Ctrl Pts',(100.49299638341,29.9545934716612,12.8535563903861));
#5504=CARTESIAN_POINT('Ctrl Pts',(100.493584443458,30.0244737376736,12.8590358238481));
#5505=CARTESIAN_POINT('Ctrl Pts',(100.48527800554,30.0942165518903,12.86451525731));
#5506=CARTESIAN_POINT('Ctrl Pts',(100.467518184319,30.1614624937214,12.869994690772));
#5507=CARTESIAN_POINT('Ctrl Pts',(100.400011810609,30.417069215397,12.8908224163671));
#5508=CARTESIAN_POINT('Ctrl Pts',(100.195921493692,30.6366007388913,12.9116501419623));
#5509=CARTESIAN_POINT('Ctrl Pts',(99.9459101546382,30.7225426982325,12.9324778675574));
#5510=CARTESIAN_POINT('Ctrl Pts',(99.6958988155841,30.8084846575738,12.9533055931526));
#5511=CARTESIAN_POINT('Ctrl Pts',(99.3999664543931,30.7608370527619,12.9741333187477));
#5512=CARTESIAN_POINT('Ctrl Pts',(99.1895672995355,30.6007636224912,12.9949610443429));
#5513=CARTESIAN_POINT('Ctrl Pts',(98.979168144678,30.4406901922205,13.015788769938));
#5514=CARTESIAN_POINT('Ctrl Pts',(98.8543021961539,30.168190936491,13.0366164955332));
#5515=CARTESIAN_POINT('Ctrl Pts',(98.8704370835056,29.9043136385272,13.0574442211283));
#5516=CARTESIAN_POINT('Ctrl Pts',(98.8865719708573,29.6404363405633,13.0782719467235));
#5517=CARTESIAN_POINT('Ctrl Pts',(99.0437076940848,29.3851810003651,13.0990996723187));
#5518=CARTESIAN_POINT('Ctrl Pts',(99.2720425405041,29.2519341884422,13.1199273979138));
#5519=CARTESIAN_POINT('Ctrl Pts',(99.5003773869235,29.1186873765193,13.140755123509));
#5520=CARTESIAN_POINT('Ctrl Pts',(99.7999113565348,29.1074490928718,13.1615828491041));
#5521=CARTESIAN_POINT('Ctrl Pts',(100.03758865939,29.2232116989566,13.1824105746993));
#5522=CARTESIAN_POINT('Ctrl Pts',(100.275265962245,29.3389743050414,13.2032383002944));
#5523=CARTESIAN_POINT('Ctrl Pts',(100.451086598343,29.5817378008585,13.2240660258896));
#5524=CARTESIAN_POINT('Ctrl Pts',(100.486949168669,29.8436641007087,13.2448937514847));
#5525=CARTESIAN_POINT('Ctrl Pts',(100.49192113893,29.879977442493,13.2477812977852));
#5526=CARTESIAN_POINT('Ctrl Pts',(100.49420298611,29.9166591110412,13.2506688440857));
#5527=CARTESIAN_POINT('Ctrl Pts',(100.49391793047,29.9533763751209,13.2535563903861));
#5528=CARTESIAN_POINT('Ctrl Pts',(99.9486115555757,28.9518593193518,12.5003217621905));
#5529=CARTESIAN_POINT('Ctrl Pts',(99.9900843150032,28.967766878646,12.5003217621905));
#5530=CARTESIAN_POINT('Ctrl Pts',(100.030286669611,28.9864944737501,12.5003217621905));
#5531=CARTESIAN_POINT('Ctrl Pts',(100.069048101161,29.0077913568066,12.5003217621905));
#5532=CARTESIAN_POINT('Ctrl Pts',(100.108189797505,29.0292971706104,12.5003217621905));
#5533=CARTESIAN_POINT('Ctrl Pts',(100.145862967879,29.053423964521,12.5003217621905));
#5534=CARTESIAN_POINT('Ctrl Pts',(100.181856748197,29.0799537158473,12.5003217621905));
#5535=CARTESIAN_POINT('Ctrl Pts',(100.205501991953,29.09738179457,12.5003217621905));
#5536=CARTESIAN_POINT('Ctrl Pts',(100.22842174359,29.1158476624149,12.5003217621905));
#5537=CARTESIAN_POINT('Ctrl Pts',(100.250545530789,29.1352955473651,12.5003217621905));
#5538=CARTESIAN_POINT('Ctrl Pts',(100.258830379058,29.142578331931,12.5003217621905));
#5539=CARTESIAN_POINT('Ctrl Pts',(100.267003512575,29.1499988626102,12.5003217621905));
#5540=CARTESIAN_POINT('Ctrl Pts',(100.275060877251,29.157554314831,12.5003217621905));
#5541=CARTESIAN_POINT('Ctrl Pts',(100.280539722195,29.1626918694609,12.5003217621905));
#5542=CARTESIAN_POINT('Ctrl Pts',(100.285963805505,29.167890749223,12.5003217621905));
#5543=CARTESIAN_POINT('Ctrl Pts',(100.291325388352,29.1731433631878,12.5003217621905));
#5544=CARTESIAN_POINT('Ctrl Pts',(100.322355966612,29.2035432755585,12.5003217621905));
#5545=CARTESIAN_POINT('Ctrl Pts',(100.351360805361,29.235800490508,12.5003217621905));
#5546=CARTESIAN_POINT('Ctrl Pts',(100.378150828212,29.2697052918698,12.5003217621905));
#5547=CARTESIAN_POINT('Ctrl Pts',(100.404261208285,29.302749953862,12.5003217621905));
#5548=CARTESIAN_POINT('Ctrl Pts',(100.428268127671,29.3373607029203,12.5003217621905));
#5549=CARTESIAN_POINT('Ctrl Pts',(100.449951481207,29.3733611693455,12.5003217621905));
#5550=CARTESIAN_POINT('Ctrl Pts',(100.463012788646,29.3950466138562,12.5003217621905));
#5551=CARTESIAN_POINT('Ctrl Pts',(100.475230104775,29.4172365816138,12.5003217621905));
#5552=CARTESIAN_POINT('Ctrl Pts',(100.486546208427,29.439893478077,12.5003217621905));
#5553=CARTESIAN_POINT('Ctrl Pts',(100.490431565158,29.4476726685031,12.5003217621905));
#5554=CARTESIAN_POINT('Ctrl Pts',(100.494210616611,29.4555069035391,12.5003217621905));
#5555=CARTESIAN_POINT('Ctrl Pts',(100.497880842463,29.4633946521214,12.5003217621905));
#5556=CARTESIAN_POINT('Ctrl Pts',(100.501538034805,29.4712543901506,12.5003217621905));
#5557=CARTESIAN_POINT('Ctrl Pts',(100.505083403432,29.479159253324,12.5003217621905));
#5558=CARTESIAN_POINT('Ctrl Pts',(100.508513544427,29.4871036891931,12.5003217621905));
#5559=CARTESIAN_POINT('Ctrl Pts',(100.52459059507,29.5243392133368,12.5003217621905));
#5560=CARTESIAN_POINT('Ctrl Pts',(100.538153072143,29.5624707712903,12.5003217621905));
#5561=CARTESIAN_POINT('Ctrl Pts',(100.549007241685,29.6013323724254,12.5003217621905));
#5562=CARTESIAN_POINT('Ctrl Pts',(100.553819677788,29.6185625227008,12.5003217621905));
#5563=CARTESIAN_POINT('Ctrl Pts',(100.558099059172,29.6359362908487,12.5003217621905));
#5564=CARTESIAN_POINT('Ctrl Pts',(100.561825184794,29.6534394151349,12.5003217621905));
#5565=CARTESIAN_POINT('Ctrl Pts',(100.569280863291,29.6884617629007,12.5003217621905));
#5566=CARTESIAN_POINT('Ctrl Pts',(100.574523058928,29.7240027372942,12.5003217621905));
#5567=CARTESIAN_POINT('Ctrl Pts',(100.577582907245,29.7598622983961,12.5003217621905));
#5568=CARTESIAN_POINT('Ctrl Pts',(100.578650804218,29.772377401371,12.5003217621905));
#5569=CARTESIAN_POINT('Ctrl Pts',(100.579452642872,29.7849312175715,12.5003217621905));
#5570=CARTESIAN_POINT('Ctrl Pts',(100.579989000605,29.7975148714191,12.5003217621905));
#5571=CARTESIAN_POINT('Ctrl Pts',(100.580426516013,29.8077795550696,12.5003217621905));
#5572=CARTESIAN_POINT('Ctrl Pts',(100.580687226215,29.8180674032371,12.5003217621905));
#5573=CARTESIAN_POINT('Ctrl Pts',(100.58077158941,29.8283481002765,12.5003217621905));
#5574=CARTESIAN_POINT('Ctrl Pts',(100.581103221756,29.8687615969254,12.5003217621905));
#5575=CARTESIAN_POINT('Ctrl Pts',(100.578719035211,29.9091434498771,12.5003217621905));
#5576=CARTESIAN_POINT('Ctrl Pts',(100.573702263411,29.9492110120009,12.5003217621905));
#5577=CARTESIAN_POINT('Ctrl Pts',(100.568722702462,29.9889813813924,12.5003217621905));
#5578=CARTESIAN_POINT('Ctrl Pts',(100.561148864464,30.0284433125894,12.5003217621905));
#5579=CARTESIAN_POINT('Ctrl Pts',(100.551016449535,30.0672985919113,12.5003217621905));
#5580=CARTESIAN_POINT('Ctrl Pts',(100.545913038197,30.086868899129,12.5003217621905));
#5581=CARTESIAN_POINT('Ctrl Pts',(100.540159885882,30.1062848496076,12.5003217621905));
#5582=CARTESIAN_POINT('Ctrl Pts',(100.533757834032,30.1255047765701,12.5003217621905));
#5583=CARTESIAN_POINT('Ctrl Pts',(100.530999149651,30.1337867639033,12.5003217621905));
#5584=CARTESIAN_POINT('Ctrl Pts',(100.528119758859,30.1420328360868,12.5003217621905));
#5585=CARTESIAN_POINT('Ctrl Pts',(100.52512018011,30.1502379090147,12.5003217621905));
#5586=CARTESIAN_POINT('Ctrl Pts',(100.511848170576,30.1865422754719,12.5003217621905));
#5587=CARTESIAN_POINT('Ctrl Pts',(100.496288027398,30.2218784678402,12.5003217621905));
#5588=CARTESIAN_POINT('Ctrl Pts',(100.478477020841,30.2559709037214,12.5003217621905));
#5589=CARTESIAN_POINT('Ctrl Pts',(100.467995009165,30.2760347507476,12.5003217621905));
#5590=CARTESIAN_POINT('Ctrl Pts',(100.456732680608,30.2956672464383,12.5003217621905));
#5591=CARTESIAN_POINT('Ctrl Pts',(100.444692095506,30.3148057160946,12.5003217621905));
#5592=CARTESIAN_POINT('Ctrl Pts',(100.43926518142,30.3234317778409,12.5003217621905));
#5593=CARTESIAN_POINT('Ctrl Pts',(100.433680116313,30.3319574049201,12.5003217621905));
#5594=CARTESIAN_POINT('Ctrl Pts',(100.427936854511,30.3403764640922,12.5003217621905));
#5595=CARTESIAN_POINT('Ctrl Pts',(100.421899190839,30.3492270875647,12.5003217621905));
#5596=CARTESIAN_POINT('Ctrl Pts',(100.415691169429,30.3579532130688,12.5003217621905));
#5597=CARTESIAN_POINT('Ctrl Pts',(100.409317789487,30.3665424752159,12.5003217621905));
#5598=CARTESIAN_POINT('Ctrl Pts',(100.386585386358,30.3971784284292,12.5003217621905));
#5599=CARTESIAN_POINT('Ctrl Pts',(100.361734916253,30.4261020886152,12.5003217621905));
#5600=CARTESIAN_POINT('Ctrl Pts',(100.334779586511,30.4530037357417,12.5003217621905));
#5601=CARTESIAN_POINT('Ctrl Pts',(100.318908093956,30.4688436195858,12.5003217621905));
#5602=CARTESIAN_POINT('Ctrl Pts',(100.30230606442,30.4839814231762,12.5003217621905));
#5603=CARTESIAN_POINT('Ctrl Pts',(100.285031151882,30.4983900924995,12.5003217621905));
#5604=CARTESIAN_POINT('Origin',(40.2133113995711,12.3402376509999,12.5003217621905));
#5605=CARTESIAN_POINT('',(-15.7218277696245,70.0008070469574,12.5003217621905));
#5606=CARTESIAN_POINT('',(-15.7218277696245,84.1875337377624,12.5003217621905));
#5607=CARTESIAN_POINT('',(-15.7218277696245,85.0008070469574,12.5003217621905));
#5608=CARTESIAN_POINT('',(-2.75464771945922,70.0008070469574,12.5003217621905));
#5609=CARTESIAN_POINT('',(20.1066556997856,70.0008070469574,12.5003217621905));
#5610=CARTESIAN_POINT('',(2.75464771945922,70.0008070469574,12.5003217621905));
#5611=CARTESIAN_POINT('',(20.1066556997856,70.0008070469574,12.5003217621905));
#5612=CARTESIAN_POINT('',(15.7218277696245,70.0008070469574,12.5003217621905));
#5613=CARTESIAN_POINT('',(20.1066556997856,70.0008070469574,12.5003217621905));
#5614=CARTESIAN_POINT('',(15.7218277696245,85.0008070469574,12.5003217621905));
#5615=CARTESIAN_POINT('',(15.7218277696245,85.0008070469574,12.5003217621905));
#5616=CARTESIAN_POINT('',(52.7180427994715,85.0008070469574,12.5003217621905));
#5617=CARTESIAN_POINT('',(-9.3970944168023,85.0008070469574,12.5003217621905));
#5618=CARTESIAN_POINT('',(76.2737808495019,78.7485609848187,12.5003217621905));
#5619=CARTESIAN_POINT('Origin',(52.7180427994715,37.5008070469574,12.5003217621905));
#5620=CARTESIAN_POINT('',(76.2737808495019,-54.0680856828188,12.5003217621905));
#5621=CARTESIAN_POINT('Origin',(38.3493626824005,12.3402376509999,12.5003217621905));
#5622=CARTESIAN_POINT('',(52.7180427994715,-60.3203317449575,12.5003217621905));
#5623=CARTESIAN_POINT('Origin',(52.7180427994715,-12.8203317449575,12.5003217621905));
#5624=CARTESIAN_POINT('',(15.7218277696245,-60.3203317449575,12.5003217621905));
#5625=CARTESIAN_POINT('',(62.1982317620327,-60.3203317449575,12.5003217621905));
#5626=CARTESIAN_POINT('',(15.7218277696245,-45.3203317449575,12.5003217621905));
#5627=CARTESIAN_POINT('',(15.7218277696245,-60.3203317449575,12.5003217621905));
#5628=CARTESIAN_POINT('',(2.91201693559965,-45.3203317449575,12.5003217621905));
#5629=CARTESIAN_POINT('',(20.1066556997856,-45.3203317449575,12.5003217621905));
#5630=CARTESIAN_POINT('',(-2.91201693559965,-45.3203317449575,12.5003217621905));
#5631=CARTESIAN_POINT('',(20.1066556997856,-45.3203317449575,12.5003217621905));
#5632=CARTESIAN_POINT('',(-15.7218277696245,-45.3203317449575,12.5003217621905));
#5633=CARTESIAN_POINT('',(20.1066556997856,-45.3203317449575,12.5003217621905));
#5634=CARTESIAN_POINT('',(-15.7218277696245,-59.5070584357625,12.5003217621905));
#5635=CARTESIAN_POINT('',(-15.7218277696245,-60.3203317449575,12.5003217621905));
#5636=CARTESIAN_POINT('',(-34.3970944168023,-35.3203317449575,12.5003217621905));
#5637=CARTESIAN_POINT('Origin',(-9.39709441680233,-35.3203317449575,12.5003217621905));
#5638=CARTESIAN_POINT('',(-34.3970944168023,60.0008070469574,12.5003217621905));
#5639=CARTESIAN_POINT('',(-34.3970944168023,-35.3203317449575,12.5003217621905));
#5640=CARTESIAN_POINT('Origin',(-9.3970944168023,60.0008070469574,12.5003217621905));
#5641=CARTESIAN_POINT('',(11.7744489457327,-10.9991929530426,12.5003217621905));
#5642=CARTESIAN_POINT('',(11.7744489457327,36.0008070469574,12.5003217621905));
#5643=CARTESIAN_POINT('',(11.7744489457327,-9.99302551876212,12.5003217621905));
#5644=CARTESIAN_POINT('',(1.01114704558396,-10.9991929530426,12.5003217621905));
#5645=CARTESIAN_POINT('',(20.1066556997856,-10.9991929530426,12.5003217621905));
#5646=CARTESIAN_POINT('',(1.01114704558396,-18.9991929530426,12.5003217621905));
#5647=CARTESIAN_POINT('',(1.01114704558396,-14.9991929530426,12.5003217621905));
#5648=CARTESIAN_POINT('',(11.7744489457327,-18.9991929530426,12.5003217621905));
#5649=CARTESIAN_POINT('',(20.1066556997856,-18.9991929530426,12.5003217621905));
#5650=CARTESIAN_POINT('',(11.7744489457327,-41.8262886885242,12.5003217621905));
#5651=CARTESIAN_POINT('',(11.7744489457327,-9.99302551876212,12.5003217621905));
#5652=CARTESIAN_POINT('',(61.2059159869773,-41.8262886885242,12.5003217621905));
#5653=CARTESIAN_POINT('',(55.2161162156141,-41.8262886885242,12.5003217621905));
#5654=CARTESIAN_POINT('',(61.2025453925181,-42.0098495331646,12.5003217621905));
#5655=CARTESIAN_POINT('Origin',(66.2025453925181,-42.0098495331646,12.5003217621905));
#5656=CARTESIAN_POINT('',(61.2025453925181,-54.2239478746217,12.5003217621905));
#5657=CARTESIAN_POINT('',(61.2025453925181,-20.9418551118109,12.5003217621905));
#5658=CARTESIAN_POINT('',(88.525329534936,-37.0098495331646,12.5003217621905));
#5659=CARTESIAN_POINT('Origin',(38.3493626824005,12.3402376509999,12.5003217621905));
#5660=CARTESIAN_POINT('',(70.218921031657,-37.0098495331646,12.5003217621905));
#5661=CARTESIAN_POINT('',(53.2079283960446,-37.0098495331646,12.5003217621905));
#5662=CARTESIAN_POINT('',(70.218921031657,-36.854052645562,12.5003217621905));
#5663=CARTESIAN_POINT('',(70.218921031657,-9.99302551876212,12.5003217621905));
#5664=CARTESIAN_POINT('',(16.7466849886948,-36.854052645562,12.5003217621905));
#5665=CARTESIAN_POINT('',(28.479998194133,-36.854052645562,12.5003217621905));
#5666=CARTESIAN_POINT('',(16.7466849886948,61.145947354438,12.5003217621905));
#5667=CARTESIAN_POINT('',(16.7466849886948,33.743092502719,12.5003217621905));
#5668=CARTESIAN_POINT('',(70.218921031657,61.145947354438,12.5003217621905));
#5669=CARTESIAN_POINT('',(68.7466849886948,61.145947354438,12.5003217621905));
#5670=CARTESIAN_POINT('',(70.218921031657,61.6903248351644,12.5003217621905));
#5671=CARTESIAN_POINT('',(70.218921031657,34.4792105242001,12.5003217621905));
#5672=CARTESIAN_POINT('',(88.525329534936,61.6903248351644,12.5003217621905));
#5673=CARTESIAN_POINT('',(64.3693204672536,61.6903248351644,12.5003217621905));
#5674=CARTESIAN_POINT('',(61.2025453925181,78.9044231766215,12.5003217621905));
#5675=CARTESIAN_POINT('Origin',(38.3493626824005,12.3402376509999,12.5003217621905));
#5676=CARTESIAN_POINT('',(61.2025453925181,66.6903248351644,12.5003217621905));
#5677=CARTESIAN_POINT('',(61.2025453925181,39.5152812430822,12.5003217621905));
#5678=CARTESIAN_POINT('',(61.2353878376188,66.1181833974002,12.5003217621905));
#5679=CARTESIAN_POINT('Origin',(66.2025453925181,66.6903248351645,12.5003217621905));
#5680=CARTESIAN_POINT('',(11.7744489457327,66.1181833974002,12.5003217621905));
#5681=CARTESIAN_POINT('',(27.7438801726519,66.1181833974002,12.5003217621905));
#5682=CARTESIAN_POINT('',(11.7744489457327,44.0008070469574,12.5003217621905));
#5683=CARTESIAN_POINT('',(11.7744489457327,-9.99302551876212,12.5003217621905));
#5684=CARTESIAN_POINT('',(1.01114704558396,44.0008070469574,12.5003217621905));
#5685=CARTESIAN_POINT('',(20.1066556997856,44.0008070469574,12.5003217621905));
#5686=CARTESIAN_POINT('',(1.01114704558396,36.0008070469574,12.5003217621905));
#5687=CARTESIAN_POINT('',(1.01114704558396,40.0008070469574,12.5003217621905));
#5688=CARTESIAN_POINT('',(20.1066556997856,36.0008070469574,12.5003217621905));
#5689=CARTESIAN_POINT('Ctrl Pts',(99.079472646805,-4.72950953031819,12.5003217621905));
#5690=CARTESIAN_POINT('Ctrl Pts',(99.0514211788658,-4.75319242986978,12.5003217621905));
#5691=CARTESIAN_POINT('Ctrl Pts',(99.0252389044494,-4.77881953743553,12.5003217621905));
#5692=CARTESIAN_POINT('Ctrl Pts',(99.0009410058326,-4.80609116002684,12.5003217621905));
#5693=CARTESIAN_POINT('Ctrl Pts',(98.975963746302,-4.83412528783459,12.5003217621905));
#5694=CARTESIAN_POINT('Ctrl Pts',(98.952977019593,-4.86389778626579,12.5003217621905));
#5695=CARTESIAN_POINT('Ctrl Pts',(98.9320206507698,-4.8951352904597,12.5003217621905));
#5696=CARTESIAN_POINT('Ctrl Pts',(98.9171203235938,-4.91734567607465,12.5003217621905));
#5697=CARTESIAN_POINT('Ctrl Pts',(98.9032469033869,-4.94029782825554,12.5003217621905));
#5698=CARTESIAN_POINT('Ctrl Pts',(98.8904245300908,-4.96390596970336,12.5003217621905));
#5699=CARTESIAN_POINT('Ctrl Pts',(98.8848855672167,-4.97410413005831,12.5003217621905));
#5700=CARTESIAN_POINT('Ctrl Pts',(98.8795401848417,-4.98443069238699,12.5003217621905));
#5701=CARTESIAN_POINT('Ctrl Pts',(98.8744059329198,-4.99484726410918,12.5003217621905));
#5702=CARTESIAN_POINT('Ctrl Pts',(98.8571096088941,-5.02993872484835,12.5003217621905));
#5703=CARTESIAN_POINT('Ctrl Pts',(98.8421768538079,-5.06609804249265,12.5003217621905));
#5704=CARTESIAN_POINT('Ctrl Pts',(98.8296425304197,-5.10303140657731,12.5003217621905));
#5705=CARTESIAN_POINT('Ctrl Pts',(98.8176601996673,-5.13833828119343,12.5003217621905));
#5706=CARTESIAN_POINT('Ctrl Pts',(98.8078694300487,-5.17435362954038,12.5003217621905));
#5707=CARTESIAN_POINT('Ctrl Pts',(98.8003303285209,-5.21085104128354,12.5003217621905));
#5708=CARTESIAN_POINT('Ctrl Pts',(98.7952162488064,-5.23560872259935,12.5003217621905));
#5709=CARTESIAN_POINT('Ctrl Pts',(98.7911388695231,-5.26058883033485,12.5003217621905));
#5710=CARTESIAN_POINT('Ctrl Pts',(98.7881262570238,-5.28572546024432,12.5003217621905));
#5711=CARTESIAN_POINT('Ctrl Pts',(98.7867960610702,-5.2968243464771,12.5003217621905));
#5712=CARTESIAN_POINT('Ctrl Pts',(98.7856733327991,-5.30795897445948,12.5003217621905));
#5713=CARTESIAN_POINT('Ctrl Pts',(98.7847629754697,-5.31909256826279,12.5003217621905));
#5714=CARTESIAN_POINT('Ctrl Pts',(98.7813993486616,-5.3602294420783,12.5003217621905));
#5715=CARTESIAN_POINT('Ctrl Pts',(98.7809206724052,-5.40141929407231,12.5003217621905));
#5716=CARTESIAN_POINT('Ctrl Pts',(98.7833874592481,-5.44236290902607,12.5003217621905));
#5717=CARTESIAN_POINT('Ctrl Pts',(98.7845181591172,-5.46113021362686,12.5003217621905));
#5718=CARTESIAN_POINT('Ctrl Pts',(98.7862683106585,-5.47984618900375,12.5003217621905));
#5719=CARTESIAN_POINT('Ctrl Pts',(98.7886470636941,-5.49848356310611,12.5003217621905));
#5720=CARTESIAN_POINT('Ctrl Pts',(98.7936748056884,-5.53787559205506,12.5003217621905));
#5721=CARTESIAN_POINT('Ctrl Pts',(98.8015072178324,-5.57691654169509,12.5003217621905));
#5722=CARTESIAN_POINT('Ctrl Pts',(98.8119546331241,-5.61542155013664,12.5003217621905));
#5723=CARTESIAN_POINT('Ctrl Pts',(98.8151344070573,-5.62714092940179,12.5003217621905));
#5724=CARTESIAN_POINT('Ctrl Pts',(98.8185567804872,-5.63881066202019,12.5003217621905));
#5725=CARTESIAN_POINT('Ctrl Pts',(98.8222173206585,-5.65042547447876,12.5003217621905));
#5726=CARTESIAN_POINT('Ctrl Pts',(98.824712524772,-5.65834270157336,12.5003217621905));
#5727=CARTESIAN_POINT('Ctrl Pts',(98.827315347635,-5.66622468898445,12.5003217621905));
#5728=CARTESIAN_POINT('Ctrl Pts',(98.8300232569983,-5.67406879639968,12.5003217621905));
#5729=CARTESIAN_POINT('Ctrl Pts',(98.8435423644308,-5.71323012590966,12.5003217621905));
#5730=CARTESIAN_POINT('Ctrl Pts',(98.8596789310215,-5.75145507816799,12.5003217621905));
#5731=CARTESIAN_POINT('Ctrl Pts',(98.8781906858022,-5.78854487657084,12.5003217621905));
#5732=CARTESIAN_POINT('Ctrl Pts',(98.8971673807632,-5.82656622024124,12.5003217621905));
#5733=CARTESIAN_POINT('Ctrl Pts',(98.9186403712211,-5.86339571604335,12.5003217621905));
#5734=CARTESIAN_POINT('Ctrl Pts',(98.9424037626209,-5.89881679976056,12.5003217621905));
#5735=CARTESIAN_POINT('Ctrl Pts',(98.9553361596303,-5.91809348924612,12.5003217621905));
#5736=CARTESIAN_POINT('Ctrl Pts',(98.9689478273595,-5.9369529148837,12.5003217621905));
#5737=CARTESIAN_POINT('Ctrl Pts',(98.9832116375179,-5.9553581263566,12.5003217621905));
#5738=CARTESIAN_POINT('Ctrl Pts',(98.9890575623245,-5.96290137610011,12.5003217621905));
#5739=CARTESIAN_POINT('Ctrl Pts',(98.9950145101324,-5.97037004928386,12.5003217621905));
#5740=CARTESIAN_POINT('Ctrl Pts',(99.0010761906345,-5.97775589587987,12.5003217621905));
#5741=CARTESIAN_POINT('Ctrl Pts',(99.0292085559475,-6.01203373921223,12.5003217621905));
#5742=CARTESIAN_POINT('Ctrl Pts',(99.0594987909735,-6.04441651851194,12.5003217621905));
#5743=CARTESIAN_POINT('Ctrl Pts',(99.0917182758045,-6.07467245599317,12.5003217621905));
#5744=CARTESIAN_POINT('Ctrl Pts',(99.1098702726084,-6.0917182183119,12.5003217621905));
#5745=CARTESIAN_POINT('Ctrl Pts',(99.1286355740312,-6.10808870263832,12.5003217621905));
#5746=CARTESIAN_POINT('Ctrl Pts',(99.1479799186972,-6.12373945315143,12.5003217621905));
#5747=CARTESIAN_POINT('Ctrl Pts',(99.1577621801672,-6.13165389721055,12.5003217621905));
#5748=CARTESIAN_POINT('Ctrl Pts',(99.1676925867182,-6.13938424419296,12.5003217621905));
#5749=CARTESIAN_POINT('Ctrl Pts',(99.1777671131158,-6.14692442762515,12.5003217621905));
#5750=CARTESIAN_POINT('Ctrl Pts',(99.1860551842837,-6.15312755563719,12.5003217621905));
#5751=CARTESIAN_POINT('Ctrl Pts',(99.1944395534758,-6.15920088658681,12.5003217621905));
#5752=CARTESIAN_POINT('Ctrl Pts',(99.2029079029193,-6.16513441847006,12.5003217621905));
#5753=CARTESIAN_POINT('Ctrl Pts',(99.2397488801552,-6.19094784462815,12.5003217621905));
#5754=CARTESIAN_POINT('Ctrl Pts',(99.2782251190844,-6.2141550537237,12.5003217621905));
#5755=CARTESIAN_POINT('Ctrl Pts',(99.3181299094719,-6.23450706686183,12.5003217621905));
#5756=CARTESIAN_POINT('Ctrl Pts',(99.3240482274144,-6.23752549355575,12.5003217621905));
#5757=CARTESIAN_POINT('Ctrl Pts',(99.3299980414642,-6.24048105911027,12.5003217621905));
#5758=CARTESIAN_POINT('Ctrl Pts',(99.3359787509815,-6.24337288563716,12.5003217621905));
#5759=CARTESIAN_POINT('Ctrl Pts',(99.3614344046435,-6.25568134741842,12.5003217621905));
#5760=CARTESIAN_POINT('Ctrl Pts',(99.3874493502985,-6.26683573051436,12.5003217621905));
#5761=CARTESIAN_POINT('Ctrl Pts',(99.4139488900647,-6.27685359519028,12.5003217621905));
#5762=CARTESIAN_POINT('Ctrl Pts',(99.9486115555757,-6.27550275442047,12.5003217621905));
#5763=CARTESIAN_POINT('Ctrl Pts',(99.9900854027015,-6.2595947779217,12.5003217621905));
#5764=CARTESIAN_POINT('Ctrl Pts',(100.030288864445,-6.24086722222605,12.5003217621905));
#5765=CARTESIAN_POINT('Ctrl Pts',(100.069051383953,-6.21957069636054,12.5003217621905));
#5766=CARTESIAN_POINT('Ctrl Pts',(100.108193095632,-6.19806583842563,12.5003217621905));
#5767=CARTESIAN_POINT('Ctrl Pts',(100.145866343061,-6.17394046972789,12.5003217621905));
#5768=CARTESIAN_POINT('Ctrl Pts',(100.181860237251,-6.14741245444756,12.5003217621905));
#5769=CARTESIAN_POINT('Ctrl Pts',(100.205505479752,-6.12998557223681,12.5003217621905));
#5770=CARTESIAN_POINT('Ctrl Pts',(100.228425250697,-6.11152104183518,12.5003217621905));
#5771=CARTESIAN_POINT('Ctrl Pts',(100.250549071324,-6.09207458965404,12.5003217621905));
#5772=CARTESIAN_POINT('Ctrl Pts',(100.258833851392,-6.0847924125774,12.5003217621905));
#5773=CARTESIAN_POINT('Ctrl Pts',(100.267006920864,-6.07737250543199,12.5003217621905));
#5774=CARTESIAN_POINT('Ctrl Pts',(100.275064225431,-6.06981769027611,12.5003217621905));
#5775=CARTESIAN_POINT('Ctrl Pts',(100.280543327412,-6.06468028950618,12.5003217621905));
#5776=CARTESIAN_POINT('Ctrl Pts',(100.285967661871,-6.05948156478134,12.5003217621905));
#5777=CARTESIAN_POINT('Ctrl Pts',(100.291329491345,-6.05422910444215,12.5003217621905));
#5778=CARTESIAN_POINT('Ctrl Pts',(100.322360177551,-6.02383137370597,12.5003217621905));
#5779=CARTESIAN_POINT('Ctrl Pts',(100.351365138368,-5.99157646184695,12.5003217621905));
#5780=CARTESIAN_POINT('Ctrl Pts',(100.37815527417,-5.95767393322645,12.5003217621905));
#5781=CARTESIAN_POINT('Ctrl Pts',(100.404265500616,-5.92463182004377,12.5003217621905));
#5782=CARTESIAN_POINT('Ctrl Pts',(100.42827230018,-5.89002362302918,12.5003217621905));
#5783=CARTESIAN_POINT('Ctrl Pts',(100.449955552663,-5.85402556297242,12.5003217621905));
#5784=CARTESIAN_POINT('Ctrl Pts',(100.463016906011,-5.83234139070344,12.5003217621905));
#5785=CARTESIAN_POINT('Ctrl Pts',(100.475234261093,-5.81015263400011,12.5003217621905));
#5786=CARTESIAN_POINT('Ctrl Pts',(100.486550392193,-5.78749685425998,12.5003217621905));
#5787=CARTESIAN_POINT('Ctrl Pts',(100.490434498515,-5.77972056954634,12.5003217621905));
#5788=CARTESIAN_POINT('Ctrl Pts',(100.494212367122,-5.77188926478761,12.5003217621905));
#5789=CARTESIAN_POINT('Ctrl Pts',(100.497881479976,-5.76400446817113,12.5003217621905));
#5790=CARTESIAN_POINT('Ctrl Pts',(100.501539646259,-5.7561431953573,12.5003217621905));
#5791=CARTESIAN_POINT('Ctrl Pts',(100.505085937934,-5.74823675130911,12.5003217621905));
#5792=CARTESIAN_POINT('Ctrl Pts',(100.508516941681,-5.74029070540548,12.5003217621905));
#5793=CARTESIAN_POINT('Ctrl Pts',(100.524593981396,-5.7030570254159,12.5003217621905));
#5794=CARTESIAN_POINT('Ctrl Pts',(100.538156448268,-5.66492700865882,12.5003217621905));
#5795=CARTESIAN_POINT('Ctrl Pts',(100.549010594666,-5.626066507174,12.5003217621905));
#5796=CARTESIAN_POINT('Ctrl Pts',(100.553823314186,-5.60883579301336,12.5003217621905));
#5797=CARTESIAN_POINT('Ctrl Pts',(100.558102911416,-5.59146135654102,12.5003217621905));
#5798=CARTESIAN_POINT('Ctrl Pts',(100.561829180414,-5.5739574493949,12.5003217621905));
#5799=CARTESIAN_POINT('Ctrl Pts',(100.569284775687,-5.53893527373477,12.5003217621905));
#5800=CARTESIAN_POINT('Ctrl Pts',(100.574526817798,-5.50339406433682,12.5003217621905));
#5801=CARTESIAN_POINT('Ctrl Pts',(100.577586457113,-5.467533938145,12.5003217621905));
#5802=CARTESIAN_POINT('Ctrl Pts',(100.578654210748,-5.4550194630165,12.5003217621905));
#5803=CARTESIAN_POINT('Ctrl Pts',(100.579455934382,-5.44246623955654,12.5003217621905));
#5804=CARTESIAN_POINT('Ctrl Pts',(100.579992205938,-5.42988314483884,12.5003217621905));
#5805=CARTESIAN_POINT('Ctrl Pts',(100.580429706864,-5.41961760767919,12.5003217621905));
#5806=CARTESIAN_POINT('Ctrl Pts',(100.580690376695,-5.40932887687232,12.5003217621905));
#5807=CARTESIAN_POINT('Ctrl Pts',(100.580774674157,-5.39904727515101,12.5003217621905));
#5808=CARTESIAN_POINT('Ctrl Pts',(100.581106028704,-5.35863258884758,12.5003217621905));
#5809=CARTESIAN_POINT('Ctrl Pts',(100.578721491613,-5.31824920112594,12.5003217621905));
#5810=CARTESIAN_POINT('Ctrl Pts',(100.573704319925,-5.2781798793007,12.5003217621905));
#5811=CARTESIAN_POINT('Ctrl Pts',(100.568724399647,-5.23840806348761,12.5003217621905));
#5812=CARTESIAN_POINT('Ctrl Pts',(100.561150192735,-5.1989444592174,12.5003217621905));
#5813=CARTESIAN_POINT('Ctrl Pts',(100.551017420932,-5.1600873898001,12.5003217621905));
#5814=CARTESIAN_POINT('Ctrl Pts',(100.545913902953,-5.14051646130734,12.5003217621905));
#5815=CARTESIAN_POINT('Ctrl Pts',(100.540160665678,-5.12109985546199,12.5003217621905));
#5816=CARTESIAN_POINT('Ctrl Pts',(100.533758553445,-5.10187925153457,12.5003217621905));
#5817=CARTESIAN_POINT('Ctrl Pts',(100.530999609063,-5.09359627003136,12.5003217621905));
#5818=CARTESIAN_POINT('Ctrl Pts',(100.528119942418,-5.08534920589534,12.5003217621905));
#5819=CARTESIAN_POINT('Ctrl Pts',(100.525120072121,-5.07714314499008,12.5003217621905));
#5820=CARTESIAN_POINT('Ctrl Pts',(100.511847826473,-5.04083728995448,12.5003217621905));
#5821=CARTESIAN_POINT('Ctrl Pts',(100.496287515739,-5.00549956995188,12.5003217621905));
#5822=CARTESIAN_POINT('Ctrl Pts',(100.478476429572,-4.97140566291483,12.5003217621905));
#5823=CARTESIAN_POINT('Ctrl Pts',(100.467994038142,-4.95134031285071,12.5003217621905));
#5824=CARTESIAN_POINT('Ctrl Pts',(100.456731310794,-4.93170636106053,12.5003217621905));
#5825=CARTESIAN_POINT('Ctrl Pts',(100.444690312432,-4.91256650825138,12.5003217621905));
#5826=CARTESIAN_POINT('Ctrl Pts',(100.439263550211,-4.9039403605682,12.5003217621905));
#5827=CARTESIAN_POINT('Ctrl Pts',(100.433678653733,-4.89541464987449,12.5003217621905));
#5828=CARTESIAN_POINT('Ctrl Pts',(100.427935577753,-4.88699551073191,12.5003217621905));
#5829=CARTESIAN_POINT('Ctrl Pts',(100.421897673666,-4.87814416437886,12.5003217621905));
#5830=CARTESIAN_POINT('Ctrl Pts',(100.415689404561,-4.86941733586322,12.5003217621905));
#5831=CARTESIAN_POINT('Ctrl Pts',(100.409315772325,-4.86082739692054,12.5003217621905));
#5832=CARTESIAN_POINT('Ctrl Pts',(100.386582934944,-4.83018965726653,12.5003217621905));
#5833=CARTESIAN_POINT('Ctrl Pts',(100.361732050926,-4.801264460228,12.5003217621905));
#5834=CARTESIAN_POINT('Ctrl Pts',(100.334776350083,-4.77436164660458,12.5003217621905));
#5835=CARTESIAN_POINT('Ctrl Pts',(100.318904762465,-4.75852119912113,12.5003217621905));
#5836=CARTESIAN_POINT('Ctrl Pts',(100.302302664096,-4.74338294965985,12.5003217621905));
#5837=CARTESIAN_POINT('Ctrl Pts',(100.285027706713,-4.72897393797261,12.5003217621905));
#5838=CARTESIAN_POINT('',(111.308181173086,12.3402376509999,12.5003217621905));
#5839=CARTESIAN_POINT('Origin',(99.6816920509817,12.3402376509999,12.5003217621905));
#5840=CARTESIAN_POINT('',(-19.2951230481907,-51.4254778787222,12.5003217621905));
#5841=CARTESIAN_POINT('',(-19.2951230481907,-42.1318449730987,12.5003217621905));
#5842=CARTESIAN_POINT('',(-19.2951230481907,-14.8958036610494,12.5003217621905));
#5843=CARTESIAN_POINT('',(-24.2951230481907,-37.1318449730988,12.5003217621905));
#5844=CARTESIAN_POINT('Origin',(-24.2951230481907,-42.1318449730988,12.5003217621905));
#5845=CARTESIAN_POINT('',(-28.2137126730663,-37.1318449730988,12.5003217621905));
#5846=CARTESIAN_POINT('',(5.99979936325243,-37.1318449730988,12.5003217621905));
#5847=CARTESIAN_POINT('Origin',(-9.3970944168023,-35.3203317449576,12.5003217621905));
#5848=CARTESIAN_POINT('',(-19.2951230481907,66.8123202750986,12.5003217621905));
#5849=CARTESIAN_POINT('',(-19.2951230481907,76.105953180722,12.5003217621905));
#5850=CARTESIAN_POINT('',(-19.2951230481907,44.223095415861,12.5003217621905));
#5851=CARTESIAN_POINT('',(-28.2137126730663,61.8123202750986,12.5003217621905));
#5852=CARTESIAN_POINT('Origin',(-9.3970944168023,60.0008070469574,12.5003217621905));
#5853=CARTESIAN_POINT('',(-24.2951230481907,61.8123202750986,12.5003217621905));
#5854=CARTESIAN_POINT('',(7.95909417569023,61.8123202750986,12.5003217621905));
#5855=CARTESIAN_POINT('Origin',(-24.2951230481907,66.8123202750986,12.5003217621905));
#5856=CARTESIAN_POINT('',(-13.8249099241307,-18.9991929530426,12.5003217621905));
#5857=CARTESIAN_POINT('',(-1.01114704558396,-18.9991929530426,12.5003217621905));
#5858=CARTESIAN_POINT('',(20.1066556997856,-18.9991929530426,12.5003217621905));
#5859=CARTESIAN_POINT('',(-1.01114704558396,-10.9991929530426,12.5003217621905));
#5860=CARTESIAN_POINT('',(-1.01114704558396,-14.9991929530426,12.5003217621905));
#5861=CARTESIAN_POINT('',(-13.8249099241307,-10.9991929530426,12.5003217621905));
#5862=CARTESIAN_POINT('',(20.1066556997856,-10.9991929530426,12.5003217621905));
#5863=CARTESIAN_POINT('',(-13.8249099241307,-14.9991929530426,12.5003217621905));
#5864=CARTESIAN_POINT('',(-13.8249099241307,36.0008070469574,12.5003217621905));
#5865=CARTESIAN_POINT('',(-1.01114704558396,36.0008070469574,12.5003217621905));
#5866=CARTESIAN_POINT('',(20.1066556997856,36.0008070469574,12.5003217621905));
#5867=CARTESIAN_POINT('',(-1.01114704558396,44.0008070469574,12.5003217621905));
#5868=CARTESIAN_POINT('',(-1.01114704558396,40.0008070469574,12.5003217621905));
#5869=CARTESIAN_POINT('',(-13.8249099241307,44.0008070469574,12.5003217621905));
#5870=CARTESIAN_POINT('',(20.1066556997856,44.0008070469574,12.5003217621905));
#5871=CARTESIAN_POINT('',(-13.8249099241307,40.0008070469574,12.5003217621905));
#5872=CARTESIAN_POINT('Origin',(99.6816920509817,-5.27344338588619,11.6168946482926));
#5873=CARTESIAN_POINT('Ctrl Pts',(100.720191974256,-5.27318018574111,12.6168946482926));
#5874=CARTESIAN_POINT('Ctrl Pts',(100.720256908058,-5.25605271358231,12.6179504267384));
#5875=CARTESIAN_POINT('Ctrl Pts',(100.712197361934,-4.90110316714043,12.6398339307794));
#5876=CARTESIAN_POINT('Ctrl Pts',(100.308047418393,-4.22743637952011,12.6825451604156));
#5877=CARTESIAN_POINT('Ctrl Pts',(99.1602878001744,-4.17146501934774,12.745028337201));
#5878=CARTESIAN_POINT('Ctrl Pts',(98.4757801123371,-5.09438865934664,12.8075115139865));
#5879=CARTESIAN_POINT('Ctrl Pts',(98.8626162690736,-6.17644878514719,12.869994690772));
#5880=CARTESIAN_POINT('Ctrl Pts',(99.9771419592936,-6.45623124298016,12.9324778675574));
#5881=CARTESIAN_POINT('Ctrl Pts',(100.644865706731,-5.85200364648376,12.9814445200643));
#5882=CARTESIAN_POINT('Ctrl Pts',(100.718444551326,-5.39348935350818,13.009583446976));
#5883=CARTESIAN_POINT('Ctrl Pts',(100.717697686664,-5.27412398637444,13.0168946482926));
#5884=CARTESIAN_POINT('Ctrl Pts',(100.717541233747,-5.27436201463231,12.5837488760884));
#5885=CARTESIAN_POINT('Ctrl Pts',(100.716083408738,-5.04836444399889,12.5975952893128));
#5886=CARTESIAN_POINT('Ctrl Pts',(100.533912124789,-4.47960774848117,12.6322694281323));
#5887=CARTESIAN_POINT('Ctrl Pts',(99.6045000995957,-4.05695806973976,12.6877712925469));
#5888=CARTESIAN_POINT('Ctrl Pts',(98.6275408973577,-4.66110244528538,12.7502544693324));
#5889=CARTESIAN_POINT('Ctrl Pts',(98.5867314776022,-5.80964579694239,12.8127376461178));
#5890=CARTESIAN_POINT('Ctrl Pts',(99.5188914776252,-6.48162989659408,12.8752208229033));
#5891=CARTESIAN_POINT('Ctrl Pts',(100.501175910696,-6.11551937440526,12.9322245662268));
#5892=CARTESIAN_POINT('Ctrl Pts',(100.716330526786,-5.52271170288745,12.9684005839552));
#5893=CARTESIAN_POINT('Ctrl Pts',(100.718435509328,-5.2725811175923,12.9837488760884));
#5894=CARTESIAN_POINT('Ctrl Pts',(99.079472646805,-4.72950953031819,12.5003217621905));
#5895=CARTESIAN_POINT('Ctrl Pts',(98.901518621853,-4.92653232230002,12.5211494877857));
#5896=CARTESIAN_POINT('Ctrl Pts',(98.7568136277645,-5.50561507790941,12.562804938976));
#5897=CARTESIAN_POINT('Ctrl Pts',(99.3612650114887,-6.17256709597459,12.6252881157614));
#5898=CARTESIAN_POINT('Ctrl Pts',(100.250765900842,-6.03896488253083,12.6877712925469));
#5899=CARTESIAN_POINT('Ctrl Pts',(100.63451592263,-5.22611081447347,12.7502544693324));
#5900=CARTESIAN_POINT('Ctrl Pts',(100.171843816318,-4.45489499083694,12.8127376461178));
#5901=CARTESIAN_POINT('Ctrl Pts',(99.2736693416952,-4.41109483772231,12.8752208229033));
#5902=CARTESIAN_POINT('Ctrl Pts',(98.7380107219458,-5.13332486073013,12.9377039996888));
#5903=CARTESIAN_POINT('Ctrl Pts',(99.0407277337026,-5.98008647315744,13.0001871764742));
#5904=CARTESIAN_POINT('Ctrl Pts',(99.91289513738,-6.19902906190523,13.0626703532597));
#5905=CARTESIAN_POINT('Ctrl Pts',(100.579654735756,-5.59567393021581,13.1251535300452));
#5906=CARTESIAN_POINT('Ctrl Pts',(100.448647344529,-4.70603724015849,13.1876367068306));
#5907=CARTESIAN_POINT('Ctrl Pts',(99.6362608831228,-4.32049824367722,13.2501198836161));
#5908=CARTESIAN_POINT('Ctrl Pts',(98.8642366534797,-4.78157360127567,13.3126030604015));
#5909=CARTESIAN_POINT('Ctrl Pts',(98.8184561217039,-5.67963660276164,13.375086237187));
#5910=CARTESIAN_POINT('Ctrl Pts',(99.5395918272109,-6.21682906986442,13.4375694139725));
#5911=CARTESIAN_POINT('Ctrl Pts',(100.386972200782,-5.91589885607811,13.5000525907579));
#5912=CARTESIAN_POINT('Ctrl Pts',(100.607767509038,-5.04419819972384,13.5625357675434));
#5913=CARTESIAN_POINT('Ctrl Pts',(100.005818733914,-4.37616361585175,13.6250189443289));
#5914=CARTESIAN_POINT('Ctrl Pts',(99.1159092935032,-4.50529042221603,13.6875021211143));
#5915=CARTESIAN_POINT('Ctrl Pts',(98.7286526406436,-5.31685979044604,13.7499852978998));
#5916=CARTESIAN_POINT('Ctrl Pts',(99.1880953826438,-6.08985714698622,13.8124684746852));
#5917=CARTESIAN_POINT('Ctrl Pts',(100.086059339005,-6.1375360881371,13.8749516514707));
#5918=CARTESIAN_POINT('Ctrl Pts',(100.624775258218,-5.41753768000747,13.9374348282562));
#5919=CARTESIAN_POINT('Ctrl Pts',(100.325637074442,-4.56952300128408,13.9999180050416));
#5920=CARTESIAN_POINT('Ctrl Pts',(99.4544051713805,-4.34688535978593,14.0624011818271));
#5921=CARTESIAN_POINT('Ctrl Pts',(98.7850995062944,-4.94742051779608,14.1248843586126));
#5922=CARTESIAN_POINT('Ctrl Pts',(98.9123447046089,-5.83760095335915,14.187367535398));
#5923=CARTESIAN_POINT('Ctrl Pts',(99.7230935682076,-6.22657245176028,14.2498507121835));
#5924=CARTESIAN_POINT('Ctrl Pts',(100.497060494556,-5.76876490316387,14.312333888969));
#5925=CARTESIAN_POINT('Ctrl Pts',(100.54663767657,-4.87090375171672,14.3748170657544));
#5926=CARTESIAN_POINT('Ctrl Pts',(99.8277797726824,-4.33066690815565,14.4373002425399));
#5927=CARTESIAN_POINT('Ctrl Pts',(98.9791345622395,-4.62801167308113,14.4997834193254));
#5928=CARTESIAN_POINT('Ctrl Pts',(98.7546556357057,-5.49877094097665,14.5622665961108));
#5929=CARTESIAN_POINT('Ctrl Pts',(99.3537743740045,-6.16934471759512,14.6247497728963));
#5930=CARTESIAN_POINT('Ctrl Pts',(100.244222074756,-6.0439816291101,14.6872329496817));
#5931=CARTESIAN_POINT('Ctrl Pts',(100.634906167011,-5.23405704212762,14.7497161264672));
#5932=CARTESIAN_POINT('Ctrl Pts',(100.178736914543,-4.45912369429239,14.8121993032527));
#5933=CARTESIAN_POINT('Ctrl Pts',(99.2809804071518,-4.40764913466665,14.8746824800381));
#5934=CARTESIAN_POINT('Ctrl Pts',(98.7392295243299,-5.12536200059833,14.9371656568236));
#5935=CARTESIAN_POINT('Ctrl Pts',(99.0347703470204,-5.97463666719824,14.9996488336091));
#5936=CARTESIAN_POINT('Ctrl Pts',(99.9050719976318,-6.20095028682945,15.0621320103945));
#5937=CARTESIAN_POINT('Ctrl Pts',(100.576871999042,-5.60326213975686,15.12461518718));
#5938=CARTESIAN_POINT('Ctrl Pts',(100.453471561904,-4.71252751463503,15.1870983639654));
#5939=CARTESIAN_POINT('Ctrl Pts',(99.644210367231,-4.32018118371757,15.2495815407509));
#5940=CARTESIAN_POINT('Ctrl Pts',(98.8686523689467,-4.7746100631664,15.3120647175364));
#5941=CARTESIAN_POINT('Ctrl Pts',(98.8145811805548,-5.67246177151405,15.3745478943218));
#5942=CARTESIAN_POINT('Ctrl Pts',(99.5325830718103,-6.21528748372832,15.4370310711073));
#5943=CARTESIAN_POINT('Ctrl Pts',(100.096524957637,-6.01972183600602,15.4786865222976));
#5944=CARTESIAN_POINT('Ctrl Pts',(100.27696371676,-5.82497207409882,15.4995142478928));
#5945=CARTESIAN_POINT('Ctrl Pts',(99.023690976794,-4.67912666548739,12.4569242669564));
#5946=CARTESIAN_POINT('Ctrl Pts',(98.829253635914,-4.89439905270105,12.4777519925516));
#5947=CARTESIAN_POINT('Ctrl Pts',(98.6711450779861,-5.52712040407546,12.5194074437419));
#5948=CARTESIAN_POINT('Ctrl Pts',(99.3315848728952,-6.25585006850487,12.5818906205274));
#5949=CARTESIAN_POINT('Ctrl Pts',(100.303477403468,-6.1098727065166,12.6443737973128));
#5950=CARTESIAN_POINT('Ctrl Pts',(100.722772970507,-5.22172654877063,12.7068569740983));
#5951=CARTESIAN_POINT('Ctrl Pts',(100.21724501701,-4.37907545373133,12.7693401508837));
#5952=CARTESIAN_POINT('Ctrl Pts',(99.2358754945215,-4.33121823159745,12.8318233276692));
#5953=CARTESIAN_POINT('Ctrl Pts',(98.650600518743,-5.12034612693563,12.8943065044547));
#5954=CARTESIAN_POINT('Ctrl Pts',(98.9813572454929,-6.04554057715402,12.9567896812401));
#5955=CARTESIAN_POINT('Ctrl Pts',(99.9343107446847,-6.28476312226354,13.0192728580256));
#5956=CARTESIAN_POINT('Ctrl Pts',(100.6628301662,-5.62552112173206,13.0817560348111));
#5957=CARTESIAN_POINT('Ctrl Pts',(100.519687976567,-4.65348021166738,13.1442392115965));
#5958=CARTESIAN_POINT('Ctrl Pts',(99.6320527383898,-4.23222996289344,13.206722388382));
#5959=CARTESIAN_POINT('Ctrl Pts',(98.7885183572643,-4.73601326591742,13.2692055651675));
#5960=CARTESIAN_POINT('Ctrl Pts',(98.7384973202858,-5.71726098986594,13.3316887419529));
#5961=CARTESIAN_POINT('Ctrl Pts',(99.52642953497,-6.30421188840503,13.3941719187384));
#5962=CARTESIAN_POINT('Ctrl Pts',(100.452300060211,-5.97540746504434,13.4566550955239));
#5963=CARTESIAN_POINT('Ctrl Pts',(100.693546936351,-5.02296394649747,13.5191382723093));
#5964=CARTESIAN_POINT('Ctrl Pts',(100.035841558725,-4.29305144163003,13.5816214490948));
#5965=CARTESIAN_POINT('Ctrl Pts',(99.0635026343078,-4.43413885380049,13.6441046258802));
#5966=CARTESIAN_POINT('Ctrl Pts',(98.6403756281025,-5.32088131405592,13.7065878026657));
#5967=CARTESIAN_POINT('Ctrl Pts',(99.1423750915326,-6.16547895973136,13.7690709794512));
#5968=CARTESIAN_POINT('Ctrl Pts',(100.123514596121,-6.21757424971344,13.8315541562366));
#5969=CARTESIAN_POINT('Ctrl Pts',(100.712130059299,-5.43088467664923,13.8940373330221));
#5970=CARTESIAN_POINT('Ctrl Pts',(100.385283655995,-4.50432109258505,13.9565205098076));
#5971=CARTESIAN_POINT('Ctrl Pts',(99.4333523098688,-4.26106123372899,14.019003686593));
#5972=CARTESIAN_POINT('Ctrl Pts',(98.7020509875732,-4.91722205537902,14.0814868633785));
#5973=CARTESIAN_POINT('Ctrl Pts',(98.8410825043184,-5.88985707636806,14.143970040164));
#5974=CARTESIAN_POINT('Ctrl Pts',(99.7269284592055,-6.31485776880879,14.2064532169494));
#5975=CARTESIAN_POINT('Ctrl Pts',(100.57258548286,-5.81464496155209,14.2689363937349));
#5976=CARTESIAN_POINT('Ctrl Pts',(100.626754841725,-4.83361778437015,14.3314195705203));
#5977=CARTESIAN_POINT('Ctrl Pts',(99.8413114141872,-4.24334051845418,14.3939027473058));
#5978=CARTESIAN_POINT('Ctrl Pts',(98.9140588942536,-4.56822738421789,14.4563859240913));
#5979=CARTESIAN_POINT('Ctrl Pts',(98.6687871979794,-5.51964231648411,14.5188691008767));
#5980=CARTESIAN_POINT('Ctrl Pts',(99.3234004014606,-6.25232921145437,14.5813522776622));
#5981=CARTESIAN_POINT('Ctrl Pts',(100.296327443563,-6.1153541383921,14.6438354544477));
#5982=CARTESIAN_POINT('Ctrl Pts',(100.723199361986,-5.23040881024528,14.7063186312331));
#5983=CARTESIAN_POINT('Ctrl Pts',(100.224776601022,-4.38369584855223,14.7688018080186));
#5984=CARTESIAN_POINT('Ctrl Pts',(99.2438637607425,-4.32745336401559,14.831284984804));
#5985=CARTESIAN_POINT('Ctrl Pts',(98.6519322149193,-5.11164569236978,14.8937681615895));
#5986=CARTESIAN_POINT('Ctrl Pts',(98.9748480450106,-6.03958597298418,14.956251338375));
#5987=CARTESIAN_POINT('Ctrl Pts',(99.9257629723574,-6.28686230414829,15.0187345151604));
#5988=CARTESIAN_POINT('Ctrl Pts',(100.659789673426,-5.63381220301332,15.0812176919459));
#5989=CARTESIAN_POINT('Ctrl Pts',(100.524959045868,-4.6605716596475,15.1437008687314));
#5990=CARTESIAN_POINT('Ctrl Pts',(99.6407385579538,-4.2318835346771,15.2061840455168));
#5991=CARTESIAN_POINT('Ctrl Pts',(98.7933430864249,-4.72840471739795,15.2686672223023));
#5992=CARTESIAN_POINT('Ctrl Pts',(98.7342634556498,-5.70942157679607,15.3311503990878));
#5993=CARTESIAN_POINT('Ctrl Pts',(99.5187715808252,-6.30252751004313,15.3936335758732));
#5994=CARTESIAN_POINT('Ctrl Pts',(100.134949611755,-6.08884723773205,15.4352890270635));
#5995=CARTESIAN_POINT('Ctrl Pts',(100.332101839838,-5.87605842414686,15.4561167526587));
#5996=CARTESIAN_POINT('Ctrl Pts',(98.967909306783,-4.62874380065659,12.4135267717223));
#5997=CARTESIAN_POINT('Ctrl Pts',(98.756988649975,-4.86226578310209,12.4343544973175));
#5998=CARTESIAN_POINT('Ctrl Pts',(98.5854765282078,-5.5486257302415,12.4760099485078));
#5999=CARTESIAN_POINT('Ctrl Pts',(99.3019047343018,-6.33913304103514,12.5384931252933));
#6000=CARTESIAN_POINT('Ctrl Pts',(100.356188906094,-6.18078053050238,12.6009763020787));
#6001=CARTESIAN_POINT('Ctrl Pts',(100.811030018385,-5.21734228306779,12.6634594788642));
#6002=CARTESIAN_POINT('Ctrl Pts',(100.262646217701,-4.30325591662572,12.7259426556496));
#6003=CARTESIAN_POINT('Ctrl Pts',(99.198081647348,-4.25134162547259,12.7884258324351));
#6004=CARTESIAN_POINT('Ctrl Pts',(98.5631903155401,-5.10736739314114,12.8509090092206));
#6005=CARTESIAN_POINT('Ctrl Pts',(98.9219867572833,-6.1109946811506,12.913392186006));
#6006=CARTESIAN_POINT('Ctrl Pts',(99.955726351989,-6.37049718262185,12.9758753627915));
#6007=CARTESIAN_POINT('Ctrl Pts',(100.746005596644,-5.65536831324832,13.038358539577));
#6008=CARTESIAN_POINT('Ctrl Pts',(100.590728608604,-4.60092318317627,13.1008417163624));
#6009=CARTESIAN_POINT('Ctrl Pts',(99.627844593657,-4.14396168210965,13.1633248931479));
#6010=CARTESIAN_POINT('Ctrl Pts',(98.7128000610486,-4.69045293055916,13.2258080699334));
#6011=CARTESIAN_POINT('Ctrl Pts',(98.6585385188678,-5.75488537697024,13.2882912467188));
#6012=CARTESIAN_POINT('Ctrl Pts',(99.5132672427291,-6.39159470694563,13.3507744235043));
#6013=CARTESIAN_POINT('Ctrl Pts',(100.517627919641,-6.03491607401056,13.4132576002898));
#6014=CARTESIAN_POINT('Ctrl Pts',(100.779326363663,-5.00172969327109,13.4757407770752));
#6015=CARTESIAN_POINT('Ctrl Pts',(100.065864383535,-4.20993926740831,13.5382239538607));
#6016=CARTESIAN_POINT('Ctrl Pts',(99.0110959751124,-4.36298728538495,13.6007071306461));
#6017=CARTESIAN_POINT('Ctrl Pts',(98.5520986155613,-5.32490283766581,13.6631903074316));
#6018=CARTESIAN_POINT('Ctrl Pts',(99.0966548004214,-6.24110077247651,13.7256734842171));
#6019=CARTESIAN_POINT('Ctrl Pts',(100.160969853237,-6.29761241128978,13.7881566610025));
#6020=CARTESIAN_POINT('Ctrl Pts',(100.79948486038,-5.44423167329097,13.850639837788));
#6021=CARTESIAN_POINT('Ctrl Pts',(100.444930237547,-4.43911918388604,13.9131230145735));
#6022=CARTESIAN_POINT('Ctrl Pts',(99.4122994483573,-4.17523710767204,13.9756061913589));
#6023=CARTESIAN_POINT('Ctrl Pts',(98.6190024688517,-4.88702359296198,14.0380893681444));
#6024=CARTESIAN_POINT('Ctrl Pts',(98.7698203040281,-5.94211319937695,14.1005725449299));
#6025=CARTESIAN_POINT('Ctrl Pts',(99.7307633502033,-6.40314308585731,14.1630557217153));
#6026=CARTESIAN_POINT('Ctrl Pts',(100.648110471164,-5.86052501994032,14.2255388985008));
#6027=CARTESIAN_POINT('Ctrl Pts',(100.70687200688,-4.79633181702358,14.2880220752862));
#6028=CARTESIAN_POINT('Ctrl Pts',(99.8548430556922,-4.15601412875271,14.3505052520717));
#6029=CARTESIAN_POINT('Ctrl Pts',(98.8489832262678,-4.50844309535466,14.4129884288572));
#6030=CARTESIAN_POINT('Ctrl Pts',(98.5829187602532,-5.54051369199156,14.4754716056426));
#6031=CARTESIAN_POINT('Ctrl Pts',(99.2930264289165,-6.33531370531364,14.5379547824281));
#6032=CARTESIAN_POINT('Ctrl Pts',(100.34843281237,-6.18672664767408,14.6004379592136));
#6033=CARTESIAN_POINT('Ctrl Pts',(100.81149255696,-5.22676057836293,14.662921135999));
#6034=CARTESIAN_POINT('Ctrl Pts',(100.270816287501,-4.30826800281207,14.7254043127845));
#6035=CARTESIAN_POINT('Ctrl Pts',(99.206747114333,-4.24725759336453,14.78788748957));
#6036=CARTESIAN_POINT('Ctrl Pts',(98.5646349055088,-5.09792938414123,14.8503706663554));
#6037=CARTESIAN_POINT('Ctrl Pts',(98.9149257430005,-6.10453527877012,14.9128538431409));
#6038=CARTESIAN_POINT('Ctrl Pts',(99.9464539470831,-6.37277432146713,14.9753370199263));
#6039=CARTESIAN_POINT('Ctrl Pts',(100.74270734781,-5.66436226626977,15.0378201967118));
#6040=CARTESIAN_POINT('Ctrl Pts',(100.596446529833,-4.60861580465996,15.1003033734973));
#6041=CARTESIAN_POINT('Ctrl Pts',(99.6372667486764,-4.14358588563663,15.1627865502828));
#6042=CARTESIAN_POINT('Ctrl Pts',(98.7180338039033,-4.68219937162948,15.2252697270682));
#6043=CARTESIAN_POINT('Ctrl Pts',(98.6539457307448,-5.7463813820781,15.2877529038537));
#6044=CARTESIAN_POINT('Ctrl Pts',(99.5049600898401,-6.38976753635795,15.3502360806391));
#6045=CARTESIAN_POINT('Ctrl Pts',(100.173374265873,-6.15797263945809,15.3918915318294));
#6046=CARTESIAN_POINT('Ctrl Pts',(100.387239962916,-5.9271447741949,15.4127192574246));
#6047=CARTESIAN_POINT('Ctrl Pts',(98.912127636772,-4.57836093582579,12.3701292764883));
#6048=CARTESIAN_POINT('Ctrl Pts',(98.684723664036,-4.83013251350312,12.3909570020834));
#6049=CARTESIAN_POINT('Ctrl Pts',(98.4998079784295,-5.57013105640755,12.4326124532737));
#6050=CARTESIAN_POINT('Ctrl Pts',(99.2722245957083,-6.4224160135654,12.4950956300592));
#6051=CARTESIAN_POINT('Ctrl Pts',(100.40890040872,-6.25168835448816,12.5575788068446));
#6052=CARTESIAN_POINT('Ctrl Pts',(100.899287066262,-5.21295801736495,12.6200619836301));
#6053=CARTESIAN_POINT('Ctrl Pts',(100.308047418393,-4.22743637952011,12.6825451604156));
#6054=CARTESIAN_POINT('Ctrl Pts',(99.1602878001744,-4.17146501934774,12.745028337201));
#6055=CARTESIAN_POINT('Ctrl Pts',(98.4757801123371,-5.09438865934664,12.8075115139865));
#6056=CARTESIAN_POINT('Ctrl Pts',(98.8626162690736,-6.17644878514719,12.869994690772));
#6057=CARTESIAN_POINT('Ctrl Pts',(99.9771419592936,-6.45623124298016,12.9324778675574));
#6058=CARTESIAN_POINT('Ctrl Pts',(100.829181027089,-5.68521550476458,12.9949610443429));
#6059=CARTESIAN_POINT('Ctrl Pts',(100.661769240641,-4.54836615468516,13.0574442211283));
#6060=CARTESIAN_POINT('Ctrl Pts',(99.6236364489241,-4.05569340132586,13.1199273979138));
#6061=CARTESIAN_POINT('Ctrl Pts',(98.6370817648331,-4.6448925952009,13.1824105746993));
#6062=CARTESIAN_POINT('Ctrl Pts',(98.5785797174498,-5.79250976407454,13.2448937514847));
#6063=CARTESIAN_POINT('Ctrl Pts',(99.5001049504883,-6.47897752548624,13.3073769282702));
#6064=CARTESIAN_POINT('Ctrl Pts',(100.58295577907,-6.09442468297679,13.3698601050557));
#6065=CARTESIAN_POINT('Ctrl Pts',(100.865105790975,-4.98049544004472,13.4323432818411));
#6066=CARTESIAN_POINT('Ctrl Pts',(100.095887208346,-4.12682709318659,13.4948264586266));
#6067=CARTESIAN_POINT('Ctrl Pts',(98.9586893159168,-4.29183571696942,13.5573096354121));
#6068=CARTESIAN_POINT('Ctrl Pts',(98.4638216030203,-5.32892436127568,13.6197928121975));
#6069=CARTESIAN_POINT('Ctrl Pts',(99.0509345093102,-6.31672258522166,13.682275988983));
#6070=CARTESIAN_POINT('Ctrl Pts',(100.198425110354,-6.37765057286611,13.7447591657685));
#6071=CARTESIAN_POINT('Ctrl Pts',(100.886839661461,-5.45757866993273,13.8072423425539));
#6072=CARTESIAN_POINT('Ctrl Pts',(100.5045768191,-4.373917275187,13.8697255193394));
#6073=CARTESIAN_POINT('Ctrl Pts',(99.3912465868457,-4.08941298161511,13.9322086961248));
#6074=CARTESIAN_POINT('Ctrl Pts',(98.5359539501303,-4.85682513054492,13.9946918729103));
#6075=CARTESIAN_POINT('Ctrl Pts',(98.6985581037378,-5.99436932238584,14.0571750496958));
#6076=CARTESIAN_POINT('Ctrl Pts',(99.7345982412011,-6.49142840290583,14.1196582264812));
#6077=CARTESIAN_POINT('Ctrl Pts',(100.723635459468,-5.90640507832853,14.1821414032667));
#6078=CARTESIAN_POINT('Ctrl Pts',(100.786989172036,-4.75904584967701,14.2446245800522));
#6079=CARTESIAN_POINT('Ctrl Pts',(99.8683746971969,-4.06868773905123,14.3071077568376));
#6080=CARTESIAN_POINT('Ctrl Pts',(98.7839075582821,-4.44865880649143,14.3695909336231));
#6081=CARTESIAN_POINT('Ctrl Pts',(98.4970503225268,-5.56138506749902,14.4320741104086));
#6082=CARTESIAN_POINT('Ctrl Pts',(99.2626524563725,-6.4182981991729,14.494557287194));
#6083=CARTESIAN_POINT('Ctrl Pts',(100.400538181177,-6.25809915695607,14.5570404639795));
#6084=CARTESIAN_POINT('Ctrl Pts',(100.899785751934,-5.22311234648059,14.6195236407649));
#6085=CARTESIAN_POINT('Ctrl Pts',(100.31685597398,-4.23284015707192,14.6820068175504));
#6086=CARTESIAN_POINT('Ctrl Pts',(99.1696304679237,-4.16706182271346,14.7444899943359));
#6087=CARTESIAN_POINT('Ctrl Pts',(98.4773375960982,-5.08421307591268,14.8069731711213));
#6088=CARTESIAN_POINT('Ctrl Pts',(98.8550034409906,-6.16948458455606,14.8694563479068));
#6089=CARTESIAN_POINT('Ctrl Pts',(99.9671449218087,-6.45868633878597,14.9319395246923));
#6090=CARTESIAN_POINT('Ctrl Pts',(100.825625022194,-5.69491232952622,14.9944227014777));
#6091=CARTESIAN_POINT('Ctrl Pts',(100.667934013798,-4.55665994967244,15.0569058782632));
#6092=CARTESIAN_POINT('Ctrl Pts',(99.6337949393991,-4.05528823659615,15.1193890550487));
#6093=CARTESIAN_POINT('Ctrl Pts',(98.6427245213816,-4.63599402586103,15.1818722318341));
#6094=CARTESIAN_POINT('Ctrl Pts',(98.5736280058399,-5.78334118736012,15.2443554086196));
#6095=CARTESIAN_POINT('Ctrl Pts',(99.491148598855,-6.47700756267276,15.3068385854051));
#6096=CARTESIAN_POINT('Ctrl Pts',(100.211798919991,-6.22709804118412,15.3484940365954));
#6097=CARTESIAN_POINT('Ctrl Pts',(100.442378085994,-5.97823112424294,15.3693217621905));
#6098=CARTESIAN_POINT('Ctrl Pts',(100.442378085994,-5.97823112424294,15.3693217621905));
#6099=CARTESIAN_POINT('Ctrl Pts',(100.408912315093,-6.00744046703387,15.3693217621905));
#6100=CARTESIAN_POINT('Ctrl Pts',(100.373549147505,-6.03420772130539,15.3693217621905));
#6101=CARTESIAN_POINT('Ctrl Pts',(100.336589871696,-6.05849942238401,15.3693217621905));
#6102=CARTESIAN_POINT('Ctrl Pts',(100.299269042007,-6.08302875687405,15.3693217621905));
#6103=CARTESIAN_POINT('Ctrl Pts',(100.260319432493,-6.1050340975267,15.3693217621905));
#6104=CARTESIAN_POINT('Ctrl Pts',(100.220032265502,-6.12443101322171,15.3693217621905));
#6105=CARTESIAN_POINT('Ctrl Pts',(100.193566670162,-6.13717330710771,15.3693217621905));
#6106=CARTESIAN_POINT('Ctrl Pts',(100.166523506582,-6.1487889074921,15.3693217621905));
#6107=CARTESIAN_POINT('Ctrl Pts',(100.138985003031,-6.15924160376621,15.3693217621905));
#6108=CARTESIAN_POINT('Ctrl Pts',(100.128672568595,-6.1631558594848,15.3693217621905));
#6109=CARTESIAN_POINT('Ctrl Pts',(100.118290685754,-6.1669069411932,15.3693217621905));
#6110=CARTESIAN_POINT('Ctrl Pts',(100.107843745683,-6.17049258635819,15.3693217621905));
#6111=CARTESIAN_POINT('Ctrl Pts',(100.100739652184,-6.17293088487755,15.3693217621905));
#6112=CARTESIAN_POINT('Ctrl Pts',(100.09360699003,-6.17529208644374,15.3693217621905));
#6113=CARTESIAN_POINT('Ctrl Pts',(100.086456086132,-6.17757290376256,15.3693217621905));
#6114=CARTESIAN_POINT('Ctrl Pts',(100.045071429911,-6.19077275122021,15.3693217621905));
#6115=CARTESIAN_POINT('Ctrl Pts',(100.002993357975,-6.20131330166165,15.3693217621905));
#6116=CARTESIAN_POINT('Ctrl Pts',(99.9604955616762,-6.20912549691437,15.3693217621905));
#6117=CARTESIAN_POINT('Ctrl Pts',(99.9190763201748,-6.21673942587088,15.3693217621905));
#6118=CARTESIAN_POINT('Ctrl Pts',(99.8772572837865,-6.22176160107251,15.3693217621905));
#6119=CARTESIAN_POINT('Ctrl Pts',(99.835297191414,-6.22407994696355,15.3693217621905));
#6120=CARTESIAN_POINT('Ctrl Pts',(99.8100216666923,-6.22547645029729,15.3693217621905));
#6121=CARTESIAN_POINT('Ctrl Pts',(99.7846951396337,-6.22589094693733,15.3693217621905));
#6122=CARTESIAN_POINT('Ctrl Pts',(99.7593775833773,-6.2252904388951,15.3693217621905));
#6123=CARTESIAN_POINT('Ctrl Pts',(99.7506876761757,-6.22508432266856,15.3693217621905));
#6124=CARTESIAN_POINT('Ctrl Pts',(99.7419988559605,-6.22475857157559,15.3693217621905));
#6125=CARTESIAN_POINT('Ctrl Pts',(99.7333136515629,-6.22431167534276,15.3693217621905));
#6126=CARTESIAN_POINT('Ctrl Pts',(99.7246543665238,-6.22386611278765,15.3693217621905));
#6127=CARTESIAN_POINT('Ctrl Pts',(99.7160075101933,-6.22330054243716,15.3693217621905));
#6128=CARTESIAN_POINT('Ctrl Pts',(99.707379601762,-6.22261455379554,15.3693217621905));
#6129=CARTESIAN_POINT('Ctrl Pts',(99.6669508260199,-6.21940013848571,15.3693217621905));
#6130=CARTESIAN_POINT('Ctrl Pts',(99.626906542733,-6.21354400767949,15.3693217621905));
#6131=CARTESIAN_POINT('Ctrl Pts',(99.5874839867337,-6.20495254113098,15.3693217621905));
#6132=CARTESIAN_POINT('Ctrl Pts',(99.5700040598537,-6.20114309237117,15.3693217621905));
#6133=CARTESIAN_POINT('Ctrl Pts',(99.5526465800585,-6.19679523668747,15.3693217621905));
#6134=CARTESIAN_POINT('Ctrl Pts',(99.5354335974314,-6.19189778554403,15.3693217621905));
#6135=CARTESIAN_POINT('Ctrl Pts',(99.50099350669,-6.18209886426261,15.3693217621905));
#6136=CARTESIAN_POINT('Ctrl Pts',(99.4671304998749,-6.1701008098685,15.3693217621905));
#6137=CARTESIAN_POINT('Ctrl Pts',(99.4340068571676,-6.15602479258078,15.3693217621905));
#6138=CARTESIAN_POINT('Ctrl Pts',(99.4224473593018,-6.15111254022875,15.3693217621905));
#6139=CARTESIAN_POINT('Ctrl Pts',(99.4109781004413,-6.14594704818855,15.3693217621905));
#6140=CARTESIAN_POINT('Ctrl Pts',(99.399606655408,-6.14053298105661,15.3693217621905));
#6141=CARTESIAN_POINT('Ctrl Pts',(99.3903296081109,-6.1361160791848,15.3693217621905));
#6142=CARTESIAN_POINT('Ctrl Pts',(99.3811148076318,-6.13153204713428,15.3693217621905));
#6143=CARTESIAN_POINT('Ctrl Pts',(99.3719888374965,-6.12679547921666,15.3693217621905));
#6144=CARTESIAN_POINT('Ctrl Pts',(99.336116677814,-6.10817708378375,15.3693217621905));
#6145=CARTESIAN_POINT('Ctrl Pts',(99.3015430258952,-6.08717312260723,15.3693217621905));
#6146=CARTESIAN_POINT('Ctrl Pts',(99.2684788231499,-6.06398949051809,15.3693217621905));
#6147=CARTESIAN_POINT('Ctrl Pts',(99.2356601144755,-6.04097799154414,15.3693217621905));
#6148=CARTESIAN_POINT('Ctrl Pts',(99.2043277369799,-6.01581797277976,15.3693217621905));
#6149=CARTESIAN_POINT('Ctrl Pts',(99.1747286231268,-5.98868059811698,15.3693217621905));
#6150=CARTESIAN_POINT('Ctrl Pts',(99.1598205982941,-5.97501246408516,15.3693217621905));
#6151=CARTESIAN_POINT('Ctrl Pts',(99.1453529816141,-5.96084234263066,15.3693217621905));
#6152=CARTESIAN_POINT('Ctrl Pts',(99.1313622126854,-5.94619048290844,15.3693217621905));
#6153=CARTESIAN_POINT('Ctrl Pts',(99.1253329920423,-5.93987636997107,15.3693217621905));
#6154=CARTESIAN_POINT('Ctrl Pts',(99.1193920034627,-5.93347237367643,15.3693217621905));
#6155=CARTESIAN_POINT('Ctrl Pts',(99.1135434989809,-5.92698133218253,15.3693217621905));
#6156=CARTESIAN_POINT('Ctrl Pts',(99.0876681137371,-5.89826318726043,15.3693217621905));
#6157=CARTESIAN_POINT('Ctrl Pts',(99.063718986947,-5.86797594821999,15.3693217621905));
#6158=CARTESIAN_POINT('Ctrl Pts',(99.0419223042158,-5.83628156818811,15.3693217621905));
#6159=CARTESIAN_POINT('Ctrl Pts',(99.0290942630317,-5.81762841727666,15.3693217621905));
#6160=CARTESIAN_POINT('Ctrl Pts',(99.017012619161,-5.79848749640662,15.3693217621905));
#6161=CARTESIAN_POINT('Ctrl Pts',(99.0057318190669,-5.77888996996756,15.3693217621905));
#6162=CARTESIAN_POINT('Ctrl Pts',(99.0006476703041,-5.77005755214544,15.3693217621905));
#6163=CARTESIAN_POINT('Ctrl Pts',(98.9957262800455,-5.76113237813389,15.3693217621905));
#6164=CARTESIAN_POINT('Ctrl Pts',(98.9909730909757,-5.75211727848918,15.3693217621905));
#6165=CARTESIAN_POINT('Ctrl Pts',(98.9859758915958,-5.74263937855877,15.3693217621905));
#6166=CARTESIAN_POINT('Ctrl Pts',(98.9811684556322,-5.73306918148489,15.3693217621905));
#6167=CARTESIAN_POINT('Ctrl Pts',(98.9765593762594,-5.72341689685732,15.3693217621905));
#6168=CARTESIAN_POINT('Ctrl Pts',(98.960120169803,-5.68899008687379,15.3693217621905));
#6169=CARTESIAN_POINT('Ctrl Pts',(98.9461855464301,-5.65349276957147,15.3693217621905));
#6170=CARTESIAN_POINT('Ctrl Pts',(98.9350231419931,-5.61708162061255,15.3693217621905));
#6171=CARTESIAN_POINT('Ctrl Pts',(98.9284506887814,-5.59564263994595,15.3693217621905));
#6172=CARTESIAN_POINT('Ctrl Pts',(98.9228406416392,-5.57388663823205,15.3693217621905));
#6173=CARTESIAN_POINT('Ctrl Pts',(98.9181899204244,-5.55187721881715,15.3693217621905));
#6174=CARTESIAN_POINT('Ctrl Pts',(100.492413915356,-5.2739759869433,13.1470871339949));
#6175=CARTESIAN_POINT('Ctrl Pts',(100.492998371165,-5.36738485428083,13.1397759326783));
#6176=CARTESIAN_POINT('Ctrl Pts',(100.478037945771,-5.46061231538002,13.1324647313617));
#6177=CARTESIAN_POINT('Ctrl Pts',(100.446693570822,-5.54796033715449,13.1251535300452));
#6178=CARTESIAN_POINT('Ctrl Pts',(100.357401536297,-5.79679230744561,13.10432580445));
#6179=CARTESIAN_POINT('Ctrl Pts',(100.135148336839,-5.99791068467542,13.0834980788548));
#6180=CARTESIAN_POINT('Ctrl Pts',(99.8786605031631,-6.06197944183236,13.0626703532597));
#6181=CARTESIAN_POINT('Ctrl Pts',(99.6221726694875,-6.1260481989893,13.0418426276645));
#6182=CARTESIAN_POINT('Ctrl Pts',(99.3314502015951,-6.05306733607337,13.0210149020694));
#6183=CARTESIAN_POINT('Ctrl Pts',(99.1356361323561,-5.87544996921085,13.0001871764742));
#6184=CARTESIAN_POINT('Ctrl Pts',(98.939822063117,-5.69783260234834,12.9793594508791));
#6185=CARTESIAN_POINT('Ctrl Pts',(98.8389163925314,-5.41557873153923,12.9585317252839));
#6186=CARTESIAN_POINT('Ctrl Pts',(98.8777399938635,-5.15408012563338,12.9377039996888));
#6187=CARTESIAN_POINT('Ctrl Pts',(98.9165635951956,-4.89258151972752,12.9168762740936));
#6188=CARTESIAN_POINT('Ctrl Pts',(99.0951164684454,-4.65183817872492,12.8960485484985));
#6189=CARTESIAN_POINT('Ctrl Pts',(99.3340886508408,-4.53876653374272,12.8752208229033));
#6190=CARTESIAN_POINT('Ctrl Pts',(99.5730608332362,-4.42569488876052,12.8543930973081));
#6191=CARTESIAN_POINT('Ctrl Pts',(99.8724523247772,-4.44029493979873,12.833565371713));
#6192=CARTESIAN_POINT('Ctrl Pts',(100.099260088266,-4.57613093592393,12.8127376461178));
#6193=CARTESIAN_POINT('Ctrl Pts',(100.326067851756,-4.71196693204912,12.7919099205227));
#6194=CARTESIAN_POINT('Ctrl Pts',(100.480291887193,-4.9690388732613,12.7710821949275));
#6195=CARTESIAN_POINT('Ctrl Pts',(100.493445567947,-5.23305052187695,12.7502544693324));
#6196=CARTESIAN_POINT('Ctrl Pts',(100.494112341309,-5.24643353898956,12.7491986908865));
#6197=CARTESIAN_POINT('Ctrl Pts',(100.494416623322,-5.25983438822506,12.7481429124407));
#6198=CARTESIAN_POINT('Ctrl Pts',(100.494365809648,-5.27323741971673,12.7470871339949));
#6199=CARTESIAN_POINT('Ctrl Pts',(99.9486115555757,-6.27550275442047,12.5003217621905));
#6200=CARTESIAN_POINT('Ctrl Pts',(100.276446449554,-6.18817706271282,12.5211494877857));
#6201=CARTESIAN_POINT('Ctrl Pts',(100.83452168451,-5.66823132023338,12.562804938976));
#6202=CARTESIAN_POINT('Ctrl Pts',(100.650818389786,-4.5327708171787,12.6252881157614));
#6203=CARTESIAN_POINT('Ctrl Pts',(99.6045000995957,-4.05695806973976,12.6877712925469));
#6204=CARTESIAN_POINT('Ctrl Pts',(98.6275408973577,-4.66110244528538,12.7502544693324));
#6205=CARTESIAN_POINT('Ctrl Pts',(98.5867314776022,-5.80964579694239,12.8127376461178));
#6206=CARTESIAN_POINT('Ctrl Pts',(99.5188914776252,-6.48162989659408,12.8752208229033));
#6207=CARTESIAN_POINT('Ctrl Pts',(100.595597116707,-6.0803273303554,12.9377039996888));
#6208=CARTESIAN_POINT('Ctrl Pts',(100.86041470101,-4.96212879949712,13.0001871764742));
#6209=CARTESIAN_POINT('Ctrl Pts',(100.078010158726,-4.12052982137447,13.0626703532597));
#6210=CARTESIAN_POINT('Ctrl Pts',(98.9435189412058,-4.30319204905144,13.1251535300451));
#6211=CARTESIAN_POINT('Ctrl Pts',(98.46483055927,-5.34785015428375,13.1876367068306));
#6212=CARTESIAN_POINT('Ctrl Pts',(99.0672288556314,-6.32640132770701,13.2501198836161));
#6213=CARTESIAN_POINT('Ctrl Pts',(100.215527436982,-6.369484669415,13.3126030604015));
#6214=CARTESIAN_POINT('Ctrl Pts',(100.889556493122,-5.43882229286366,13.375086237187));
#6215=CARTESIAN_POINT('Ctrl Pts',(100.490494187931,-4.36123424971013,13.4375694139725));
#6216=CARTESIAN_POINT('Ctrl Pts',(99.37287592172,-4.09407102562901,13.5000525907579));
#6217=CARTESIAN_POINT('Ctrl Pts',(98.5296160540538,-4.874686010577,13.5625357675434));
#6218=CARTESIAN_POINT('Ctrl Pts',(98.7098837221565,-6.00956504102915,13.6250189443289));
#6219=CARTESIAN_POINT('Ctrl Pts',(99.7535254535501,-6.49045879291483,13.6875021211143));
#6220=CARTESIAN_POINT('Ctrl Pts',(100.733348951931,-5.89013155458492,13.7499852978998));
#6221=CARTESIAN_POINT('Ctrl Pts',(100.778859289045,-4.74192613880804,13.8124684746853));
#6222=CARTESIAN_POINT('Ctrl Pts',(99.849624170963,-4.06593134139757,13.8749516514707));
#6223=CARTESIAN_POINT('Ctrl Pts',(98.7711947765699,-4.46271454882379,13.9374348282562));
#6224=CARTESIAN_POINT('Ctrl Pts',(98.5016694869461,-5.57976557228128,13.9999180050416));
#6225=CARTESIAN_POINT('Ctrl Pts',(99.2804999930884,-6.42467380011228,14.0624011818271));
#6226=CARTESIAN_POINT('Ctrl Pts',(100.415757598955,-6.24680575714636,14.1248843586126));
#6227=CARTESIAN_POINT('Ctrl Pts',(100.898856596189,-5.20418299234827,14.187367535398));
#6228=CARTESIAN_POINT('Ctrl Pts',(100.300602116017,-4.22309255586513,14.2498507121835));
#6229=CARTESIAN_POINT('Ctrl Pts',(99.1524954721723,-4.17515493577577,14.312333888969));
#6230=CARTESIAN_POINT('Ctrl Pts',(98.474537730505,-5.10295888307421,14.3748170657544));
#6231=CARTESIAN_POINT('Ctrl Pts',(98.8690401622166,-6.18222468782155,14.4373002425399));
#6232=CARTESIAN_POINT('Ctrl Pts',(99.9855189321553,-6.45411090559996,14.4997834193253));
#6233=CARTESIAN_POINT('Ctrl Pts',(100.832071695301,-5.67706830929004,14.5622665961108));
#6234=CARTESIAN_POINT('Ctrl Pts',(100.65660421465,-4.54143726119124,14.6247497728963));
#6235=CARTESIAN_POINT('Ctrl Pts',(99.6150047632565,-4.0561350764588,14.6872329496818));
#6236=CARTESIAN_POINT('Ctrl Pts',(98.6326524270159,-4.65231432278159,14.7497161264672));
#6237=CARTESIAN_POINT('Ctrl Pts',(98.5822863892279,-5.80031666106523,14.8121993032527));
#6238=CARTESIAN_POINT('Ctrl Pts',(99.5086577957488,-6.48023514221446,14.8746824800381));
#6239=CARTESIAN_POINT('Ctrl Pts',(100.588749475807,-6.08801355341655,14.9371656568236));
#6240=CARTESIAN_POINT('Ctrl Pts',(100.863007153355,-4.97211551413614,14.9996488336091));
#6241=CARTESIAN_POINT('Ctrl Pts',(100.08773178123,-4.12391482753728,15.0621320103945));
#6242=CARTESIAN_POINT('Ctrl Pts',(98.9517820504739,-4.29699571063662,15.12461518718));
#6243=CARTESIAN_POINT('Ctrl Pts',(98.4641766673876,-5.33753686129486,15.1870983639655));
#6244=CARTESIAN_POINT('Ctrl Pts',(99.0584881664273,-6.32120910421191,15.2495815407509));
#6245=CARTESIAN_POINT('Ctrl Pts',(100.205948842504,-6.37387509130958,15.3120647175364));
#6246=CARTESIAN_POINT('Ctrl Pts',(100.888716601852,-5.44920870725171,15.3745478943218));
#6247=CARTESIAN_POINT('Ctrl Pts',(100.496933165992,-4.36776375078115,15.4370310711073));
#6248=CARTESIAN_POINT('Ctrl Pts',(99.7564203706522,-4.18491861704468,15.4786865222976));
#6249=CARTESIAN_POINT('Ctrl Pts',(99.4275042049433,-4.26807900471569,15.4995142478928));
#6250=CARTESIAN_POINT('Ctrl Pts',(99.929263966927,-6.20286875004745,12.4569242669564));
#6251=CARTESIAN_POINT('Ctrl Pts',(100.233335836607,-6.12187283766479,12.4777519925516));
#6252=CARTESIAN_POINT('Ctrl Pts',(100.750959137946,-5.63961522277427,12.5194074437419));
#6253=CARTESIAN_POINT('Ctrl Pts',(100.580571527233,-4.58645826952314,12.5818906205274));
#6254=CARTESIAN_POINT('Ctrl Pts',(99.6100953374733,-4.14513468137301,12.6443737973128));
#6255=CARTESIAN_POINT('Ctrl Pts',(98.7039507607916,-4.70548781401102,12.7068569740983));
#6256=CARTESIAN_POINT('Ctrl Pts',(98.6660994008734,-5.77077930909503,12.7693401508837));
#6257=CARTESIAN_POINT('Ctrl Pts',(99.5306920334889,-6.39405482164562,12.8318233276692));
#6258=CARTESIAN_POINT('Ctrl Pts',(100.529352953312,-6.02184056421017,12.8943065044547));
#6259=CARTESIAN_POINT('Ctrl Pts',(100.774975306094,-4.98469435373394,12.9567896812402));
#6260=CARTESIAN_POINT('Ctrl Pts',(100.049283147059,-4.20409845165328,13.0192728580256));
#6261=CARTESIAN_POINT('Ctrl Pts',(98.9970252209405,-4.37352045678408,13.0817560348111));
#6262=CARTESIAN_POINT('Ctrl Pts',(98.5530344378881,-5.34245679964741,13.1442392115965));
#6263=CARTESIAN_POINT('Ctrl Pts',(99.111768055423,-6.25007795391061,13.206722388382));
#6264=CARTESIAN_POINT('Ctrl Pts',(100.17683252231,-6.29003841115857,13.2692055651675));
#6265=CARTESIAN_POINT('Ctrl Pts',(100.802004763227,-5.4268348471795,13.3316887419529));
#6266=CARTESIAN_POINT('Ctrl Pts',(100.431868382118,-4.4273554841067,13.3941719187384));
#6267=CARTESIAN_POINT('Ctrl Pts',(99.3952603759626,-4.17955751461583,13.4566550955238));
#6268=CARTESIAN_POINT('Ctrl Pts',(98.6131239734712,-4.90358983189883,13.5191382723093));
#6269=CARTESIAN_POINT('Ctrl Pts',(98.7803249880356,-5.95620746043296,13.5816214490948));
#6270=CARTESIAN_POINT('Ctrl Pts',(99.7483186286452,-6.40224375778627,13.6441046258802));
#6271=CARTESIAN_POINT('Ctrl Pts',(100.657119883733,-5.8454310781974,13.7065878026657));
#6272=CARTESIAN_POINT('Ctrl Pts',(100.699331416277,-4.78045302380198,13.7690709794512));
#6273=CARTESIAN_POINT('Ctrl Pts',(99.8374516563196,-4.15345752784315,13.8315541562366));
#6274=CARTESIAN_POINT('Ctrl Pts',(98.837191927126,-4.52148001097666,13.8940373330221));
#6275=CARTESIAN_POINT('Ctrl Pts',(98.5872031057794,-5.55756189081805,13.9565205098076));
#6276=CARTESIAN_POINT('Ctrl Pts',(99.3095802917238,-6.34122717253016,14.019003686593));
#6277=CARTESIAN_POINT('Ctrl Pts',(100.362549054735,-6.1762518469184,14.0814868633785));
#6278=CARTESIAN_POINT('Ctrl Pts',(100.810630750819,-5.2092033133842,14.1439700401639));
#6279=CARTESIAN_POINT('Ctrl Pts',(100.25574058607,-4.29922695386248,14.2064532169494));
#6280=CARTESIAN_POINT('Ctrl Pts',(99.1908541441497,-4.25476407929872,14.2689363937349));
#6281=CARTESIAN_POINT('Ctrl Pts',(98.5620379874215,-5.11531640650207,14.3314195705203));
#6282=CARTESIAN_POINT('Ctrl Pts',(98.927945016256,-6.11635191906988,14.3939027473058));
#6283=CARTESIAN_POINT('Ctrl Pts',(99.9634961222212,-6.36853053732755,14.4563859240913));
#6284=CARTESIAN_POINT('Ctrl Pts',(100.748686735547,-5.64781166505102,14.5188691008767));
#6285=CARTESIAN_POINT('Ctrl Pts',(100.585937968135,-4.59449652866752,14.5813522776622));
#6286=CARTESIAN_POINT('Ctrl Pts',(99.6198385734083,-4.14437134253913,14.6438354544477));
#6287=CARTESIAN_POINT('Ctrl Pts',(98.7086917825943,-4.69733669620816,14.7063186312331));
#6288=CARTESIAN_POINT('Ctrl Pts',(98.6619765135369,-5.76212639312796,14.7688018080186));
#6289=CARTESIAN_POINT('Ctrl Pts',(99.5212001372967,-6.39276116566285,14.831284984804));
#6290=CARTESIAN_POINT('Ctrl Pts',(100.523001661825,-6.02896965345573,14.8937681615895));
#6291=CARTESIAN_POINT('Ctrl Pts',(100.777379845227,-4.99395718404281,14.956251338375));
#6292=CARTESIAN_POINT('Ctrl Pts',(100.058300100365,-4.20723809655293,15.0187345151605));
#6293=CARTESIAN_POINT('Ctrl Pts',(99.004689380951,-4.36777325829615,15.0812176919459));
#6294=CARTESIAN_POINT('Ctrl Pts',(98.5524279431833,-5.33289106293271,15.1437008687314));
#6295=CARTESIAN_POINT('Ctrl Pts',(99.1036609327298,-6.24526208734194,15.2061840455168));
#6296=CARTESIAN_POINT('Ctrl Pts',(100.167948229683,-6.29411059450053,15.2686672223023));
#6297=CARTESIAN_POINT('Ctrl Pts',(100.801225751251,-5.43646840510837,15.3311503990878));
#6298=CARTESIAN_POINT('Ctrl Pts',(100.437840632583,-4.43341169604512,15.3936335758732));
#6299=CARTESIAN_POINT('Ctrl Pts',(99.7510037084581,-4.26382004275145,15.4352890270635));
#6300=CARTESIAN_POINT('Ctrl Pts',(99.4459289427387,-4.34095257204258,15.4561167526587));
#6301=CARTESIAN_POINT('Ctrl Pts',(99.9099163782784,-6.13023474567442,12.4135267717223));
#6302=CARTESIAN_POINT('Ctrl Pts',(100.19022522366,-6.05556861261677,12.4343544973175));
#6303=CARTESIAN_POINT('Ctrl Pts',(100.667396591382,-5.61099912531516,12.4760099485078));
#6304=CARTESIAN_POINT('Ctrl Pts',(100.510324664681,-4.64014572186757,12.5384931252933));
#6305=CARTESIAN_POINT('Ctrl Pts',(99.615690575351,-4.23331129300626,12.6009763020787));
#6306=CARTESIAN_POINT('Ctrl Pts',(98.7803606242253,-4.74987318273667,12.6634594788642));
#6307=CARTESIAN_POINT('Ctrl Pts',(98.7454673241447,-5.73191282124765,12.7259426556497));
#6308=CARTESIAN_POINT('Ctrl Pts',(99.5424925893526,-6.30647974669718,12.7884258324351));
#6309=CARTESIAN_POINT('Ctrl Pts',(100.463108789917,-5.96335379806493,12.8509090092206));
#6310=CARTESIAN_POINT('Ctrl Pts',(100.689535911179,-5.00725990797077,12.913392186006));
#6311=CARTESIAN_POINT('Ctrl Pts',(100.020556135392,-4.2876670819321,12.9758753627915));
#6312=CARTESIAN_POINT('Ctrl Pts',(99.050531500675,-4.44384886451672,13.038358539577));
#6313=CARTESIAN_POINT('Ctrl Pts',(98.6412383165063,-5.33706344501108,13.1008417163625));
#6314=CARTESIAN_POINT('Ctrl Pts',(99.1563072552145,-6.1737545801142,13.1633248931479));
#6315=CARTESIAN_POINT('Ctrl Pts',(100.138137607639,-6.21059215290214,13.2258080699334));
#6316=CARTESIAN_POINT('Ctrl Pts',(100.714453033332,-5.41484740149534,13.2882912467188));
#6317=CARTESIAN_POINT('Ctrl Pts',(100.373242576306,-4.49347671850326,13.3507744235043));
#6318=CARTESIAN_POINT('Ctrl Pts',(99.4176448302051,-4.26504400360265,13.4132576002898));
#6319=CARTESIAN_POINT('Ctrl Pts',(98.6966318928885,-4.93249365322067,13.4757407770752));
#6320=CARTESIAN_POINT('Ctrl Pts',(98.8507662539148,-5.90284987983677,13.5382239538607));
#6321=CARTESIAN_POINT('Ctrl Pts',(99.7431118037404,-6.3140287226577,13.6007071306462));
#6322=CARTESIAN_POINT('Ctrl Pts',(100.580890815535,-5.80073060180988,13.6631903074316));
#6323=CARTESIAN_POINT('Ctrl Pts',(100.619803543508,-4.81897990879592,13.7256734842171));
#6324=CARTESIAN_POINT('Ctrl Pts',(99.8252791416762,-4.24098371428873,13.7881566610025));
#6325=CARTESIAN_POINT('Ctrl Pts',(98.903189077682,-4.58024547312953,13.850639837788));
#6326=CARTESIAN_POINT('Ctrl Pts',(98.6727367246126,-5.53535820935482,13.9131230145735));
#6327=CARTESIAN_POINT('Ctrl Pts',(99.3386605903592,-6.25778054494803,13.9756061913589));
#6328=CARTESIAN_POINT('Ctrl Pts',(100.309340510515,-6.10569793669044,14.0380893681444));
#6329=CARTESIAN_POINT('Ctrl Pts',(100.72240490545,-5.21422363442014,14.1005725449299));
#6330=CARTESIAN_POINT('Ctrl Pts',(100.210879056123,-4.37536135185983,14.1630557217153));
#6331=CARTESIAN_POINT('Ctrl Pts',(99.2292128161269,-4.33437322282168,14.2255388985008));
#6332=CARTESIAN_POINT('Ctrl Pts',(98.6495382443384,-5.12767392992995,14.2880220752863));
#6333=CARTESIAN_POINT('Ctrl Pts',(98.9868498702952,-6.05047915031821,14.3505052520717));
#6334=CARTESIAN_POINT('Ctrl Pts',(99.9414733122875,-6.28295016905514,14.4129884288572));
#6335=CARTESIAN_POINT('Ctrl Pts',(100.665301775793,-5.61855502081201,14.4754716056426));
#6336=CARTESIAN_POINT('Ctrl Pts',(100.515271721621,-4.64755579614381,14.5379547824281));
#6337=CARTESIAN_POINT('Ctrl Pts',(99.6246723835599,-4.23260760861945,14.6004379592136));
#6338=CARTESIAN_POINT('Ctrl Pts',(98.7847311381726,-4.74235906963474,14.662921135999));
#6339=CARTESIAN_POINT('Ctrl Pts',(98.7416666378461,-5.72393612519067,14.7254043127845));
#6340=CARTESIAN_POINT('Ctrl Pts',(99.5337424788443,-6.30528718911125,14.78788748957));
#6341=CARTESIAN_POINT('Ctrl Pts',(100.457253847843,-5.9699257534949,14.8503706663554));
#6342=CARTESIAN_POINT('Ctrl Pts',(100.691752537099,-5.01579885394947,14.9128538431409));
#6343=CARTESIAN_POINT('Ctrl Pts',(100.0288684195,-4.29056136556858,14.9753370199264));
#6344=CARTESIAN_POINT('Ctrl Pts',(99.0575967114282,-4.43855080595567,15.0378201967118));
#6345=CARTESIAN_POINT('Ctrl Pts',(98.640679218979,-5.32824526457055,15.1003033734973));
#6346=CARTESIAN_POINT('Ctrl Pts',(99.1488336990322,-6.16931507047198,15.1627865502827));
#6347=CARTESIAN_POINT('Ctrl Pts',(100.129947616861,-6.21434609769147,15.2252697270682));
#6348=CARTESIAN_POINT('Ctrl Pts',(100.713734900649,-5.42372810296503,15.2877529038537));
#6349=CARTESIAN_POINT('Ctrl Pts',(100.378748099175,-4.49905964130908,15.3502360806391));
#6350=CARTESIAN_POINT('Ctrl Pts',(99.7455870462641,-4.34272146845822,15.3918915318294));
#6351=CARTESIAN_POINT('Ctrl Pts',(99.4643536805342,-4.41382613936947,15.4127192574246));
#6352=CARTESIAN_POINT('Ctrl Pts',(99.8905687896297,-6.05760074130139,12.3701292764883));
#6353=CARTESIAN_POINT('Ctrl Pts',(100.147114610713,-5.98926438756874,12.3909570020834));
#6354=CARTESIAN_POINT('Ctrl Pts',(100.583834044818,-5.58238302785605,12.4326124532737));
#6355=CARTESIAN_POINT('Ctrl Pts',(100.440077802129,-4.69383317421201,12.4950956300592));
#6356=CARTESIAN_POINT('Ctrl Pts',(99.6212858132286,-4.3214879046395,12.5575788068446));
#6357=CARTESIAN_POINT('Ctrl Pts',(98.856770487659,-4.79425855146232,12.6200619836301));
#6358=CARTESIAN_POINT('Ctrl Pts',(98.824835247416,-5.69304633340028,12.6825451604156));
#6359=CARTESIAN_POINT('Ctrl Pts',(99.5542931452163,-6.21890467174873,12.745028337201));
#6360=CARTESIAN_POINT('Ctrl Pts',(100.396864626522,-5.9048670319197,12.8075115139865));
#6361=CARTESIAN_POINT('Ctrl Pts',(100.604096516264,-5.02982546220759,12.869994690772));
#6362=CARTESIAN_POINT('Ctrl Pts',(99.9918291237245,-4.37123571221091,12.9324778675574));
#6363=CARTESIAN_POINT('Ctrl Pts',(99.1040377804097,-4.51417727224937,12.9949610443429));
#6364=CARTESIAN_POINT('Ctrl Pts',(98.7294421951244,-5.33167009037473,13.0574442211284));
#6365=CARTESIAN_POINT('Ctrl Pts',(99.2008464550061,-6.09743120631781,13.1199273979138));
#6366=CARTESIAN_POINT('Ctrl Pts',(100.099442692967,-6.1311458946457,13.1824105746993));
#6367=CARTESIAN_POINT('Ctrl Pts',(100.626901303438,-5.40285995581118,13.2448937514847));
#6368=CARTESIAN_POINT('Ctrl Pts',(100.314616770494,-4.55959795289982,13.3073769282702));
#6369=CARTESIAN_POINT('Ctrl Pts',(99.4400292844476,-4.35053049258947,13.3698601050557));
#6370=CARTESIAN_POINT('Ctrl Pts',(98.7801398123057,-4.96139747454251,13.4323432818411));
#6371=CARTESIAN_POINT('Ctrl Pts',(98.921207519794,-5.84949229924058,13.4948264586266));
#6372=CARTESIAN_POINT('Ctrl Pts',(99.7379049788354,-6.22581368752913,13.5573096354121));
#6373=CARTESIAN_POINT('Ctrl Pts',(100.504661747337,-5.75603012542237,13.6197928121975));
#6374=CARTESIAN_POINT('Ctrl Pts',(100.540275670739,-4.85750679378985,13.682275988983));
#6375=CARTESIAN_POINT('Ctrl Pts',(99.8131066270327,-4.32850990073431,13.7447591657685));
#6376=CARTESIAN_POINT('Ctrl Pts',(98.969186228238,-4.6390109352824,13.8072423425539));
#6377=CARTESIAN_POINT('Ctrl Pts',(98.7582703434457,-5.5131545278916,13.8697255193394));
#6378=CARTESIAN_POINT('Ctrl Pts',(99.3677408889947,-6.1743339173659,13.9322086961248));
#6379=CARTESIAN_POINT('Ctrl Pts',(100.256131966295,-6.03514402646249,13.9946918729103));
#6380=CARTESIAN_POINT('Ctrl Pts',(100.63417906008,-5.21924395545608,14.0571750496958));
#6381=CARTESIAN_POINT('Ctrl Pts',(100.166017526176,-4.45149574985718,14.1196582264812));
#6382=CARTESIAN_POINT('Ctrl Pts',(99.2675714881043,-4.41398236634463,14.1821414032667));
#6383=CARTESIAN_POINT('Ctrl Pts',(98.7370385012548,-5.14003145335781,14.2446245800522));
#6384=CARTESIAN_POINT('Ctrl Pts',(99.0457547243348,-5.98460638156655,14.3071077568376));
#6385=CARTESIAN_POINT('Ctrl Pts',(99.9194505023534,-6.19736980078272,14.3695909336231));
#6386=CARTESIAN_POINT('Ctrl Pts',(100.581916816039,-5.589298376573,14.4320741104086));
#6387=CARTESIAN_POINT('Ctrl Pts',(100.444605475106,-4.70061506362009,14.494557287194));
#6388=CARTESIAN_POINT('Ctrl Pts',(99.6295061937116,-4.32084387469977,14.5570404639795));
#6389=CARTESIAN_POINT('Ctrl Pts',(98.860770493751,-4.78738144306133,14.6195236407649));
#6390=CARTESIAN_POINT('Ctrl Pts',(98.8213567621551,-5.68574585725339,14.6820068175504));
#6391=CARTESIAN_POINT('Ctrl Pts',(99.546284820392,-6.21781321255965,14.7444899943359));
#6392=CARTESIAN_POINT('Ctrl Pts',(100.391506033861,-5.91088185353409,14.8069731711213));
#6393=CARTESIAN_POINT('Ctrl Pts',(100.606125228972,-5.03764052385614,14.8694563479068));
#6394=CARTESIAN_POINT('Ctrl Pts',(99.999436738635,-4.37388463458423,14.9319395246923));
#6395=CARTESIAN_POINT('Ctrl Pts',(99.1105040419054,-4.5093283536152,14.9944227014777));
#6396=CARTESIAN_POINT('Ctrl Pts',(98.7289304947747,-5.3235994662084,15.0569058782632));
#6397=CARTESIAN_POINT('Ctrl Pts',(99.1940064653347,-6.09336805360202,15.1193890550487));
#6398=CARTESIAN_POINT('Ctrl Pts',(100.091947004039,-6.1345816008824,15.1818722318341));
#6399=CARTESIAN_POINT('Ctrl Pts',(100.626244050048,-5.4109878008217,15.2443554086196));
#6400=CARTESIAN_POINT('Ctrl Pts',(100.319655565766,-4.56470758657304,15.306838585405));
#6401=CARTESIAN_POINT('Ctrl Pts',(99.74017038407,-4.42162289416499,15.3484940365954));
#6402=CARTESIAN_POINT('Ctrl Pts',(99.4827784183296,-4.48669970669636,15.3693217621905));
#6403=CARTESIAN_POINT('Ctrl Pts',(99.4827784183296,-4.48669970669636,15.3693217621905));
#6404=CARTESIAN_POINT('Ctrl Pts',(99.5168346725974,-4.47299071686147,15.3693217621905));
#6405=CARTESIAN_POINT('Ctrl Pts',(99.5517344995434,-4.46184340855351,15.3693217621905));
#6406=CARTESIAN_POINT('Ctrl Pts',(99.5872059365698,-4.45313096426026,15.3693217621905));
#6407=CARTESIAN_POINT('Ctrl Pts',(99.6236691419109,-4.44417492323348,15.3693217621905));
#6408=CARTESIAN_POINT('Ctrl Pts',(99.6607372296098,-4.43779148184444,15.3693217621905));
#6409=CARTESIAN_POINT('Ctrl Pts',(99.6981499738919,-4.43388792076483,15.3693217621905));
#6410=CARTESIAN_POINT('Ctrl Pts',(99.724751060833,-4.43111242354721,15.3693217621905));
#6411=CARTESIAN_POINT('Ctrl Pts',(99.7515271751344,-4.42959156632823,15.3693217621905));
#6412=CARTESIAN_POINT('Ctrl Pts',(99.7783912139515,-4.42930654547609,15.3693217621905));
#6413=CARTESIAN_POINT('Ctrl Pts',(99.7899958293663,-4.42918342335745,15.3693217621905));
#6414=CARTESIAN_POINT('Ctrl Pts',(99.8016233398653,-4.42929146356673,15.3693217621905));
#6415=CARTESIAN_POINT('Ctrl Pts',(99.8132316033676,-4.42962821113351,15.3693217621905));
#6416=CARTESIAN_POINT('Ctrl Pts',(99.8523376975248,-4.43076265144419,15.3693217621905));
#6417=CARTESIAN_POINT('Ctrl Pts',(99.8912815424352,-4.43448561500795,15.3693217621905));
#6418=CARTESIAN_POINT('Ctrl Pts',(99.9297871652103,-4.44069042987391,15.3693217621905));
#6419=CARTESIAN_POINT('Ctrl Pts',(99.9665970588363,-4.44662199411631,15.3693217621905));
#6420=CARTESIAN_POINT('Ctrl Pts',(100.003007580327,-4.45482190113211,15.3693217621905));
#6421=CARTESIAN_POINT('Ctrl Pts',(100.038790510192,-4.46523732743094,15.3693217621905));
#6422=CARTESIAN_POINT('Ctrl Pts',(100.063063529055,-4.47230253533792,15.3693217621905));
#6423=CARTESIAN_POINT('Ctrl Pts',(100.087048017684,-4.48038802365024,15.3693217621905));
#6424=CARTESIAN_POINT('Ctrl Pts',(100.110672599096,-4.48948775794803,15.3693217621905));
#6425=CARTESIAN_POINT('Ctrl Pts',(100.121103845891,-4.49350567354903,15.3693217621905));
#6426=CARTESIAN_POINT('Ctrl Pts',(100.131469599771,-4.49772366641448,15.3693217621905));
#6427=CARTESIAN_POINT('Ctrl Pts',(100.141735065095,-4.50212886134353,15.3693217621905));
#6428=CARTESIAN_POINT('Ctrl Pts',(100.179664360347,-4.51840537038028,15.3693217621905));
#6429=CARTESIAN_POINT('Ctrl Pts',(100.216290521698,-4.53725629017253,15.3693217621905));
#6430=CARTESIAN_POINT('Ctrl Pts',(100.251320797488,-4.55859508816508,15.3693217621905));
#6431=CARTESIAN_POINT('Ctrl Pts',(100.267377607967,-4.56837614262402,15.3693217621905));
#6432=CARTESIAN_POINT('Ctrl Pts',(100.283099195583,-4.57868062888973,15.3693217621905));
#6433=CARTESIAN_POINT('Ctrl Pts',(100.29845717677,-4.58950387187949,15.3693217621905));
#6434=CARTESIAN_POINT('Ctrl Pts',(100.330917867158,-4.61237992149902,15.3693217621905));
#6435=CARTESIAN_POINT('Ctrl Pts',(100.361755897232,-4.63757036258361,15.3693217621905));
#6436=CARTESIAN_POINT('Ctrl Pts',(100.390896643195,-4.66482107138587,15.3693217621905));
#6437=CARTESIAN_POINT('Ctrl Pts',(100.399765915753,-4.67311509255013,15.3693217621905));
#6438=CARTESIAN_POINT('Ctrl Pts',(100.408477792831,-4.68160028368414,15.3693217621905));
#6439=CARTESIAN_POINT('Ctrl Pts',(100.417029688099,-4.6902702596345,15.3693217621905));
#6440=CARTESIAN_POINT('Ctrl Pts',(100.422859081604,-4.69618014275601,15.3693217621905));
#6441=CARTESIAN_POINT('Ctrl Pts',(100.428606973463,-4.70216864598079,15.3693217621905));
#6442=CARTESIAN_POINT('Ctrl Pts',(100.434272215165,-4.70823229590278,15.3693217621905));
#6443=CARTESIAN_POINT('Ctrl Pts',(100.462555657482,-4.73850477178738,15.3693217621905));
#6444=CARTESIAN_POINT('Ctrl Pts',(100.488786775042,-4.77065230969402,15.3693217621905));
#6445=CARTESIAN_POINT('Ctrl Pts',(100.512903261667,-4.8043677852167,15.3693217621905));
#6446=CARTESIAN_POINT('Ctrl Pts',(100.537625457384,-4.83893005780184,15.3693217621905));
#6447=CARTESIAN_POINT('Ctrl Pts',(100.560126248106,-4.87514076977764,15.3693217621905));
#6448=CARTESIAN_POINT('Ctrl Pts',(100.580310585966,-4.91271662157498,15.3693217621905));
#6449=CARTESIAN_POINT('Ctrl Pts',(100.591295207208,-4.93316596713731,15.3693217621905));
#6450=CARTESIAN_POINT('Ctrl Pts',(100.601593214134,-4.95402037862675,15.3693217621905));
#6451=CARTESIAN_POINT('Ctrl Pts',(100.611184645454,-4.97523859081673,15.3693217621905));
#6452=CARTESIAN_POINT('Ctrl Pts',(100.615115627352,-4.98393472857168,15.3693217621905));
#6453=CARTESIAN_POINT('Ctrl Pts',(100.618928750126,-4.99269408801424,15.3693217621905));
#6454=CARTESIAN_POINT('Ctrl Pts',(100.622619666125,-5.00150724959542,15.3693217621905));
#6455=CARTESIAN_POINT('Ctrl Pts',(100.639749275276,-5.0424092948683,15.3693217621905));
#6456=CARTESIAN_POINT('Ctrl Pts',(100.654194360509,-5.08433163437847,15.3693217621905));
#6457=CARTESIAN_POINT('Ctrl Pts',(100.66585706259,-5.12696376575956,15.3693217621905));
#6458=CARTESIAN_POINT('Ctrl Pts',(100.672427662714,-5.15098210093947,15.3693217621905));
#6459=CARTESIAN_POINT('Ctrl Pts',(100.678114491689,-5.17522647096759,15.3693217621905));
#6460=CARTESIAN_POINT('Ctrl Pts',(100.682894292893,-5.19964579456221,15.3693217621905));
#6461=CARTESIAN_POINT('Ctrl Pts',(100.685311392644,-5.21199441294273,15.3693217621905));
#6462=CARTESIAN_POINT('Ctrl Pts',(100.687496472724,-5.22438781222865,15.3693217621905));
#6463=CARTESIAN_POINT('Ctrl Pts',(100.689446055328,-5.23681959638786,15.3693217621905));
#6464=CARTESIAN_POINT('Ctrl Pts',(100.69104993185,-5.24704693771123,15.3693217621905));
#6465=CARTESIAN_POINT('Ctrl Pts',(100.692494037488,-5.25729864803896,15.3693217621905));
#6466=CARTESIAN_POINT('Ctrl Pts',(100.693775296656,-5.26755916105252,15.3693217621905));
#6467=CARTESIAN_POINT('Ctrl Pts',(100.699349327556,-5.31219682530798,15.3693217621905));
#6468=CARTESIAN_POINT('Ctrl Pts',(100.701854885595,-5.35706015072125,15.3693217621905));
#6469=CARTESIAN_POINT('Ctrl Pts',(100.701168657614,-5.40184994901281,15.3693217621905));
#6470=CARTESIAN_POINT('Ctrl Pts',(100.701066882177,-5.40849278703188,15.3693217621905));
#6471=CARTESIAN_POINT('Ctrl Pts',(100.700894813834,-5.41513404560672,15.3693217621905));
#6472=CARTESIAN_POINT('Ctrl Pts',(100.700651957791,-5.42177278311317,15.3693217621905));
#6473=CARTESIAN_POINT('Ctrl Pts',(100.699618294342,-5.45002911233683,15.3693217621905));
#6474=CARTESIAN_POINT('Ctrl Pts',(100.697302986342,-5.47823969651858,15.3693217621905));
#6475=CARTESIAN_POINT('Ctrl Pts',(100.693756506325,-5.50634673724103,15.3693217621905));
#6476=CARTESIAN_POINT('Ctrl Pts',(100.492991295387,-5.27276862144985,12.8535563903862));
#6477=CARTESIAN_POINT('Ctrl Pts',(100.493579371944,-5.20288873865786,12.8590358238481));
#6478=CARTESIAN_POINT('Ctrl Pts',(100.485273003653,-5.13314631224553,12.86451525731));
#6479=CARTESIAN_POINT('Ctrl Pts',(100.467513302551,-5.06590076549349,12.869994690772));
#6480=CARTESIAN_POINT('Ctrl Pts',(100.400007385418,-4.81029554554202,12.8908224163671));
#6481=CARTESIAN_POINT('Ctrl Pts',(100.195918254571,-4.59076562887646,12.9116501419623));
#6482=CARTESIAN_POINT('Ctrl Pts',(99.9459084652619,-4.50482426388342,12.9324778675574));
#6483=CARTESIAN_POINT('Ctrl Pts',(99.6958986759529,-4.41888289889038,12.9533055931526));
#6484=CARTESIAN_POINT('Ctrl Pts',(99.3999682281813,-4.46653008556987,12.9741333187477));
#6485=CARTESIAN_POINT('Ctrl Pts',(99.1895704067479,-4.6266024819305,12.9949610443429));
#6486=CARTESIAN_POINT('Ctrl Pts',(98.9791725853146,-4.78667487829114,13.0157887699381));
#6487=CARTESIAN_POINT('Ctrl Pts',(98.8543073902195,-5.05917248433293,13.0366164955332));
#6488=CARTESIAN_POINT('Ctrl Pts',(98.8704421693189,-5.32304814001101,13.0574442211284));
#6489=CARTESIAN_POINT('Ctrl Pts',(98.8865769484183,-5.58692379568909,13.0782719467235));
#6490=CARTESIAN_POINT('Ctrl Pts',(99.0437117017122,-5.84217750100346,13.0990996723187));
#6491=CARTESIAN_POINT('Ctrl Pts',(99.2720451180193,-5.97542346838196,13.1199273979138));
#6492=CARTESIAN_POINT('Ctrl Pts',(99.5003785343264,-6.10866943576046,13.140755123509));
#6493=CARTESIAN_POINT('Ctrl Pts',(99.7999106136468,-6.11990766520309,13.1615828491041));
#6494=CARTESIAN_POINT('Ctrl Pts',(100.037586421719,-6.00414579011865,13.1824105746993));
#6495=CARTESIAN_POINT('Ctrl Pts',(100.275262229791,-5.88838391503421,13.2032383002944));
#6496=CARTESIAN_POINT('Ctrl Pts',(100.451081766614,-5.6456219354227,13.2240660258896));
#6497=CARTESIAN_POINT('Ctrl Pts',(100.486944112869,-5.38369727846504,13.2448937514848));
#6498=CARTESIAN_POINT('Ctrl Pts',(100.491916052065,-5.34738416445053,13.2477812977852));
#6499=CARTESIAN_POINT('Ctrl Pts',(100.494197885002,-5.31070272610726,13.2506688440857));
#6500=CARTESIAN_POINT('Ctrl Pts',(100.493912831182,-5.27398569255236,13.2535563903862));
#6501=CARTESIAN_POINT('Origin',(11.7744489457327,-9.99302551876212,9.00032176219051));
#6502=CARTESIAN_POINT('',(12.9478616193792,44.0008070469574,12.2977605709216));
#6503=CARTESIAN_POINT('Origin',(11.7744489457327,44.0008070469574,9.00032176219051));
#6504=CARTESIAN_POINT('',(15.2744489457327,62.6181833974002,9.00032176219051));
#6505=CARTESIAN_POINT('Origin',(11.7744489457327,66.1181833974002,9.00032176219051));
#6506=CARTESIAN_POINT('',(15.2744489457327,-38.3262886885242,9.00032176219051));
#6507=CARTESIAN_POINT('',(15.2744489457327,-9.99302551876212,9.00032176219051));
#6508=CARTESIAN_POINT('Origin',(11.7744489457327,-41.8262886885242,9.00032176219051));
#6509=CARTESIAN_POINT('',(12.9478616193792,-18.9991929530426,12.2977605709216));
#6510=CARTESIAN_POINT('Origin',(11.7744489457327,-18.9991929530426,9.00032176219051));
#6511=CARTESIAN_POINT('',(12.9478616193792,-10.9991929530426,12.2977605709216));
#6512=CARTESIAN_POINT('',(12.9478616193792,-9.99302551876212,12.2977605709216));
#6513=CARTESIAN_POINT('Origin',(11.7744489457327,-10.9991929530426,9.00032176219051));
#6514=CARTESIAN_POINT('',(12.9478616193792,36.0008070469574,12.2977605709216));
#6515=CARTESIAN_POINT('Origin',(11.7744489457327,36.0008070469574,9.00032176219051));
#6516=CARTESIAN_POINT('',(12.9478616193792,-9.99302551876212,12.2977605709216));
#6517=CARTESIAN_POINT('Origin',(55.2161162156141,-41.8262886885242,9.00032176219051));
#6518=CARTESIAN_POINT('',(69.7320384065783,-38.3262886885242,9.00032176219051));
#6519=CARTESIAN_POINT('',(55.2161162156141,-38.3262886885242,9.00032176219051));
#6520=CARTESIAN_POINT('',(70.1835816814183,-38.3621870733864,9.50032176219051));
#6521=CARTESIAN_POINT('Ctrl Pts',(69.7320384065783,-38.3262886885241,9.0003217621905));
#6522=CARTESIAN_POINT('Ctrl Pts',(69.790520612035,-38.3262886885241,9.06428787540676));
#6523=CARTESIAN_POINT('Ctrl Pts',(69.8487726948442,-38.3280422510462,9.12832104876739));
#6524=CARTESIAN_POINT('Ctrl Pts',(69.9067477457311,-38.3315604380873,9.19234898838135));
#6525=CARTESIAN_POINT('Ctrl Pts',(69.9841878061265,-38.3362598495199,9.27787418300994));
#6526=CARTESIAN_POINT('Ctrl Pts',(70.060843532591,-38.3440803666346,9.36306856782684));
#6527=CARTESIAN_POINT('Ctrl Pts',(70.1368489896304,-38.3550398312769,9.44802441001573));
#6528=CARTESIAN_POINT('Ctrl Pts',(70.1524534301913,-38.3572898843816,9.46546642591012));
#6529=CARTESIAN_POINT('Ctrl Pts',(70.1680305569703,-38.3596722469511,9.48289853355792));
#6530=CARTESIAN_POINT('Ctrl Pts',(70.1835816814184,-38.3621870733864,9.50032176219051));
#6531=CARTESIAN_POINT('',(62.7828146166346,-38.3621870733864,9.50032176219051));
#6532=CARTESIAN_POINT('',(55.2161162156141,-38.3621870733864,9.50032176219051));
#6533=CARTESIAN_POINT('Ctrl Pts',(61.2059159869773,-41.8262886885242,12.5003217621905));
#6534=CARTESIAN_POINT('Ctrl Pts',(61.2229189314361,-41.3634589797688,12.5003217621905));
#6535=CARTESIAN_POINT('Ctrl Pts',(61.3099986092748,-40.883895041633,12.4033286834022));
#6536=CARTESIAN_POINT('Ctrl Pts',(61.591659075698,-40.0237694309583,12.0366822902666));
#6537=CARTESIAN_POINT('Ctrl Pts',(61.7845098678754,-39.6422875707345,11.7678617638517));
#6538=CARTESIAN_POINT('Ctrl Pts',(62.1621280212417,-39.043127779264,11.1650543753631));
#6539=CARTESIAN_POINT('Ctrl Pts',(62.3769917418938,-38.7810766810588,10.7859163407697));
#6540=CARTESIAN_POINT('Ctrl Pts',(62.6508609749599,-38.4870302757496,10.0897161160281));
#6541=CARTESIAN_POINT('Ctrl Pts',(62.7369505382755,-38.4051852405693,9.79822180296275));
#6542=CARTESIAN_POINT('Ctrl Pts',(62.7828146166346,-38.3621870733864,9.50032176219052));
#6543=CARTESIAN_POINT('Origin',(27.7438801726519,66.1181833974002,9.00032176219051));
#6544=CARTESIAN_POINT('',(63.2514876130261,62.6540817822625,9.50032176219051));
#6545=CARTESIAN_POINT('Ctrl Pts',(63.2514876130261,62.6540817822625,9.50032176219051));
#6546=CARTESIAN_POINT('Ctrl Pts',(63.2380711055637,62.6638911243168,9.56828287749833));
#6547=CARTESIAN_POINT('Ctrl Pts',(63.2221086893653,62.6756621872202,9.63568601894416));
#6548=CARTESIAN_POINT('Ctrl Pts',(63.1416462345577,62.7359671967854,9.9301996548587));
#6549=CARTESIAN_POINT('Ctrl Pts',(63.0528859891794,62.8047261648879,10.1501936407524));
#6550=CARTESIAN_POINT('Ctrl Pts',(62.7452133129107,63.0682011724649,10.7758289730247));
#6551=CARTESIAN_POINT('Ctrl Pts',(62.4876668396448,63.3231793161555,11.1482235167288));
#6552=CARTESIAN_POINT('Ctrl Pts',(62.029468620408,63.91091310299,11.749077821929));
#6553=CARTESIAN_POINT('Ctrl Pts',(61.791391099884,64.2897225042082,12.0217448253351));
#6554=CARTESIAN_POINT('Ctrl Pts',(61.4211239898936,65.1543611388651,12.3978670585708));
#6555=CARTESIAN_POINT('Ctrl Pts',(61.2903267288523,65.6412206909154,12.5003217621905));
#6556=CARTESIAN_POINT('Ctrl Pts',(61.2353878376188,66.1181833974002,12.5003217621905));
#6557=CARTESIAN_POINT('',(70.1835816814183,62.6540817822625,9.50032176219051));
#6558=CARTESIAN_POINT('',(27.7438801726519,62.6540817822625,9.50032176219051));
#6559=CARTESIAN_POINT('',(69.7320384065789,62.6181833974002,9.00032176219081));
#6560=CARTESIAN_POINT('Ctrl Pts',(70.1835816798964,62.6540817822625,9.50032176354892));
#6561=CARTESIAN_POINT('Ctrl Pts',(70.170985481641,62.652044807486,9.48620918978234));
#6562=CARTESIAN_POINT('Ctrl Pts',(70.1583861960585,62.6500972918102,9.47210645040273));
#6563=CARTESIAN_POINT('Ctrl Pts',(70.1457850470211,62.6482386052907,9.45801505554866));
#6564=CARTESIAN_POINT('Ctrl Pts',(70.0417784906613,62.6328974976125,9.34170840377167));
#6565=CARTESIAN_POINT('Ctrl Pts',(69.9370166854486,62.6235133014196,9.2254729546987));
#6566=CARTESIAN_POINT('Ctrl Pts',(69.8317912394316,62.6198938152549,9.10973894928218));
#6567=CARTESIAN_POINT('Ctrl Pts',(69.7985825949991,62.6187515228378,9.07321385406903));
#6568=CARTESIAN_POINT('Ctrl Pts',(69.7653275626793,62.6181833974002,9.03673837468885));
#6569=CARTESIAN_POINT('Ctrl Pts',(69.7320347334856,62.6181833974002,9.00032512051922));
#6570=CARTESIAN_POINT('',(27.7438801726519,62.6181833974002,9.00032176219051));
#6571=CARTESIAN_POINT('Origin',(13.8249099241307,-14.9991929530426,10.5003217621905));
#6572=CARTESIAN_POINT('',(12.2322187721827,-18.9991929530426,9.29063796280048));
#6573=CARTESIAN_POINT('Origin',(13.8249099241307,-18.9991929530426,10.5003217621905));
#6574=CARTESIAN_POINT('',(12.2322187721827,-10.9991929530426,9.29063796280048));
#6575=CARTESIAN_POINT('',(12.2322187721827,-14.9991929530426,9.29063796280048));
#6576=CARTESIAN_POINT('Origin',(13.8249099241307,-10.9991929530426,10.5003217621905));
#6577=CARTESIAN_POINT('Origin',(0.,-18.9991929530426,2.99283336850157));
#6578=CARTESIAN_POINT('',(10.6529631867483,-18.9991929530426,-6.61776683238941));
#6579=CARTESIAN_POINT('Origin',(0.,-18.9991929530426,0.));
#6580=CARTESIAN_POINT('',(10.9877330289803,-18.9991929530426,-8.46554236487263));
#6581=CARTESIAN_POINT('Origin',(11.8421800888588,-18.9991929530426,-7.35652468157583));
#6582=CARTESIAN_POINT('',(12.9662045545813,-18.9991929530426,-8.04727166258536));
#6583=CARTESIAN_POINT('Origin',(11.7766788345661,-18.9991929530426,-7.30901116559106));
#6584=CARTESIAN_POINT('',(15.2406061327258,-18.9991929530426,-0.77779590498795));
#6585=CARTESIAN_POINT('Origin',(0.,-18.9991929530426,0.));
#6586=CARTESIAN_POINT('',(15.2744489457327,-18.9991929530426,-0.499678237809487));
#6587=CARTESIAN_POINT('Ctrl Pts',(15.2744489457327,-18.9991929530426,-0.499678237809487));
#6588=CARTESIAN_POINT('Ctrl Pts',(15.2566878377482,-18.9991929530426,-0.591441435596629));
#6589=CARTESIAN_POINT('Ctrl Pts',(15.2453699318628,-18.9991929530426,-0.684451126651174));
#6590=CARTESIAN_POINT('Ctrl Pts',(15.2406061327258,-18.9991929530426,-0.77779590498795));
#6591=CARTESIAN_POINT('',(15.2744489457327,-18.9991929530426,1.62306477091202));
#6592=CARTESIAN_POINT('',(15.2744489457327,-18.9991929530426,7.74657756534604));
#6593=CARTESIAN_POINT('Origin',(0.,-18.9991929530426,0.));
#6594=CARTESIAN_POINT('Origin',(66.2025453925181,-42.0098495331646,12.5003217621905));
#6595=CARTESIAN_POINT('',(61.2025453925181,-42.0098495331646,9.50032176219051));
#6596=CARTESIAN_POINT('Origin',(66.2025453925181,-42.0098495331646,9.50032176219051));
#6597=CARTESIAN_POINT('',(61.2025453925181,-42.0098495331646,12.5003217621905));
#6598=CARTESIAN_POINT('Origin',(74.8639374637271,-45.6168987038931,9.50032176219051));
#6599=CARTESIAN_POINT('',(70.1835816814184,-38.3262886885242,9.50032176219051));
#6600=CARTESIAN_POINT('Ctrl Pts',(70.1835816814183,-38.3621870733864,9.50032176219051));
#6601=CARTESIAN_POINT('Ctrl Pts',(70.1835816814183,-38.350220945099,9.50032176219051));
#6602=CARTESIAN_POINT('Ctrl Pts',(70.1835816814184,-38.3382548168116,9.50032176219051));
#6603=CARTESIAN_POINT('Ctrl Pts',(70.1835816814184,-38.3262886885242,9.50032176219051));
#6604=CARTESIAN_POINT('',(70.1835816814183,-37.0098495331646,9.50032176219051));
#6605=CARTESIAN_POINT('Ctrl Pts',(70.1835816814184,-38.3262886885242,9.50032176219051));
#6606=CARTESIAN_POINT('Ctrl Pts',(70.1835816814184,-37.8874756367376,9.50032176219051));
#6607=CARTESIAN_POINT('Ctrl Pts',(70.1835816814183,-37.4486625849511,9.50032176219051));
#6608=CARTESIAN_POINT('Ctrl Pts',(70.1835816814183,-37.0098495331646,9.50032176219051));
#6609=CARTESIAN_POINT('',(88.525329534936,-37.0098495331646,9.50032176219051));
#6610=CARTESIAN_POINT('',(66.2025453925181,-37.0098495331646,9.50032176219051));
#6611=CARTESIAN_POINT('',(61.2025453925181,-54.2239478746217,9.50032176219051));
#6612=CARTESIAN_POINT('Origin',(38.3493626824005,12.3402376509999,9.50032176219051));
#6613=CARTESIAN_POINT('',(61.2025453925181,-54.2239478746217,9.50032176219051));
#6614=CARTESIAN_POINT('',(72.8643660831872,-42.90029613521,9.50032176219051));
#6615=CARTESIAN_POINT('Origin',(71.3643660831872,-42.90029613521,9.50032176219051));
#6616=CARTESIAN_POINT('Origin',(70.218921031657,-38.3262886885242,12.5003217621905));
#6617=CARTESIAN_POINT('',(15.2744489457327,-38.3262886885242,-1.58550557529555));
#6618=CARTESIAN_POINT('',(15.2744489457327,-38.3262886885242,12.5003217621905));
#6619=CARTESIAN_POINT('',(17.0062406690182,-38.3262886885242,-0.428238712321953));
#6620=CARTESIAN_POINT('Ctrl Pts',(15.2744489457327,-38.3262886885242,-1.58550557529555));
#6621=CARTESIAN_POINT('Ctrl Pts',(15.2896222313775,-38.3262886885242,-1.55276781224411));
#6622=CARTESIAN_POINT('Ctrl Pts',(15.3056747027503,-38.3262886885242,-1.52043668518153));
#6623=CARTESIAN_POINT('Ctrl Pts',(15.3225982307843,-38.3262886885242,-1.4885680830115));
#6624=CARTESIAN_POINT('Ctrl Pts',(15.4311153496989,-38.3262886885242,-1.2842200957376));
#6625=CARTESIAN_POINT('Ctrl Pts',(15.5754471511404,-38.3262886885242,-1.09888945018674));
#6626=CARTESIAN_POINT('Ctrl Pts',(15.7469978622946,-38.3262886885242,-0.943634681599558));
#6627=CARTESIAN_POINT('Ctrl Pts',(15.9185485734489,-38.3262886885242,-0.788379913012373));
#6628=CARTESIAN_POINT('Ctrl Pts',(16.1173181943158,-38.3262886885242,-0.663201021388854));
#6629=CARTESIAN_POINT('Ctrl Pts',(16.3314432119525,-38.3262886885242,-0.575560163084181));
#6630=CARTESIAN_POINT('Ctrl Pts',(16.5455682295892,-38.3262886885242,-0.487919304779509));
#6631=CARTESIAN_POINT('Ctrl Pts',(16.7750486439958,-38.3262886885242,-0.437816479793682));
#6632=CARTESIAN_POINT('Ctrl Pts',(17.0062406690182,-38.3262886885242,-0.428238712321953));
#6633=CARTESIAN_POINT('Ctrl Pts',(17.0062406701548,-38.3262886885242,-0.428238712274865));
#6634=CARTESIAN_POINT('Ctrl Pts',(62.8481133254324,-38.3262886885242,1.47088733552395));
#6635=CARTESIAN_POINT('Ctrl Pts',(69.7320384065783,-38.3262886885242,9.00032176219051));
#6636=CARTESIAN_POINT('Origin',(15.2744489457327,-32.3262886885242,12.5003217621905));
#6637=CARTESIAN_POINT('',(15.2744489457327,62.6181833974002,-1.58550557529557));
#6638=CARTESIAN_POINT('',(15.2744489457327,62.6181833974002,12.5003217621905));
#6639=CARTESIAN_POINT('',(15.2744489457327,56.6181833974002,-1.58550557529557));
#6640=CARTESIAN_POINT('',(15.2744489457327,56.6181833974002,-1.58550557529557));
#6641=CARTESIAN_POINT('',(15.2744489457327,44.0008070469574,-1.58550557529528));
#6642=CARTESIAN_POINT('Ctrl Pts',(15.2744489457327,44.0008070469574,-1.58550557529556));
#6643=CARTESIAN_POINT('Ctrl Pts',(15.2744489457327,48.2065991637717,-1.58550557529557));
#6644=CARTESIAN_POINT('Ctrl Pts',(15.2744489457327,52.412391280586,-1.58550557529557));
#6645=CARTESIAN_POINT('Ctrl Pts',(15.2744489457327,56.6181833974002,-1.58550557529557));
#6646=CARTESIAN_POINT('',(15.2744489457327,44.0008070469574,1.62306477091207));
#6647=CARTESIAN_POINT('',(15.2744489457327,44.0008070469574,7.74657756534604));
#6648=CARTESIAN_POINT('',(15.2744489457327,36.0008070469574,1.62306477091207));
#6649=CARTESIAN_POINT('',(15.2744489457327,40.0008070469574,1.62306477091207));
#6650=CARTESIAN_POINT('',(15.2744489454407,36.0008070469574,-1.58550557655528));
#6651=CARTESIAN_POINT('',(15.2744489457327,36.0008070469574,7.74657756534604));
#6652=CARTESIAN_POINT('',(15.2744489457327,-32.3262886885242,-1.58550557529555));
#6653=CARTESIAN_POINT('Ctrl Pts',(15.2744489457327,-32.3262886885242,-1.58550557529555));
#6654=CARTESIAN_POINT('Ctrl Pts',(15.2744489457327,-9.55059011003031,-1.58550557529556));
#6655=CARTESIAN_POINT('Ctrl Pts',(15.2744489457327,13.2251084684636,-1.58550557529556));
#6656=CARTESIAN_POINT('Ctrl Pts',(15.2744489457327,36.0008070469574,-1.58550557529556));
#6657=CARTESIAN_POINT('',(15.2744489457327,-32.3262886885242,-1.58550557529555));
#6658=CARTESIAN_POINT('',(15.2744489457327,-10.9991929530426,-0.499678237809487));
#6659=CARTESIAN_POINT('Ctrl Pts',(15.2744489457327,-10.9991929530426,-0.499678237809487));
#6660=CARTESIAN_POINT('Ctrl Pts',(15.2744489457327,-13.6658596197093,-0.499678237809487));
#6661=CARTESIAN_POINT('Ctrl Pts',(15.2744489457327,-16.3325262863759,-0.499678237809487));
#6662=CARTESIAN_POINT('Ctrl Pts',(15.2744489457327,-18.9991929530426,-0.499678237809487));
#6663=CARTESIAN_POINT('',(15.2744489457327,-10.9991929530426,1.62306477091202));
#6664=CARTESIAN_POINT('',(15.2744489457327,-10.9991929530426,7.74657756534604));
#6665=CARTESIAN_POINT('',(15.2744489457327,-14.9991929530426,1.62306477091202));
#6666=CARTESIAN_POINT('Origin',(15.2744489457327,62.6181833974002,12.5003217621905));
#6667=CARTESIAN_POINT('',(17.0062406690182,62.6181833974002,-0.428238712321953));
#6668=CARTESIAN_POINT('Ctrl Pts',(69.7320347334856,62.6181833974002,9.00032512051922));
#6669=CARTESIAN_POINT('Ctrl Pts',(67.3213631787605,62.6181833974002,6.36370942375085));
#6670=CARTESIAN_POINT('Ctrl Pts',(65.44651285624,62.6181833974002,4.85605550642442));
#6671=CARTESIAN_POINT('Ctrl Pts',(61.7758807572017,62.6181833974002,3.09568138136882));
#6672=CARTESIAN_POINT('Ctrl Pts',(59.9589931015816,62.6181833974002,2.56719870616528));
#6673=CARTESIAN_POINT('Ctrl Pts',(52.2190100985189,62.6181833974002,1.24254332434646));
#6674=CARTESIAN_POINT('Ctrl Pts',(42.8177885479983,62.6181833974002,0.641075869988226));
#6675=CARTESIAN_POINT('Ctrl Pts',(17.0062406690182,62.6181833974002,-0.428238712321953));
#6676=CARTESIAN_POINT('Ctrl Pts',(17.0062406690182,62.6181833974002,-0.428238712321953));
#6677=CARTESIAN_POINT('Ctrl Pts',(16.8028543906148,62.6181833974002,-0.436664550026778));
#6678=CARTESIAN_POINT('Ctrl Pts',(16.6019413679953,62.6181833974002,-0.476092313312265));
#6679=CARTESIAN_POINT('Ctrl Pts',(16.4104551189905,62.6181833974002,-0.54515742335992));
#6680=CARTESIAN_POINT('Ctrl Pts',(16.2189688699857,62.6181833974002,-0.614222533407576));
#6681=CARTESIAN_POINT('Ctrl Pts',(16.0391442642507,62.6181833974002,-0.712118919183675));
#6682=CARTESIAN_POINT('Ctrl Pts',(15.8772049581023,62.6181833974002,-0.835458426674259));
#6683=CARTESIAN_POINT('Ctrl Pts',(15.6700245479366,62.6181833974002,-0.993255383814024));
#6684=CARTESIAN_POINT('Ctrl Pts',(15.4956461500261,62.6181833974002,-1.19001065715018));
#6685=CARTESIAN_POINT('Ctrl Pts',(15.3638850015029,62.6181833974002,-1.41464948233153));
#6686=CARTESIAN_POINT('Ctrl Pts',(15.3312855021868,62.6181833974002,-1.47022818143935));
#6687=CARTESIAN_POINT('Ctrl Pts',(15.3014488701596,62.6181833974002,-1.52725074842518));
#6688=CARTESIAN_POINT('Ctrl Pts',(15.2744489457324,62.6181833974002,-1.58550557529621));
#6689=CARTESIAN_POINT('Origin',(70.218921031657,56.6181833974002,12.5003217621905));
#6690=CARTESIAN_POINT('',(70.218921031657,61.145947354438,9.53995016788112));
#6691=CARTESIAN_POINT('',(70.218921031657,61.145947354438,10.2277111112328));
#6692=CARTESIAN_POINT('',(70.218921031657,61.6903248351644,9.53995016788112));
#6693=CARTESIAN_POINT('',(70.218921031657,56.6181833974002,9.53995016788112));
#6694=CARTESIAN_POINT('',(70.218921031657,61.6903248351644,11.0201359650358));
#6695=CARTESIAN_POINT('Ctrl Pts',(17.0062406701548,-29.9262886885242,-0.428238712274865));
#6696=CARTESIAN_POINT('Ctrl Pts',(17.0062406701548,-50.9262886885242,-0.428238712274865));
#6697=CARTESIAN_POINT('Ctrl Pts',(63.0364287533626,-29.9262886885242,1.47868882166903));
#6698=CARTESIAN_POINT('Ctrl Pts',(63.0364287533626,-50.9262886885242,1.47868882166903));
#6699=CARTESIAN_POINT('Ctrl Pts',(70.218921031657,-29.9262886885242,9.53995016788112));
#6700=CARTESIAN_POINT('Ctrl Pts',(70.218921031657,-50.9262886885242,9.53995016788112));
#6701=CARTESIAN_POINT('Ctrl Pts',(76.2283456083541,-29.9262886885241,16.2846204266299));
#6702=CARTESIAN_POINT('Ctrl Pts',(76.2283456083541,-50.9262886885242,16.2846204266299));
#6703=CARTESIAN_POINT('Ctrl Pts',(82.2377701850512,-29.9262886885241,23.0292906853787));
#6704=CARTESIAN_POINT('Ctrl Pts',(82.2377701850512,-50.9262886885242,23.0292906853787));
#6705=CARTESIAN_POINT('',(68.7466849886948,-36.854052645562,7.95510046027505));
#6706=CARTESIAN_POINT('',(70.218921031657,-36.854052645562,9.53995016788112));
#6707=CARTESIAN_POINT('Ctrl Pts',(68.7466849886948,-36.854052645562,7.95510046027504));
#6708=CARTESIAN_POINT('Ctrl Pts',(68.8367603733922,-36.854052645562,8.04745228988544));
#6709=CARTESIAN_POINT('Ctrl Pts',(68.9288260598485,-36.854052645562,8.14278272359506));
#6710=CARTESIAN_POINT('Ctrl Pts',(69.02311136172,-36.854052645562,8.24140477450157));
#6711=CARTESIAN_POINT('Ctrl Pts',(69.1133160931001,-36.854052645562,8.33575856489712));
#6712=CARTESIAN_POINT('Ctrl Pts',(69.2055523675571,-36.854052645562,8.43312507864306));
#6713=CARTESIAN_POINT('Ctrl Pts',(69.300048859325,-36.854052645562,8.53381711061927));
#6714=CARTESIAN_POINT('Ctrl Pts',(69.3903499788398,-36.854052645562,8.63003870618931));
#6715=CARTESIAN_POINT('Ctrl Pts',(69.4827149829833,-36.854052645562,8.72929695939265));
#6716=CARTESIAN_POINT('Ctrl Pts',(69.5773708300351,-36.854052645562,8.83190286497224));
#6717=CARTESIAN_POINT('Ctrl Pts',(69.6691531709403,-36.854052645562,8.93139392123681));
#6718=CARTESIAN_POINT('Ctrl Pts',(69.7630892139628,-36.854052645562,9.03403223649783));
#6719=CARTESIAN_POINT('Ctrl Pts',(69.8594141824621,-36.854052645562,9.14014061236928));
#6720=CARTESIAN_POINT('Ctrl Pts',(69.9516298681884,-36.854052645562,9.24172233925414));
#6721=CARTESIAN_POINT('Ctrl Pts',(70.0460348998583,-36.854052645562,9.34648423266309));
#6722=CARTESIAN_POINT('Ctrl Pts',(70.1428638115853,-36.854052645562,9.45474855693222));
#6723=CARTESIAN_POINT('Ctrl Pts',(70.1680505679148,-36.854052645562,9.48290984787219));
#6724=CARTESIAN_POINT('Ctrl Pts',(70.1934014833071,-36.854052645562,9.51130833427868));
#6725=CARTESIAN_POINT('Ctrl Pts',(70.218921031657,-36.854052645562,9.53995016788112));
#6726=CARTESIAN_POINT('',(70.218921031657,-37.0098495331646,9.53995016788112));
#6727=CARTESIAN_POINT('',(70.218921031657,-32.3262886885242,9.53995016788112));
#6728=CARTESIAN_POINT('Ctrl Pts',(70.1835816814183,-37.0098495331646,9.50032176219051));
#6729=CARTESIAN_POINT('Ctrl Pts',(70.1953256103228,-37.0098495331646,9.5134794704341));
#6730=CARTESIAN_POINT('Ctrl Pts',(70.2071052443641,-37.0098495331646,9.52668873359225));
#6731=CARTESIAN_POINT('Ctrl Pts',(70.218921031657,-37.0098495331646,9.53995016788112));
#6732=CARTESIAN_POINT('',(17.0062406690182,-36.854052645562,-0.428238712321953));
#6733=CARTESIAN_POINT('',(17.0062406690182,-32.3262886885242,-0.428238712321953));
#6734=CARTESIAN_POINT('Ctrl Pts',(17.0062406701548,-36.854052645562,-0.428238712274865));
#6735=CARTESIAN_POINT('Ctrl Pts',(17.4344935207112,-36.854052645562,-0.410497156434605));
#6736=CARTESIAN_POINT('Ctrl Pts',(17.8532444523302,-36.854052645562,-0.393091400042637));
#6737=CARTESIAN_POINT('Ctrl Pts',(18.2631024651434,-36.854052645562,-0.375999254344598));
#6738=CARTESIAN_POINT('Ctrl Pts',(18.6841799999905,-36.854052645562,-0.358439225381456));
#6739=CARTESIAN_POINT('Ctrl Pts',(19.0958709215477,-36.854052645562,-0.341210217522725));
#6740=CARTESIAN_POINT('Ctrl Pts',(19.4987797404938,-36.854052645562,-0.32429019410349));
#6741=CARTESIAN_POINT('Ctrl Pts',(19.9127776824588,-36.854052645562,-0.306904486607971));
#6742=CARTESIAN_POINT('Ctrl Pts',(20.3175032973058,-36.854052645562,-0.289845011511817));
#6743=CARTESIAN_POINT('Ctrl Pts',(20.7135566390517,-36.854052645562,-0.27308988183755));
#6744=CARTESIAN_POINT('Ctrl Pts',(21.1205698851011,-36.854052645562,-0.25587109083672));
#6745=CARTESIAN_POINT('Ctrl Pts',(21.5184240860989,-36.854052645562,-0.238973728269785));
#6746=CARTESIAN_POINT('Ctrl Pts',(21.9077148717293,-36.854052645562,-0.222376054309107));
#6747=CARTESIAN_POINT('Ctrl Pts',(22.3078375212873,-36.854052645562,-0.20531655655888));
#6748=CARTESIAN_POINT('Ctrl Pts',(22.6989134191739,-36.854052645562,-0.188573662657399));
#6749=CARTESIAN_POINT('Ctrl Pts',(23.0815338026405,-36.854052645562,-0.172125777231381));
#6750=CARTESIAN_POINT('Ctrl Pts',(23.4748591870172,-36.854052645562,-0.15521771081119));
#6751=CARTESIAN_POINT('Ctrl Pts',(23.8592491399218,-36.854052645562,-0.138621397159099));
#6752=CARTESIAN_POINT('Ctrl Pts',(24.2352905376775,-36.854052645562,-0.122315382477139));
#6753=CARTESIAN_POINT('Ctrl Pts',(24.6219112507393,-36.854052645562,-0.105550624497934));
#6754=CARTESIAN_POINT('Ctrl Pts',(24.9997068949802,-36.854052645562,-0.0890927352539796));
#6755=CARTESIAN_POINT('Ctrl Pts',(25.369260016942,-36.854052645562,-0.0729203994304541));
#6756=CARTESIAN_POINT('Ctrl Pts',(25.7492679471918,-36.854052645562,-0.0562905416417355));
#6757=CARTESIAN_POINT('Ctrl Pts',(26.1205602295308,-36.854052645562,-0.0399626284923846));
#6758=CARTESIAN_POINT('Ctrl Pts',(26.4837151115518,-36.854052645562,-0.0239154798112318));
#6759=CARTESIAN_POINT('Ctrl Pts',(26.8572014758843,-36.854052645562,-0.00741180186127717));
#6760=CARTESIAN_POINT('Ctrl Pts',(27.2220806875076,-36.854052645562,0.00879490345662632));
#6761=CARTESIAN_POINT('Ctrl Pts',(27.5789267256296,-36.854052645562,0.0247256847964379));
#6762=CARTESIAN_POINT('Ctrl Pts',(27.9459821049734,-36.854052645562,0.0411122447221155));
#6763=CARTESIAN_POINT('Ctrl Pts',(28.3045379174152,-36.854052645562,0.0572068606158853));
#6764=CARTESIAN_POINT('Ctrl Pts',(28.6551639041299,-36.854052645562,0.0730304535738677));
#6765=CARTESIAN_POINT('Ctrl Pts',(29.0158782813044,-36.854052645562,0.0893093310523519));
#6766=CARTESIAN_POINT('Ctrl Pts',(29.3681997846503,-36.854052645562,0.105301359315471));
#6767=CARTESIAN_POINT('Ctrl Pts',(29.7126939475085,-36.854052645562,0.121027336247315));
#6768=CARTESIAN_POINT('Ctrl Pts',(30.0671567475707,-36.854052645562,0.137208376212474));
#6769=CARTESIAN_POINT('Ctrl Pts',(30.4133324912212,-36.854052645562,0.153107738686347));
#6770=CARTESIAN_POINT('Ctrl Pts',(30.7517825340857,-36.854052645562,0.168746103135629));
#6771=CARTESIAN_POINT('Ctrl Pts',(31.115630721403,-36.854052645562,0.185558009877677));
#6772=CARTESIAN_POINT('Ctrl Pts',(31.4705504402219,-36.854052645562,0.202068285880159));
#6773=CARTESIAN_POINT('Ctrl Pts',(31.817175588875,-36.854052645562,0.218300329188012));
#6774=CARTESIAN_POINT('Ctrl Pts',(32.1641056613898,-36.854052645562,0.234546651717521));
#6775=CARTESIAN_POINT('Ctrl Pts',(32.5027261001444,-36.854052645562,0.250514234976388));
#6776=CARTESIAN_POINT('Ctrl Pts',(32.833613880956,-36.854052645562,0.266224424239435));
#6777=CARTESIAN_POINT('Ctrl Pts',(33.1742402867231,-36.854052645562,0.282396992744288));
#6778=CARTESIAN_POINT('Ctrl Pts',(33.5066719850745,-36.854052645562,0.298296786578077));
#6779=CARTESIAN_POINT('Ctrl Pts',(33.831480890848,-36.854052645562,0.313945017685048));
#6780=CARTESIAN_POINT('Ctrl Pts',(34.1659054396694,-36.854052645562,0.330056499035409));
#6781=CARTESIAN_POINT('Ctrl Pts',(34.4922490059106,-36.854052645562,0.345901296074824));
#6782=CARTESIAN_POINT('Ctrl Pts',(34.8110785024401,-36.854052645562,0.361500496263127));
#6783=CARTESIAN_POINT('Ctrl Pts',(35.1394022506692,-36.854052645562,0.377564216624474));
#6784=CARTESIAN_POINT('Ctrl Pts',(35.4597575719796,-36.854052645562,0.393367488748037));
#6785=CARTESIAN_POINT('Ctrl Pts',(35.7727064361651,-36.854052645562,0.408931285458292));
#6786=CARTESIAN_POINT('Ctrl Pts',(36.0950297687723,-36.854052645562,0.424961299935982));
#6787=CARTESIAN_POINT('Ctrl Pts',(36.4094960941164,-36.854052645562,0.440737270378098));
#6788=CARTESIAN_POINT('Ctrl Pts',(36.7166624979053,-36.854052645562,0.456280066002898));
#6789=CARTESIAN_POINT('Ctrl Pts',(37.0330852176218,-36.854052645562,0.472291236505044));
#6790=CARTESIAN_POINT('Ctrl Pts',(37.341761247903,-36.854052645562,0.488054960554232));
#6791=CARTESIAN_POINT('Ctrl Pts',(37.6432428496984,-36.854052645562,0.50359201618218));
#6792=CARTESIAN_POINT('Ctrl Pts',(37.9538642745023,-36.854052645562,0.519600098690934));
#6793=CARTESIAN_POINT('Ctrl Pts',(38.2568482612582,-36.854052645562,0.535367554232272));
#6794=CARTESIAN_POINT('Ctrl Pts',(38.5527423061094,-36.854052645562,0.550915083712359));
#6795=CARTESIAN_POINT('Ctrl Pts',(38.8576613765711,-36.854052645562,0.566936826358208));
#6796=CARTESIAN_POINT('Ctrl Pts',(39.1550512307485,-36.854052645562,0.582725015731171));
#6797=CARTESIAN_POINT('Ctrl Pts',(39.4454546608999,-36.854052645562,0.598300291613934));
#6798=CARTESIAN_POINT('Ctrl Pts',(39.7447700592128,-36.854052645562,0.614353545193798));
#6799=CARTESIAN_POINT('Ctrl Pts',(40.0366634718792,-36.854052645562,0.63018061009833));
#6800=CARTESIAN_POINT('Ctrl Pts',(40.3216730495703,-36.854052645562,0.645802083289393));
#6801=CARTESIAN_POINT('Ctrl Pts',(40.6154833324572,-36.854052645562,0.661905926165683));
#6802=CARTESIAN_POINT('Ctrl Pts',(40.901977909669,-36.854052645562,0.67779127766468));
#6803=CARTESIAN_POINT('Ctrl Pts',(41.1816903544556,-36.854052645562,0.693478712963378));
#6804=CARTESIAN_POINT('Ctrl Pts',(41.4700941026489,-36.854052645562,0.709653592644321));
#6805=CARTESIAN_POINT('Ctrl Pts',(41.7512875172071,-36.854052645562,0.725618058697431));
#6806=CARTESIAN_POINT('Ctrl Pts',(42.0257996605861,-36.854052645562,0.741392688806699));
#6807=CARTESIAN_POINT('Ctrl Pts',(42.3088956481538,-36.854052645562,0.757660582949112));
#6808=CARTESIAN_POINT('Ctrl Pts',(42.5848858115578,-36.854052645562,0.773726576382857));
#6809=CARTESIAN_POINT('Ctrl Pts',(42.8542947722719,-36.854052645562,0.789611277480414));
#6810=CARTESIAN_POINT('Ctrl Pts',(43.1321821598229,-36.854052645562,0.805995877600349));
#6811=CARTESIAN_POINT('Ctrl Pts',(43.4030674184984,-36.854052645562,0.822187588000492));
#6812=CARTESIAN_POINT('Ctrl Pts',(43.6674708026663,-36.854052645562,0.838207080584356));
#6813=CARTESIAN_POINT('Ctrl Pts',(43.9402493594401,-36.854052645562,0.854734002435329));
#6814=CARTESIAN_POINT('Ctrl Pts',(44.2061287202873,-36.854052645562,0.871077616167794));
#6815=CARTESIAN_POINT('Ctrl Pts',(44.4656248514944,-36.854052645562,0.887258695662981));
#6816=CARTESIAN_POINT('Ctrl Pts',(44.7333952125941,-36.854052645562,0.903955721083961));
#6817=CARTESIAN_POINT('Ctrl Pts',(44.9943686041612,-36.854052645562,0.920479674551582));
#6818=CARTESIAN_POINT('Ctrl Pts',(45.2490567899127,-36.854052645562,0.936851477133698));
#6819=CARTESIAN_POINT('Ctrl Pts',(45.5119207565083,-36.854052645562,0.95374883322565));
#6820=CARTESIAN_POINT('Ctrl Pts',(45.7680893336648,-36.854052645562,0.970484105599408));
#6821=CARTESIAN_POINT('Ctrl Pts',(46.018070176191,-36.854052645562,0.987078415909485));
#6822=CARTESIAN_POINT('Ctrl Pts',(46.282752929976,-36.854052645562,1.0046486733166));
#6823=CARTESIAN_POINT('Ctrl Pts',(46.5404987607788,-36.854052645562,1.02206090010773));
#6824=CARTESIAN_POINT('Ctrl Pts',(46.7918503805768,-36.854052645562,1.03933814693339));
#6825=CARTESIAN_POINT('Ctrl Pts',(47.0490841839026,-36.854052645562,1.05701971952693));
#6826=CARTESIAN_POINT('Ctrl Pts',(47.2996207040076,-36.854052645562,1.07455990856583));
#6827=CARTESIAN_POINT('Ctrl Pts',(47.5439831613033,-36.854052645562,1.09198147794953));
#6828=CARTESIAN_POINT('Ctrl Pts',(47.7963299201455,-36.854052645562,1.10997227987785));
#6829=CARTESIAN_POINT('Ctrl Pts',(48.0420923579892,-36.854052645562,1.12783657454844));
#6830=CARTESIAN_POINT('Ctrl Pts',(48.2817887592199,-36.854052645562,1.1455975447946));
#6831=CARTESIAN_POINT('Ctrl Pts',(48.5293764818277,-36.854052645562,1.16394324440449));
#6832=CARTESIAN_POINT('Ctrl Pts',(48.770491975111,-36.854052645562,1.18217869438439));
#6833=CARTESIAN_POINT('Ctrl Pts',(49.0056487921666,-36.854052645562,1.20032761363992));
#6834=CARTESIAN_POINT('Ctrl Pts',(49.2486089338043,-36.854052645562,1.2190787774297));
#6835=CARTESIAN_POINT('Ctrl Pts',(49.4852081744665,-36.854052645562,1.23773756191606));
#6836=CARTESIAN_POINT('Ctrl Pts',(49.7159555677271,-36.854052645562,1.25632836365338));
#6837=CARTESIAN_POINT('Ctrl Pts',(49.9544240233342,-36.854052645562,1.27554123412679));
#6838=CARTESIAN_POINT('Ctrl Pts',(50.1866422568509,-36.854052645562,1.29468148486486));
#6839=CARTESIAN_POINT('Ctrl Pts',(50.4131150888263,-36.854052645562,1.31377436222874));
#6840=CARTESIAN_POINT('Ctrl Pts',(50.6472334226506,-36.854052645562,1.33351179650444));
#6841=CARTESIAN_POINT('Ctrl Pts',(50.8752116843183,-36.854052645562,1.35319859250657));
#6842=CARTESIAN_POINT('Ctrl Pts',(51.0975507726233,-36.854052645562,1.37286105709594));
#6843=CARTESIAN_POINT('Ctrl Pts',(51.32746775831,-36.854052645562,1.39319366988131));
#6844=CARTESIAN_POINT('Ctrl Pts',(51.5513544195883,-36.854052645562,1.41350025073087));
#6845=CARTESIAN_POINT('Ctrl Pts',(51.769708102743,-36.854052645562,1.43380842662797));
#6846=CARTESIAN_POINT('Ctrl Pts',(51.9955816742212,-36.854052645562,1.45481599633695));
#6847=CARTESIAN_POINT('Ctrl Pts',(52.2155343988625,-36.854052645562,1.47582525737342));
#6848=CARTESIAN_POINT('Ctrl Pts',(52.4300605152003,-36.854052645562,1.49686547912942));
#6849=CARTESIAN_POINT('Ctrl Pts',(52.6520602666011,-36.854052645562,1.51863869760272));
#6850=CARTESIAN_POINT('Ctrl Pts',(52.8682485139427,-36.854052645562,1.54044505376287));
#6851=CARTESIAN_POINT('Ctrl Pts',(53.0791169318147,-36.854052645562,1.5623158627232));
#6852=CARTESIAN_POINT('Ctrl Pts',(53.297427358391,-36.854052645562,1.58495854047401));
#6853=CARTESIAN_POINT('Ctrl Pts',(53.5100356246658,-36.854052645562,1.6076702797129));
#6854=CARTESIAN_POINT('Ctrl Pts',(53.7174315160927,-36.854052645562,1.63048495050414));
#6855=CARTESIAN_POINT('Ctrl Pts',(53.9322562640806,-36.854052645562,1.65411683573308));
#6856=CARTESIAN_POINT('Ctrl Pts',(54.1414883284204,-36.854052645562,1.67785913335604));
#6857=CARTESIAN_POINT('Ctrl Pts',(54.345616455152,-36.854052645562,1.70174891779884));
#6858=CARTESIAN_POINT('Ctrl Pts',(54.5670388947481,-36.854052645562,1.7276627124211));
#6859=CARTESIAN_POINT('Ctrl Pts',(54.7824561356117,-36.854052645562,1.75375000842551));
#6860=CARTESIAN_POINT('Ctrl Pts',(54.9924271331287,-36.854052645562,1.78005794332106));
#6861=CARTESIAN_POINT('Ctrl Pts',(55.2046916070477,-36.854052645562,1.80665323517819));
#6862=CARTESIAN_POINT('Ctrl Pts',(55.4113896971385,-36.854052645562,1.83347396939429));
#6863=CARTESIAN_POINT('Ctrl Pts',(55.613038744001,-36.854052645562,1.86056927948926));
#6864=CARTESIAN_POINT('Ctrl Pts',(55.8223799965115,-36.854052645562,1.88869818086865));
#6865=CARTESIAN_POINT('Ctrl Pts',(56.0262794032423,-36.854052645562,1.91712295028931));
#6866=CARTESIAN_POINT('Ctrl Pts',(56.2252568937378,-36.854052645562,1.94589979008531));
#6867=CARTESIAN_POINT('Ctrl Pts',(56.4320792902892,-36.854052645562,1.97581118838954));
#6868=CARTESIAN_POINT('Ctrl Pts',(56.6335837600864,-36.854052645562,2.00610289212423));
#6869=CARTESIAN_POINT('Ctrl Pts',(56.8302956751494,-36.854052645562,2.03684032897296));
#6870=CARTESIAN_POINT('Ctrl Pts',(57.035082017908,-36.854052645562,2.06883944441042));
#6871=CARTESIAN_POINT('Ctrl Pts',(57.2346740238379,-36.854052645562,2.10132153536069));
#6872=CARTESIAN_POINT('Ctrl Pts',(57.4296063500456,-36.854052645562,2.13436424103671));
#6873=CARTESIAN_POINT('Ctrl Pts',(57.6329357972893,-36.854052645562,2.1688303309421));
#6874=CARTESIAN_POINT('Ctrl Pts',(57.8311951796536,-36.854052645562,2.20390623378828));
#6875=CARTESIAN_POINT('Ctrl Pts',(58.0249336551082,-36.854052645562,2.23968602555902));
#6876=CARTESIAN_POINT('Ctrl Pts',(58.2274838196655,-36.854052645562,2.27709316781089));
#6877=CARTESIAN_POINT('Ctrl Pts',(58.4250921597597,-36.854052645562,2.31526947910278));
#6878=CARTESIAN_POINT('Ctrl Pts',(58.6183293371294,-36.854052645562,2.35433156092743));
#6879=CARTESIAN_POINT('Ctrl Pts',(58.8208032706965,-36.854052645562,2.39526081412815));
#6880=CARTESIAN_POINT('Ctrl Pts',(59.018477783832,-36.854052645562,2.43716223573092));
#6881=CARTESIAN_POINT('Ctrl Pts',(59.2119538170105,-36.854052645562,2.48018373053319));
#6882=CARTESIAN_POINT('Ctrl Pts',(59.4147331231749,-36.854052645562,2.52527390900566));
#6883=CARTESIAN_POINT('Ctrl Pts',(59.6128999648195,-36.854052645562,2.57159400802513));
#6884=CARTESIAN_POINT('Ctrl Pts',(59.8070936701446,-36.854052645562,2.61933507875955));
#6885=CARTESIAN_POINT('Ctrl Pts',(60.0113473554378,-36.854052645562,2.66954932036449));
#6886=CARTESIAN_POINT('Ctrl Pts',(60.2112049098751,-36.854052645562,2.72133484027444));
#6887=CARTESIAN_POINT('Ctrl Pts',(60.4073628433542,-36.854052645562,2.77494571965341));
#6888=CARTESIAN_POINT('Ctrl Pts',(60.6025315802993,-36.854052645562,2.82828624699956));
#6889=CARTESIAN_POINT('Ctrl Pts',(60.7940367975213,-36.854052645562,2.88343318262552));
#6890=CARTESIAN_POINT('Ctrl Pts',(60.9825331478788,-36.854052645562,2.94067700950216));
#6891=CARTESIAN_POINT('Ctrl Pts',(61.1633975123331,-36.854052645562,2.9956031040782));
#6892=CARTESIAN_POINT('Ctrl Pts',(61.3414906862583,-36.854052645562,3.0524593541075));
#6893=CARTESIAN_POINT('Ctrl Pts',(61.517377843762,-36.854052645562,3.11154604902048));
#6894=CARTESIAN_POINT('Ctrl Pts',(61.6831779334249,-36.854052645562,3.16724414235202));
#6895=CARTESIAN_POINT('Ctrl Pts',(61.8470170111758,-36.854052645562,3.22492396240475));
#6896=CARTESIAN_POINT('Ctrl Pts',(62.009369172043,-36.854052645562,3.28488063307402));
#6897=CARTESIAN_POINT('Ctrl Pts',(62.1619648933349,-36.854052645562,3.34123424954682));
#6898=CARTESIAN_POINT('Ctrl Pts',(62.3132465016199,-36.854052645562,3.3995991111349));
#6899=CARTESIAN_POINT('Ctrl Pts',(62.463617221619,-36.854052645562,3.46026267392878));
#6900=CARTESIAN_POINT('Ctrl Pts',(62.6052584583278,-36.854052645562,3.51740453011822));
#6901=CARTESIAN_POINT('Ctrl Pts',(62.7460911055538,-36.854052645562,3.57658577134585));
#6902=CARTESIAN_POINT('Ctrl Pts',(62.8864672944205,-36.854052645562,3.63808787764132));
#6903=CARTESIAN_POINT('Ctrl Pts',(63.019092794353,-36.854052645562,3.69619422502253));
#6904=CARTESIAN_POINT('Ctrl Pts',(63.1513105461836,-36.854052645562,3.75637205242391));
#6905=CARTESIAN_POINT('Ctrl Pts',(63.2834362468974,-36.854052645562,3.818899093479));
#6906=CARTESIAN_POINT('Ctrl Pts',(63.4086037313411,-36.854052645562,3.87813323487841));
#6907=CARTESIAN_POINT('Ctrl Pts',(63.5336883546664,-36.854052645562,3.93947549126063));
#6908=CARTESIAN_POINT('Ctrl Pts',(63.6589796766868,-36.854052645562,4.00320173125178));
#6909=CARTESIAN_POINT('Ctrl Pts',(63.7779335094185,-36.854052645562,4.06370456872118));
#6910=CARTESIAN_POINT('Ctrl Pts',(63.8970734429695,-36.854052645562,4.12635613383007));
#6911=CARTESIAN_POINT('Ctrl Pts',(64.016670149954,-36.854052645562,4.19143187434306));
#6912=CARTESIAN_POINT('Ctrl Pts',(64.1304164714029,-36.854052645562,4.25332426490763));
#6913=CARTESIAN_POINT('Ctrl Pts',(64.2445757767723,-36.854052645562,4.31740927682078));
#6914=CARTESIAN_POINT('Ctrl Pts',(64.3594050451304,-36.854052645562,4.38396302354823));
#6915=CARTESIAN_POINT('Ctrl Pts',(64.4687707314987,-36.854052645562,4.44735013987584));
#6916=CARTESIAN_POINT('Ctrl Pts',(64.5787439647641,-36.854052645562,4.51297646724392));
#6917=CARTESIAN_POINT('Ctrl Pts',(64.689571826412,-36.854052645562,4.5811196060782));
#6918=CARTESIAN_POINT('Ctrl Pts',(64.7952474753251,-36.854052645562,4.64609487771314));
#6919=CARTESIAN_POINT('Ctrl Pts',(64.9016999701734,-36.854052645562,4.71335820538738));
#6920=CARTESIAN_POINT('Ctrl Pts',(65.0091693231406,-36.854052645562,4.78318930626378));
#6921=CARTESIAN_POINT('Ctrl Pts',(65.1117402470959,-36.854052645562,4.84983752121944));
#6922=CARTESIAN_POINT('Ctrl Pts',(65.2152372837242,-36.854052645562,4.91882457590467));
#6923=CARTESIAN_POINT('Ctrl Pts',(65.3198955204971,-36.854052645562,4.99043279653796));
#6924=CARTESIAN_POINT('Ctrl Pts',(65.4198643008246,-36.854052645562,5.05883244379809));
#6925=CARTESIAN_POINT('Ctrl Pts',(65.5208923954199,-36.854052645562,5.12962343231699));
#6926=CARTESIAN_POINT('Ctrl Pts',(65.6232116193089,-36.854052645562,5.20309109078912));
#6927=CARTESIAN_POINT('Ctrl Pts',(65.7210147876503,-36.854052645562,5.27331611299018));
#6928=CARTESIAN_POINT('Ctrl Pts',(65.8199974744021,-36.854052645562,5.34598654612128));
#6929=CARTESIAN_POINT('Ctrl Pts',(65.9203895138644,-36.854052645562,5.42139104331386));
#6930=CARTESIAN_POINT('Ctrl Pts',(66.0199945605231,-36.854052645562,5.49620442992677));
#6931=CARTESIAN_POINT('Ctrl Pts',(66.120986579998,-36.854052645562,5.57370867786687));
#6932=CARTESIAN_POINT('Ctrl Pts',(66.2236216856115,-36.854052645562,5.65423090415958));
#6933=CARTESIAN_POINT('Ctrl Pts',(66.3160420885098,-36.854052645562,5.72673919994943));
#6934=CARTESIAN_POINT('Ctrl Pts',(66.4097949336459,-36.854052645562,5.80169485029002));
#6935=CARTESIAN_POINT('Ctrl Pts',(66.5050936879328,-36.854052645562,5.87937424898385));
#6936=CARTESIAN_POINT('Ctrl Pts',(66.5966464955649,-36.854052645562,5.9540002721549));
#6937=CARTESIAN_POINT('Ctrl Pts',(66.6896259257049,-36.854052645562,6.03113993324869));
#6938=CARTESIAN_POINT('Ctrl Pts',(66.7842474906343,-36.854052645562,6.11107533742538));
#6939=CARTESIAN_POINT('Ctrl Pts',(66.8751841485405,-36.854052645562,6.1878977669596));
#6940=CARTESIAN_POINT('Ctrl Pts',(66.9676373850972,-36.854052645562,6.2673022315266));
#6941=CARTESIAN_POINT('Ctrl Pts',(67.0618252964733,-36.854052645562,6.3495768172406));
#6942=CARTESIAN_POINT('Ctrl Pts',(67.1523774527528,-36.854052645562,6.42867551509423));
#6943=CARTESIAN_POINT('Ctrl Pts',(67.2445328009453,-36.854052645562,6.51042683218434));
#6944=CARTESIAN_POINT('Ctrl Pts',(67.3385124960312,-36.854052645562,6.59512510385449));
#6945=CARTESIAN_POINT('Ctrl Pts',(67.4288950078642,-36.854052645562,6.67658144965843));
#6946=CARTESIAN_POINT('Ctrl Pts',(67.5209647322548,-36.854052645562,6.76076326846037));
#6947=CARTESIAN_POINT('Ctrl Pts',(67.6149463089805,-36.854052645562,6.84797141469635));
#6948=CARTESIAN_POINT('Ctrl Pts',(67.7034296771098,-36.854052645562,6.93007761865789));
#6949=CARTESIAN_POINT('Ctrl Pts',(67.7936077021431,-36.854052645562,7.01486635686414));
#6950=CARTESIAN_POINT('Ctrl Pts',(67.8856942629331,-36.854052645562,7.10262555965843));
#6951=CARTESIAN_POINT('Ctrl Pts',(67.974846188099,-36.854052645562,7.18758803206502));
#6952=CARTESIAN_POINT('Ctrl Pts',(68.0657867790869,-36.854052645562,7.27533443254014));
#6953=CARTESIAN_POINT('Ctrl Pts',(68.1587372720482,-36.854052645562,7.36616388060654));
#6954=CARTESIAN_POINT('Ctrl Pts',(68.2523054770459,-36.854052645562,7.4575969450879));
#6955=CARTESIAN_POINT('Ctrl Pts',(68.3479099752633,-36.854052645562,7.552153601219));
#6956=CARTESIAN_POINT('Ctrl Pts',(68.4458089460315,-36.854052645562,7.65018421083296));
#6957=CARTESIAN_POINT('Ctrl Pts',(68.5358292139407,-36.854052645562,7.74032552357107));
#6958=CARTESIAN_POINT('Ctrl Pts',(68.627789579932,-36.854052645562,7.83340424134722));
#6959=CARTESIAN_POINT('Ctrl Pts',(68.7219196960691,-36.854052645562,7.92973298032345));
#6960=CARTESIAN_POINT('Ctrl Pts',(68.7301580987349,-36.854052645562,7.9381638096111));
#6961=CARTESIAN_POINT('Ctrl Pts',(68.7384131411412,-36.854052645562,7.94661956109925));
#6962=CARTESIAN_POINT('Ctrl Pts',(68.7466849886949,-36.854052645562,7.95510046027505));
#6963=CARTESIAN_POINT('Origin',(70.218921031657,-20.0216323364599,12.5003217621905));
#6964=CARTESIAN_POINT('',(70.218921031657,-36.854052645562,12.5003217621905));
#6965=CARTESIAN_POINT('',(70.218921031657,-37.0098495331646,11.0201359650358));
#6966=CARTESIAN_POINT('Origin',(16.7466849886948,-36.854052645562,12.5003217621905));
#6967=CARTESIAN_POINT('',(16.7466849886948,-36.854052645562,-0.456041673864928));
#6968=CARTESIAN_POINT('Ctrl Pts',(16.7466926153019,-36.854052645562,-0.456108790663655));
#6969=CARTESIAN_POINT('Ctrl Pts',(16.8324815246328,-36.854052645562,-0.441186045245797));
#6970=CARTESIAN_POINT('Ctrl Pts',(16.919239904417,-36.854052645562,-0.431842959021779));
#6971=CARTESIAN_POINT('Ctrl Pts',(17.0062406690182,-36.854052645562,-0.428238712321953));
#6972=CARTESIAN_POINT('',(16.7466849886948,-36.854052645562,12.5003217621905));
#6973=CARTESIAN_POINT('Ctrl Pts',(16.7466849886948,-32.3262886885242,-0.456041673864927));
#6974=CARTESIAN_POINT('Ctrl Pts',(16.7466849886948,-2.67813132654938,-0.456041673864927));
#6975=CARTESIAN_POINT('Ctrl Pts',(16.7466849886948,26.9700260354254,-0.456041673864927));
#6976=CARTESIAN_POINT('Ctrl Pts',(16.7466849886948,56.6181833974002,-0.456041673864927));
#6977=CARTESIAN_POINT('Ctrl Pts',(16.274621480516,-32.3262886885242,-0.538055226732302));
#6978=CARTESIAN_POINT('Ctrl Pts',(16.274621480516,-2.67813132654937,-0.538055226732302));
#6979=CARTESIAN_POINT('Ctrl Pts',(16.274621480516,26.9700260354255,-0.538055226732302));
#6980=CARTESIAN_POINT('Ctrl Pts',(16.274621480516,56.6181833974002,-0.538055226732302));
#6981=CARTESIAN_POINT('Ctrl Pts',(15.5061614088818,-32.3262886885242,-0.991258785256561));
#6982=CARTESIAN_POINT('Ctrl Pts',(15.5061614088818,-2.67813132654939,-0.991258785256561));
#6983=CARTESIAN_POINT('Ctrl Pts',(15.5061614088818,26.9700260354254,-0.991258785256561));
#6984=CARTESIAN_POINT('Ctrl Pts',(15.5061614088818,56.6181833974002,-0.991258785256561));
#6985=CARTESIAN_POINT('Ctrl Pts',(15.1594060483544,-32.3262886885242,-1.78957627646274));
#6986=CARTESIAN_POINT('Ctrl Pts',(15.1594060483544,-2.67813132654936,-1.78957627646274));
#6987=CARTESIAN_POINT('Ctrl Pts',(15.1594060483544,26.9700260354255,-1.78957627646274));
#6988=CARTESIAN_POINT('Ctrl Pts',(15.1594060483544,56.6181833974002,-1.78957627646274));
#6989=CARTESIAN_POINT('Ctrl Pts',(15.1088873868285,-32.3262886885242,-2.14535864014122));
#6990=CARTESIAN_POINT('Ctrl Pts',(15.1088873868285,-2.67813132654938,-2.14535864014122));
#6991=CARTESIAN_POINT('Ctrl Pts',(15.1088873868285,26.9700260354254,-2.14535864014122));
#6992=CARTESIAN_POINT('Ctrl Pts',(15.1088873868285,56.6181833974002,-2.14535864014122));
#6993=CARTESIAN_POINT('',(16.7466849886948,-30.854052645562,-0.456041673864928));
#6994=CARTESIAN_POINT('',(16.7466849886948,-32.3262886885242,-0.456041673864928));
#6995=CARTESIAN_POINT('Ctrl Pts',(16.7466849886948,-30.854052645562,-0.456041673864928));
#6996=CARTESIAN_POINT('Ctrl Pts',(16.7466849886948,-31.344797993216,-0.456041673864928));
#6997=CARTESIAN_POINT('Ctrl Pts',(16.7466849886948,-31.8355433408701,-0.456041673864928));
#6998=CARTESIAN_POINT('Ctrl Pts',(16.7466849886948,-32.3262886885242,-0.456041673864928));
#6999=CARTESIAN_POINT('Ctrl Pts',(16.7466849886948,-32.3262886885242,-0.456041673864927));
#7000=CARTESIAN_POINT('Ctrl Pts',(16.274621480516,-32.3262886885242,-0.538055226732302));
#7001=CARTESIAN_POINT('Ctrl Pts',(15.6850561521626,-32.3262886885242,-0.885754625380442));
#7002=CARTESIAN_POINT('Ctrl Pts',(15.3437067876486,-32.3262886885242,-1.4365885520026));
#7003=CARTESIAN_POINT('Ctrl Pts',(15.2747312841002,-32.3262886885242,-1.58563623448925));
#7004=CARTESIAN_POINT('',(15.1088873868285,36.0008070469574,-2.14535864014122));
#7005=CARTESIAN_POINT('Ctrl Pts',(15.2748673116213,36.0008070469574,-1.58534235731301));
#7006=CARTESIAN_POINT('Ctrl Pts',(15.1927747365715,36.0008070469574,-1.76265989497815));
#7007=CARTESIAN_POINT('Ctrl Pts',(15.1363438679518,36.0008070469574,-1.95199382291761));
#7008=CARTESIAN_POINT('Ctrl Pts',(15.1088873868285,36.0008070469574,-2.14535864014122));
#7009=CARTESIAN_POINT('',(15.1088873868285,44.0008070469574,-2.14535864014122));
#7010=CARTESIAN_POINT('Ctrl Pts',(15.1088873868285,36.0008070469574,-2.14535864014122));
#7011=CARTESIAN_POINT('Ctrl Pts',(15.1088873868285,38.667473713624,-2.14535864014122));
#7012=CARTESIAN_POINT('Ctrl Pts',(15.1088873868285,41.3341403802907,-2.14535864014122));
#7013=CARTESIAN_POINT('Ctrl Pts',(15.1088873868285,44.0008070469574,-2.14535864014122));
#7014=CARTESIAN_POINT('Ctrl Pts',(15.1088873868285,44.0008070469574,-2.14535864014122));
#7015=CARTESIAN_POINT('Ctrl Pts',(15.1363438680111,44.0008070469574,-1.95199382250005));
#7016=CARTESIAN_POINT('Ctrl Pts',(15.1927747368152,44.0008070469574,-1.76265989416043));
#7017=CARTESIAN_POINT('Ctrl Pts',(15.2748673121532,44.0008070469574,-1.58534235616427));
#7018=CARTESIAN_POINT('',(16.7466849886948,56.6181833974002,-0.456041673864928));
#7019=CARTESIAN_POINT('Ctrl Pts',(15.2748673121533,56.6181833974002,-1.58534235616389));
#7020=CARTESIAN_POINT('Ctrl Pts',(15.3438212966316,56.6181833974002,-1.43640378635576));
#7021=CARTESIAN_POINT('Ctrl Pts',(15.4308801968202,56.6181833974002,-1.2959430523464));
#7022=CARTESIAN_POINT('Ctrl Pts',(15.5340808961526,56.6181833974002,-1.1686924144929));
#7023=CARTESIAN_POINT('Ctrl Pts',(15.8355014395822,56.6181833974002,-0.797028688746164));
#7024=CARTESIAN_POINT('Ctrl Pts',(16.274621480516,56.6181833974002,-0.538055226732302));
#7025=CARTESIAN_POINT('Ctrl Pts',(16.7466849886948,56.6181833974002,-0.456041673864927));
#7026=CARTESIAN_POINT('',(16.7466849886948,55.145947354438,-0.456041673864928));
#7027=CARTESIAN_POINT('Ctrl Pts',(16.7466849886948,56.6181833974002,-0.456041673864928));
#7028=CARTESIAN_POINT('Ctrl Pts',(16.7466849886948,56.1274380497462,-0.456041673864928));
#7029=CARTESIAN_POINT('Ctrl Pts',(16.7466849886948,55.6366927020921,-0.456041673864928));
#7030=CARTESIAN_POINT('Ctrl Pts',(16.7466849886948,55.145947354438,-0.456041673864928));
#7031=CARTESIAN_POINT('Ctrl Pts',(16.7466849886948,55.145947354438,-0.456041673864928));
#7032=CARTESIAN_POINT('Ctrl Pts',(16.7466849886948,42.2950218892034,-0.456041673864928));
#7033=CARTESIAN_POINT('Ctrl Pts',(16.7466849886948,29.4440964239688,-0.456041673864928));
#7034=CARTESIAN_POINT('Ctrl Pts',(16.7466849886948,0.77742975730216,-0.456041673864928));
#7035=CARTESIAN_POINT('Ctrl Pts',(16.7466849886948,-15.0383114441299,-0.456041673864928));
#7036=CARTESIAN_POINT('Ctrl Pts',(16.7466849886948,-30.854052645562,-0.456041673864928));
#7037=CARTESIAN_POINT('Ctrl Pts',(15.2744489457327,-32.3262886885242,-1.58550557529555));
#7038=CARTESIAN_POINT('Ctrl Pts',(15.2744489457327,-38.3262886885242,-1.58550557529555));
#7039=CARTESIAN_POINT('Ctrl Pts',(15.2896222313775,-32.3262886885242,-1.55276781224411));
#7040=CARTESIAN_POINT('Ctrl Pts',(15.2896222313775,-38.3262886885242,-1.55276781224411));
#7041=CARTESIAN_POINT('Ctrl Pts',(15.4086064284122,-32.3262886885242,-1.31312289381145));
#7042=CARTESIAN_POINT('Ctrl Pts',(15.4086064284122,-38.3262886885242,-1.31312289381145));
#7043=CARTESIAN_POINT('Ctrl Pts',(15.719778952582,-32.3262886885242,-0.913558804635891));
#7044=CARTESIAN_POINT('Ctrl Pts',(15.719778952582,-38.3262886885242,-0.913558804635891));
#7045=CARTESIAN_POINT('Ctrl Pts',(16.3160878151827,-32.3262886885242,-0.538022129765335));
#7046=CARTESIAN_POINT('Ctrl Pts',(16.3160878151827,-38.3262886885242,-0.538022129765335));
#7047=CARTESIAN_POINT('Ctrl Pts',(16.7750486439958,-32.3262886885242,-0.437816479793682));
#7048=CARTESIAN_POINT('Ctrl Pts',(16.7750486439958,-38.3262886885242,-0.437816479793682));
#7049=CARTESIAN_POINT('Ctrl Pts',(17.0062406690182,-32.3262886885242,-0.428238712321953));
#7050=CARTESIAN_POINT('Ctrl Pts',(17.0062406690182,-38.3262886885242,-0.428238712321953));
#7051=CARTESIAN_POINT('Ctrl Pts',(16.7466849886948,-32.3262886885242,-0.456041673864928));
#7052=CARTESIAN_POINT('Ctrl Pts',(16.7466849886948,-33.8355433408701,-0.456041673864928));
#7053=CARTESIAN_POINT('Ctrl Pts',(16.7466849886948,-35.344797993216,-0.456041673864927));
#7054=CARTESIAN_POINT('Ctrl Pts',(16.7466849886948,-36.854052645562,-0.456041673864928));
#7055=CARTESIAN_POINT('Origin',(68.7466849886948,61.145947354438,12.5003217621905));
#7056=CARTESIAN_POINT('',(68.7466849886948,61.145947354438,7.95510046027507));
#7057=CARTESIAN_POINT('',(17.0062406690182,61.145947354438,-0.428238712321953));
#7058=CARTESIAN_POINT('Ctrl Pts',(68.7466087481239,61.145947354438,7.95517484060017));
#7059=CARTESIAN_POINT('Ctrl Pts',(66.790779620834,61.145947354438,5.9504305881305));
#7060=CARTESIAN_POINT('Ctrl Pts',(65.1526071643966,61.145947354438,4.71510322322961));
#7061=CARTESIAN_POINT('Ctrl Pts',(63.3523981275291,61.145947354438,3.85175290026394));
#7062=CARTESIAN_POINT('Ctrl Pts',(61.7758807572018,61.145947354438,3.09568138136882));
#7063=CARTESIAN_POINT('Ctrl Pts',(59.9589931015816,61.145947354438,2.56719870616528));
#7064=CARTESIAN_POINT('Ctrl Pts',(57.4980322745847,61.145947354438,2.14601884018408));
#7065=CARTESIAN_POINT('Ctrl Pts',(52.2190100985189,61.145947354438,1.24254332434646));
#7066=CARTESIAN_POINT('Ctrl Pts',(42.8177885479983,61.145947354438,0.641075869988226));
#7067=CARTESIAN_POINT('Ctrl Pts',(17.0062406690182,61.145947354438,-0.428238712321952));
#7068=CARTESIAN_POINT('Ctrl Pts',(70.218921031657,61.145947354438,9.53995016788112));
#7069=CARTESIAN_POINT('Ctrl Pts',(69.7053482487298,61.145947354438,8.96354238864982));
#7070=CARTESIAN_POINT('Ctrl Pts',(69.2167991127901,61.145947354438,8.43712462751087));
#7071=CARTESIAN_POINT('Ctrl Pts',(68.7466087481239,61.145947354438,7.95517484060019));
#7072=CARTESIAN_POINT('',(16.7466849886948,61.145947354438,-0.456041673864928));
#7073=CARTESIAN_POINT('',(16.7466849886948,61.145947354438,12.5003217621905));
#7074=CARTESIAN_POINT('Ctrl Pts',(17.0062406690182,61.145947354438,-0.428238712321953));
#7075=CARTESIAN_POINT('Ctrl Pts',(16.919085568626,61.145947354438,-0.431849352807717));
#7076=CARTESIAN_POINT('Ctrl Pts',(16.8323846308147,61.145947354438,-0.441152859605167));
#7077=CARTESIAN_POINT('Ctrl Pts',(16.7466850202526,61.145947354438,-0.456041855508275));
#7078=CARTESIAN_POINT('Ctrl Pts',(78.1219662721258,54.2181833974002,18.409923242114));
#7079=CARTESIAN_POINT('Ctrl Pts',(78.1219662721258,75.2181833974002,18.409923242114));
#7080=CARTESIAN_POINT('Ctrl Pts',(75.4876178586362,54.2181833974002,15.453265550703));
#7081=CARTESIAN_POINT('Ctrl Pts',(75.4876178586362,75.2181833974002,15.453265550703));
#7082=CARTESIAN_POINT('Ctrl Pts',(72.8532694451466,54.2181833974002,12.4966078592921));
#7083=CARTESIAN_POINT('Ctrl Pts',(72.8532694451466,75.2181833974002,12.4966078592921));
#7084=CARTESIAN_POINT('Ctrl Pts',(70.218921031657,54.2181833974002,9.53995016788112));
#7085=CARTESIAN_POINT('Ctrl Pts',(70.218921031657,75.2181833974002,9.53995016788112));
#7086=CARTESIAN_POINT('Ctrl Pts',(67.5690632813729,54.2181833974002,6.5658855914555));
#7087=CARTESIAN_POINT('Ctrl Pts',(67.5690632813729,75.2181833974002,6.5658855914555));
#7088=CARTESIAN_POINT('Ctrl Pts',(65.5853857398404,54.2181833974002,4.9226566324338));
#7089=CARTESIAN_POINT('Ctrl Pts',(65.5853857398404,75.2181833974002,4.9226566324338));
#7090=CARTESIAN_POINT('Ctrl Pts',(61.7758807572018,54.2181833974002,3.09568138136882));
#7091=CARTESIAN_POINT('Ctrl Pts',(61.7758807572018,75.2181833974002,3.09568138136882));
#7092=CARTESIAN_POINT('Ctrl Pts',(59.9589931015816,54.2181833974002,2.56719870616528));
#7093=CARTESIAN_POINT('Ctrl Pts',(59.9589931015816,75.2181833974002,2.56719870616528));
#7094=CARTESIAN_POINT('Ctrl Pts',(52.2190100985189,54.2181833974002,1.24254332434646));
#7095=CARTESIAN_POINT('Ctrl Pts',(52.2190100985189,75.2181833974002,1.24254332434646));
#7096=CARTESIAN_POINT('Ctrl Pts',(42.8177885479983,54.2181833974002,0.641075869988226));
#7097=CARTESIAN_POINT('Ctrl Pts',(42.8177885479983,75.2181833974002,0.641075869988226));
#7098=CARTESIAN_POINT('Ctrl Pts',(17.0062406690182,54.2181833974002,-0.428238712321953));
#7099=CARTESIAN_POINT('Ctrl Pts',(17.0062406690182,75.2181833974002,-0.428238712321953));
#7100=CARTESIAN_POINT('',(17.0062406690182,56.6181833974002,-0.428238712321953));
#7101=CARTESIAN_POINT('',(70.1835816802059,62.6181833974002,9.50032176151131));
#7102=CARTESIAN_POINT('Ctrl Pts',(70.1835816814183,62.6540817822623,9.50032176219051));
#7103=CARTESIAN_POINT('Ctrl Pts',(70.1835816814183,62.6421156539749,9.50032176219051));
#7104=CARTESIAN_POINT('Ctrl Pts',(70.1835816814183,62.6301495256876,9.50032176219051));
#7105=CARTESIAN_POINT('Ctrl Pts',(70.1835816814183,62.6181833974002,9.50032176219051));
#7106=CARTESIAN_POINT('',(70.218921031657,62.6181833974002,9.53995016788112));
#7107=CARTESIAN_POINT('Ctrl Pts',(70.218921031657,62.6181833974002,9.53995016788112));
#7108=CARTESIAN_POINT('Ctrl Pts',(70.2130235994928,62.6181833974002,9.53333119216827));
#7109=CARTESIAN_POINT('Ctrl Pts',(70.2071247188729,62.6181833974002,9.52671347920858));
#7110=CARTESIAN_POINT('Ctrl Pts',(70.1953449395792,62.6181833974002,9.51350402474039));
#7111=CARTESIAN_POINT('Ctrl Pts',(70.1894640235382,62.6181833974002,9.50691224328347));
#7112=CARTESIAN_POINT('Ctrl Pts',(70.1835816814183,62.6181833974002,9.50032176219051));
#7113=CARTESIAN_POINT('',(70.218921031657,56.6181833974002,9.53995016788112));
#7114=CARTESIAN_POINT('Ctrl Pts',(17.0062406690182,56.6181833974002,-0.428238712321953));
#7115=CARTESIAN_POINT('Ctrl Pts',(17.0062406690182,62.6181833974002,-0.428238712321953));
#7116=CARTESIAN_POINT('Ctrl Pts',(16.8028543906148,56.6181833974002,-0.436664550026778));
#7117=CARTESIAN_POINT('Ctrl Pts',(16.8028543906148,62.6181833974002,-0.436664550026778));
#7118=CARTESIAN_POINT('Ctrl Pts',(16.6019413679953,56.6181833974002,-0.476092313312265));
#7119=CARTESIAN_POINT('Ctrl Pts',(16.6019413679953,62.6181833974002,-0.476092313312265));
#7120=CARTESIAN_POINT('Ctrl Pts',(16.2189688699857,56.6181833974002,-0.614222533407576));
#7121=CARTESIAN_POINT('Ctrl Pts',(16.2189688699857,62.6181833974002,-0.614222533407576));
#7122=CARTESIAN_POINT('Ctrl Pts',(16.0391442642507,56.6181833974002,-0.712118919183675));
#7123=CARTESIAN_POINT('Ctrl Pts',(16.0391442642507,62.6181833974002,-0.712118919183675));
#7124=CARTESIAN_POINT('Ctrl Pts',(15.6700245479366,56.6181833974002,-0.993255383814023));
#7125=CARTESIAN_POINT('Ctrl Pts',(15.6700245479366,62.6181833974002,-0.993255383814023));
#7126=CARTESIAN_POINT('Ctrl Pts',(15.4956461500261,56.6181833974002,-1.19001065715018));
#7127=CARTESIAN_POINT('Ctrl Pts',(15.4956461500261,62.6181833974002,-1.19001065715018));
#7128=CARTESIAN_POINT('Ctrl Pts',(15.3312855021868,56.6181833974002,-1.47022818143935));
#7129=CARTESIAN_POINT('Ctrl Pts',(15.3312855021868,62.6181833974002,-1.47022818143935));
#7130=CARTESIAN_POINT('Ctrl Pts',(15.3014488701596,56.6181833974002,-1.52725074842518));
#7131=CARTESIAN_POINT('Ctrl Pts',(15.3014488701596,62.6181833974002,-1.52725074842518));
#7132=CARTESIAN_POINT('Ctrl Pts',(15.2744489457324,56.6181833974002,-1.58550557529621));
#7133=CARTESIAN_POINT('Ctrl Pts',(15.2744489457324,62.6181833974002,-1.58550557529621));
#7134=CARTESIAN_POINT('Ctrl Pts',(16.7466849886948,61.145947354438,-0.456041673864928));
#7135=CARTESIAN_POINT('Ctrl Pts',(16.7466849886948,59.6366927020921,-0.456041673864928));
#7136=CARTESIAN_POINT('Ctrl Pts',(16.7466849886948,58.1274380497461,-0.456041673864928));
#7137=CARTESIAN_POINT('Ctrl Pts',(16.7466849886948,56.6181833974002,-0.456041673864928));
#7138=CARTESIAN_POINT('Origin',(88.525329534936,61.6903248351644,12.5003217621905));
#7139=CARTESIAN_POINT('',(70.218921031657,61.6903248351644,9.50032176219051));
#7140=CARTESIAN_POINT('',(70.218921031657,61.6903248351644,11.0201359650358));
#7141=CARTESIAN_POINT('',(88.525329534936,61.6903248351644,9.50032176219051));
#7142=CARTESIAN_POINT('',(66.2025453925181,61.6903248351644,9.50032176219051));
#7143=CARTESIAN_POINT('',(88.525329534936,61.6903248351644,12.5003217621905));
#7144=CARTESIAN_POINT('Origin',(66.2025453925181,-37.0098495331646,12.5003217621905));
#7145=CARTESIAN_POINT('',(88.525329534936,-37.0098495331646,12.5003217621905));
#7146=CARTESIAN_POINT('Ctrl Pts',(15.2744489457327,-18.9991929530426,-0.499678237809487));
#7147=CARTESIAN_POINT('Ctrl Pts',(15.2744489457327,-16.3325262863759,-0.499678237809487));
#7148=CARTESIAN_POINT('Ctrl Pts',(15.2744489457327,-13.6658596197093,-0.499678237809487));
#7149=CARTESIAN_POINT('Ctrl Pts',(15.2744489457327,-10.9991929530426,-0.499678237809487));
#7150=CARTESIAN_POINT('Ctrl Pts',(15.2566878377482,-18.9991929530426,-0.591441435596629));
#7151=CARTESIAN_POINT('Ctrl Pts',(15.2566878377482,-16.3325262863759,-0.591441435596629));
#7152=CARTESIAN_POINT('Ctrl Pts',(15.2566878377482,-13.6658596197093,-0.591441435596629));
#7153=CARTESIAN_POINT('Ctrl Pts',(15.2566878377482,-10.9991929530426,-0.591441435596629));
#7154=CARTESIAN_POINT('Ctrl Pts',(15.2453699318628,-18.9991929530426,-0.684451126651174));
#7155=CARTESIAN_POINT('Ctrl Pts',(15.2453699318628,-16.3325262863759,-0.684451126651174));
#7156=CARTESIAN_POINT('Ctrl Pts',(15.2453699318628,-13.6658596197093,-0.684451126651174));
#7157=CARTESIAN_POINT('Ctrl Pts',(15.2453699318628,-10.9991929530426,-0.684451126651174));
#7158=CARTESIAN_POINT('Ctrl Pts',(15.2406061327258,-18.9991929530426,-0.77779590498795));
#7159=CARTESIAN_POINT('Ctrl Pts',(15.2406061327258,-16.3325262863759,-0.77779590498795));
#7160=CARTESIAN_POINT('Ctrl Pts',(15.2406061327258,-13.6658596197093,-0.77779590498795));
#7161=CARTESIAN_POINT('Ctrl Pts',(15.2406061327258,-10.9991929530426,-0.77779590498795));
#7162=CARTESIAN_POINT('',(15.2406061327258,-10.9991929530426,-0.77779590498795));
#7163=CARTESIAN_POINT('Ctrl Pts',(15.2406061327258,-10.9991929530426,-0.77779590498795));
#7164=CARTESIAN_POINT('Ctrl Pts',(15.2453699318628,-10.9991929530426,-0.684451126651174));
#7165=CARTESIAN_POINT('Ctrl Pts',(15.2566878377482,-10.9991929530426,-0.591441435596629));
#7166=CARTESIAN_POINT('Ctrl Pts',(15.2744489457327,-10.9991929530426,-0.499678237809487));
#7167=CARTESIAN_POINT('Ctrl Pts',(15.2406061327258,-18.9991929530426,-0.77779590498795));
#7168=CARTESIAN_POINT('Ctrl Pts',(15.2406061327258,-16.3325262863759,-0.77779590498795));
#7169=CARTESIAN_POINT('Ctrl Pts',(15.2406061327258,-13.6658596197093,-0.77779590498795));
#7170=CARTESIAN_POINT('Ctrl Pts',(15.2406061327258,-10.9991929530426,-0.77779590498795));
#7171=CARTESIAN_POINT('Origin',(0.,-14.9991929530426,0.));
#7172=CARTESIAN_POINT('',(12.9662045545813,-10.9991929530426,-8.04727166258536));
#7173=CARTESIAN_POINT('',(12.9662045545813,-14.9991929530426,-8.04727166258536));
#7174=CARTESIAN_POINT('Origin',(0.,-10.9991929530426,0.));
#7175=CARTESIAN_POINT('Origin',(0.,40.0008070469574,0.));
#7176=CARTESIAN_POINT('',(12.9662045545813,36.0008070469574,-8.04727166258536));
#7177=CARTESIAN_POINT('Origin',(0.,36.0008070469574,0.));
#7178=CARTESIAN_POINT('',(12.9662045545813,44.0008070469574,-8.04727166258536));
#7179=CARTESIAN_POINT('',(12.9662045545813,40.0008070469574,-8.04727166258536));
#7180=CARTESIAN_POINT('Origin',(0.,44.0008070469574,0.));
#7181=CARTESIAN_POINT('Origin',(0.,36.0008070469574,2.99283336850157));
#7182=CARTESIAN_POINT('',(10.6529631867483,36.0008070469574,-6.61776683238941));
#7183=CARTESIAN_POINT('Origin',(0.,36.0008070469574,0.));
#7184=CARTESIAN_POINT('',(10.9877330289803,36.0008070469574,-8.46554236487263));
#7185=CARTESIAN_POINT('Origin',(11.8421800888588,36.0008070469574,-7.35652468157583));
#7186=CARTESIAN_POINT('Origin',(11.7766788345661,36.0008070469574,-7.30901116559106));
#7187=CARTESIAN_POINT('',(12.2322187721827,36.0008070469574,9.29063796280048));
#7188=CARTESIAN_POINT('Origin',(0.,36.0008070469574,0.));
#7189=CARTESIAN_POINT('Origin',(13.8249099241307,36.0008070469574,10.5003217621905));
#7190=CARTESIAN_POINT('Origin',(11.7766788345661,40.0008070469574,-7.30901116559106));
#7191=CARTESIAN_POINT('',(10.9877330289803,44.0008070469574,-8.46554236487263));
#7192=CARTESIAN_POINT('Origin',(11.7766788345661,44.0008070469574,-7.30901116559106));
#7193=CARTESIAN_POINT('',(10.9877330289803,40.0008070469574,-8.46554236487263));
#7194=CARTESIAN_POINT('Origin',(11.7766788345661,-14.9991929530426,-7.30901116559106));
#7195=CARTESIAN_POINT('',(10.9877330289803,-10.9991929530426,-8.46554236487263));
#7196=CARTESIAN_POINT('Origin',(11.7766788345661,-10.9991929530426,-7.30901116559106));
#7197=CARTESIAN_POINT('',(10.9877330289803,-14.9991929530426,-8.46554236487263));
#7198=CARTESIAN_POINT('Origin',(70.218921031657,-32.3262886885242,9.53995016788112));
#7199=CARTESIAN_POINT('',(70.218921031657,68.5687772315279,9.53995016788112));
#7200=CARTESIAN_POINT('',(70.218921031657,68.5687772315279,9.50032176219051));
#7201=CARTESIAN_POINT('',(70.218921031657,68.5687772315279,-0.499678237809487));
#7202=CARTESIAN_POINT('',(70.218921031657,75.0888631761436,9.53995016788112));
#7203=CARTESIAN_POINT('',(70.218921031657,-32.3262886885242,9.53995016788112));
#7204=CARTESIAN_POINT('',(70.218921031657,75.0888631761436,9.50032176219051));
#7205=CARTESIAN_POINT('',(70.218921031657,75.0888631761436,12.5003217621905));
#7206=CARTESIAN_POINT('',(70.218921031657,18.9855426586844,9.50032176219051));
#7207=CARTESIAN_POINT('Origin',(70.218921031657,-32.3262886885242,-0.499678237809487));
#7208=CARTESIAN_POINT('',(15.2744489457327,85.0008070469574,-0.499678237809487));
#7209=CARTESIAN_POINT('',(15.3611969939977,85.0008070469574,-0.499678237809487));
#7210=CARTESIAN_POINT('',(30.4109133074274,85.0008070469574,-0.499678237809487));
#7211=CARTESIAN_POINT('',(15.2744489457327,70.0008070469574,-0.499678237809487));
#7212=CARTESIAN_POINT('',(15.2744489457327,-32.3262886885242,-0.499678237809487));
#7213=CARTESIAN_POINT('',(15.3611969939977,70.0008070469574,-0.499678237809487));
#7214=CARTESIAN_POINT('',(35.1094605158285,70.0008070469574,-0.499678237809487));
#7215=CARTESIAN_POINT('',(15.3611969939977,85.0008070469574,-0.499678237809487));
#7216=CARTESIAN_POINT('Ctrl Pts',(15.2744489457327,-32.3262886885242,-0.499678237809487));
#7217=CARTESIAN_POINT('Ctrl Pts',(15.2744489457327,102.673711311476,-0.499678237809487));
#7218=CARTESIAN_POINT('Ctrl Pts',(63.0214293830479,-32.3262886885242,1.46185429690379));
#7219=CARTESIAN_POINT('Ctrl Pts',(63.0214293830479,102.673711311476,1.46185429690379));
#7220=CARTESIAN_POINT('Ctrl Pts',(70.218921031657,-32.3262886885242,9.53995016788112));
#7221=CARTESIAN_POINT('Ctrl Pts',(70.218921031657,102.673711311476,9.53995016788112));
#7222=CARTESIAN_POINT('',(15.361312681165,85.0008070469574,-0.496109001350886));
#7223=CARTESIAN_POINT('Ctrl Pts',(15.3613126811583,85.0008070469574,-0.496109001351158));
#7224=CARTESIAN_POINT('Ctrl Pts',(15.3324003146632,85.0008070469574,-0.49729725130271));
#7225=CARTESIAN_POINT('Ctrl Pts',(15.3034457981222,85.0008070469574,-0.498486994534091));
#7226=CARTESIAN_POINT('Ctrl Pts',(15.2744489457327,85.0008070469574,-0.499678237809487));
#7227=CARTESIAN_POINT('',(15.361312681165,70.0008070469574,-0.496109001350883));
#7228=CARTESIAN_POINT('Ctrl Pts',(15.361312681165,70.0008070469574,-0.496109001350884));
#7229=CARTESIAN_POINT('Ctrl Pts',(15.361312681165,75.0008070469574,-0.496109001350884));
#7230=CARTESIAN_POINT('Ctrl Pts',(15.361312681165,80.0008070469574,-0.496109001350886));
#7231=CARTESIAN_POINT('Ctrl Pts',(15.361312681165,85.0008070469574,-0.496109001350886));
#7232=CARTESIAN_POINT('Ctrl Pts',(15.2744489457327,70.0008070469574,-0.499678237809487));
#7233=CARTESIAN_POINT('Ctrl Pts',(15.3034028736714,70.0008070469574,-0.498488757948365));
#7234=CARTESIAN_POINT('Ctrl Pts',(15.3323574949479,70.0008070469574,-0.497299011121629));
#7235=CARTESIAN_POINT('Ctrl Pts',(15.361312681165,70.0008070469574,-0.496109001350883));
#7236=CARTESIAN_POINT('Ctrl Pts',(15.2744489457327,-32.3262886885242,-0.499678237809487));
#7237=CARTESIAN_POINT('Ctrl Pts',(15.2744489457327,102.673711311476,-0.499678237809487));
#7238=CARTESIAN_POINT('Ctrl Pts',(63.0214293830479,-32.3262886885242,1.46185429690379));
#7239=CARTESIAN_POINT('Ctrl Pts',(63.0214293830479,102.673711311476,1.46185429690379));
#7240=CARTESIAN_POINT('Ctrl Pts',(70.218921031657,-32.3262886885242,9.53995016788112));
#7241=CARTESIAN_POINT('Ctrl Pts',(70.218921031657,102.673711311476,9.53995016788112));
#7242=CARTESIAN_POINT('',(70.1835816814183,68.5253627255371,9.50032176219051));
#7243=CARTESIAN_POINT('Ctrl Pts',(70.1835816814184,68.5253627255371,9.50032176219052));
#7244=CARTESIAN_POINT('Ctrl Pts',(70.1951816379234,68.5401692787578,9.51331816608338));
#7245=CARTESIAN_POINT('Ctrl Pts',(70.2069680313049,68.5546401408232,9.52653473268438));
#7246=CARTESIAN_POINT('Ctrl Pts',(70.2189210316571,68.5687772315279,9.53995016788112));
#7247=CARTESIAN_POINT('',(70.1835816814183,75.1067992534483,9.50032176219051));
#7248=CARTESIAN_POINT('Ctrl Pts',(70.1835816814183,75.1067992534483,9.50032176219051));
#7249=CARTESIAN_POINT('Ctrl Pts',(70.1835816814183,72.9129870774779,9.50032176219051));
#7250=CARTESIAN_POINT('Ctrl Pts',(70.1835816814183,70.7191749015075,9.50032176219051));
#7251=CARTESIAN_POINT('Ctrl Pts',(70.1835816814183,68.5253627255371,9.50032176219051));
#7252=CARTESIAN_POINT('Ctrl Pts',(70.218921031657,75.0888631761436,9.53995016788112));
#7253=CARTESIAN_POINT('Ctrl Pts',(70.2071472749645,75.0948429792511,9.52673590658462));
#7254=CARTESIAN_POINT('Ctrl Pts',(70.1953674416294,75.1008217000816,9.51352633755426));
#7255=CARTESIAN_POINT('Ctrl Pts',(70.1835816814183,75.1067992534484,9.50032176219051));
#7256=CARTESIAN_POINT('Ctrl Pts',(15.2744489457327,-32.3262886885242,-0.499678237809487));
#7257=CARTESIAN_POINT('Ctrl Pts',(15.2744489457327,102.673711311476,-0.499678237809487));
#7258=CARTESIAN_POINT('Ctrl Pts',(63.0214293830479,-32.3262886885242,1.46185429690379));
#7259=CARTESIAN_POINT('Ctrl Pts',(63.0214293830479,102.673711311476,1.46185429690379));
#7260=CARTESIAN_POINT('Ctrl Pts',(70.218921031657,-32.3262886885242,9.53995016788112));
#7261=CARTESIAN_POINT('Ctrl Pts',(70.218921031657,102.673711311476,9.53995016788112));
#7262=CARTESIAN_POINT('',(70.1835816814183,66.6752295448829,9.50032176219051));
#7263=CARTESIAN_POINT('Ctrl Pts',(70.1835816814183,66.6752295448829,9.50032176219051));
#7264=CARTESIAN_POINT('Ctrl Pts',(70.1835816814183,65.3348469573427,9.50032176219051));
#7265=CARTESIAN_POINT('Ctrl Pts',(70.1835816814183,63.9944643698025,9.50032176219051));
#7266=CARTESIAN_POINT('Ctrl Pts',(70.1835816814183,62.6540817822623,9.50032176219051));
#7267=CARTESIAN_POINT('',(70.218921031657,66.6318150388921,9.53995016788112));
#7268=CARTESIAN_POINT('Ctrl Pts',(70.2189210316571,66.631815038892,9.53995016788112));
#7269=CARTESIAN_POINT('Ctrl Pts',(70.2069680313048,66.6459521295968,9.52653473268432));
#7270=CARTESIAN_POINT('Ctrl Pts',(70.1951816379234,66.6604229916622,9.51331816608336));
#7271=CARTESIAN_POINT('Ctrl Pts',(70.1835816814184,66.6752295448829,9.50032176219052));
#7272=CARTESIAN_POINT('',(70.218921031657,-32.3262886885242,9.53995016788112));
#7273=CARTESIAN_POINT('Origin',(70.218921031657,-32.3262886885242,9.53995016788112));
#7274=CARTESIAN_POINT('',(70.218921031657,66.6318150388921,9.50032176219051));
#7275=CARTESIAN_POINT('',(70.218921031657,66.6318150388921,-0.499678237809487));
#7276=CARTESIAN_POINT('',(70.218921031657,18.9855426586844,9.50032176219051));
#7277=CARTESIAN_POINT('Origin',(74.8639374637271,70.297374005893,9.50032176219051));
#7278=CARTESIAN_POINT('',(72.8643660831872,67.60029613521,9.50032176219051));
#7279=CARTESIAN_POINT('Origin',(71.3643660831872,67.60029613521,9.50032176219051));
#7280=CARTESIAN_POINT('Origin',(71.3643660831872,67.60029613521,9.50032176219051));
#7281=CARTESIAN_POINT('Origin',(38.3493626824005,12.3402376509999,9.50032176219051));
#7282=CARTESIAN_POINT('Origin',(74.8639374637271,70.297374005893,9.50032176219051));
#7283=CARTESIAN_POINT('',(61.2025453925181,66.6903248351644,9.50032176219051));
#7284=CARTESIAN_POINT('Origin',(66.2025453925181,66.6903248351645,9.50032176219051));
#7285=CARTESIAN_POINT('',(61.2025453925181,78.9044231766215,9.50032176219051));
#7286=CARTESIAN_POINT('',(61.2025453925181,78.9044231766215,9.50032176219051));
#7287=CARTESIAN_POINT('Origin',(38.3493626824005,12.3402376509999,9.50032176219051));
#7288=CARTESIAN_POINT('Origin',(71.3643660831872,67.60029613521,9.50032176219051));
#7289=CARTESIAN_POINT('Origin',(0.,70.0008070469574,-1.4345));
#7290=CARTESIAN_POINT('',(13.1542052999722,70.0008070469574,7.94876936109779));
#7291=CARTESIAN_POINT('Origin',(0.,70.0008070469574,0.));
#7292=CARTESIAN_POINT('Origin',(15.7218277696245,70.0008070469574,9.50032176219051));
#7293=CARTESIAN_POINT('',(12.8002393812231,70.0008070469574,1.56757721865348E-15));
#7294=CARTESIAN_POINT('Origin',(0.,70.0008070469574,0.));
#7295=CARTESIAN_POINT('Origin',(0.,70.0008070469574,0.));
#7296=CARTESIAN_POINT('',(-13.1542052999722,70.0008070469574,7.94876936109779));
#7297=CARTESIAN_POINT('Origin',(-15.7218277696245,70.0008070469574,9.50032176219051));
#7298=CARTESIAN_POINT('Origin',(0.,70.0008070469574,0.));
#7299=CARTESIAN_POINT('Origin',(0.,85.0008070469574,0.));
#7300=CARTESIAN_POINT('',(13.1542052999722,85.0008070469574,7.94876936109779));
#7301=CARTESIAN_POINT('Origin',(0.,85.0008070469574,0.));
#7302=CARTESIAN_POINT('',(13.1542052999722,85.0008070469574,7.94876936109779));
#7303=CARTESIAN_POINT('Origin',(0.,85.0008070469574,0.));
#7304=CARTESIAN_POINT('',(-13.1542052999722,84.7168770786507,7.94876936109779));
#7305=CARTESIAN_POINT('',(-13.1542052999722,85.0008070469574,7.94876936109779));
#7306=CARTESIAN_POINT('',(-9.3970944168023,85.0008070469574,12.1618529818217));
#7307=CARTESIAN_POINT('Ctrl Pts',(-13.1542052999722,84.7168770786507,7.94876936109779));
#7308=CARTESIAN_POINT('Ctrl Pts',(-12.476033895914,84.8199664921203,9.07105703511326));
#7309=CARTESIAN_POINT('Ctrl Pts',(-11.6590604875895,84.9142243790532,10.09153499258));
#7310=CARTESIAN_POINT('Ctrl Pts',(-10.3432636570414,84.9865317966817,11.3837060393694));
#7311=CARTESIAN_POINT('Ctrl Pts',(-9.88429741177576,85.0008070469574,11.7854060250333));
#7312=CARTESIAN_POINT('Ctrl Pts',(-9.3970944168023,85.0008070469574,12.1618529818217));
#7313=CARTESIAN_POINT('Origin',(0.,85.0008070469574,0.));
#7314=CARTESIAN_POINT('Origin',(16.7466849886948,55.145947354438,12.5003217621905));
#7315=CARTESIAN_POINT('Origin',(0.,-10.9991929530426,2.99283336850157));
#7316=CARTESIAN_POINT('Origin',(0.,-10.9991929530426,0.));
#7317=CARTESIAN_POINT('',(10.6529631867483,-10.9991929530426,-6.61776683238941));
#7318=CARTESIAN_POINT('Origin',(11.8421800888588,-10.9991929530426,-7.35652468157583));
#7319=CARTESIAN_POINT('Origin',(0.,-10.9991929530426,0.));
#7320=CARTESIAN_POINT('Origin',(0.,-14.9991929530426,0.));
#7321=CARTESIAN_POINT('Origin',(0.,44.0008070469574,2.99283336850157));
#7322=CARTESIAN_POINT('',(12.2322187721827,44.0008070469574,9.29063796280048));
#7323=CARTESIAN_POINT('Origin',(13.8249099241307,44.0008070469574,10.5003217621905));
#7324=CARTESIAN_POINT('Origin',(0.,44.0008070469574,0.));
#7325=CARTESIAN_POINT('',(10.6529631867483,44.0008070469574,-6.61776683238941));
#7326=CARTESIAN_POINT('Origin',(11.8421800888588,44.0008070469574,-7.35652468157583));
#7327=CARTESIAN_POINT('Origin',(0.,44.0008070469574,0.));
#7328=CARTESIAN_POINT('Origin',(0.,40.0008070469574,0.));
#7329=CARTESIAN_POINT('',(12.2322187721827,40.0008070469574,9.29063796280048));
#7330=CARTESIAN_POINT('Origin',(0.0199023145765769,85.0008070469574,-8.39025660664407));
#7331=CARTESIAN_POINT('',(1.26990231457658,85.0008070469574,-8.39025660664407));
#7332=CARTESIAN_POINT('Origin',(0.0199023145765769,85.0008070469574,-8.39025660664407));
#7333=CARTESIAN_POINT('',(1.26990231457658,82.6128070469574,-8.39025660664407));
#7334=CARTESIAN_POINT('',(1.26990231457658,85.0008070469574,-8.39025660664407));
#7335=CARTESIAN_POINT('Origin',(0.0199023145765769,82.6128070469574,-8.39025660664407));
#7336=CARTESIAN_POINT('Origin',(0.0199023145765769,85.0008070469574,-8.39025660664407));
#7337=CARTESIAN_POINT('',(1.26990231457658,-57.3203317449575,-8.39025660664407));
#7338=CARTESIAN_POINT('Origin',(0.0199023145765769,-57.3203317449575,-8.39025660664407));
#7339=CARTESIAN_POINT('',(1.26990231457658,-60.3203317449575,-8.39025660664407));
#7340=CARTESIAN_POINT('',(1.26990231457658,85.0008070469574,-8.39025660664407));
#7341=CARTESIAN_POINT('Origin',(0.0199023145765769,-60.3203317449575,-8.39025660664407));
#7342=CARTESIAN_POINT('Origin',(0.019902314576577,85.0008070469574,8.39025660664407));
#7343=CARTESIAN_POINT('',(1.26990231457658,85.0008070469574,8.39025660664407));
#7344=CARTESIAN_POINT('Origin',(0.019902314576577,85.0008070469574,8.39025660664407));
#7345=CARTESIAN_POINT('',(1.26990231457658,82.6128070469574,8.39025660664407));
#7346=CARTESIAN_POINT('',(1.26990231457658,85.0008070469574,8.39025660664407));
#7347=CARTESIAN_POINT('Origin',(0.019902314576577,82.6128070469574,8.39025660664407));
#7348=CARTESIAN_POINT('Origin',(0.019902314576577,85.0008070469574,8.39025660664407));
#7349=CARTESIAN_POINT('',(1.26990231457658,-57.3203317449575,8.39025660664407));
#7350=CARTESIAN_POINT('Origin',(0.019902314576577,-57.3203317449575,8.39025660664407));
#7351=CARTESIAN_POINT('',(1.26990231457658,-60.3203317449575,8.39025660664407));
#7352=CARTESIAN_POINT('',(1.26990231457658,85.0008070469574,8.39025660664407));
#7353=CARTESIAN_POINT('Origin',(0.019902314576577,-60.3203317449575,8.39025660664407));
#7354=CARTESIAN_POINT('Origin',(71.3643660831872,67.60029613521,-0.499678237809487));
#7355=CARTESIAN_POINT('',(72.8643660831872,67.60029613521,15.3693217621905));
#7356=CARTESIAN_POINT('',(72.8643660831872,67.60029613521,-0.499678237809487));
#7357=CARTESIAN_POINT('Origin',(71.3643660831872,67.60029613521,15.3693217621905));
#7358=CARTESIAN_POINT('Origin',(71.3643660831872,-42.90029613521,-0.499678237809487));
#7359=CARTESIAN_POINT('',(72.8643660831872,-42.90029613521,15.3693217621905));
#7360=CARTESIAN_POINT('',(72.8643660831872,-42.90029613521,-0.499678237809487));
#7361=CARTESIAN_POINT('Origin',(71.3643660831872,-42.90029613521,15.3693217621905));
#7362=CARTESIAN_POINT('Origin',(-23.2686054716245,66.6930807878358,-0.499678237809487));
#7363=CARTESIAN_POINT('',(-21.7686054716245,66.6930807878358,9.50032176219051));
#7364=CARTESIAN_POINT('Origin',(-23.2686054716245,66.6930807878358,9.50032176219051));
#7365=CARTESIAN_POINT('',(-21.7686054716245,66.6930807878358,15.3693217621905));
#7366=CARTESIAN_POINT('',(-21.7686054716245,66.6930807878358,-0.499678237809487));
#7367=CARTESIAN_POINT('Origin',(-23.2686054716245,66.6930807878358,15.3693217621905));
#7368=CARTESIAN_POINT('Origin',(-23.2686054716245,-41.9930807878358,-0.499678237809487));
#7369=CARTESIAN_POINT('',(-21.7686054716245,-41.9930807878358,9.50032176219051));
#7370=CARTESIAN_POINT('Origin',(-23.2686054716245,-41.9930807878358,9.50032176219051));
#7371=CARTESIAN_POINT('',(-21.7686054716245,-41.9930807878358,15.3693217621905));
#7372=CARTESIAN_POINT('',(-21.7686054716245,-41.9930807878358,-0.499678237809487));
#7373=CARTESIAN_POINT('Origin',(-23.2686054716245,-41.9930807878358,15.3693217621905));
#7374=CARTESIAN_POINT('Origin',(0.,70.0008070469574,-1.4345));
#7375=CARTESIAN_POINT('Origin',(0.,70.0008070469574,0.));
#7376=CARTESIAN_POINT('Origin',(0.,-45.3203317449575,0.));
#7377=CARTESIAN_POINT('Origin',(0.,-45.3203317449575,0.));
#7378=CARTESIAN_POINT('Origin',(0.,-45.3203317449575,0.));
#7379=CARTESIAN_POINT('',(-12.8350257807109,-45.3203317449575,-1.57183732393213E-15));
#7380=CARTESIAN_POINT('Origin',(0.,-45.3203317449575,0.));
#7381=CARTESIAN_POINT('Origin',(0.,-45.3203317449575,0.));
#7382=CARTESIAN_POINT('',(-12.8350257807109,-57.3203317449575,1.57183732393213E-15));
#7383=CARTESIAN_POINT('',(-12.8350257807109,-45.3203317449575,-1.57183732393213E-15));
#7384=CARTESIAN_POINT('Origin',(0.,-57.3203317449575,0.));
#7385=CARTESIAN_POINT('Origin',(0.,-57.3203317449575,0.));
#7386=CARTESIAN_POINT('',(-3.93811967076138,-57.3203317449575,4.82280564945716E-16));
#7387=CARTESIAN_POINT('Origin',(0.,-57.3203317449575,0.));
#7388=CARTESIAN_POINT('Origin',(99.6816920509817,29.9539186878861,12.5003217621905));
#7389=CARTESIAN_POINT('Origin',(99.6816920509817,-5.27344338588619,12.5003217621905));
#7390=CARTESIAN_POINT('Origin',(99.6816920509817,12.3402376509999,12.5003217621905));
#7391=CARTESIAN_POINT('',(111.308181173086,12.3402376509999,15.3693217621905));
#7392=CARTESIAN_POINT('',(111.308181173086,12.3402376509999,12.5003217621905));
#7393=CARTESIAN_POINT('Origin',(99.6816920509817,12.3402376509999,15.3693217621905));
#7394=CARTESIAN_POINT('Origin',(15.7218277696245,85.0008070469574,9.50032176219051));
#7395=CARTESIAN_POINT('Origin',(15.7218277696245,85.0008070469574,9.50032176219051));
#7396=CARTESIAN_POINT('Origin',(-15.7218277696245,85.0008070469574,9.50032176219051));
#7397=CARTESIAN_POINT('Ctrl Pts',(-15.7218277696245,84.1875337377624,12.5003217621905));
#7398=CARTESIAN_POINT('Ctrl Pts',(-15.348722810983,84.2850992085344,12.5003217621905));
#7399=CARTESIAN_POINT('Ctrl Pts',(-14.9473600682204,84.3798695452207,12.4263627506071));
#7400=CARTESIAN_POINT('Ctrl Pts',(-14.2045229286346,84.5371630956162,12.1193487277245));
#7401=CARTESIAN_POINT('Ctrl Pts',(-13.863211911889,84.6001712488657,11.8861470909146));
#7402=CARTESIAN_POINT('Ctrl Pts',(-13.3303005974246,84.6909083416179,11.349632379778));
#7403=CARTESIAN_POINT('Ctrl Pts',(-13.1011165764471,84.7253664512462,11.0138235690987));
#7404=CARTESIAN_POINT('Ctrl Pts',(-12.7968728644125,84.7690351670378,10.2771447194097));
#7405=CARTESIAN_POINT('Ctrl Pts',(-12.7218277696245,84.7787437676093,9.87629825667768));
#7406=CARTESIAN_POINT('Ctrl Pts',(-12.7218277696245,84.7787437676093,9.12434526770335));
#7407=CARTESIAN_POINT('Ctrl Pts',(-12.7968728644125,84.7690351670378,8.7234988049713));
#7408=CARTESIAN_POINT('Ctrl Pts',(-13.0071461235791,84.7388542205469,8.2143547978617));
#7409=CARTESIAN_POINT('Ctrl Pts',(-13.0761025836128,84.7287495391698,8.07801945237641));
#7410=CARTESIAN_POINT('Ctrl Pts',(-13.1542052999734,84.7168770786505,7.94876936109575));
#7411=CARTESIAN_POINT('Origin',(0.,85.0008070469574,0.));
#7412=CARTESIAN_POINT('',(12.8002393812231,82.6128070469574,-1.56757721865348E-15));
#7413=CARTESIAN_POINT('',(12.8002393812231,85.0008070469574,1.56757721865348E-15));
#7414=CARTESIAN_POINT('Origin',(0.,82.6128070469574,0.));
#7415=CARTESIAN_POINT('Origin',(0.,85.0008070469574,0.));
#7416=CARTESIAN_POINT('',(3.94558812834061,82.6128070469574,-4.83195187212612E-16));
#7417=CARTESIAN_POINT('Origin',(0.,82.6128070469574,0.));
#7418=CARTESIAN_POINT('',(3.94558812834061,85.0008070469574,-4.83195187212612E-16));
#7419=CARTESIAN_POINT('',(3.94558812834061,85.0008070469574,4.83195187212612E-16));
#7420=CARTESIAN_POINT('Origin',(0.,85.0008070469574,0.));
#7421=CARTESIAN_POINT('Origin',(0.,82.6128070469574,-1.4345));
#7422=CARTESIAN_POINT('Origin',(52.7180427994715,37.5008070469574,15.3693217621905));
#7423=CARTESIAN_POINT('',(52.7180427994715,85.0008070469574,15.3693217621905));
#7424=CARTESIAN_POINT('',(52.7180427994715,85.0008070469574,15.3693217621905));
#7425=CARTESIAN_POINT('',(76.2737808495019,78.7485609848187,15.3693217621905));
#7426=CARTESIAN_POINT('Origin',(52.7180427994715,37.5008070469574,15.3693217621905));
#7427=CARTESIAN_POINT('',(76.2737808495019,78.7485609848187,15.3693217621905));
#7428=CARTESIAN_POINT('Origin',(-9.3970944168023,85.0008070469574,15.3693217621905));
#7429=CARTESIAN_POINT('',(-9.3970944168023,85.0008070469574,15.3693217621905));
#7430=CARTESIAN_POINT('',(-9.3970944168023,85.0008070469574,15.3693217621905));
#7431=CARTESIAN_POINT('',(-9.3970944168023,85.0008070469574,15.3693217621905));
#7432=CARTESIAN_POINT('Origin',(52.7180427994715,-12.8203317449575,15.3693217621905));
#7433=CARTESIAN_POINT('',(76.2737808495019,-54.0680856828188,15.3693217621905));
#7434=CARTESIAN_POINT('',(76.2737808495019,-54.0680856828188,15.3693217621905));
#7435=CARTESIAN_POINT('',(52.7180427994715,-60.3203317449575,15.3693217621905));
#7436=CARTESIAN_POINT('Origin',(52.7180427994715,-12.8203317449575,15.3693217621905));
#7437=CARTESIAN_POINT('',(52.7180427994715,-60.3203317449575,15.3693217621905));
#7438=CARTESIAN_POINT('Origin',(62.1982317620327,-60.3203317449575,15.3693217621905));
#7439=CARTESIAN_POINT('',(-9.39709441680234,-60.3203317449575,15.3693217621905));
#7440=CARTESIAN_POINT('',(62.1982317620327,-60.3203317449575,15.3693217621905));
#7441=CARTESIAN_POINT('',(-9.39709441680233,-60.3203317449575,12.1618529818217));
#7442=CARTESIAN_POINT('',(-9.39709441680234,-60.3203317449575,15.3693217621905));
#7443=CARTESIAN_POINT('',(13.1542052999722,-60.3203317449575,7.94876936109779));
#7444=CARTESIAN_POINT('Origin',(0.,-60.3203317449575,0.));
#7445=CARTESIAN_POINT('Origin',(15.7218277696245,-60.3203317449575,9.50032176219051));
#7446=CARTESIAN_POINT('',(-3.93811967076138,-60.3203317449575,-4.82280564945716E-16));
#7447=CARTESIAN_POINT('Origin',(0.,-60.3203317449575,0.));
#7448=CARTESIAN_POINT('Origin',(40.2133113995711,12.3402376509999,15.3693217621905));
#7449=CARTESIAN_POINT('',(-34.3970944168023,60.0008070469574,15.3693217621905));
#7450=CARTESIAN_POINT('Origin',(-9.3970944168023,60.0008070469574,15.3693217621905));
#7451=CARTESIAN_POINT('',(-34.3970944168023,-35.3203317449575,15.3693217621905));
#7452=CARTESIAN_POINT('',(-34.3970944168023,-35.3203317449575,15.3693217621905));
#7453=CARTESIAN_POINT('Origin',(-9.39709441680233,-35.3203317449575,15.3693217621905));
#7454=CARTESIAN_POINT('Origin',(38.3493626824005,12.3402376509999,15.3693217621905));
#7455=CARTESIAN_POINT('Origin',(-19.2951230481907,-42.1318449730987,12.5003217621905));
#7456=CARTESIAN_POINT('',(-19.2951230481907,-51.4254778787222,9.50032176219051));
#7457=CARTESIAN_POINT('',(-19.2951230481907,-51.4254778787222,12.5003217621905));
#7458=CARTESIAN_POINT('',(-19.2951230481907,-42.1318449730987,9.50032176219051));
#7459=CARTESIAN_POINT('',(-19.2951230481907,-51.4254778787221,9.50032176219051));
#7460=CARTESIAN_POINT('',(-19.2951230481907,-42.1318449730987,12.5003217621905));
#7461=CARTESIAN_POINT('Origin',(-24.2951230481907,-42.1318449730988,12.5003217621905));
#7462=CARTESIAN_POINT('',(-24.2951230481907,-37.1318449730988,9.50032176219051));
#7463=CARTESIAN_POINT('Origin',(-24.2951230481907,-42.1318449730988,9.50032176219051));
#7464=CARTESIAN_POINT('',(-24.2951230481907,-37.1318449730988,12.5003217621905));
#7465=CARTESIAN_POINT('Origin',(-28.2137126730663,-37.1318449730988,12.5003217621905));
#7466=CARTESIAN_POINT('',(-28.2137126730663,-37.1318449730988,9.50032176219051));
#7467=CARTESIAN_POINT('',(-24.2951230481907,-37.1318449730988,9.50032176219051));
#7468=CARTESIAN_POINT('',(-28.2137126730663,-37.1318449730988,12.5003217621905));
#7469=CARTESIAN_POINT('Origin',(-9.3970944168023,-35.3203317449576,12.5003217621905));
#7470=CARTESIAN_POINT('Origin',(-9.3970944168023,-35.3203317449576,9.50032176219051));
#7471=CARTESIAN_POINT('Origin',(-23.7544178606285,-44.2786614259105,9.50032176219051));
#7472=CARTESIAN_POINT('Origin',(61.2025453925181,66.6903248351644,12.5003217621905));
#7473=CARTESIAN_POINT('',(61.2025453925181,78.9044231766215,12.5003217621905));
#7474=CARTESIAN_POINT('',(61.2025453925181,66.6903248351644,12.5003217621905));
#7475=CARTESIAN_POINT('Origin',(66.2025453925181,66.6903248351645,12.5003217621905));
#7476=CARTESIAN_POINT('Origin',(38.3493626824005,12.3402376509999,12.5003217621905));
#7477=CARTESIAN_POINT('Origin',(-19.2951230481907,76.105953180722,12.5003217621905));
#7478=CARTESIAN_POINT('',(-19.2951230481907,66.8123202750986,9.50032176219051));
#7479=CARTESIAN_POINT('',(-19.2951230481907,66.8123202750986,12.5003217621905));
#7480=CARTESIAN_POINT('',(-19.2951230481907,76.105953180722,9.50032176219051));
#7481=CARTESIAN_POINT('',(-19.2951230481907,76.105953180722,9.50032176219051));
#7482=CARTESIAN_POINT('',(-19.2951230481907,76.105953180722,12.5003217621905));
#7483=CARTESIAN_POINT('Origin',(-9.3970944168023,60.0008070469574,12.5003217621905));
#7484=CARTESIAN_POINT('',(-28.2137126730663,61.8123202750986,9.50032176219051));
#7485=CARTESIAN_POINT('Origin',(-9.3970944168023,60.0008070469574,9.50032176219051));
#7486=CARTESIAN_POINT('',(-28.2137126730663,61.8123202750986,12.5003217621905));
#7487=CARTESIAN_POINT('Origin',(-24.2951230481907,61.8123202750986,12.5003217621905));
#7488=CARTESIAN_POINT('',(-24.2951230481907,61.8123202750986,9.50032176219051));
#7489=CARTESIAN_POINT('',(-24.2951230481907,61.8123202750986,9.50032176219051));
#7490=CARTESIAN_POINT('',(-24.2951230481907,61.8123202750986,12.5003217621905));
#7491=CARTESIAN_POINT('Origin',(-24.2951230481907,66.8123202750986,12.5003217621905));
#7492=CARTESIAN_POINT('Origin',(-24.2951230481907,66.8123202750986,9.50032176219051));
#7493=CARTESIAN_POINT('Origin',(-23.7544178606285,68.9591367279103,9.50032176219051));
#7494=CARTESIAN_POINT('Origin',(61.2025453925181,-54.2239478746217,12.5003217621905));
#7495=CARTESIAN_POINT('',(61.2025453925181,-54.2239478746217,12.5003217621905));
#7496=CARTESIAN_POINT('Origin',(38.3493626824005,12.3402376509999,12.5003217621905));
#7497=CARTESIAN_POINT('Origin',(-13.8249099241307,-14.9991929530426,10.5003217621905));
#7498=CARTESIAN_POINT('',(-12.2322187721827,-10.9991929530426,9.29063796280048));
#7499=CARTESIAN_POINT('Origin',(-13.8249099241307,-10.9991929530426,10.5003217621905));
#7500=CARTESIAN_POINT('',(-12.2322187721827,-18.9991929530426,9.29063796280048));
#7501=CARTESIAN_POINT('',(-12.2322187721827,-14.9991929530426,9.29063796280048));
#7502=CARTESIAN_POINT('Origin',(-13.8249099241307,-18.9991929530426,10.5003217621905));
#7503=CARTESIAN_POINT('Origin',(0.,-14.9991929530426,0.));
#7504=CARTESIAN_POINT('',(-13.0466518844668,-10.9991929530426,-8.1072809530636));
#7505=CARTESIAN_POINT('Origin',(0.,-10.9991929530426,0.));
#7506=CARTESIAN_POINT('',(-13.0466518844668,-18.9991929530426,-8.1072809530636));
#7507=CARTESIAN_POINT('',(-13.0466518844668,-14.9991929530426,-8.1072809530636));
#7508=CARTESIAN_POINT('Origin',(0.,-18.9991929530426,0.));
#7509=CARTESIAN_POINT('Origin',(-13.8249099241307,40.0008070469574,10.5003217621905));
#7510=CARTESIAN_POINT('',(-12.2322187721827,44.0008070469574,9.29063796280048));
#7511=CARTESIAN_POINT('Origin',(-13.8249099241307,44.0008070469574,10.5003217621905));
#7512=CARTESIAN_POINT('',(-12.2322187721827,36.0008070469574,9.29063796280048));
#7513=CARTESIAN_POINT('',(-12.2322187721827,40.0008070469574,9.29063796280048));
#7514=CARTESIAN_POINT('Origin',(-13.8249099241307,36.0008070469574,10.5003217621905));
#7515=CARTESIAN_POINT('Origin',(0.,40.0008070469574,0.));
#7516=CARTESIAN_POINT('',(-13.0466518844668,44.0008070469574,-8.1072809530636));
#7517=CARTESIAN_POINT('Origin',(0.,44.0008070469574,0.));
#7518=CARTESIAN_POINT('',(-13.0466518844668,36.0008070469574,-8.1072809530636));
#7519=CARTESIAN_POINT('',(-13.0466518844668,40.0008070469574,-8.1072809530636));
#7520=CARTESIAN_POINT('Origin',(0.,36.0008070469574,0.));
#7521=CARTESIAN_POINT('Origin',(13.8249099241307,40.0008070469574,10.5003217621905));
#7522=CARTESIAN_POINT('Origin',(0.,36.0008070469574,2.99283336850157));
#7523=CARTESIAN_POINT('',(-11.0030909619151,36.0008070469574,-8.47737494503751));
#7524=CARTESIAN_POINT('Origin',(-11.8575380217935,36.0008070469574,-7.36835726174071));
#7525=CARTESIAN_POINT('',(-10.9877330289803,36.0008070469574,-8.46554236487263));
#7526=CARTESIAN_POINT('',(0.,36.0008070469574,0.));
#7527=CARTESIAN_POINT('',(-10.6529631867483,36.0008070469574,-6.61776683238941));
#7528=CARTESIAN_POINT('Origin',(-11.8421800888588,36.0008070469574,-7.35652468157583));
#7529=CARTESIAN_POINT('Origin',(0.,36.0008070469574,0.));
#7530=CARTESIAN_POINT('Origin',(0.,40.0008070469574,0.));
#7531=CARTESIAN_POINT('',(-10.6529631867483,44.0008070469574,-6.61776683238941));
#7532=CARTESIAN_POINT('',(-10.6529631867483,40.0008070469574,-6.61776683238941));
#7533=CARTESIAN_POINT('Origin',(0.,44.0008070469574,0.));
#7534=CARTESIAN_POINT('Origin',(0.,40.0008070469574,0.));
#7535=CARTESIAN_POINT('',(10.6529631867483,40.0008070469574,-6.61776683238941));
#7536=CARTESIAN_POINT('Origin',(0.,44.0008070469574,2.99283336850157));
#7537=CARTESIAN_POINT('',(-10.9877330289803,44.0008070469574,-8.46554236487263));
#7538=CARTESIAN_POINT('Origin',(-11.8421800888588,44.0008070469574,-7.35652468157583));
#7539=CARTESIAN_POINT('',(-11.0030909619151,44.0008070469574,-8.47737494503751));
#7540=CARTESIAN_POINT('',(0.,44.0008070469574,0.));
#7541=CARTESIAN_POINT('Origin',(-11.8575380217935,44.0008070469574,-7.36835726174071));
#7542=CARTESIAN_POINT('Origin',(-11.8421800888588,40.0008070469574,-7.35652468157583));
#7543=CARTESIAN_POINT('',(-10.9877330289803,40.0008070469574,-8.46554236487263));
#7544=CARTESIAN_POINT('Origin',(-12.1678571765728,40.0008070469574,-9.37477368136928));
#7545=CARTESIAN_POINT('',(-11.0030909619151,40.0008070469574,-8.47737494503751));
#7546=CARTESIAN_POINT('Origin',(-11.8575380217935,40.0008070469574,-7.36835726174071));
#7547=CARTESIAN_POINT('Origin',(11.8421800888588,40.0008070469574,-7.35652468157583));
#7548=CARTESIAN_POINT('Origin',(0.,-18.9991929530426,2.99283336850157));
#7549=CARTESIAN_POINT('',(-11.0030909619151,-18.9991929530426,-8.47737494503751));
#7550=CARTESIAN_POINT('Origin',(-11.8575380217935,-18.9991929530426,-7.36835726174071));
#7551=CARTESIAN_POINT('',(-10.9877330289803,-18.9991929530426,-8.46554236487263));
#7552=CARTESIAN_POINT('',(0.,-18.9991929530426,0.));
#7553=CARTESIAN_POINT('',(-10.6529631867483,-18.9991929530426,-6.61776683238941));
#7554=CARTESIAN_POINT('Origin',(-11.8421800888588,-18.9991929530426,-7.35652468157583));
#7555=CARTESIAN_POINT('Origin',(0.,-18.9991929530426,0.));
#7556=CARTESIAN_POINT('Origin',(0.,-14.9991929530426,0.));
#7557=CARTESIAN_POINT('',(-10.6529631867483,-10.9991929530426,-6.61776683238941));
#7558=CARTESIAN_POINT('',(-10.6529631867483,-14.9991929530426,-6.61776683238941));
#7559=CARTESIAN_POINT('Origin',(0.,-10.9991929530426,0.));
#7560=CARTESIAN_POINT('Origin',(0.,-14.9991929530426,0.));
#7561=CARTESIAN_POINT('',(10.6529631867483,-14.9991929530426,-6.61776683238941));
#7562=CARTESIAN_POINT('Origin',(0.,-10.9991929530426,2.99283336850157));
#7563=CARTESIAN_POINT('',(-10.9877330289803,-10.9991929530426,-8.46554236487263));
#7564=CARTESIAN_POINT('Origin',(-11.8421800888588,-10.9991929530426,-7.35652468157583));
#7565=CARTESIAN_POINT('',(-11.0030909619151,-10.9991929530426,-8.47737494503751));
#7566=CARTESIAN_POINT('',(0.,-10.9991929530426,0.));
#7567=CARTESIAN_POINT('Origin',(-11.8575380217935,-10.9991929530426,-7.36835726174071));
#7568=CARTESIAN_POINT('Origin',(-11.8421800888588,-14.9991929530426,-7.35652468157583));
#7569=CARTESIAN_POINT('',(-10.9877330289803,-14.9991929530426,-8.46554236487263));
#7570=CARTESIAN_POINT('Origin',(-12.1678571765728,-14.9991929530426,-9.37477368136928));
#7571=CARTESIAN_POINT('',(-11.0030909619151,-14.9991929530426,-8.47737494503751));
#7572=CARTESIAN_POINT('Origin',(-11.8575380217935,-14.9991929530426,-7.36835726174071));
#7573=CARTESIAN_POINT('Origin',(11.8421800888588,-14.9991929530426,-7.35652468157583));
#7574=CARTESIAN_POINT('Origin',(15.7218277696245,-60.3203317449575,9.50032176219051));
#7575=CARTESIAN_POINT('',(13.1542052999722,-45.3203317449575,7.94876936109779));
#7576=CARTESIAN_POINT('Origin',(15.7218277696245,-45.3203317449575,9.50032176219051));
#7577=CARTESIAN_POINT('',(13.1542052999722,-60.3203317449575,7.94876936109779));
#7578=CARTESIAN_POINT('Origin',(-15.7218277696245,-60.3203317449575,9.50032176219051));
#7579=CARTESIAN_POINT('',(-13.1542052999722,-60.0364017766508,7.94876936109779));
#7580=CARTESIAN_POINT('Ctrl Pts',(-13.1542052999734,-60.0364017766506,7.94876936109575));
#7581=CARTESIAN_POINT('Ctrl Pts',(-13.0761025836128,-60.0482742371699,8.07801945237641));
#7582=CARTESIAN_POINT('Ctrl Pts',(-13.0071461235791,-60.058378918547,8.2143547978617));
#7583=CARTESIAN_POINT('Ctrl Pts',(-12.7968728644125,-60.088559865038,8.7234988049713));
#7584=CARTESIAN_POINT('Ctrl Pts',(-12.7218277696245,-60.0982684656095,9.12434526770335));
#7585=CARTESIAN_POINT('Ctrl Pts',(-12.7218277696245,-60.0982684656095,9.87629825667767));
#7586=CARTESIAN_POINT('Ctrl Pts',(-12.7968728644125,-60.088559865038,10.2771447194097));
#7587=CARTESIAN_POINT('Ctrl Pts',(-13.1011165764471,-60.0448911492464,11.0138235690987));
#7588=CARTESIAN_POINT('Ctrl Pts',(-13.3303005974246,-60.010433039618,11.349632379778));
#7589=CARTESIAN_POINT('Ctrl Pts',(-13.863211911889,-59.9196959468659,11.8861470909146));
#7590=CARTESIAN_POINT('Ctrl Pts',(-14.2045229286346,-59.8566877936163,12.1193487277245));
#7591=CARTESIAN_POINT('Ctrl Pts',(-14.9473600682204,-59.6993942432208,12.4263627506071));
#7592=CARTESIAN_POINT('Ctrl Pts',(-15.348722810983,-59.6046239065346,12.5003217621905));
#7593=CARTESIAN_POINT('Ctrl Pts',(-15.7218277696245,-59.5070584357625,12.5003217621905));
#7594=CARTESIAN_POINT('',(-13.1542052999722,-45.3203317449575,7.94876936109779));
#7595=CARTESIAN_POINT('Origin',(-15.7218277696245,-45.3203317449575,9.50032176219051));
#7596=CARTESIAN_POINT('',(-13.1542052999722,-60.3203317449575,7.94876936109779));
#7597=CARTESIAN_POINT('Origin',(0.,-60.3203317449575,0.));
#7598=CARTESIAN_POINT('Ctrl Pts',(-9.39709441680233,-60.3203317449575,12.1618529818217));
#7599=CARTESIAN_POINT('Ctrl Pts',(-9.88429741177577,-60.3203317449575,11.7854060250333));
#7600=CARTESIAN_POINT('Ctrl Pts',(-10.3432636570414,-60.3060564946819,11.3837060393694));
#7601=CARTESIAN_POINT('Ctrl Pts',(-11.6590604875895,-60.2337490770533,10.09153499258));
#7602=CARTESIAN_POINT('Ctrl Pts',(-12.476033895914,-60.1394911901204,9.07105703511325));
#7603=CARTESIAN_POINT('Ctrl Pts',(-13.1542052999722,-60.0364017766508,7.94876936109779));
#7604=CARTESIAN_POINT('Origin',(0.,-45.3203317449575,0.));
#7605=CARTESIAN_POINT('Origin',(0.,-45.3203317449575,-1.4345));
#7606=CARTESIAN_POINT('Origin',(0.,-60.3203317449575,0.));
#7607=CARTESIAN_POINT('',(-3.93811967076138,-60.3203317449575,4.82280564945716E-16));
#7608=CARTESIAN_POINT('Origin',(38.3493626824005,12.3402376509999,15.3693217621905));
#7609=CARTESIAN_POINT('Origin',(-9.39709441680233,-35.3203317449575,15.3693217621905));
#7610=CARTESIAN_POINT('',(-34.3970944168023,-35.3203317449575,15.3693217621905));
#7611=CARTESIAN_POINT('Origin',(-34.3970944168023,-35.3203317449575,15.3693217621905));
#7612=CARTESIAN_POINT('',(-34.3970944168023,60.0008070469574,15.3693217621905));
#7613=CARTESIAN_POINT('Origin',(-9.3970944168023,60.0008070469574,15.3693217621905));
#7614=UNCERTAINTY_MEASURE_WITH_UNIT(LENGTH_MEASURE(0.01),#7618,
'DISTANCE_ACCURACY_VALUE',
'Maximum model space distance between geometric entities at asserted c
onnectivities');
#7615=UNCERTAINTY_MEASURE_WITH_UNIT(LENGTH_MEASURE(0.01),#7618,
'DISTANCE_ACCURACY_VALUE',
'Maximum model space distance between geometric entities at asserted c
onnectivities');
#7616=(
GEOMETRIC_REPRESENTATION_CONTEXT(3)
GLOBAL_UNCERTAINTY_ASSIGNED_CONTEXT((#7614))
GLOBAL_UNIT_ASSIGNED_CONTEXT((#7618,#7619,#7620))
REPRESENTATION_CONTEXT('','3D')
);
#7617=(
GEOMETRIC_REPRESENTATION_CONTEXT(3)
GLOBAL_UNCERTAINTY_ASSIGNED_CONTEXT((#7615))
GLOBAL_UNIT_ASSIGNED_CONTEXT((#7618,#7619,#7620))
REPRESENTATION_CONTEXT('','3D')
);
#7618=(
LENGTH_UNIT()
NAMED_UNIT(*)
SI_UNIT(.MILLI.,.METRE.)
);
#7619=(
NAMED_UNIT(*)
PLANE_ANGLE_UNIT()
SI_UNIT($,.RADIAN.)
);
#7620=(
NAMED_UNIT(*)
SI_UNIT($,.STERADIAN.)
SOLID_ANGLE_UNIT()
);
#7621=SHAPE_DEFINITION_REPRESENTATION(#7622,#7623);
#7622=PRODUCT_DEFINITION_SHAPE('',$,#7625);
#7623=SHAPE_REPRESENTATION('',(#2875),#7616);
#7624=PRODUCT_DEFINITION_CONTEXT('part definition',#7629,'design');
#7625=PRODUCT_DEFINITION('Robot chat','Robot chat v25',#7626,#7624);
#7626=PRODUCT_DEFINITION_FORMATION('',$,#7631);
#7627=PRODUCT_RELATED_PRODUCT_CATEGORY('Robot chat v25',
'Robot chat v25',(#7631));
#7628=APPLICATION_PROTOCOL_DEFINITION('international standard',
'automotive_design',2009,#7629);
#7629=APPLICATION_CONTEXT(
'Core Data for Automotive Mechanical Design Process');
#7630=PRODUCT_CONTEXT('part definition',#7629,'mechanical');
#7631=PRODUCT('Robot chat','Robot chat v25',$,(#7630));
#7632=PRESENTATION_STYLE_ASSIGNMENT((#7635));
#7633=PRESENTATION_STYLE_ASSIGNMENT((#7636));
#7634=PRESENTATION_STYLE_ASSIGNMENT((#7637));
#7635=SURFACE_STYLE_USAGE(.BOTH.,#7638);
#7636=SURFACE_STYLE_USAGE(.BOTH.,#7639);
#7637=SURFACE_STYLE_USAGE(.BOTH.,#7640);
#7638=SURFACE_SIDE_STYLE('',(#7641));
#7639=SURFACE_SIDE_STYLE('',(#7642));
#7640=SURFACE_SIDE_STYLE('',(#7643));
#7641=SURFACE_STYLE_FILL_AREA(#7644);
#7642=SURFACE_STYLE_FILL_AREA(#7645);
#7643=SURFACE_STYLE_FILL_AREA(#7646);
#7644=FILL_AREA_STYLE('Steel - Satin',(#7647));
#7645=FILL_AREA_STYLE('Plastic - Matte (Black)',(#7648));
#7646=FILL_AREA_STYLE('Plastic - Matte (Gray)',(#7649));
#7647=FILL_AREA_STYLE_COLOUR('Steel - Satin',#7650);
#7648=FILL_AREA_STYLE_COLOUR('Plastic - Matte (Black)',#7651);
#7649=FILL_AREA_STYLE_COLOUR('Plastic - Matte (Gray)',#7652);
#7650=COLOUR_RGB('Steel - Satin',0.627450980392157,0.627450980392157,0.627450980392157);
#7651=COLOUR_RGB('Plastic - Matte (Black)',0.0980392156862745,0.0980392156862745,
0.0980392156862745);
#7652=COLOUR_RGB('Plastic - Matte (Gray)',0.701960784313725,0.701960784313725,
0.701960784313725);
ENDSEC;
END-ISO-10303-21;
