ISO-10303-21;
HEADER;
/* Generated by software containing ST-Developer
 * from STEP Tools, Inc. (www.steptools.com) 
 */
/* OPTION: strings as raw bytes, not using required /X/ escapes */

FILE_DESCRIPTION(
/* description */ ('Unknown'),
/* implementation_level */ '2;1');

FILE_NAME(
/* name */ 'FIT0520',
/* time_stamp */ '2024-11-20T08:57:36+02:00',
/* author */ ('Unknown'),
/* organization */ ('Unknown'),
/* preprocessor_version */ 'ST-DEVELOPER v18.102',
/* originating_system */ 'Solid Edge',
/* authorisation */ 'Unknown');

FILE_SCHEMA (('AUTOMOTIVE_DESIGN {1 0 10303 214 3 1 1}'));
ENDSEC;

DATA;
#10=PROPERTY_DEFINITION_REPRESENTATION(#14,#12);
#11=PROPERTY_DEFINITION_REPRESENTATION(#15,#13);
#12=REPRESENTATION('',(#16),#5334);
#13=REPRESENTATION('',(#17),#5334);
#14=PROPERTY_DEFINITION('pmi validation property','',#5339);
#15=PROPERTY_DEFINITION('pmi validation property','',#5339);
#16=VALUE_REPRESENTATION_ITEM('number of annotations',COUNT_MEASURE(0.));
#17=VALUE_REPRESENTATION_ITEM('number of views',COUNT_MEASURE(0.));
#18=SHAPE_REPRESENTATION_RELATIONSHIP('','',#3688,#19);
#19=ADVANCED_BREP_SHAPE_REPRESENTATION('',(#3686),#5334);
#20=B_SPLINE_CURVE_WITH_KNOTS('',3,(#5277,#5278,#5279,#5280),
 .UNSPECIFIED.,.F.,.F.,(4,4),(0.,0.000546650364761472),.UNSPECIFIED.);
#21=B_SPLINE_CURVE_WITH_KNOTS('',3,(#5284,#5285,#5286,#5287),
 .UNSPECIFIED.,.F.,.F.,(4,4),(1.83691495013661E-17,0.000546650364761482),
 .UNSPECIFIED.);
#22=CONICAL_SURFACE('',#3854,12.5,1.56839762528372);
#23=CONICAL_SURFACE('',#3871,1.7244623,0.785398163397458);
#24=DRAUGHTING_PRE_DEFINED_COLOUR('black');
#25=CYLINDRICAL_SURFACE('',#3698,1.00300245723066);
#26=CYLINDRICAL_SURFACE('',#3699,0.503002457230664);
#27=CYLINDRICAL_SURFACE('',#3710,1.00300245723066);
#28=CYLINDRICAL_SURFACE('',#3711,0.503002457230664);
#29=CYLINDRICAL_SURFACE('',#3722,1.00300245723066);
#30=CYLINDRICAL_SURFACE('',#3723,0.503002457230664);
#31=CYLINDRICAL_SURFACE('',#3734,1.00300245723066);
#32=CYLINDRICAL_SURFACE('',#3735,0.503002457230664);
#33=CYLINDRICAL_SURFACE('',#3746,1.00300245723066);
#34=CYLINDRICAL_SURFACE('',#3747,0.503002457230664);
#35=CYLINDRICAL_SURFACE('',#3756,12.251784286572);
#36=CYLINDRICAL_SURFACE('',#3817,7.16060847489595);
#37=CYLINDRICAL_SURFACE('',#3834,4.60716930016404);
#38=CYLINDRICAL_SURFACE('',#3840,12.340202165385);
#39=CYLINDRICAL_SURFACE('',#3844,11.4953926714524);
#40=CYLINDRICAL_SURFACE('',#3848,12.248276130121);
#41=CYLINDRICAL_SURFACE('',#3852,3.4825845855679);
#42=CYLINDRICAL_SURFACE('',#3856,12.5);
#43=CYLINDRICAL_SURFACE('',#3860,12.251784286572);
#44=CYLINDRICAL_SURFACE('',#3864,12.5);
#45=CYLINDRICAL_SURFACE('',#3865,12.5);
#46=CYLINDRICAL_SURFACE('',#3874,2.);
#47=CYLINDRICAL_SURFACE('',#3878,3.5);
#48=CYLINDRICAL_SURFACE('',#3883,0.503002457230664);
#49=CYLINDRICAL_SURFACE('',#3886,1.00300245723066);
#50=CIRCLE('',#3692,1.00300245723066);
#51=CIRCLE('',#3693,0.503002457230664);
#52=CIRCLE('',#3696,0.503002457230664);
#53=CIRCLE('',#3697,1.00300245723066);
#54=CIRCLE('',#3704,1.00300245723066);
#55=CIRCLE('',#3705,0.503002457230664);
#56=CIRCLE('',#3708,0.503002457230664);
#57=CIRCLE('',#3709,1.00300245723066);
#58=CIRCLE('',#3716,1.00300245723066);
#59=CIRCLE('',#3717,0.503002457230664);
#60=CIRCLE('',#3720,0.503002457230664);
#61=CIRCLE('',#3721,1.00300245723066);
#62=CIRCLE('',#3728,1.00300245723066);
#63=CIRCLE('',#3729,0.503002457230664);
#64=CIRCLE('',#3732,0.503002457230664);
#65=CIRCLE('',#3733,1.00300245723066);
#66=CIRCLE('',#3740,1.00300245723066);
#67=CIRCLE('',#3741,0.503002457230664);
#68=CIRCLE('',#3744,0.503002457230664);
#69=CIRCLE('',#3745,1.00300245723066);
#70=CIRCLE('',#3751,12.340202165385);
#71=CIRCLE('',#3752,4.60716930016404);
#72=CIRCLE('',#3754,12.251784286572);
#73=CIRCLE('',#3755,12.5);
#74=CIRCLE('',#3757,12.251784286572);
#75=CIRCLE('',#3759,12.5);
#76=CIRCLE('',#3815,7.16060847489595);
#77=CIRCLE('',#3818,7.16060847489595);
#78=CIRCLE('',#3824,4.60716930016404);
#79=CIRCLE('',#3839,12.340202165385);
#80=CIRCLE('',#3841,12.340202165385);
#81=CIRCLE('',#3843,11.4953926714524);
#82=CIRCLE('',#3845,11.4953926714524);
#83=CIRCLE('',#3847,12.248276130121);
#84=CIRCLE('',#3849,12.248276130121);
#85=CIRCLE('',#3851,3.4825845855679);
#86=CIRCLE('',#3853,3.4825845855679);
#87=CIRCLE('',#3855,12.5);
#88=CIRCLE('',#3857,12.5);
#89=CIRCLE('',#3859,12.251784286572);
#90=CIRCLE('',#3861,12.251784286572);
#91=CIRCLE('',#3863,12.5);
#92=CIRCLE('',#3866,12.5);
#93=CIRCLE('',#3868,1.7244623);
#94=CIRCLE('',#3870,2.);
#95=CIRCLE('',#3872,2.);
#96=CIRCLE('',#3875,2.);
#97=CIRCLE('',#3877,3.5);
#98=CIRCLE('',#3879,3.5);
#99=CIRCLE('',#3884,0.503002457230664);
#100=CIRCLE('',#3885,0.503002457230664);
#101=CIRCLE('',#3887,1.00300245723066);
#102=CIRCLE('',#3888,1.00300245723066);
#103=ORIENTED_EDGE('',*,*,#801,.F.);
#104=ORIENTED_EDGE('',*,*,#802,.F.);
#105=ORIENTED_EDGE('',*,*,#803,.T.);
#106=ORIENTED_EDGE('',*,*,#804,.T.);
#107=ORIENTED_EDGE('',*,*,#805,.F.);
#108=ORIENTED_EDGE('',*,*,#806,.F.);
#109=ORIENTED_EDGE('',*,*,#801,.T.);
#110=ORIENTED_EDGE('',*,*,#807,.T.);
#111=ORIENTED_EDGE('',*,*,#808,.T.);
#112=ORIENTED_EDGE('',*,*,#809,.T.);
#113=ORIENTED_EDGE('',*,*,#810,.F.);
#114=ORIENTED_EDGE('',*,*,#811,.F.);
#115=ORIENTED_EDGE('',*,*,#812,.F.);
#116=ORIENTED_EDGE('',*,*,#813,.F.);
#117=ORIENTED_EDGE('',*,*,#805,.T.);
#118=ORIENTED_EDGE('',*,*,#814,.T.);
#119=ORIENTED_EDGE('',*,*,#812,.T.);
#120=ORIENTED_EDGE('',*,*,#815,.T.);
#121=ORIENTED_EDGE('',*,*,#816,.T.);
#122=ORIENTED_EDGE('',*,*,#817,.T.);
#123=ORIENTED_EDGE('',*,*,#818,.F.);
#124=ORIENTED_EDGE('',*,*,#819,.F.);
#125=ORIENTED_EDGE('',*,*,#803,.F.);
#126=ORIENTED_EDGE('',*,*,#820,.F.);
#127=ORIENTED_EDGE('',*,*,#807,.F.);
#128=ORIENTED_EDGE('',*,*,#804,.F.);
#129=ORIENTED_EDGE('',*,*,#819,.T.);
#130=ORIENTED_EDGE('',*,*,#821,.T.);
#131=ORIENTED_EDGE('',*,*,#815,.F.);
#132=ORIENTED_EDGE('',*,*,#814,.F.);
#133=ORIENTED_EDGE('',*,*,#811,.T.);
#134=ORIENTED_EDGE('',*,*,#822,.T.);
#135=ORIENTED_EDGE('',*,*,#808,.F.);
#136=ORIENTED_EDGE('',*,*,#821,.F.);
#137=ORIENTED_EDGE('',*,*,#818,.T.);
#138=ORIENTED_EDGE('',*,*,#823,.T.);
#139=ORIENTED_EDGE('',*,*,#816,.F.);
#140=ORIENTED_EDGE('',*,*,#822,.F.);
#141=ORIENTED_EDGE('',*,*,#810,.T.);
#142=ORIENTED_EDGE('',*,*,#824,.T.);
#143=ORIENTED_EDGE('',*,*,#825,.F.);
#144=ORIENTED_EDGE('',*,*,#826,.F.);
#145=ORIENTED_EDGE('',*,*,#827,.T.);
#146=ORIENTED_EDGE('',*,*,#828,.T.);
#147=ORIENTED_EDGE('',*,*,#829,.F.);
#148=ORIENTED_EDGE('',*,*,#830,.F.);
#149=ORIENTED_EDGE('',*,*,#825,.T.);
#150=ORIENTED_EDGE('',*,*,#831,.T.);
#151=ORIENTED_EDGE('',*,*,#832,.T.);
#152=ORIENTED_EDGE('',*,*,#833,.T.);
#153=ORIENTED_EDGE('',*,*,#834,.F.);
#154=ORIENTED_EDGE('',*,*,#835,.F.);
#155=ORIENTED_EDGE('',*,*,#836,.F.);
#156=ORIENTED_EDGE('',*,*,#837,.F.);
#157=ORIENTED_EDGE('',*,*,#829,.T.);
#158=ORIENTED_EDGE('',*,*,#838,.T.);
#159=ORIENTED_EDGE('',*,*,#836,.T.);
#160=ORIENTED_EDGE('',*,*,#839,.T.);
#161=ORIENTED_EDGE('',*,*,#840,.T.);
#162=ORIENTED_EDGE('',*,*,#841,.T.);
#163=ORIENTED_EDGE('',*,*,#842,.F.);
#164=ORIENTED_EDGE('',*,*,#843,.F.);
#165=ORIENTED_EDGE('',*,*,#827,.F.);
#166=ORIENTED_EDGE('',*,*,#844,.F.);
#167=ORIENTED_EDGE('',*,*,#831,.F.);
#168=ORIENTED_EDGE('',*,*,#828,.F.);
#169=ORIENTED_EDGE('',*,*,#843,.T.);
#170=ORIENTED_EDGE('',*,*,#845,.T.);
#171=ORIENTED_EDGE('',*,*,#839,.F.);
#172=ORIENTED_EDGE('',*,*,#838,.F.);
#173=ORIENTED_EDGE('',*,*,#835,.T.);
#174=ORIENTED_EDGE('',*,*,#846,.T.);
#175=ORIENTED_EDGE('',*,*,#832,.F.);
#176=ORIENTED_EDGE('',*,*,#845,.F.);
#177=ORIENTED_EDGE('',*,*,#842,.T.);
#178=ORIENTED_EDGE('',*,*,#847,.T.);
#179=ORIENTED_EDGE('',*,*,#840,.F.);
#180=ORIENTED_EDGE('',*,*,#846,.F.);
#181=ORIENTED_EDGE('',*,*,#834,.T.);
#182=ORIENTED_EDGE('',*,*,#848,.T.);
#183=ORIENTED_EDGE('',*,*,#849,.F.);
#184=ORIENTED_EDGE('',*,*,#850,.F.);
#185=ORIENTED_EDGE('',*,*,#851,.T.);
#186=ORIENTED_EDGE('',*,*,#852,.T.);
#187=ORIENTED_EDGE('',*,*,#853,.F.);
#188=ORIENTED_EDGE('',*,*,#854,.F.);
#189=ORIENTED_EDGE('',*,*,#849,.T.);
#190=ORIENTED_EDGE('',*,*,#855,.T.);
#191=ORIENTED_EDGE('',*,*,#856,.T.);
#192=ORIENTED_EDGE('',*,*,#857,.T.);
#193=ORIENTED_EDGE('',*,*,#858,.F.);
#194=ORIENTED_EDGE('',*,*,#859,.F.);
#195=ORIENTED_EDGE('',*,*,#860,.F.);
#196=ORIENTED_EDGE('',*,*,#861,.F.);
#197=ORIENTED_EDGE('',*,*,#853,.T.);
#198=ORIENTED_EDGE('',*,*,#862,.T.);
#199=ORIENTED_EDGE('',*,*,#860,.T.);
#200=ORIENTED_EDGE('',*,*,#863,.T.);
#201=ORIENTED_EDGE('',*,*,#864,.T.);
#202=ORIENTED_EDGE('',*,*,#865,.T.);
#203=ORIENTED_EDGE('',*,*,#866,.F.);
#204=ORIENTED_EDGE('',*,*,#867,.F.);
#205=ORIENTED_EDGE('',*,*,#851,.F.);
#206=ORIENTED_EDGE('',*,*,#868,.F.);
#207=ORIENTED_EDGE('',*,*,#855,.F.);
#208=ORIENTED_EDGE('',*,*,#852,.F.);
#209=ORIENTED_EDGE('',*,*,#867,.T.);
#210=ORIENTED_EDGE('',*,*,#869,.T.);
#211=ORIENTED_EDGE('',*,*,#863,.F.);
#212=ORIENTED_EDGE('',*,*,#862,.F.);
#213=ORIENTED_EDGE('',*,*,#859,.T.);
#214=ORIENTED_EDGE('',*,*,#870,.T.);
#215=ORIENTED_EDGE('',*,*,#856,.F.);
#216=ORIENTED_EDGE('',*,*,#869,.F.);
#217=ORIENTED_EDGE('',*,*,#866,.T.);
#218=ORIENTED_EDGE('',*,*,#871,.T.);
#219=ORIENTED_EDGE('',*,*,#864,.F.);
#220=ORIENTED_EDGE('',*,*,#870,.F.);
#221=ORIENTED_EDGE('',*,*,#858,.T.);
#222=ORIENTED_EDGE('',*,*,#872,.T.);
#223=ORIENTED_EDGE('',*,*,#873,.F.);
#224=ORIENTED_EDGE('',*,*,#874,.F.);
#225=ORIENTED_EDGE('',*,*,#875,.T.);
#226=ORIENTED_EDGE('',*,*,#876,.T.);
#227=ORIENTED_EDGE('',*,*,#877,.F.);
#228=ORIENTED_EDGE('',*,*,#878,.F.);
#229=ORIENTED_EDGE('',*,*,#873,.T.);
#230=ORIENTED_EDGE('',*,*,#879,.T.);
#231=ORIENTED_EDGE('',*,*,#880,.T.);
#232=ORIENTED_EDGE('',*,*,#881,.T.);
#233=ORIENTED_EDGE('',*,*,#882,.F.);
#234=ORIENTED_EDGE('',*,*,#883,.F.);
#235=ORIENTED_EDGE('',*,*,#884,.F.);
#236=ORIENTED_EDGE('',*,*,#885,.F.);
#237=ORIENTED_EDGE('',*,*,#877,.T.);
#238=ORIENTED_EDGE('',*,*,#886,.T.);
#239=ORIENTED_EDGE('',*,*,#884,.T.);
#240=ORIENTED_EDGE('',*,*,#887,.T.);
#241=ORIENTED_EDGE('',*,*,#888,.T.);
#242=ORIENTED_EDGE('',*,*,#889,.T.);
#243=ORIENTED_EDGE('',*,*,#890,.F.);
#244=ORIENTED_EDGE('',*,*,#891,.F.);
#245=ORIENTED_EDGE('',*,*,#875,.F.);
#246=ORIENTED_EDGE('',*,*,#892,.F.);
#247=ORIENTED_EDGE('',*,*,#879,.F.);
#248=ORIENTED_EDGE('',*,*,#876,.F.);
#249=ORIENTED_EDGE('',*,*,#891,.T.);
#250=ORIENTED_EDGE('',*,*,#893,.T.);
#251=ORIENTED_EDGE('',*,*,#887,.F.);
#252=ORIENTED_EDGE('',*,*,#886,.F.);
#253=ORIENTED_EDGE('',*,*,#883,.T.);
#254=ORIENTED_EDGE('',*,*,#894,.T.);
#255=ORIENTED_EDGE('',*,*,#880,.F.);
#256=ORIENTED_EDGE('',*,*,#893,.F.);
#257=ORIENTED_EDGE('',*,*,#890,.T.);
#258=ORIENTED_EDGE('',*,*,#895,.T.);
#259=ORIENTED_EDGE('',*,*,#888,.F.);
#260=ORIENTED_EDGE('',*,*,#894,.F.);
#261=ORIENTED_EDGE('',*,*,#882,.T.);
#262=ORIENTED_EDGE('',*,*,#896,.T.);
#263=ORIENTED_EDGE('',*,*,#897,.F.);
#264=ORIENTED_EDGE('',*,*,#898,.F.);
#265=ORIENTED_EDGE('',*,*,#899,.T.);
#266=ORIENTED_EDGE('',*,*,#900,.T.);
#267=ORIENTED_EDGE('',*,*,#901,.F.);
#268=ORIENTED_EDGE('',*,*,#902,.F.);
#269=ORIENTED_EDGE('',*,*,#897,.T.);
#270=ORIENTED_EDGE('',*,*,#903,.T.);
#271=ORIENTED_EDGE('',*,*,#904,.T.);
#272=ORIENTED_EDGE('',*,*,#905,.T.);
#273=ORIENTED_EDGE('',*,*,#906,.F.);
#274=ORIENTED_EDGE('',*,*,#907,.F.);
#275=ORIENTED_EDGE('',*,*,#908,.F.);
#276=ORIENTED_EDGE('',*,*,#909,.F.);
#277=ORIENTED_EDGE('',*,*,#901,.T.);
#278=ORIENTED_EDGE('',*,*,#910,.T.);
#279=ORIENTED_EDGE('',*,*,#908,.T.);
#280=ORIENTED_EDGE('',*,*,#911,.T.);
#281=ORIENTED_EDGE('',*,*,#912,.T.);
#282=ORIENTED_EDGE('',*,*,#913,.T.);
#283=ORIENTED_EDGE('',*,*,#914,.F.);
#284=ORIENTED_EDGE('',*,*,#915,.F.);
#285=ORIENTED_EDGE('',*,*,#899,.F.);
#286=ORIENTED_EDGE('',*,*,#916,.F.);
#287=ORIENTED_EDGE('',*,*,#903,.F.);
#288=ORIENTED_EDGE('',*,*,#900,.F.);
#289=ORIENTED_EDGE('',*,*,#915,.T.);
#290=ORIENTED_EDGE('',*,*,#917,.T.);
#291=ORIENTED_EDGE('',*,*,#911,.F.);
#292=ORIENTED_EDGE('',*,*,#910,.F.);
#293=ORIENTED_EDGE('',*,*,#907,.T.);
#294=ORIENTED_EDGE('',*,*,#918,.T.);
#295=ORIENTED_EDGE('',*,*,#904,.F.);
#296=ORIENTED_EDGE('',*,*,#917,.F.);
#297=ORIENTED_EDGE('',*,*,#914,.T.);
#298=ORIENTED_EDGE('',*,*,#919,.T.);
#299=ORIENTED_EDGE('',*,*,#912,.F.);
#300=ORIENTED_EDGE('',*,*,#918,.F.);
#301=ORIENTED_EDGE('',*,*,#906,.T.);
#302=ORIENTED_EDGE('',*,*,#920,.T.);
#303=ORIENTED_EDGE('',*,*,#820,.T.);
#304=ORIENTED_EDGE('',*,*,#802,.T.);
#305=ORIENTED_EDGE('',*,*,#806,.T.);
#306=ORIENTED_EDGE('',*,*,#813,.T.);
#307=ORIENTED_EDGE('',*,*,#844,.T.);
#308=ORIENTED_EDGE('',*,*,#826,.T.);
#309=ORIENTED_EDGE('',*,*,#830,.T.);
#310=ORIENTED_EDGE('',*,*,#837,.T.);
#311=ORIENTED_EDGE('',*,*,#868,.T.);
#312=ORIENTED_EDGE('',*,*,#850,.T.);
#313=ORIENTED_EDGE('',*,*,#854,.T.);
#314=ORIENTED_EDGE('',*,*,#861,.T.);
#315=ORIENTED_EDGE('',*,*,#892,.T.);
#316=ORIENTED_EDGE('',*,*,#874,.T.);
#317=ORIENTED_EDGE('',*,*,#878,.T.);
#318=ORIENTED_EDGE('',*,*,#885,.T.);
#319=ORIENTED_EDGE('',*,*,#916,.T.);
#320=ORIENTED_EDGE('',*,*,#898,.T.);
#321=ORIENTED_EDGE('',*,*,#902,.T.);
#322=ORIENTED_EDGE('',*,*,#909,.T.);
#323=ORIENTED_EDGE('',*,*,#921,.F.);
#324=ORIENTED_EDGE('',*,*,#922,.F.);
#325=ORIENTED_EDGE('',*,*,#923,.T.);
#326=ORIENTED_EDGE('',*,*,#924,.T.);
#327=ORIENTED_EDGE('',*,*,#925,.T.);
#328=ORIENTED_EDGE('',*,*,#926,.T.);
#329=ORIENTED_EDGE('',*,*,#927,.T.);
#330=ORIENTED_EDGE('',*,*,#928,.T.);
#331=ORIENTED_EDGE('',*,*,#929,.T.);
#332=ORIENTED_EDGE('',*,*,#930,.T.);
#333=ORIENTED_EDGE('',*,*,#931,.F.);
#334=ORIENTED_EDGE('',*,*,#932,.T.);
#335=ORIENTED_EDGE('',*,*,#930,.F.);
#336=ORIENTED_EDGE('',*,*,#933,.F.);
#337=ORIENTED_EDGE('',*,*,#932,.F.);
#338=ORIENTED_EDGE('',*,*,#934,.T.);
#339=ORIENTED_EDGE('',*,*,#935,.T.);
#340=ORIENTED_EDGE('',*,*,#936,.T.);
#341=ORIENTED_EDGE('',*,*,#937,.T.);
#342=ORIENTED_EDGE('',*,*,#938,.T.);
#343=ORIENTED_EDGE('',*,*,#939,.T.);
#344=ORIENTED_EDGE('',*,*,#940,.T.);
#345=ORIENTED_EDGE('',*,*,#941,.T.);
#346=ORIENTED_EDGE('',*,*,#942,.T.);
#347=ORIENTED_EDGE('',*,*,#943,.T.);
#348=ORIENTED_EDGE('',*,*,#944,.T.);
#349=ORIENTED_EDGE('',*,*,#945,.T.);
#350=ORIENTED_EDGE('',*,*,#946,.T.);
#351=ORIENTED_EDGE('',*,*,#947,.T.);
#352=ORIENTED_EDGE('',*,*,#948,.T.);
#353=ORIENTED_EDGE('',*,*,#949,.T.);
#354=ORIENTED_EDGE('',*,*,#950,.T.);
#355=ORIENTED_EDGE('',*,*,#951,.T.);
#356=ORIENTED_EDGE('',*,*,#952,.T.);
#357=ORIENTED_EDGE('',*,*,#953,.T.);
#358=ORIENTED_EDGE('',*,*,#954,.T.);
#359=ORIENTED_EDGE('',*,*,#955,.T.);
#360=ORIENTED_EDGE('',*,*,#956,.T.);
#361=ORIENTED_EDGE('',*,*,#957,.T.);
#362=ORIENTED_EDGE('',*,*,#958,.F.);
#363=ORIENTED_EDGE('',*,*,#959,.F.);
#364=ORIENTED_EDGE('',*,*,#960,.F.);
#365=ORIENTED_EDGE('',*,*,#937,.F.);
#366=ORIENTED_EDGE('',*,*,#960,.T.);
#367=ORIENTED_EDGE('',*,*,#961,.F.);
#368=ORIENTED_EDGE('',*,*,#962,.F.);
#369=ORIENTED_EDGE('',*,*,#934,.F.);
#370=ORIENTED_EDGE('',*,*,#962,.T.);
#371=ORIENTED_EDGE('',*,*,#963,.F.);
#372=ORIENTED_EDGE('',*,*,#964,.T.);
#373=ORIENTED_EDGE('',*,*,#935,.F.);
#374=ORIENTED_EDGE('',*,*,#958,.T.);
#375=ORIENTED_EDGE('',*,*,#936,.F.);
#376=ORIENTED_EDGE('',*,*,#964,.F.);
#377=ORIENTED_EDGE('',*,*,#965,.F.);
#378=ORIENTED_EDGE('',*,*,#966,.F.);
#379=ORIENTED_EDGE('',*,*,#967,.F.);
#380=ORIENTED_EDGE('',*,*,#968,.F.);
#381=ORIENTED_EDGE('',*,*,#941,.F.);
#382=ORIENTED_EDGE('',*,*,#968,.T.);
#383=ORIENTED_EDGE('',*,*,#969,.F.);
#384=ORIENTED_EDGE('',*,*,#970,.F.);
#385=ORIENTED_EDGE('',*,*,#938,.F.);
#386=ORIENTED_EDGE('',*,*,#970,.T.);
#387=ORIENTED_EDGE('',*,*,#971,.F.);
#388=ORIENTED_EDGE('',*,*,#972,.T.);
#389=ORIENTED_EDGE('',*,*,#939,.F.);
#390=ORIENTED_EDGE('',*,*,#966,.T.);
#391=ORIENTED_EDGE('',*,*,#940,.F.);
#392=ORIENTED_EDGE('',*,*,#972,.F.);
#393=ORIENTED_EDGE('',*,*,#973,.F.);
#394=ORIENTED_EDGE('',*,*,#974,.F.);
#395=ORIENTED_EDGE('',*,*,#975,.F.);
#396=ORIENTED_EDGE('',*,*,#976,.F.);
#397=ORIENTED_EDGE('',*,*,#945,.F.);
#398=ORIENTED_EDGE('',*,*,#976,.T.);
#399=ORIENTED_EDGE('',*,*,#977,.F.);
#400=ORIENTED_EDGE('',*,*,#978,.F.);
#401=ORIENTED_EDGE('',*,*,#942,.F.);
#402=ORIENTED_EDGE('',*,*,#978,.T.);
#403=ORIENTED_EDGE('',*,*,#979,.F.);
#404=ORIENTED_EDGE('',*,*,#980,.T.);
#405=ORIENTED_EDGE('',*,*,#943,.F.);
#406=ORIENTED_EDGE('',*,*,#974,.T.);
#407=ORIENTED_EDGE('',*,*,#944,.F.);
#408=ORIENTED_EDGE('',*,*,#980,.F.);
#409=ORIENTED_EDGE('',*,*,#981,.F.);
#410=ORIENTED_EDGE('',*,*,#982,.F.);
#411=ORIENTED_EDGE('',*,*,#983,.F.);
#412=ORIENTED_EDGE('',*,*,#984,.F.);
#413=ORIENTED_EDGE('',*,*,#949,.F.);
#414=ORIENTED_EDGE('',*,*,#984,.T.);
#415=ORIENTED_EDGE('',*,*,#985,.F.);
#416=ORIENTED_EDGE('',*,*,#986,.F.);
#417=ORIENTED_EDGE('',*,*,#946,.F.);
#418=ORIENTED_EDGE('',*,*,#986,.T.);
#419=ORIENTED_EDGE('',*,*,#987,.F.);
#420=ORIENTED_EDGE('',*,*,#988,.T.);
#421=ORIENTED_EDGE('',*,*,#947,.F.);
#422=ORIENTED_EDGE('',*,*,#982,.T.);
#423=ORIENTED_EDGE('',*,*,#948,.F.);
#424=ORIENTED_EDGE('',*,*,#988,.F.);
#425=ORIENTED_EDGE('',*,*,#989,.F.);
#426=ORIENTED_EDGE('',*,*,#990,.F.);
#427=ORIENTED_EDGE('',*,*,#991,.F.);
#428=ORIENTED_EDGE('',*,*,#992,.F.);
#429=ORIENTED_EDGE('',*,*,#953,.F.);
#430=ORIENTED_EDGE('',*,*,#992,.T.);
#431=ORIENTED_EDGE('',*,*,#993,.F.);
#432=ORIENTED_EDGE('',*,*,#994,.F.);
#433=ORIENTED_EDGE('',*,*,#950,.F.);
#434=ORIENTED_EDGE('',*,*,#994,.T.);
#435=ORIENTED_EDGE('',*,*,#995,.F.);
#436=ORIENTED_EDGE('',*,*,#996,.T.);
#437=ORIENTED_EDGE('',*,*,#951,.F.);
#438=ORIENTED_EDGE('',*,*,#990,.T.);
#439=ORIENTED_EDGE('',*,*,#952,.F.);
#440=ORIENTED_EDGE('',*,*,#996,.F.);
#441=ORIENTED_EDGE('',*,*,#997,.F.);
#442=ORIENTED_EDGE('',*,*,#998,.F.);
#443=ORIENTED_EDGE('',*,*,#999,.F.);
#444=ORIENTED_EDGE('',*,*,#1000,.F.);
#445=ORIENTED_EDGE('',*,*,#957,.F.);
#446=ORIENTED_EDGE('',*,*,#1000,.T.);
#447=ORIENTED_EDGE('',*,*,#1001,.F.);
#448=ORIENTED_EDGE('',*,*,#1002,.F.);
#449=ORIENTED_EDGE('',*,*,#954,.F.);
#450=ORIENTED_EDGE('',*,*,#1002,.T.);
#451=ORIENTED_EDGE('',*,*,#1003,.F.);
#452=ORIENTED_EDGE('',*,*,#1004,.T.);
#453=ORIENTED_EDGE('',*,*,#955,.F.);
#454=ORIENTED_EDGE('',*,*,#998,.T.);
#455=ORIENTED_EDGE('',*,*,#956,.F.);
#456=ORIENTED_EDGE('',*,*,#1004,.F.);
#457=ORIENTED_EDGE('',*,*,#1005,.F.);
#458=ORIENTED_EDGE('',*,*,#1006,.F.);
#459=ORIENTED_EDGE('',*,*,#959,.T.);
#460=ORIENTED_EDGE('',*,*,#1007,.T.);
#461=ORIENTED_EDGE('',*,*,#1008,.T.);
#462=ORIENTED_EDGE('',*,*,#1009,.F.);
#463=ORIENTED_EDGE('',*,*,#961,.T.);
#464=ORIENTED_EDGE('',*,*,#1006,.T.);
#465=ORIENTED_EDGE('',*,*,#1010,.T.);
#466=ORIENTED_EDGE('',*,*,#1011,.F.);
#467=ORIENTED_EDGE('',*,*,#963,.T.);
#468=ORIENTED_EDGE('',*,*,#1009,.T.);
#469=ORIENTED_EDGE('',*,*,#1012,.T.);
#470=ORIENTED_EDGE('',*,*,#1007,.F.);
#471=ORIENTED_EDGE('',*,*,#965,.T.);
#472=ORIENTED_EDGE('',*,*,#1011,.T.);
#473=ORIENTED_EDGE('',*,*,#1013,.T.);
#474=ORIENTED_EDGE('',*,*,#1014,.F.);
#475=ORIENTED_EDGE('',*,*,#967,.T.);
#476=ORIENTED_EDGE('',*,*,#1015,.T.);
#477=ORIENTED_EDGE('',*,*,#1016,.T.);
#478=ORIENTED_EDGE('',*,*,#1017,.F.);
#479=ORIENTED_EDGE('',*,*,#969,.T.);
#480=ORIENTED_EDGE('',*,*,#1014,.T.);
#481=ORIENTED_EDGE('',*,*,#1018,.T.);
#482=ORIENTED_EDGE('',*,*,#1019,.F.);
#483=ORIENTED_EDGE('',*,*,#971,.T.);
#484=ORIENTED_EDGE('',*,*,#1017,.T.);
#485=ORIENTED_EDGE('',*,*,#1020,.T.);
#486=ORIENTED_EDGE('',*,*,#1015,.F.);
#487=ORIENTED_EDGE('',*,*,#973,.T.);
#488=ORIENTED_EDGE('',*,*,#1019,.T.);
#489=ORIENTED_EDGE('',*,*,#1021,.T.);
#490=ORIENTED_EDGE('',*,*,#1022,.F.);
#491=ORIENTED_EDGE('',*,*,#975,.T.);
#492=ORIENTED_EDGE('',*,*,#1023,.T.);
#493=ORIENTED_EDGE('',*,*,#1024,.T.);
#494=ORIENTED_EDGE('',*,*,#1025,.F.);
#495=ORIENTED_EDGE('',*,*,#977,.T.);
#496=ORIENTED_EDGE('',*,*,#1022,.T.);
#497=ORIENTED_EDGE('',*,*,#1026,.T.);
#498=ORIENTED_EDGE('',*,*,#1027,.F.);
#499=ORIENTED_EDGE('',*,*,#979,.T.);
#500=ORIENTED_EDGE('',*,*,#1025,.T.);
#501=ORIENTED_EDGE('',*,*,#1028,.T.);
#502=ORIENTED_EDGE('',*,*,#1023,.F.);
#503=ORIENTED_EDGE('',*,*,#981,.T.);
#504=ORIENTED_EDGE('',*,*,#1027,.T.);
#505=ORIENTED_EDGE('',*,*,#1029,.T.);
#506=ORIENTED_EDGE('',*,*,#1030,.F.);
#507=ORIENTED_EDGE('',*,*,#983,.T.);
#508=ORIENTED_EDGE('',*,*,#1031,.T.);
#509=ORIENTED_EDGE('',*,*,#1032,.T.);
#510=ORIENTED_EDGE('',*,*,#1033,.F.);
#511=ORIENTED_EDGE('',*,*,#985,.T.);
#512=ORIENTED_EDGE('',*,*,#1030,.T.);
#513=ORIENTED_EDGE('',*,*,#1034,.T.);
#514=ORIENTED_EDGE('',*,*,#1035,.F.);
#515=ORIENTED_EDGE('',*,*,#987,.T.);
#516=ORIENTED_EDGE('',*,*,#1033,.T.);
#517=ORIENTED_EDGE('',*,*,#1036,.T.);
#518=ORIENTED_EDGE('',*,*,#1031,.F.);
#519=ORIENTED_EDGE('',*,*,#989,.T.);
#520=ORIENTED_EDGE('',*,*,#1035,.T.);
#521=ORIENTED_EDGE('',*,*,#1037,.T.);
#522=ORIENTED_EDGE('',*,*,#1038,.F.);
#523=ORIENTED_EDGE('',*,*,#991,.T.);
#524=ORIENTED_EDGE('',*,*,#1039,.T.);
#525=ORIENTED_EDGE('',*,*,#1040,.T.);
#526=ORIENTED_EDGE('',*,*,#1041,.F.);
#527=ORIENTED_EDGE('',*,*,#993,.T.);
#528=ORIENTED_EDGE('',*,*,#1038,.T.);
#529=ORIENTED_EDGE('',*,*,#1042,.T.);
#530=ORIENTED_EDGE('',*,*,#1043,.F.);
#531=ORIENTED_EDGE('',*,*,#995,.T.);
#532=ORIENTED_EDGE('',*,*,#1041,.T.);
#533=ORIENTED_EDGE('',*,*,#1044,.T.);
#534=ORIENTED_EDGE('',*,*,#1039,.F.);
#535=ORIENTED_EDGE('',*,*,#997,.T.);
#536=ORIENTED_EDGE('',*,*,#1043,.T.);
#537=ORIENTED_EDGE('',*,*,#1045,.T.);
#538=ORIENTED_EDGE('',*,*,#1046,.F.);
#539=ORIENTED_EDGE('',*,*,#999,.T.);
#540=ORIENTED_EDGE('',*,*,#1047,.T.);
#541=ORIENTED_EDGE('',*,*,#1048,.T.);
#542=ORIENTED_EDGE('',*,*,#1049,.F.);
#543=ORIENTED_EDGE('',*,*,#1001,.T.);
#544=ORIENTED_EDGE('',*,*,#1046,.T.);
#545=ORIENTED_EDGE('',*,*,#1050,.T.);
#546=ORIENTED_EDGE('',*,*,#1051,.F.);
#547=ORIENTED_EDGE('',*,*,#1003,.T.);
#548=ORIENTED_EDGE('',*,*,#1049,.T.);
#549=ORIENTED_EDGE('',*,*,#1052,.T.);
#550=ORIENTED_EDGE('',*,*,#1047,.F.);
#551=ORIENTED_EDGE('',*,*,#1005,.T.);
#552=ORIENTED_EDGE('',*,*,#1051,.T.);
#553=ORIENTED_EDGE('',*,*,#1053,.T.);
#554=ORIENTED_EDGE('',*,*,#1054,.F.);
#555=ORIENTED_EDGE('',*,*,#1053,.F.);
#556=ORIENTED_EDGE('',*,*,#1052,.F.);
#557=ORIENTED_EDGE('',*,*,#1050,.F.);
#558=ORIENTED_EDGE('',*,*,#1048,.F.);
#559=ORIENTED_EDGE('',*,*,#1045,.F.);
#560=ORIENTED_EDGE('',*,*,#1044,.F.);
#561=ORIENTED_EDGE('',*,*,#1042,.F.);
#562=ORIENTED_EDGE('',*,*,#1040,.F.);
#563=ORIENTED_EDGE('',*,*,#1037,.F.);
#564=ORIENTED_EDGE('',*,*,#1036,.F.);
#565=ORIENTED_EDGE('',*,*,#1034,.F.);
#566=ORIENTED_EDGE('',*,*,#1032,.F.);
#567=ORIENTED_EDGE('',*,*,#1029,.F.);
#568=ORIENTED_EDGE('',*,*,#1028,.F.);
#569=ORIENTED_EDGE('',*,*,#1026,.F.);
#570=ORIENTED_EDGE('',*,*,#1024,.F.);
#571=ORIENTED_EDGE('',*,*,#1021,.F.);
#572=ORIENTED_EDGE('',*,*,#1020,.F.);
#573=ORIENTED_EDGE('',*,*,#1018,.F.);
#574=ORIENTED_EDGE('',*,*,#1016,.F.);
#575=ORIENTED_EDGE('',*,*,#1055,.T.);
#576=ORIENTED_EDGE('',*,*,#1056,.T.);
#577=ORIENTED_EDGE('',*,*,#1057,.T.);
#578=ORIENTED_EDGE('',*,*,#1058,.T.);
#579=ORIENTED_EDGE('',*,*,#1013,.F.);
#580=ORIENTED_EDGE('',*,*,#1012,.F.);
#581=ORIENTED_EDGE('',*,*,#1010,.F.);
#582=ORIENTED_EDGE('',*,*,#1008,.F.);
#583=ORIENTED_EDGE('',*,*,#1054,.T.);
#584=ORIENTED_EDGE('',*,*,#1059,.T.);
#585=ORIENTED_EDGE('',*,*,#1060,.T.);
#586=ORIENTED_EDGE('',*,*,#1061,.F.);
#587=ORIENTED_EDGE('',*,*,#1057,.F.);
#588=ORIENTED_EDGE('',*,*,#1062,.T.);
#589=ORIENTED_EDGE('',*,*,#1063,.F.);
#590=ORIENTED_EDGE('',*,*,#1064,.F.);
#591=ORIENTED_EDGE('',*,*,#1065,.F.);
#592=ORIENTED_EDGE('',*,*,#1066,.T.);
#593=ORIENTED_EDGE('',*,*,#1067,.F.);
#594=ORIENTED_EDGE('',*,*,#1058,.F.);
#595=ORIENTED_EDGE('',*,*,#1061,.T.);
#596=ORIENTED_EDGE('',*,*,#1068,.T.);
#597=ORIENTED_EDGE('',*,*,#1069,.T.);
#598=ORIENTED_EDGE('',*,*,#1070,.F.);
#599=ORIENTED_EDGE('',*,*,#1055,.F.);
#600=ORIENTED_EDGE('',*,*,#1067,.T.);
#601=ORIENTED_EDGE('',*,*,#1071,.F.);
#602=ORIENTED_EDGE('',*,*,#1072,.T.);
#603=ORIENTED_EDGE('',*,*,#1062,.F.);
#604=ORIENTED_EDGE('',*,*,#1056,.F.);
#605=ORIENTED_EDGE('',*,*,#1070,.T.);
#606=ORIENTED_EDGE('',*,*,#1073,.T.);
#607=ORIENTED_EDGE('',*,*,#1074,.F.);
#608=ORIENTED_EDGE('',*,*,#1075,.F.);
#609=ORIENTED_EDGE('',*,*,#1059,.F.);
#610=ORIENTED_EDGE('',*,*,#1076,.F.);
#611=ORIENTED_EDGE('',*,*,#1077,.T.);
#612=ORIENTED_EDGE('',*,*,#1078,.T.);
#613=ORIENTED_EDGE('',*,*,#1064,.T.);
#614=ORIENTED_EDGE('',*,*,#1079,.F.);
#615=ORIENTED_EDGE('',*,*,#1080,.T.);
#616=ORIENTED_EDGE('',*,*,#1081,.F.);
#617=ORIENTED_EDGE('',*,*,#1065,.T.);
#618=ORIENTED_EDGE('',*,*,#1078,.F.);
#619=ORIENTED_EDGE('',*,*,#1082,.T.);
#620=ORIENTED_EDGE('',*,*,#1079,.T.);
#621=ORIENTED_EDGE('',*,*,#1063,.T.);
#622=ORIENTED_EDGE('',*,*,#1083,.F.);
#623=ORIENTED_EDGE('',*,*,#1084,.F.);
#624=ORIENTED_EDGE('',*,*,#1085,.F.);
#625=ORIENTED_EDGE('',*,*,#1086,.T.);
#626=ORIENTED_EDGE('',*,*,#1087,.T.);
#627=ORIENTED_EDGE('',*,*,#1088,.F.);
#628=ORIENTED_EDGE('',*,*,#1074,.T.);
#629=ORIENTED_EDGE('',*,*,#1089,.F.);
#630=ORIENTED_EDGE('',*,*,#1090,.F.);
#631=ORIENTED_EDGE('',*,*,#1091,.F.);
#632=ORIENTED_EDGE('',*,*,#1075,.T.);
#633=ORIENTED_EDGE('',*,*,#1088,.T.);
#634=ORIENTED_EDGE('',*,*,#1092,.F.);
#635=ORIENTED_EDGE('',*,*,#1093,.F.);
#636=ORIENTED_EDGE('',*,*,#1071,.T.);
#637=ORIENTED_EDGE('',*,*,#1091,.T.);
#638=ORIENTED_EDGE('',*,*,#1094,.F.);
#639=ORIENTED_EDGE('',*,*,#1095,.T.);
#640=ORIENTED_EDGE('',*,*,#1083,.T.);
#641=ORIENTED_EDGE('',*,*,#1068,.F.);
#642=ORIENTED_EDGE('',*,*,#1060,.F.);
#643=ORIENTED_EDGE('',*,*,#1072,.F.);
#644=ORIENTED_EDGE('',*,*,#1093,.T.);
#645=ORIENTED_EDGE('',*,*,#1096,.F.);
#646=ORIENTED_EDGE('',*,*,#1087,.F.);
#647=ORIENTED_EDGE('',*,*,#1097,.F.);
#648=ORIENTED_EDGE('',*,*,#1089,.T.);
#649=ORIENTED_EDGE('',*,*,#1073,.F.);
#650=ORIENTED_EDGE('',*,*,#1069,.F.);
#651=ORIENTED_EDGE('',*,*,#1066,.F.);
#652=ORIENTED_EDGE('',*,*,#1081,.T.);
#653=ORIENTED_EDGE('',*,*,#1098,.T.);
#654=ORIENTED_EDGE('',*,*,#1099,.T.);
#655=ORIENTED_EDGE('',*,*,#1076,.T.);
#656=ORIENTED_EDGE('',*,*,#925,.F.);
#657=ORIENTED_EDGE('',*,*,#823,.F.);
#658=ORIENTED_EDGE('',*,*,#817,.F.);
#659=ORIENTED_EDGE('',*,*,#824,.F.);
#660=ORIENTED_EDGE('',*,*,#809,.F.);
#661=ORIENTED_EDGE('',*,*,#847,.F.);
#662=ORIENTED_EDGE('',*,*,#841,.F.);
#663=ORIENTED_EDGE('',*,*,#848,.F.);
#664=ORIENTED_EDGE('',*,*,#833,.F.);
#665=ORIENTED_EDGE('',*,*,#871,.F.);
#666=ORIENTED_EDGE('',*,*,#865,.F.);
#667=ORIENTED_EDGE('',*,*,#872,.F.);
#668=ORIENTED_EDGE('',*,*,#857,.F.);
#669=ORIENTED_EDGE('',*,*,#895,.F.);
#670=ORIENTED_EDGE('',*,*,#889,.F.);
#671=ORIENTED_EDGE('',*,*,#896,.F.);
#672=ORIENTED_EDGE('',*,*,#881,.F.);
#673=ORIENTED_EDGE('',*,*,#919,.F.);
#674=ORIENTED_EDGE('',*,*,#913,.F.);
#675=ORIENTED_EDGE('',*,*,#920,.F.);
#676=ORIENTED_EDGE('',*,*,#905,.F.);
#677=ORIENTED_EDGE('',*,*,#1100,.F.);
#678=ORIENTED_EDGE('',*,*,#1101,.F.);
#679=ORIENTED_EDGE('',*,*,#1102,.F.);
#680=ORIENTED_EDGE('',*,*,#1103,.F.);
#681=ORIENTED_EDGE('',*,*,#1104,.F.);
#682=ORIENTED_EDGE('',*,*,#924,.F.);
#683=ORIENTED_EDGE('',*,*,#1105,.T.);
#684=ORIENTED_EDGE('',*,*,#1085,.T.);
#685=ORIENTED_EDGE('',*,*,#1082,.F.);
#686=ORIENTED_EDGE('',*,*,#1095,.F.);
#687=ORIENTED_EDGE('',*,*,#1086,.F.);
#688=ORIENTED_EDGE('',*,*,#1105,.F.);
#689=ORIENTED_EDGE('',*,*,#923,.F.);
#690=ORIENTED_EDGE('',*,*,#1106,.F.);
#691=ORIENTED_EDGE('',*,*,#1098,.F.);
#692=ORIENTED_EDGE('',*,*,#1080,.F.);
#693=ORIENTED_EDGE('',*,*,#1077,.F.);
#694=ORIENTED_EDGE('',*,*,#1096,.T.);
#695=ORIENTED_EDGE('',*,*,#1094,.T.);
#696=ORIENTED_EDGE('',*,*,#1092,.T.);
#697=ORIENTED_EDGE('',*,*,#1090,.T.);
#698=ORIENTED_EDGE('',*,*,#1097,.T.);
#699=ORIENTED_EDGE('',*,*,#1107,.T.);
#700=ORIENTED_EDGE('',*,*,#921,.T.);
#701=ORIENTED_EDGE('',*,*,#1104,.T.);
#702=ORIENTED_EDGE('',*,*,#1084,.T.);
#703=ORIENTED_EDGE('',*,*,#1108,.F.);
#704=ORIENTED_EDGE('',*,*,#1107,.F.);
#705=ORIENTED_EDGE('',*,*,#1099,.F.);
#706=ORIENTED_EDGE('',*,*,#1106,.T.);
#707=ORIENTED_EDGE('',*,*,#922,.T.);
#708=ORIENTED_EDGE('',*,*,#1108,.T.);
#709=ORIENTED_EDGE('',*,*,#1109,.F.);
#710=ORIENTED_EDGE('',*,*,#1109,.T.);
#711=ORIENTED_EDGE('',*,*,#1110,.F.);
#712=ORIENTED_EDGE('',*,*,#1110,.T.);
#713=ORIENTED_EDGE('',*,*,#1111,.F.);
#714=ORIENTED_EDGE('',*,*,#1111,.T.);
#715=ORIENTED_EDGE('',*,*,#1112,.F.);
#716=ORIENTED_EDGE('',*,*,#1112,.T.);
#717=ORIENTED_EDGE('',*,*,#1113,.F.);
#718=ORIENTED_EDGE('',*,*,#1113,.T.);
#719=ORIENTED_EDGE('',*,*,#1114,.F.);
#720=ORIENTED_EDGE('',*,*,#1114,.T.);
#721=ORIENTED_EDGE('',*,*,#1115,.F.);
#722=ORIENTED_EDGE('',*,*,#1115,.T.);
#723=ORIENTED_EDGE('',*,*,#1116,.F.);
#724=ORIENTED_EDGE('',*,*,#1116,.T.);
#725=ORIENTED_EDGE('',*,*,#1117,.T.);
#726=ORIENTED_EDGE('',*,*,#1117,.F.);
#727=ORIENTED_EDGE('',*,*,#1118,.F.);
#728=ORIENTED_EDGE('',*,*,#1118,.T.);
#729=ORIENTED_EDGE('',*,*,#1119,.F.);
#730=ORIENTED_EDGE('',*,*,#1119,.T.);
#731=ORIENTED_EDGE('',*,*,#1120,.F.);
#732=ORIENTED_EDGE('',*,*,#1120,.T.);
#733=ORIENTED_EDGE('',*,*,#933,.T.);
#734=ORIENTED_EDGE('',*,*,#1121,.F.);
#735=ORIENTED_EDGE('',*,*,#931,.T.);
#736=ORIENTED_EDGE('',*,*,#1122,.T.);
#737=ORIENTED_EDGE('',*,*,#1123,.T.);
#738=ORIENTED_EDGE('',*,*,#1124,.F.);
#739=ORIENTED_EDGE('',*,*,#1125,.F.);
#740=ORIENTED_EDGE('',*,*,#1126,.F.);
#741=ORIENTED_EDGE('',*,*,#1127,.F.);
#742=ORIENTED_EDGE('',*,*,#1128,.F.);
#743=ORIENTED_EDGE('',*,*,#1123,.F.);
#744=ORIENTED_EDGE('',*,*,#1122,.F.);
#745=ORIENTED_EDGE('',*,*,#1128,.T.);
#746=ORIENTED_EDGE('',*,*,#1129,.F.);
#747=ORIENTED_EDGE('',*,*,#1124,.T.);
#748=ORIENTED_EDGE('',*,*,#1130,.F.);
#749=ORIENTED_EDGE('',*,*,#1126,.T.);
#750=ORIENTED_EDGE('',*,*,#1131,.T.);
#751=ORIENTED_EDGE('',*,*,#1129,.T.);
#752=ORIENTED_EDGE('',*,*,#1127,.T.);
#753=ORIENTED_EDGE('',*,*,#1130,.T.);
#754=ORIENTED_EDGE('',*,*,#1125,.T.);
#755=ORIENTED_EDGE('',*,*,#1132,.T.);
#756=ORIENTED_EDGE('',*,*,#1131,.F.);
#757=ORIENTED_EDGE('',*,*,#1133,.T.);
#758=ORIENTED_EDGE('',*,*,#1132,.F.);
#759=ORIENTED_EDGE('',*,*,#1121,.T.);
#760=ORIENTED_EDGE('',*,*,#1133,.F.);
#761=ORIENTED_EDGE('',*,*,#1134,.F.);
#762=ORIENTED_EDGE('',*,*,#1135,.F.);
#763=ORIENTED_EDGE('',*,*,#1136,.T.);
#764=ORIENTED_EDGE('',*,*,#1102,.T.);
#765=ORIENTED_EDGE('',*,*,#1137,.F.);
#766=ORIENTED_EDGE('',*,*,#1138,.F.);
#767=ORIENTED_EDGE('',*,*,#1139,.T.);
#768=ORIENTED_EDGE('',*,*,#1100,.T.);
#769=ORIENTED_EDGE('',*,*,#1140,.F.);
#770=ORIENTED_EDGE('',*,*,#1141,.F.);
#771=ORIENTED_EDGE('',*,*,#1142,.T.);
#772=ORIENTED_EDGE('',*,*,#1135,.T.);
#773=ORIENTED_EDGE('',*,*,#1143,.F.);
#774=ORIENTED_EDGE('',*,*,#1144,.F.);
#775=ORIENTED_EDGE('',*,*,#1145,.T.);
#776=ORIENTED_EDGE('',*,*,#1138,.T.);
#777=ORIENTED_EDGE('',*,*,#1146,.T.);
#778=ORIENTED_EDGE('',*,*,#1140,.T.);
#779=ORIENTED_EDGE('',*,*,#1134,.T.);
#780=ORIENTED_EDGE('',*,*,#1101,.T.);
#781=ORIENTED_EDGE('',*,*,#1139,.F.);
#782=ORIENTED_EDGE('',*,*,#1145,.F.);
#783=ORIENTED_EDGE('',*,*,#1147,.F.);
#784=ORIENTED_EDGE('',*,*,#926,.F.);
#785=ORIENTED_EDGE('',*,*,#1146,.F.);
#786=ORIENTED_EDGE('',*,*,#929,.F.);
#787=ORIENTED_EDGE('',*,*,#1148,.T.);
#788=ORIENTED_EDGE('',*,*,#1141,.T.);
#789=ORIENTED_EDGE('',*,*,#1148,.F.);
#790=ORIENTED_EDGE('',*,*,#928,.F.);
#791=ORIENTED_EDGE('',*,*,#1149,.T.);
#792=ORIENTED_EDGE('',*,*,#1143,.T.);
#793=ORIENTED_EDGE('',*,*,#1137,.T.);
#794=ORIENTED_EDGE('',*,*,#1103,.T.);
#795=ORIENTED_EDGE('',*,*,#1136,.F.);
#796=ORIENTED_EDGE('',*,*,#1142,.F.);
#797=ORIENTED_EDGE('',*,*,#1149,.F.);
#798=ORIENTED_EDGE('',*,*,#927,.F.);
#799=ORIENTED_EDGE('',*,*,#1147,.T.);
#800=ORIENTED_EDGE('',*,*,#1144,.T.);
#801=EDGE_CURVE('',#1150,#1151,#1382,.T.);
#802=EDGE_CURVE('',#1152,#1150,#1383,.F.);
#803=EDGE_CURVE('',#1152,#1153,#1384,.T.);
#804=EDGE_CURVE('',#1153,#1151,#1385,.F.);
#805=EDGE_CURVE('',#1154,#1155,#1386,.T.);
#806=EDGE_CURVE('',#1150,#1154,#1387,.F.);
#807=EDGE_CURVE('',#1151,#1156,#50,.T.);
#808=EDGE_CURVE('',#1156,#1157,#1388,.T.);
#809=EDGE_CURVE('',#1157,#1158,#1389,.F.);
#810=EDGE_CURVE('',#1159,#1158,#1390,.T.);
#811=EDGE_CURVE('',#1155,#1159,#51,.T.);
#812=EDGE_CURVE('',#1160,#1161,#1391,.T.);
#813=EDGE_CURVE('',#1154,#1160,#1392,.F.);
#814=EDGE_CURVE('',#1155,#1161,#1393,.F.);
#815=EDGE_CURVE('',#1161,#1162,#52,.T.);
#816=EDGE_CURVE('',#1162,#1163,#1394,.T.);
#817=EDGE_CURVE('',#1163,#1164,#1395,.F.);
#818=EDGE_CURVE('',#1165,#1164,#1396,.T.);
#819=EDGE_CURVE('',#1153,#1165,#53,.T.);
#820=EDGE_CURVE('',#1160,#1152,#1397,.F.);
#821=EDGE_CURVE('',#1165,#1156,#1398,.F.);
#822=EDGE_CURVE('',#1159,#1162,#1399,.F.);
#823=EDGE_CURVE('',#1164,#1157,#1400,.F.);
#824=EDGE_CURVE('',#1158,#1163,#1401,.F.);
#825=EDGE_CURVE('',#1166,#1167,#1402,.T.);
#826=EDGE_CURVE('',#1168,#1166,#1403,.F.);
#827=EDGE_CURVE('',#1168,#1169,#1404,.T.);
#828=EDGE_CURVE('',#1169,#1167,#1405,.F.);
#829=EDGE_CURVE('',#1170,#1171,#1406,.T.);
#830=EDGE_CURVE('',#1166,#1170,#1407,.F.);
#831=EDGE_CURVE('',#1167,#1172,#54,.T.);
#832=EDGE_CURVE('',#1172,#1173,#1408,.T.);
#833=EDGE_CURVE('',#1173,#1174,#1409,.F.);
#834=EDGE_CURVE('',#1175,#1174,#1410,.T.);
#835=EDGE_CURVE('',#1171,#1175,#55,.T.);
#836=EDGE_CURVE('',#1176,#1177,#1411,.T.);
#837=EDGE_CURVE('',#1170,#1176,#1412,.F.);
#838=EDGE_CURVE('',#1171,#1177,#1413,.F.);
#839=EDGE_CURVE('',#1177,#1178,#56,.T.);
#840=EDGE_CURVE('',#1178,#1179,#1414,.T.);
#841=EDGE_CURVE('',#1179,#1180,#1415,.F.);
#842=EDGE_CURVE('',#1181,#1180,#1416,.T.);
#843=EDGE_CURVE('',#1169,#1181,#57,.T.);
#844=EDGE_CURVE('',#1176,#1168,#1417,.F.);
#845=EDGE_CURVE('',#1181,#1172,#1418,.F.);
#846=EDGE_CURVE('',#1175,#1178,#1419,.F.);
#847=EDGE_CURVE('',#1180,#1173,#1420,.F.);
#848=EDGE_CURVE('',#1174,#1179,#1421,.F.);
#849=EDGE_CURVE('',#1182,#1183,#1422,.T.);
#850=EDGE_CURVE('',#1184,#1182,#1423,.F.);
#851=EDGE_CURVE('',#1184,#1185,#1424,.T.);
#852=EDGE_CURVE('',#1185,#1183,#1425,.F.);
#853=EDGE_CURVE('',#1186,#1187,#1426,.T.);
#854=EDGE_CURVE('',#1182,#1186,#1427,.F.);
#855=EDGE_CURVE('',#1183,#1188,#58,.T.);
#856=EDGE_CURVE('',#1188,#1189,#1428,.T.);
#857=EDGE_CURVE('',#1189,#1190,#1429,.F.);
#858=EDGE_CURVE('',#1191,#1190,#1430,.T.);
#859=EDGE_CURVE('',#1187,#1191,#59,.T.);
#860=EDGE_CURVE('',#1192,#1193,#1431,.T.);
#861=EDGE_CURVE('',#1186,#1192,#1432,.F.);
#862=EDGE_CURVE('',#1187,#1193,#1433,.F.);
#863=EDGE_CURVE('',#1193,#1194,#60,.T.);
#864=EDGE_CURVE('',#1194,#1195,#1434,.T.);
#865=EDGE_CURVE('',#1195,#1196,#1435,.F.);
#866=EDGE_CURVE('',#1197,#1196,#1436,.T.);
#867=EDGE_CURVE('',#1185,#1197,#61,.T.);
#868=EDGE_CURVE('',#1192,#1184,#1437,.F.);
#869=EDGE_CURVE('',#1197,#1188,#1438,.F.);
#870=EDGE_CURVE('',#1191,#1194,#1439,.F.);
#871=EDGE_CURVE('',#1196,#1189,#1440,.F.);
#872=EDGE_CURVE('',#1190,#1195,#1441,.F.);
#873=EDGE_CURVE('',#1198,#1199,#1442,.T.);
#874=EDGE_CURVE('',#1200,#1198,#1443,.F.);
#875=EDGE_CURVE('',#1200,#1201,#1444,.T.);
#876=EDGE_CURVE('',#1201,#1199,#1445,.F.);
#877=EDGE_CURVE('',#1202,#1203,#1446,.T.);
#878=EDGE_CURVE('',#1198,#1202,#1447,.F.);
#879=EDGE_CURVE('',#1199,#1204,#62,.T.);
#880=EDGE_CURVE('',#1204,#1205,#1448,.T.);
#881=EDGE_CURVE('',#1205,#1206,#1449,.F.);
#882=EDGE_CURVE('',#1207,#1206,#1450,.T.);
#883=EDGE_CURVE('',#1203,#1207,#63,.T.);
#884=EDGE_CURVE('',#1208,#1209,#1451,.T.);
#885=EDGE_CURVE('',#1202,#1208,#1452,.F.);
#886=EDGE_CURVE('',#1203,#1209,#1453,.F.);
#887=EDGE_CURVE('',#1209,#1210,#64,.T.);
#888=EDGE_CURVE('',#1210,#1211,#1454,.T.);
#889=EDGE_CURVE('',#1211,#1212,#1455,.F.);
#890=EDGE_CURVE('',#1213,#1212,#1456,.T.);
#891=EDGE_CURVE('',#1201,#1213,#65,.T.);
#892=EDGE_CURVE('',#1208,#1200,#1457,.F.);
#893=EDGE_CURVE('',#1213,#1204,#1458,.F.);
#894=EDGE_CURVE('',#1207,#1210,#1459,.F.);
#895=EDGE_CURVE('',#1212,#1205,#1460,.F.);
#896=EDGE_CURVE('',#1206,#1211,#1461,.F.);
#897=EDGE_CURVE('',#1214,#1215,#1462,.T.);
#898=EDGE_CURVE('',#1216,#1214,#1463,.F.);
#899=EDGE_CURVE('',#1216,#1217,#1464,.T.);
#900=EDGE_CURVE('',#1217,#1215,#1465,.F.);
#901=EDGE_CURVE('',#1218,#1219,#1466,.T.);
#902=EDGE_CURVE('',#1214,#1218,#1467,.F.);
#903=EDGE_CURVE('',#1215,#1220,#66,.T.);
#904=EDGE_CURVE('',#1220,#1221,#1468,.T.);
#905=EDGE_CURVE('',#1221,#1222,#1469,.F.);
#906=EDGE_CURVE('',#1223,#1222,#1470,.T.);
#907=EDGE_CURVE('',#1219,#1223,#67,.T.);
#908=EDGE_CURVE('',#1224,#1225,#1471,.T.);
#909=EDGE_CURVE('',#1218,#1224,#1472,.F.);
#910=EDGE_CURVE('',#1219,#1225,#1473,.F.);
#911=EDGE_CURVE('',#1225,#1226,#68,.T.);
#912=EDGE_CURVE('',#1226,#1227,#1474,.T.);
#913=EDGE_CURVE('',#1227,#1228,#1475,.F.);
#914=EDGE_CURVE('',#1229,#1228,#1476,.T.);
#915=EDGE_CURVE('',#1217,#1229,#69,.T.);
#916=EDGE_CURVE('',#1224,#1216,#1477,.F.);
#917=EDGE_CURVE('',#1229,#1220,#1478,.F.);
#918=EDGE_CURVE('',#1223,#1226,#1479,.F.);
#919=EDGE_CURVE('',#1228,#1221,#1480,.F.);
#920=EDGE_CURVE('',#1222,#1227,#1481,.F.);
#921=EDGE_CURVE('',#1230,#1231,#1482,.T.);
#922=EDGE_CURVE('',#1232,#1230,#70,.T.);
#923=EDGE_CURVE('',#1232,#1233,#1483,.T.);
#924=EDGE_CURVE('',#1233,#1231,#1484,.T.);
#925=EDGE_CURVE('',#1234,#1234,#71,.T.);
#926=EDGE_CURVE('',#1235,#1236,#1485,.F.);
#927=EDGE_CURVE('',#1236,#1237,#1486,.F.);
#928=EDGE_CURVE('',#1237,#1238,#1487,.F.);
#929=EDGE_CURVE('',#1238,#1235,#1488,.F.);
#930=EDGE_CURVE('',#1239,#1239,#72,.T.);
#931=EDGE_CURVE('',#1240,#1240,#73,.F.);
#932=EDGE_CURVE('',#1241,#1241,#74,.T.);
#933=EDGE_CURVE('',#1242,#1242,#75,.F.);
#934=EDGE_CURVE('',#1243,#1244,#1489,.T.);
#935=EDGE_CURVE('',#1244,#1245,#1490,.T.);
#936=EDGE_CURVE('',#1245,#1246,#1491,.T.);
#937=EDGE_CURVE('',#1246,#1243,#1492,.T.);
#938=EDGE_CURVE('',#1247,#1248,#1493,.T.);
#939=EDGE_CURVE('',#1248,#1249,#1494,.T.);
#940=EDGE_CURVE('',#1249,#1250,#1495,.T.);
#941=EDGE_CURVE('',#1250,#1247,#1496,.T.);
#942=EDGE_CURVE('',#1251,#1252,#1497,.T.);
#943=EDGE_CURVE('',#1252,#1253,#1498,.T.);
#944=EDGE_CURVE('',#1253,#1254,#1499,.T.);
#945=EDGE_CURVE('',#1254,#1251,#1500,.T.);
#946=EDGE_CURVE('',#1255,#1256,#1501,.T.);
#947=EDGE_CURVE('',#1256,#1257,#1502,.T.);
#948=EDGE_CURVE('',#1257,#1258,#1503,.T.);
#949=EDGE_CURVE('',#1258,#1255,#1504,.T.);
#950=EDGE_CURVE('',#1259,#1260,#1505,.T.);
#951=EDGE_CURVE('',#1260,#1261,#1506,.T.);
#952=EDGE_CURVE('',#1261,#1262,#1507,.T.);
#953=EDGE_CURVE('',#1262,#1259,#1508,.T.);
#954=EDGE_CURVE('',#1263,#1264,#1509,.T.);
#955=EDGE_CURVE('',#1264,#1265,#1510,.T.);
#956=EDGE_CURVE('',#1265,#1266,#1511,.T.);
#957=EDGE_CURVE('',#1266,#1263,#1512,.T.);
#958=EDGE_CURVE('',#1267,#1246,#1513,.T.);
#959=EDGE_CURVE('',#1268,#1267,#1514,.T.);
#960=EDGE_CURVE('',#1243,#1268,#1515,.F.);
#961=EDGE_CURVE('',#1269,#1268,#1516,.T.);
#962=EDGE_CURVE('',#1244,#1269,#1517,.F.);
#963=EDGE_CURVE('',#1270,#1269,#1518,.T.);
#964=EDGE_CURVE('',#1270,#1245,#1519,.F.);
#965=EDGE_CURVE('',#1267,#1270,#1520,.T.);
#966=EDGE_CURVE('',#1271,#1250,#1521,.T.);
#967=EDGE_CURVE('',#1272,#1271,#1522,.T.);
#968=EDGE_CURVE('',#1247,#1272,#1523,.F.);
#969=EDGE_CURVE('',#1273,#1272,#1524,.T.);
#970=EDGE_CURVE('',#1248,#1273,#1525,.F.);
#971=EDGE_CURVE('',#1274,#1273,#1526,.T.);
#972=EDGE_CURVE('',#1274,#1249,#1527,.F.);
#973=EDGE_CURVE('',#1271,#1274,#1528,.T.);
#974=EDGE_CURVE('',#1275,#1254,#1529,.T.);
#975=EDGE_CURVE('',#1276,#1275,#1530,.T.);
#976=EDGE_CURVE('',#1251,#1276,#1531,.F.);
#977=EDGE_CURVE('',#1277,#1276,#1532,.T.);
#978=EDGE_CURVE('',#1252,#1277,#1533,.F.);
#979=EDGE_CURVE('',#1278,#1277,#1534,.T.);
#980=EDGE_CURVE('',#1278,#1253,#1535,.F.);
#981=EDGE_CURVE('',#1275,#1278,#1536,.T.);
#982=EDGE_CURVE('',#1279,#1258,#1537,.T.);
#983=EDGE_CURVE('',#1280,#1279,#1538,.T.);
#984=EDGE_CURVE('',#1255,#1280,#1539,.F.);
#985=EDGE_CURVE('',#1281,#1280,#1540,.T.);
#986=EDGE_CURVE('',#1256,#1281,#1541,.F.);
#987=EDGE_CURVE('',#1282,#1281,#1542,.T.);
#988=EDGE_CURVE('',#1282,#1257,#1543,.F.);
#989=EDGE_CURVE('',#1279,#1282,#1544,.T.);
#990=EDGE_CURVE('',#1283,#1262,#1545,.T.);
#991=EDGE_CURVE('',#1284,#1283,#1546,.T.);
#992=EDGE_CURVE('',#1259,#1284,#1547,.F.);
#993=EDGE_CURVE('',#1285,#1284,#1548,.T.);
#994=EDGE_CURVE('',#1260,#1285,#1549,.F.);
#995=EDGE_CURVE('',#1286,#1285,#1550,.T.);
#996=EDGE_CURVE('',#1286,#1261,#1551,.F.);
#997=EDGE_CURVE('',#1283,#1286,#1552,.T.);
#998=EDGE_CURVE('',#1287,#1266,#1553,.T.);
#999=EDGE_CURVE('',#1288,#1287,#1554,.T.);
#1000=EDGE_CURVE('',#1263,#1288,#1555,.F.);
#1001=EDGE_CURVE('',#1289,#1288,#1556,.T.);
#1002=EDGE_CURVE('',#1264,#1289,#1557,.F.);
#1003=EDGE_CURVE('',#1290,#1289,#1558,.T.);
#1004=EDGE_CURVE('',#1290,#1265,#1559,.F.);
#1005=EDGE_CURVE('',#1287,#1290,#1560,.T.);
#1006=EDGE_CURVE('',#1268,#1291,#1561,.T.);
#1007=EDGE_CURVE('',#1267,#1292,#1562,.T.);
#1008=EDGE_CURVE('',#1292,#1291,#1563,.T.);
#1009=EDGE_CURVE('',#1269,#1293,#1564,.T.);
#1010=EDGE_CURVE('',#1291,#1293,#1565,.T.);
#1011=EDGE_CURVE('',#1270,#1294,#1566,.T.);
#1012=EDGE_CURVE('',#1293,#1294,#1567,.T.);
#1013=EDGE_CURVE('',#1294,#1292,#1568,.T.);
#1014=EDGE_CURVE('',#1272,#1295,#1569,.T.);
#1015=EDGE_CURVE('',#1271,#1296,#1570,.T.);
#1016=EDGE_CURVE('',#1296,#1295,#1571,.T.);
#1017=EDGE_CURVE('',#1273,#1297,#1572,.T.);
#1018=EDGE_CURVE('',#1295,#1297,#1573,.T.);
#1019=EDGE_CURVE('',#1274,#1298,#1574,.T.);
#1020=EDGE_CURVE('',#1297,#1298,#1575,.T.);
#1021=EDGE_CURVE('',#1298,#1296,#1576,.T.);
#1022=EDGE_CURVE('',#1276,#1299,#1577,.T.);
#1023=EDGE_CURVE('',#1275,#1300,#1578,.T.);
#1024=EDGE_CURVE('',#1300,#1299,#1579,.T.);
#1025=EDGE_CURVE('',#1277,#1301,#1580,.T.);
#1026=EDGE_CURVE('',#1299,#1301,#1581,.T.);
#1027=EDGE_CURVE('',#1278,#1302,#1582,.T.);
#1028=EDGE_CURVE('',#1301,#1302,#1583,.T.);
#1029=EDGE_CURVE('',#1302,#1300,#1584,.T.);
#1030=EDGE_CURVE('',#1280,#1303,#1585,.T.);
#1031=EDGE_CURVE('',#1279,#1304,#1586,.T.);
#1032=EDGE_CURVE('',#1304,#1303,#1587,.T.);
#1033=EDGE_CURVE('',#1281,#1305,#1588,.T.);
#1034=EDGE_CURVE('',#1303,#1305,#1589,.T.);
#1035=EDGE_CURVE('',#1282,#1306,#1590,.T.);
#1036=EDGE_CURVE('',#1305,#1306,#1591,.T.);
#1037=EDGE_CURVE('',#1306,#1304,#1592,.T.);
#1038=EDGE_CURVE('',#1284,#1307,#1593,.T.);
#1039=EDGE_CURVE('',#1283,#1308,#1594,.T.);
#1040=EDGE_CURVE('',#1308,#1307,#1595,.T.);
#1041=EDGE_CURVE('',#1285,#1309,#1596,.T.);
#1042=EDGE_CURVE('',#1307,#1309,#1597,.T.);
#1043=EDGE_CURVE('',#1286,#1310,#1598,.T.);
#1044=EDGE_CURVE('',#1309,#1310,#1599,.T.);
#1045=EDGE_CURVE('',#1310,#1308,#1600,.T.);
#1046=EDGE_CURVE('',#1288,#1311,#1601,.T.);
#1047=EDGE_CURVE('',#1287,#1312,#1602,.T.);
#1048=EDGE_CURVE('',#1312,#1311,#1603,.T.);
#1049=EDGE_CURVE('',#1289,#1313,#1604,.T.);
#1050=EDGE_CURVE('',#1311,#1313,#1605,.T.);
#1051=EDGE_CURVE('',#1290,#1314,#1606,.T.);
#1052=EDGE_CURVE('',#1313,#1314,#1607,.T.);
#1053=EDGE_CURVE('',#1314,#1312,#1608,.T.);
#1054=EDGE_CURVE('',#1315,#1315,#76,.T.);
#1055=EDGE_CURVE('',#1316,#1317,#1609,.T.);
#1056=EDGE_CURVE('',#1317,#1318,#1610,.T.);
#1057=EDGE_CURVE('',#1318,#1319,#1611,.T.);
#1058=EDGE_CURVE('',#1319,#1316,#1612,.T.);
#1059=EDGE_CURVE('',#1320,#1320,#77,.F.);
#1060=EDGE_CURVE('',#1321,#1322,#1613,.T.);
#1061=EDGE_CURVE('',#1319,#1322,#1614,.T.);
#1062=EDGE_CURVE('',#1318,#1321,#1615,.T.);
#1063=EDGE_CURVE('',#1323,#1324,#1616,.T.);
#1064=EDGE_CURVE('',#1325,#1323,#1617,.T.);
#1065=EDGE_CURVE('',#1326,#1325,#1618,.T.);
#1066=EDGE_CURVE('',#1326,#1327,#1619,.T.);
#1067=EDGE_CURVE('',#1316,#1327,#1620,.T.);
#1068=EDGE_CURVE('',#1322,#1324,#1621,.T.);
#1069=EDGE_CURVE('',#1327,#1328,#1622,.T.);
#1070=EDGE_CURVE('',#1317,#1328,#1623,.T.);
#1071=EDGE_CURVE('',#1329,#1330,#1624,.T.);
#1072=EDGE_CURVE('',#1329,#1321,#1625,.T.);
#1073=EDGE_CURVE('',#1328,#1331,#1626,.T.);
#1074=EDGE_CURVE('',#1332,#1331,#1627,.T.);
#1075=EDGE_CURVE('',#1330,#1332,#1628,.T.);
#1076=EDGE_CURVE('',#1333,#1333,#78,.T.);
#1077=EDGE_CURVE('',#1334,#1335,#1629,.T.);
#1078=EDGE_CURVE('',#1335,#1325,#1630,.T.);
#1079=EDGE_CURVE('',#1334,#1323,#1631,.T.);
#1080=EDGE_CURVE('',#1335,#1336,#1632,.T.);
#1081=EDGE_CURVE('',#1326,#1336,#1633,.T.);
#1082=EDGE_CURVE('',#1337,#1334,#1634,.T.);
#1083=EDGE_CURVE('',#1337,#1324,#1635,.T.);
#1084=EDGE_CURVE('',#1338,#1339,#1636,.T.);
#1085=EDGE_CURVE('',#1340,#1338,#1637,.T.);
#1086=EDGE_CURVE('',#1340,#1341,#1638,.T.);
#1087=EDGE_CURVE('',#1341,#1339,#1639,.T.);
#1088=EDGE_CURVE('',#1332,#1342,#1640,.T.);
#1089=EDGE_CURVE('',#1343,#1331,#1641,.T.);
#1090=EDGE_CURVE('',#1342,#1343,#1642,.T.);
#1091=EDGE_CURVE('',#1330,#1344,#1643,.T.);
#1092=EDGE_CURVE('',#1344,#1342,#1644,.T.);
#1093=EDGE_CURVE('',#1329,#1345,#1645,.T.);
#1094=EDGE_CURVE('',#1345,#1344,#1646,.T.);
#1095=EDGE_CURVE('',#1341,#1337,#1647,.T.);
#1096=EDGE_CURVE('',#1339,#1345,#1648,.T.);
#1097=EDGE_CURVE('',#1343,#1346,#1649,.T.);
#1098=EDGE_CURVE('',#1336,#1347,#1650,.T.);
#1099=EDGE_CURVE('',#1347,#1346,#1651,.T.);
#1100=EDGE_CURVE('',#1348,#1349,#1652,.F.);
#1101=EDGE_CURVE('',#1350,#1348,#1653,.F.);
#1102=EDGE_CURVE('',#1351,#1350,#1654,.F.);
#1103=EDGE_CURVE('',#1349,#1351,#1655,.F.);
#1104=EDGE_CURVE('',#1231,#1338,#1656,.T.);
#1105=EDGE_CURVE('',#1233,#1340,#1657,.T.);
#1106=EDGE_CURVE('',#1347,#1232,#1658,.T.);
#1107=EDGE_CURVE('',#1346,#1230,#1659,.T.);
#1108=EDGE_CURVE('',#1230,#1232,#79,.T.);
#1109=EDGE_CURVE('',#1352,#1352,#80,.T.);
#1110=EDGE_CURVE('',#1353,#1353,#81,.T.);
#1111=EDGE_CURVE('',#1354,#1354,#82,.T.);
#1112=EDGE_CURVE('',#1355,#1355,#83,.T.);
#1113=EDGE_CURVE('',#1356,#1356,#84,.T.);
#1114=EDGE_CURVE('',#1357,#1357,#85,.T.);
#1115=EDGE_CURVE('',#1358,#1358,#86,.T.);
#1116=EDGE_CURVE('',#1359,#1359,#87,.T.);
#1117=EDGE_CURVE('',#1360,#1360,#88,.F.);
#1118=EDGE_CURVE('',#1361,#1361,#89,.T.);
#1119=EDGE_CURVE('',#1362,#1362,#90,.T.);
#1120=EDGE_CURVE('',#1363,#1363,#91,.F.);
#1121=EDGE_CURVE('',#1364,#1364,#92,.T.);
#1122=EDGE_CURVE('',#1365,#1366,#1660,.T.);
#1123=EDGE_CURVE('',#1366,#1365,#93,.T.);
#1124=EDGE_CURVE('',#1367,#1368,#1661,.T.);
#1125=EDGE_CURVE('',#1368,#1367,#94,.F.);
#1126=EDGE_CURVE('',#1369,#1366,#20,.T.);
#1127=EDGE_CURVE('',#1370,#1369,#95,.F.);
#1128=EDGE_CURVE('',#1365,#1370,#21,.T.);
#1129=EDGE_CURVE('',#1367,#1370,#1662,.T.);
#1130=EDGE_CURVE('',#1369,#1368,#1663,.F.);
#1131=EDGE_CURVE('',#1371,#1371,#96,.T.);
#1132=EDGE_CURVE('',#1372,#1372,#97,.T.);
#1133=EDGE_CURVE('',#1373,#1373,#98,.T.);
#1134=EDGE_CURVE('',#1374,#1350,#1664,.T.);
#1135=EDGE_CURVE('',#1375,#1374,#1665,.F.);
#1136=EDGE_CURVE('',#1375,#1351,#1666,.T.);
#1137=EDGE_CURVE('',#1376,#1349,#1667,.T.);
#1138=EDGE_CURVE('',#1377,#1376,#1668,.F.);
#1139=EDGE_CURVE('',#1377,#1348,#1669,.T.);
#1140=EDGE_CURVE('',#1378,#1374,#99,.T.);
#1141=EDGE_CURVE('',#1379,#1378,#1670,.F.);
#1142=EDGE_CURVE('',#1379,#1375,#100,.T.);
#1143=EDGE_CURVE('',#1380,#1376,#101,.T.);
#1144=EDGE_CURVE('',#1381,#1380,#1671,.F.);
#1145=EDGE_CURVE('',#1381,#1377,#102,.T.);
#1146=EDGE_CURVE('',#1235,#1378,#1672,.T.);
#1147=EDGE_CURVE('',#1236,#1381,#1673,.T.);
#1148=EDGE_CURVE('',#1238,#1379,#1674,.T.);
#1149=EDGE_CURVE('',#1237,#1380,#1675,.T.);
#1150=VERTEX_POINT('',#4598);
#1151=VERTEX_POINT('',#4599);
#1152=VERTEX_POINT('',#4601);
#1153=VERTEX_POINT('',#4603);
#1154=VERTEX_POINT('',#4607);
#1155=VERTEX_POINT('',#4608);
#1156=VERTEX_POINT('',#4611);
#1157=VERTEX_POINT('',#4613);
#1158=VERTEX_POINT('',#4615);
#1159=VERTEX_POINT('',#4617);
#1160=VERTEX_POINT('',#4621);
#1161=VERTEX_POINT('',#4622);
#1162=VERTEX_POINT('',#4627);
#1163=VERTEX_POINT('',#4629);
#1164=VERTEX_POINT('',#4631);
#1165=VERTEX_POINT('',#4633);
#1166=VERTEX_POINT('',#4646);
#1167=VERTEX_POINT('',#4647);
#1168=VERTEX_POINT('',#4649);
#1169=VERTEX_POINT('',#4651);
#1170=VERTEX_POINT('',#4655);
#1171=VERTEX_POINT('',#4656);
#1172=VERTEX_POINT('',#4659);
#1173=VERTEX_POINT('',#4661);
#1174=VERTEX_POINT('',#4663);
#1175=VERTEX_POINT('',#4665);
#1176=VERTEX_POINT('',#4669);
#1177=VERTEX_POINT('',#4670);
#1178=VERTEX_POINT('',#4675);
#1179=VERTEX_POINT('',#4677);
#1180=VERTEX_POINT('',#4679);
#1181=VERTEX_POINT('',#4681);
#1182=VERTEX_POINT('',#4694);
#1183=VERTEX_POINT('',#4695);
#1184=VERTEX_POINT('',#4697);
#1185=VERTEX_POINT('',#4699);
#1186=VERTEX_POINT('',#4703);
#1187=VERTEX_POINT('',#4704);
#1188=VERTEX_POINT('',#4707);
#1189=VERTEX_POINT('',#4709);
#1190=VERTEX_POINT('',#4711);
#1191=VERTEX_POINT('',#4713);
#1192=VERTEX_POINT('',#4717);
#1193=VERTEX_POINT('',#4718);
#1194=VERTEX_POINT('',#4723);
#1195=VERTEX_POINT('',#4725);
#1196=VERTEX_POINT('',#4727);
#1197=VERTEX_POINT('',#4729);
#1198=VERTEX_POINT('',#4742);
#1199=VERTEX_POINT('',#4743);
#1200=VERTEX_POINT('',#4745);
#1201=VERTEX_POINT('',#4747);
#1202=VERTEX_POINT('',#4751);
#1203=VERTEX_POINT('',#4752);
#1204=VERTEX_POINT('',#4755);
#1205=VERTEX_POINT('',#4757);
#1206=VERTEX_POINT('',#4759);
#1207=VERTEX_POINT('',#4761);
#1208=VERTEX_POINT('',#4765);
#1209=VERTEX_POINT('',#4766);
#1210=VERTEX_POINT('',#4771);
#1211=VERTEX_POINT('',#4773);
#1212=VERTEX_POINT('',#4775);
#1213=VERTEX_POINT('',#4777);
#1214=VERTEX_POINT('',#4790);
#1215=VERTEX_POINT('',#4791);
#1216=VERTEX_POINT('',#4793);
#1217=VERTEX_POINT('',#4795);
#1218=VERTEX_POINT('',#4799);
#1219=VERTEX_POINT('',#4800);
#1220=VERTEX_POINT('',#4803);
#1221=VERTEX_POINT('',#4805);
#1222=VERTEX_POINT('',#4807);
#1223=VERTEX_POINT('',#4809);
#1224=VERTEX_POINT('',#4813);
#1225=VERTEX_POINT('',#4814);
#1226=VERTEX_POINT('',#4819);
#1227=VERTEX_POINT('',#4821);
#1228=VERTEX_POINT('',#4823);
#1229=VERTEX_POINT('',#4825);
#1230=VERTEX_POINT('',#4838);
#1231=VERTEX_POINT('',#4839);
#1232=VERTEX_POINT('',#4841);
#1233=VERTEX_POINT('',#4843);
#1234=VERTEX_POINT('',#4846);
#1235=VERTEX_POINT('',#4848);
#1236=VERTEX_POINT('',#4849);
#1237=VERTEX_POINT('',#4851);
#1238=VERTEX_POINT('',#4853);
#1239=VERTEX_POINT('',#4857);
#1240=VERTEX_POINT('',#4859);
#1241=VERTEX_POINT('',#4862);
#1242=VERTEX_POINT('',#4865);
#1243=VERTEX_POINT('',#4868);
#1244=VERTEX_POINT('',#4869);
#1245=VERTEX_POINT('',#4871);
#1246=VERTEX_POINT('',#4873);
#1247=VERTEX_POINT('',#4877);
#1248=VERTEX_POINT('',#4878);
#1249=VERTEX_POINT('',#4880);
#1250=VERTEX_POINT('',#4882);
#1251=VERTEX_POINT('',#4886);
#1252=VERTEX_POINT('',#4887);
#1253=VERTEX_POINT('',#4889);
#1254=VERTEX_POINT('',#4891);
#1255=VERTEX_POINT('',#4895);
#1256=VERTEX_POINT('',#4896);
#1257=VERTEX_POINT('',#4898);
#1258=VERTEX_POINT('',#4900);
#1259=VERTEX_POINT('',#4904);
#1260=VERTEX_POINT('',#4905);
#1261=VERTEX_POINT('',#4907);
#1262=VERTEX_POINT('',#4909);
#1263=VERTEX_POINT('',#4913);
#1264=VERTEX_POINT('',#4914);
#1265=VERTEX_POINT('',#4916);
#1266=VERTEX_POINT('',#4918);
#1267=VERTEX_POINT('',#4922);
#1268=VERTEX_POINT('',#4924);
#1269=VERTEX_POINT('',#4928);
#1270=VERTEX_POINT('',#4932);
#1271=VERTEX_POINT('',#4938);
#1272=VERTEX_POINT('',#4940);
#1273=VERTEX_POINT('',#4944);
#1274=VERTEX_POINT('',#4948);
#1275=VERTEX_POINT('',#4954);
#1276=VERTEX_POINT('',#4956);
#1277=VERTEX_POINT('',#4960);
#1278=VERTEX_POINT('',#4964);
#1279=VERTEX_POINT('',#4970);
#1280=VERTEX_POINT('',#4972);
#1281=VERTEX_POINT('',#4976);
#1282=VERTEX_POINT('',#4980);
#1283=VERTEX_POINT('',#4986);
#1284=VERTEX_POINT('',#4988);
#1285=VERTEX_POINT('',#4992);
#1286=VERTEX_POINT('',#4996);
#1287=VERTEX_POINT('',#5002);
#1288=VERTEX_POINT('',#5004);
#1289=VERTEX_POINT('',#5008);
#1290=VERTEX_POINT('',#5012);
#1291=VERTEX_POINT('',#5018);
#1292=VERTEX_POINT('',#5020);
#1293=VERTEX_POINT('',#5024);
#1294=VERTEX_POINT('',#5028);
#1295=VERTEX_POINT('',#5034);
#1296=VERTEX_POINT('',#5036);
#1297=VERTEX_POINT('',#5040);
#1298=VERTEX_POINT('',#5044);
#1299=VERTEX_POINT('',#5050);
#1300=VERTEX_POINT('',#5052);
#1301=VERTEX_POINT('',#5056);
#1302=VERTEX_POINT('',#5060);
#1303=VERTEX_POINT('',#5066);
#1304=VERTEX_POINT('',#5068);
#1305=VERTEX_POINT('',#5072);
#1306=VERTEX_POINT('',#5076);
#1307=VERTEX_POINT('',#5082);
#1308=VERTEX_POINT('',#5084);
#1309=VERTEX_POINT('',#5088);
#1310=VERTEX_POINT('',#5092);
#1311=VERTEX_POINT('',#5098);
#1312=VERTEX_POINT('',#5100);
#1313=VERTEX_POINT('',#5104);
#1314=VERTEX_POINT('',#5108);
#1315=VERTEX_POINT('',#5114);
#1316=VERTEX_POINT('',#5117);
#1317=VERTEX_POINT('',#5118);
#1318=VERTEX_POINT('',#5120);
#1319=VERTEX_POINT('',#5122);
#1320=VERTEX_POINT('',#5126);
#1321=VERTEX_POINT('',#5129);
#1322=VERTEX_POINT('',#5130);
#1323=VERTEX_POINT('',#5135);
#1324=VERTEX_POINT('',#5136);
#1325=VERTEX_POINT('',#5138);
#1326=VERTEX_POINT('',#5140);
#1327=VERTEX_POINT('',#5142);
#1328=VERTEX_POINT('',#5147);
#1329=VERTEX_POINT('',#5151);
#1330=VERTEX_POINT('',#5152);
#1331=VERTEX_POINT('',#5155);
#1332=VERTEX_POINT('',#5157);
#1333=VERTEX_POINT('',#5161);
#1334=VERTEX_POINT('',#5164);
#1335=VERTEX_POINT('',#5165);
#1336=VERTEX_POINT('',#5170);
#1337=VERTEX_POINT('',#5174);
#1338=VERTEX_POINT('',#5178);
#1339=VERTEX_POINT('',#5179);
#1340=VERTEX_POINT('',#5181);
#1341=VERTEX_POINT('',#5183);
#1342=VERTEX_POINT('',#5187);
#1343=VERTEX_POINT('',#5189);
#1344=VERTEX_POINT('',#5193);
#1345=VERTEX_POINT('',#5197);
#1346=VERTEX_POINT('',#5204);
#1347=VERTEX_POINT('',#5206);
#1348=VERTEX_POINT('',#5211);
#1349=VERTEX_POINT('',#5212);
#1350=VERTEX_POINT('',#5214);
#1351=VERTEX_POINT('',#5216);
#1352=VERTEX_POINT('',#5228);
#1353=VERTEX_POINT('',#5231);
#1354=VERTEX_POINT('',#5234);
#1355=VERTEX_POINT('',#5237);
#1356=VERTEX_POINT('',#5240);
#1357=VERTEX_POINT('',#5243);
#1358=VERTEX_POINT('',#5246);
#1359=VERTEX_POINT('',#5249);
#1360=VERTEX_POINT('',#5252);
#1361=VERTEX_POINT('',#5255);
#1362=VERTEX_POINT('',#5258);
#1363=VERTEX_POINT('',#5261);
#1364=VERTEX_POINT('',#5265);
#1365=VERTEX_POINT('',#5268);
#1366=VERTEX_POINT('',#5269);
#1367=VERTEX_POINT('',#5273);
#1368=VERTEX_POINT('',#5274);
#1369=VERTEX_POINT('',#5281);
#1370=VERTEX_POINT('',#5283);
#1371=VERTEX_POINT('',#5293);
#1372=VERTEX_POINT('',#5296);
#1373=VERTEX_POINT('',#5299);
#1374=VERTEX_POINT('',#5303);
#1375=VERTEX_POINT('',#5305);
#1376=VERTEX_POINT('',#5309);
#1377=VERTEX_POINT('',#5311);
#1378=VERTEX_POINT('',#5315);
#1379=VERTEX_POINT('',#5317);
#1380=VERTEX_POINT('',#5321);
#1381=VERTEX_POINT('',#5323);
#1382=LINE('',#4597,#1676);
#1383=LINE('',#4600,#1677);
#1384=LINE('',#4602,#1678);
#1385=LINE('',#4604,#1679);
#1386=LINE('',#4606,#1680);
#1387=LINE('',#4609,#1681);
#1388=LINE('',#4612,#1682);
#1389=LINE('',#4614,#1683);
#1390=LINE('',#4616,#1684);
#1391=LINE('',#4620,#1685);
#1392=LINE('',#4623,#1686);
#1393=LINE('',#4624,#1687);
#1394=LINE('',#4628,#1688);
#1395=LINE('',#4630,#1689);
#1396=LINE('',#4632,#1690);
#1397=LINE('',#4635,#1691);
#1398=LINE('',#4637,#1692);
#1399=LINE('',#4639,#1693);
#1400=LINE('',#4641,#1694);
#1401=LINE('',#4643,#1695);
#1402=LINE('',#4645,#1696);
#1403=LINE('',#4648,#1697);
#1404=LINE('',#4650,#1698);
#1405=LINE('',#4652,#1699);
#1406=LINE('',#4654,#1700);
#1407=LINE('',#4657,#1701);
#1408=LINE('',#4660,#1702);
#1409=LINE('',#4662,#1703);
#1410=LINE('',#4664,#1704);
#1411=LINE('',#4668,#1705);
#1412=LINE('',#4671,#1706);
#1413=LINE('',#4672,#1707);
#1414=LINE('',#4676,#1708);
#1415=LINE('',#4678,#1709);
#1416=LINE('',#4680,#1710);
#1417=LINE('',#4683,#1711);
#1418=LINE('',#4685,#1712);
#1419=LINE('',#4687,#1713);
#1420=LINE('',#4689,#1714);
#1421=LINE('',#4691,#1715);
#1422=LINE('',#4693,#1716);
#1423=LINE('',#4696,#1717);
#1424=LINE('',#4698,#1718);
#1425=LINE('',#4700,#1719);
#1426=LINE('',#4702,#1720);
#1427=LINE('',#4705,#1721);
#1428=LINE('',#4708,#1722);
#1429=LINE('',#4710,#1723);
#1430=LINE('',#4712,#1724);
#1431=LINE('',#4716,#1725);
#1432=LINE('',#4719,#1726);
#1433=LINE('',#4720,#1727);
#1434=LINE('',#4724,#1728);
#1435=LINE('',#4726,#1729);
#1436=LINE('',#4728,#1730);
#1437=LINE('',#4731,#1731);
#1438=LINE('',#4733,#1732);
#1439=LINE('',#4735,#1733);
#1440=LINE('',#4737,#1734);
#1441=LINE('',#4739,#1735);
#1442=LINE('',#4741,#1736);
#1443=LINE('',#4744,#1737);
#1444=LINE('',#4746,#1738);
#1445=LINE('',#4748,#1739);
#1446=LINE('',#4750,#1740);
#1447=LINE('',#4753,#1741);
#1448=LINE('',#4756,#1742);
#1449=LINE('',#4758,#1743);
#1450=LINE('',#4760,#1744);
#1451=LINE('',#4764,#1745);
#1452=LINE('',#4767,#1746);
#1453=LINE('',#4768,#1747);
#1454=LINE('',#4772,#1748);
#1455=LINE('',#4774,#1749);
#1456=LINE('',#4776,#1750);
#1457=LINE('',#4779,#1751);
#1458=LINE('',#4781,#1752);
#1459=LINE('',#4783,#1753);
#1460=LINE('',#4785,#1754);
#1461=LINE('',#4787,#1755);
#1462=LINE('',#4789,#1756);
#1463=LINE('',#4792,#1757);
#1464=LINE('',#4794,#1758);
#1465=LINE('',#4796,#1759);
#1466=LINE('',#4798,#1760);
#1467=LINE('',#4801,#1761);
#1468=LINE('',#4804,#1762);
#1469=LINE('',#4806,#1763);
#1470=LINE('',#4808,#1764);
#1471=LINE('',#4812,#1765);
#1472=LINE('',#4815,#1766);
#1473=LINE('',#4816,#1767);
#1474=LINE('',#4820,#1768);
#1475=LINE('',#4822,#1769);
#1476=LINE('',#4824,#1770);
#1477=LINE('',#4827,#1771);
#1478=LINE('',#4829,#1772);
#1479=LINE('',#4831,#1773);
#1480=LINE('',#4833,#1774);
#1481=LINE('',#4835,#1775);
#1482=LINE('',#4837,#1776);
#1483=LINE('',#4842,#1777);
#1484=LINE('',#4844,#1778);
#1485=LINE('',#4847,#1779);
#1486=LINE('',#4850,#1780);
#1487=LINE('',#4852,#1781);
#1488=LINE('',#4854,#1782);
#1489=LINE('',#4867,#1783);
#1490=LINE('',#4870,#1784);
#1491=LINE('',#4872,#1785);
#1492=LINE('',#4874,#1786);
#1493=LINE('',#4876,#1787);
#1494=LINE('',#4879,#1788);
#1495=LINE('',#4881,#1789);
#1496=LINE('',#4883,#1790);
#1497=LINE('',#4885,#1791);
#1498=LINE('',#4888,#1792);
#1499=LINE('',#4890,#1793);
#1500=LINE('',#4892,#1794);
#1501=LINE('',#4894,#1795);
#1502=LINE('',#4897,#1796);
#1503=LINE('',#4899,#1797);
#1504=LINE('',#4901,#1798);
#1505=LINE('',#4903,#1799);
#1506=LINE('',#4906,#1800);
#1507=LINE('',#4908,#1801);
#1508=LINE('',#4910,#1802);
#1509=LINE('',#4912,#1803);
#1510=LINE('',#4915,#1804);
#1511=LINE('',#4917,#1805);
#1512=LINE('',#4919,#1806);
#1513=LINE('',#4921,#1807);
#1514=LINE('',#4923,#1808);
#1515=LINE('',#4925,#1809);
#1516=LINE('',#4927,#1810);
#1517=LINE('',#4929,#1811);
#1518=LINE('',#4931,#1812);
#1519=LINE('',#4933,#1813);
#1520=LINE('',#4935,#1814);
#1521=LINE('',#4937,#1815);
#1522=LINE('',#4939,#1816);
#1523=LINE('',#4941,#1817);
#1524=LINE('',#4943,#1818);
#1525=LINE('',#4945,#1819);
#1526=LINE('',#4947,#1820);
#1527=LINE('',#4949,#1821);
#1528=LINE('',#4951,#1822);
#1529=LINE('',#4953,#1823);
#1530=LINE('',#4955,#1824);
#1531=LINE('',#4957,#1825);
#1532=LINE('',#4959,#1826);
#1533=LINE('',#4961,#1827);
#1534=LINE('',#4963,#1828);
#1535=LINE('',#4965,#1829);
#1536=LINE('',#4967,#1830);
#1537=LINE('',#4969,#1831);
#1538=LINE('',#4971,#1832);
#1539=LINE('',#4973,#1833);
#1540=LINE('',#4975,#1834);
#1541=LINE('',#4977,#1835);
#1542=LINE('',#4979,#1836);
#1543=LINE('',#4981,#1837);
#1544=LINE('',#4983,#1838);
#1545=LINE('',#4985,#1839);
#1546=LINE('',#4987,#1840);
#1547=LINE('',#4989,#1841);
#1548=LINE('',#4991,#1842);
#1549=LINE('',#4993,#1843);
#1550=LINE('',#4995,#1844);
#1551=LINE('',#4997,#1845);
#1552=LINE('',#4999,#1846);
#1553=LINE('',#5001,#1847);
#1554=LINE('',#5003,#1848);
#1555=LINE('',#5005,#1849);
#1556=LINE('',#5007,#1850);
#1557=LINE('',#5009,#1851);
#1558=LINE('',#5011,#1852);
#1559=LINE('',#5013,#1853);
#1560=LINE('',#5015,#1854);
#1561=LINE('',#5017,#1855);
#1562=LINE('',#5019,#1856);
#1563=LINE('',#5021,#1857);
#1564=LINE('',#5023,#1858);
#1565=LINE('',#5025,#1859);
#1566=LINE('',#5027,#1860);
#1567=LINE('',#5029,#1861);
#1568=LINE('',#5031,#1862);
#1569=LINE('',#5033,#1863);
#1570=LINE('',#5035,#1864);
#1571=LINE('',#5037,#1865);
#1572=LINE('',#5039,#1866);
#1573=LINE('',#5041,#1867);
#1574=LINE('',#5043,#1868);
#1575=LINE('',#5045,#1869);
#1576=LINE('',#5047,#1870);
#1577=LINE('',#5049,#1871);
#1578=LINE('',#5051,#1872);
#1579=LINE('',#5053,#1873);
#1580=LINE('',#5055,#1874);
#1581=LINE('',#5057,#1875);
#1582=LINE('',#5059,#1876);
#1583=LINE('',#5061,#1877);
#1584=LINE('',#5063,#1878);
#1585=LINE('',#5065,#1879);
#1586=LINE('',#5067,#1880);
#1587=LINE('',#5069,#1881);
#1588=LINE('',#5071,#1882);
#1589=LINE('',#5073,#1883);
#1590=LINE('',#5075,#1884);
#1591=LINE('',#5077,#1885);
#1592=LINE('',#5079,#1886);
#1593=LINE('',#5081,#1887);
#1594=LINE('',#5083,#1888);
#1595=LINE('',#5085,#1889);
#1596=LINE('',#5087,#1890);
#1597=LINE('',#5089,#1891);
#1598=LINE('',#5091,#1892);
#1599=LINE('',#5093,#1893);
#1600=LINE('',#5095,#1894);
#1601=LINE('',#5097,#1895);
#1602=LINE('',#5099,#1896);
#1603=LINE('',#5101,#1897);
#1604=LINE('',#5103,#1898);
#1605=LINE('',#5105,#1899);
#1606=LINE('',#5107,#1900);
#1607=LINE('',#5109,#1901);
#1608=LINE('',#5111,#1902);
#1609=LINE('',#5116,#1903);
#1610=LINE('',#5119,#1904);
#1611=LINE('',#5121,#1905);
#1612=LINE('',#5123,#1906);
#1613=LINE('',#5128,#1907);
#1614=LINE('',#5131,#1908);
#1615=LINE('',#5132,#1909);
#1616=LINE('',#5134,#1910);
#1617=LINE('',#5137,#1911);
#1618=LINE('',#5139,#1912);
#1619=LINE('',#5141,#1913);
#1620=LINE('',#5143,#1914);
#1621=LINE('',#5144,#1915);
#1622=LINE('',#5146,#1916);
#1623=LINE('',#5148,#1917);
#1624=LINE('',#5150,#1918);
#1625=LINE('',#5153,#1919);
#1626=LINE('',#5154,#1920);
#1627=LINE('',#5156,#1921);
#1628=LINE('',#5158,#1922);
#1629=LINE('',#5163,#1923);
#1630=LINE('',#5166,#1924);
#1631=LINE('',#5167,#1925);
#1632=LINE('',#5169,#1926);
#1633=LINE('',#5171,#1927);
#1634=LINE('',#5173,#1928);
#1635=LINE('',#5175,#1929);
#1636=LINE('',#5177,#1930);
#1637=LINE('',#5180,#1931);
#1638=LINE('',#5182,#1932);
#1639=LINE('',#5184,#1933);
#1640=LINE('',#5186,#1934);
#1641=LINE('',#5188,#1935);
#1642=LINE('',#5190,#1936);
#1643=LINE('',#5192,#1937);
#1644=LINE('',#5194,#1938);
#1645=LINE('',#5196,#1939);
#1646=LINE('',#5198,#1940);
#1647=LINE('',#5200,#1941);
#1648=LINE('',#5201,#1942);
#1649=LINE('',#5203,#1943);
#1650=LINE('',#5205,#1944);
#1651=LINE('',#5207,#1945);
#1652=LINE('',#5210,#1946);
#1653=LINE('',#5213,#1947);
#1654=LINE('',#5215,#1948);
#1655=LINE('',#5217,#1949);
#1656=LINE('',#5218,#1950);
#1657=LINE('',#5219,#1951);
#1658=LINE('',#5221,#1952);
#1659=LINE('',#5223,#1953);
#1660=LINE('',#5267,#1954);
#1661=LINE('',#5272,#1955);
#1662=LINE('',#5289,#1956);
#1663=LINE('',#5290,#1957);
#1664=LINE('',#5302,#1958);
#1665=LINE('',#5304,#1959);
#1666=LINE('',#5306,#1960);
#1667=LINE('',#5308,#1961);
#1668=LINE('',#5310,#1962);
#1669=LINE('',#5312,#1963);
#1670=LINE('',#5316,#1964);
#1671=LINE('',#5322,#1965);
#1672=LINE('',#5326,#1966);
#1673=LINE('',#5327,#1967);
#1674=LINE('',#5329,#1968);
#1675=LINE('',#5331,#1969);
#1676=VECTOR('',#3897,1000.);
#1677=VECTOR('',#3898,1000.);
#1678=VECTOR('',#3899,1000.);
#1679=VECTOR('',#3900,1000.);
#1680=VECTOR('',#3903,1000.);
#1681=VECTOR('',#3904,1000.);
#1682=VECTOR('',#3907,1000.);
#1683=VECTOR('',#3908,1000.);
#1684=VECTOR('',#3909,1000.);
#1685=VECTOR('',#3914,1000.);
#1686=VECTOR('',#3915,1000.);
#1687=VECTOR('',#3916,1000.);
#1688=VECTOR('',#3921,1000.);
#1689=VECTOR('',#3922,1000.);
#1690=VECTOR('',#3923,1000.);
#1691=VECTOR('',#3926,1000.);
#1692=VECTOR('',#3929,1000.);
#1693=VECTOR('',#3932,1000.);
#1694=VECTOR('',#3935,1000.);
#1695=VECTOR('',#3938,1000.);
#1696=VECTOR('',#3941,1000.);
#1697=VECTOR('',#3942,1000.);
#1698=VECTOR('',#3943,1000.);
#1699=VECTOR('',#3944,1000.);
#1700=VECTOR('',#3947,1000.);
#1701=VECTOR('',#3948,1000.);
#1702=VECTOR('',#3951,1000.);
#1703=VECTOR('',#3952,1000.);
#1704=VECTOR('',#3953,1000.);
#1705=VECTOR('',#3958,1000.);
#1706=VECTOR('',#3959,1000.);
#1707=VECTOR('',#3960,1000.);
#1708=VECTOR('',#3965,1000.);
#1709=VECTOR('',#3966,1000.);
#1710=VECTOR('',#3967,1000.);
#1711=VECTOR('',#3970,1000.);
#1712=VECTOR('',#3973,1000.);
#1713=VECTOR('',#3976,1000.);
#1714=VECTOR('',#3979,1000.);
#1715=VECTOR('',#3982,1000.);
#1716=VECTOR('',#3985,1000.);
#1717=VECTOR('',#3986,1000.);
#1718=VECTOR('',#3987,1000.);
#1719=VECTOR('',#3988,1000.);
#1720=VECTOR('',#3991,1000.);
#1721=VECTOR('',#3992,1000.);
#1722=VECTOR('',#3995,1000.);
#1723=VECTOR('',#3996,1000.);
#1724=VECTOR('',#3997,1000.);
#1725=VECTOR('',#4002,1000.);
#1726=VECTOR('',#4003,1000.);
#1727=VECTOR('',#4004,1000.);
#1728=VECTOR('',#4009,1000.);
#1729=VECTOR('',#4010,1000.);
#1730=VECTOR('',#4011,1000.);
#1731=VECTOR('',#4014,1000.);
#1732=VECTOR('',#4017,1000.);
#1733=VECTOR('',#4020,1000.);
#1734=VECTOR('',#4023,1000.);
#1735=VECTOR('',#4026,1000.);
#1736=VECTOR('',#4029,1000.);
#1737=VECTOR('',#4030,1000.);
#1738=VECTOR('',#4031,1000.);
#1739=VECTOR('',#4032,1000.);
#1740=VECTOR('',#4035,1000.);
#1741=VECTOR('',#4036,1000.);
#1742=VECTOR('',#4039,1000.);
#1743=VECTOR('',#4040,1000.);
#1744=VECTOR('',#4041,1000.);
#1745=VECTOR('',#4046,1000.);
#1746=VECTOR('',#4047,1000.);
#1747=VECTOR('',#4048,1000.);
#1748=VECTOR('',#4053,1000.);
#1749=VECTOR('',#4054,1000.);
#1750=VECTOR('',#4055,1000.);
#1751=VECTOR('',#4058,1000.);
#1752=VECTOR('',#4061,1000.);
#1753=VECTOR('',#4064,1000.);
#1754=VECTOR('',#4067,1000.);
#1755=VECTOR('',#4070,1000.);
#1756=VECTOR('',#4073,1000.);
#1757=VECTOR('',#4074,1000.);
#1758=VECTOR('',#4075,1000.);
#1759=VECTOR('',#4076,1000.);
#1760=VECTOR('',#4079,1000.);
#1761=VECTOR('',#4080,1000.);
#1762=VECTOR('',#4083,1000.);
#1763=VECTOR('',#4084,1000.);
#1764=VECTOR('',#4085,1000.);
#1765=VECTOR('',#4090,1000.);
#1766=VECTOR('',#4091,1000.);
#1767=VECTOR('',#4092,1000.);
#1768=VECTOR('',#4097,1000.);
#1769=VECTOR('',#4098,1000.);
#1770=VECTOR('',#4099,1000.);
#1771=VECTOR('',#4102,1000.);
#1772=VECTOR('',#4105,1000.);
#1773=VECTOR('',#4108,1000.);
#1774=VECTOR('',#4111,1000.);
#1775=VECTOR('',#4114,1000.);
#1776=VECTOR('',#4117,1000.);
#1777=VECTOR('',#4120,1000.);
#1778=VECTOR('',#4121,1000.);
#1779=VECTOR('',#4124,1000.);
#1780=VECTOR('',#4125,1000.);
#1781=VECTOR('',#4126,1000.);
#1782=VECTOR('',#4127,1000.);
#1783=VECTOR('',#4144,1000.);
#1784=VECTOR('',#4145,1000.);
#1785=VECTOR('',#4146,1000.);
#1786=VECTOR('',#4147,1000.);
#1787=VECTOR('',#4150,1000.);
#1788=VECTOR('',#4151,1000.);
#1789=VECTOR('',#4152,1000.);
#1790=VECTOR('',#4153,1000.);
#1791=VECTOR('',#4156,1000.);
#1792=VECTOR('',#4157,1000.);
#1793=VECTOR('',#4158,1000.);
#1794=VECTOR('',#4159,1000.);
#1795=VECTOR('',#4162,1000.);
#1796=VECTOR('',#4163,1000.);
#1797=VECTOR('',#4164,1000.);
#1798=VECTOR('',#4165,1000.);
#1799=VECTOR('',#4168,1000.);
#1800=VECTOR('',#4169,1000.);
#1801=VECTOR('',#4170,1000.);
#1802=VECTOR('',#4171,1000.);
#1803=VECTOR('',#4174,1000.);
#1804=VECTOR('',#4175,1000.);
#1805=VECTOR('',#4176,1000.);
#1806=VECTOR('',#4177,1000.);
#1807=VECTOR('',#4180,1000.);
#1808=VECTOR('',#4181,1000.);
#1809=VECTOR('',#4182,1000.);
#1810=VECTOR('',#4185,1000.);
#1811=VECTOR('',#4186,1000.);
#1812=VECTOR('',#4189,1000.);
#1813=VECTOR('',#4190,1000.);
#1814=VECTOR('',#4193,1000.);
#1815=VECTOR('',#4196,1000.);
#1816=VECTOR('',#4197,1000.);
#1817=VECTOR('',#4198,1000.);
#1818=VECTOR('',#4201,1000.);
#1819=VECTOR('',#4202,1000.);
#1820=VECTOR('',#4205,1000.);
#1821=VECTOR('',#4206,1000.);
#1822=VECTOR('',#4209,1000.);
#1823=VECTOR('',#4212,1000.);
#1824=VECTOR('',#4213,1000.);
#1825=VECTOR('',#4214,1000.);
#1826=VECTOR('',#4217,1000.);
#1827=VECTOR('',#4218,1000.);
#1828=VECTOR('',#4221,1000.);
#1829=VECTOR('',#4222,1000.);
#1830=VECTOR('',#4225,1000.);
#1831=VECTOR('',#4228,1000.);
#1832=VECTOR('',#4229,1000.);
#1833=VECTOR('',#4230,1000.);
#1834=VECTOR('',#4233,1000.);
#1835=VECTOR('',#4234,1000.);
#1836=VECTOR('',#4237,1000.);
#1837=VECTOR('',#4238,1000.);
#1838=VECTOR('',#4241,1000.);
#1839=VECTOR('',#4244,1000.);
#1840=VECTOR('',#4245,1000.);
#1841=VECTOR('',#4246,1000.);
#1842=VECTOR('',#4249,1000.);
#1843=VECTOR('',#4250,1000.);
#1844=VECTOR('',#4253,1000.);
#1845=VECTOR('',#4254,1000.);
#1846=VECTOR('',#4257,1000.);
#1847=VECTOR('',#4260,1000.);
#1848=VECTOR('',#4261,1000.);
#1849=VECTOR('',#4262,1000.);
#1850=VECTOR('',#4265,1000.);
#1851=VECTOR('',#4266,1000.);
#1852=VECTOR('',#4269,1000.);
#1853=VECTOR('',#4270,1000.);
#1854=VECTOR('',#4273,1000.);
#1855=VECTOR('',#4276,1000.);
#1856=VECTOR('',#4277,1000.);
#1857=VECTOR('',#4278,1000.);
#1858=VECTOR('',#4281,1000.);
#1859=VECTOR('',#4282,1000.);
#1860=VECTOR('',#4285,1000.);
#1861=VECTOR('',#4286,1000.);
#1862=VECTOR('',#4289,1000.);
#1863=VECTOR('',#4292,1000.);
#1864=VECTOR('',#4293,1000.);
#1865=VECTOR('',#4294,1000.);
#1866=VECTOR('',#4297,1000.);
#1867=VECTOR('',#4298,1000.);
#1868=VECTOR('',#4301,1000.);
#1869=VECTOR('',#4302,1000.);
#1870=VECTOR('',#4305,1000.);
#1871=VECTOR('',#4308,1000.);
#1872=VECTOR('',#4309,1000.);
#1873=VECTOR('',#4310,1000.);
#1874=VECTOR('',#4313,1000.);
#1875=VECTOR('',#4314,1000.);
#1876=VECTOR('',#4317,1000.);
#1877=VECTOR('',#4318,1000.);
#1878=VECTOR('',#4321,1000.);
#1879=VECTOR('',#4324,1000.);
#1880=VECTOR('',#4325,1000.);
#1881=VECTOR('',#4326,1000.);
#1882=VECTOR('',#4329,1000.);
#1883=VECTOR('',#4330,1000.);
#1884=VECTOR('',#4333,1000.);
#1885=VECTOR('',#4334,1000.);
#1886=VECTOR('',#4337,1000.);
#1887=VECTOR('',#4340,1000.);
#1888=VECTOR('',#4341,1000.);
#1889=VECTOR('',#4342,1000.);
#1890=VECTOR('',#4345,1000.);
#1891=VECTOR('',#4346,1000.);
#1892=VECTOR('',#4349,1000.);
#1893=VECTOR('',#4350,1000.);
#1894=VECTOR('',#4353,1000.);
#1895=VECTOR('',#4356,1000.);
#1896=VECTOR('',#4357,1000.);
#1897=VECTOR('',#4358,1000.);
#1898=VECTOR('',#4361,1000.);
#1899=VECTOR('',#4362,1000.);
#1900=VECTOR('',#4365,1000.);
#1901=VECTOR('',#4366,1000.);
#1902=VECTOR('',#4369,1000.);
#1903=VECTOR('',#4376,1000.);
#1904=VECTOR('',#4377,1000.);
#1905=VECTOR('',#4378,1000.);
#1906=VECTOR('',#4379,1000.);
#1907=VECTOR('',#4386,1000.);
#1908=VECTOR('',#4387,1000.);
#1909=VECTOR('',#4388,1000.);
#1910=VECTOR('',#4391,1000.);
#1911=VECTOR('',#4392,1000.);
#1912=VECTOR('',#4393,1000.);
#1913=VECTOR('',#4394,1000.);
#1914=VECTOR('',#4395,1000.);
#1915=VECTOR('',#4396,1000.);
#1916=VECTOR('',#4399,1000.);
#1917=VECTOR('',#4400,1000.);
#1918=VECTOR('',#4403,1000.);
#1919=VECTOR('',#4404,1000.);
#1920=VECTOR('',#4405,1000.);
#1921=VECTOR('',#4406,1000.);
#1922=VECTOR('',#4407,1000.);
#1923=VECTOR('',#4414,1000.);
#1924=VECTOR('',#4415,1000.);
#1925=VECTOR('',#4416,1000.);
#1926=VECTOR('',#4419,1000.);
#1927=VECTOR('',#4420,1000.);
#1928=VECTOR('',#4423,1000.);
#1929=VECTOR('',#4424,1000.);
#1930=VECTOR('',#4427,1000.);
#1931=VECTOR('',#4428,1000.);
#1932=VECTOR('',#4429,1000.);
#1933=VECTOR('',#4430,1000.);
#1934=VECTOR('',#4433,1000.);
#1935=VECTOR('',#4434,1000.);
#1936=VECTOR('',#4435,1000.);
#1937=VECTOR('',#4438,1000.);
#1938=VECTOR('',#4439,1000.);
#1939=VECTOR('',#4442,1000.);
#1940=VECTOR('',#4443,1000.);
#1941=VECTOR('',#4446,1000.);
#1942=VECTOR('',#4447,1000.);
#1943=VECTOR('',#4450,1000.);
#1944=VECTOR('',#4451,1000.);
#1945=VECTOR('',#4452,1000.);
#1946=VECTOR('',#4457,1000.);
#1947=VECTOR('',#4458,1000.);
#1948=VECTOR('',#4459,1000.);
#1949=VECTOR('',#4460,1000.);
#1950=VECTOR('',#4461,1000.);
#1951=VECTOR('',#4462,1000.);
#1952=VECTOR('',#4465,1000.);
#1953=VECTOR('',#4468,1000.);
#1954=VECTOR('',#4529,1000.);
#1955=VECTOR('',#4534,1000.);
#1956=VECTOR('',#4543,1000.);
#1957=VECTOR('',#4544,1000.);
#1958=VECTOR('',#4561,1000.);
#1959=VECTOR('',#4562,1000.);
#1960=VECTOR('',#4563,1000.);
#1961=VECTOR('',#4566,1000.);
#1962=VECTOR('',#4567,1000.);
#1963=VECTOR('',#4568,1000.);
#1964=VECTOR('',#4573,1000.);
#1965=VECTOR('',#4580,1000.);
#1966=VECTOR('',#4585,1000.);
#1967=VECTOR('',#4586,1000.);
#1968=VECTOR('',#4589,1000.);
#1969=VECTOR('',#4592,1000.);
#1970=EDGE_LOOP('',(#103,#104,#105,#106));
#1971=EDGE_LOOP('',(#107,#108,#109,#110,#111,#112,#113,#114));
#1972=EDGE_LOOP('',(#115,#116,#117,#118));
#1973=EDGE_LOOP('',(#119,#120,#121,#122,#123,#124,#125,#126));
#1974=EDGE_LOOP('',(#127,#128,#129,#130));
#1975=EDGE_LOOP('',(#131,#132,#133,#134));
#1976=EDGE_LOOP('',(#135,#136,#137,#138));
#1977=EDGE_LOOP('',(#139,#140,#141,#142));
#1978=EDGE_LOOP('',(#143,#144,#145,#146));
#1979=EDGE_LOOP('',(#147,#148,#149,#150,#151,#152,#153,#154));
#1980=EDGE_LOOP('',(#155,#156,#157,#158));
#1981=EDGE_LOOP('',(#159,#160,#161,#162,#163,#164,#165,#166));
#1982=EDGE_LOOP('',(#167,#168,#169,#170));
#1983=EDGE_LOOP('',(#171,#172,#173,#174));
#1984=EDGE_LOOP('',(#175,#176,#177,#178));
#1985=EDGE_LOOP('',(#179,#180,#181,#182));
#1986=EDGE_LOOP('',(#183,#184,#185,#186));
#1987=EDGE_LOOP('',(#187,#188,#189,#190,#191,#192,#193,#194));
#1988=EDGE_LOOP('',(#195,#196,#197,#198));
#1989=EDGE_LOOP('',(#199,#200,#201,#202,#203,#204,#205,#206));
#1990=EDGE_LOOP('',(#207,#208,#209,#210));
#1991=EDGE_LOOP('',(#211,#212,#213,#214));
#1992=EDGE_LOOP('',(#215,#216,#217,#218));
#1993=EDGE_LOOP('',(#219,#220,#221,#222));
#1994=EDGE_LOOP('',(#223,#224,#225,#226));
#1995=EDGE_LOOP('',(#227,#228,#229,#230,#231,#232,#233,#234));
#1996=EDGE_LOOP('',(#235,#236,#237,#238));
#1997=EDGE_LOOP('',(#239,#240,#241,#242,#243,#244,#245,#246));
#1998=EDGE_LOOP('',(#247,#248,#249,#250));
#1999=EDGE_LOOP('',(#251,#252,#253,#254));
#2000=EDGE_LOOP('',(#255,#256,#257,#258));
#2001=EDGE_LOOP('',(#259,#260,#261,#262));
#2002=EDGE_LOOP('',(#263,#264,#265,#266));
#2003=EDGE_LOOP('',(#267,#268,#269,#270,#271,#272,#273,#274));
#2004=EDGE_LOOP('',(#275,#276,#277,#278));
#2005=EDGE_LOOP('',(#279,#280,#281,#282,#283,#284,#285,#286));
#2006=EDGE_LOOP('',(#287,#288,#289,#290));
#2007=EDGE_LOOP('',(#291,#292,#293,#294));
#2008=EDGE_LOOP('',(#295,#296,#297,#298));
#2009=EDGE_LOOP('',(#299,#300,#301,#302));
#2010=EDGE_LOOP('',(#303,#304,#305,#306));
#2011=EDGE_LOOP('',(#307,#308,#309,#310));
#2012=EDGE_LOOP('',(#311,#312,#313,#314));
#2013=EDGE_LOOP('',(#315,#316,#317,#318));
#2014=EDGE_LOOP('',(#319,#320,#321,#322));
#2015=EDGE_LOOP('',(#323,#324,#325,#326));
#2016=EDGE_LOOP('',(#327));
#2017=EDGE_LOOP('',(#328,#329,#330,#331));
#2018=EDGE_LOOP('',(#332));
#2019=EDGE_LOOP('',(#333));
#2020=EDGE_LOOP('',(#334));
#2021=EDGE_LOOP('',(#335));
#2022=EDGE_LOOP('',(#336));
#2023=EDGE_LOOP('',(#337));
#2024=EDGE_LOOP('',(#338,#339,#340,#341));
#2025=EDGE_LOOP('',(#342,#343,#344,#345));
#2026=EDGE_LOOP('',(#346,#347,#348,#349));
#2027=EDGE_LOOP('',(#350,#351,#352,#353));
#2028=EDGE_LOOP('',(#354,#355,#356,#357));
#2029=EDGE_LOOP('',(#358,#359,#360,#361));
#2030=EDGE_LOOP('',(#362,#363,#364,#365));
#2031=EDGE_LOOP('',(#366,#367,#368,#369));
#2032=EDGE_LOOP('',(#370,#371,#372,#373));
#2033=EDGE_LOOP('',(#374,#375,#376,#377));
#2034=EDGE_LOOP('',(#378,#379,#380,#381));
#2035=EDGE_LOOP('',(#382,#383,#384,#385));
#2036=EDGE_LOOP('',(#386,#387,#388,#389));
#2037=EDGE_LOOP('',(#390,#391,#392,#393));
#2038=EDGE_LOOP('',(#394,#395,#396,#397));
#2039=EDGE_LOOP('',(#398,#399,#400,#401));
#2040=EDGE_LOOP('',(#402,#403,#404,#405));
#2041=EDGE_LOOP('',(#406,#407,#408,#409));
#2042=EDGE_LOOP('',(#410,#411,#412,#413));
#2043=EDGE_LOOP('',(#414,#415,#416,#417));
#2044=EDGE_LOOP('',(#418,#419,#420,#421));
#2045=EDGE_LOOP('',(#422,#423,#424,#425));
#2046=EDGE_LOOP('',(#426,#427,#428,#429));
#2047=EDGE_LOOP('',(#430,#431,#432,#433));
#2048=EDGE_LOOP('',(#434,#435,#436,#437));
#2049=EDGE_LOOP('',(#438,#439,#440,#441));
#2050=EDGE_LOOP('',(#442,#443,#444,#445));
#2051=EDGE_LOOP('',(#446,#447,#448,#449));
#2052=EDGE_LOOP('',(#450,#451,#452,#453));
#2053=EDGE_LOOP('',(#454,#455,#456,#457));
#2054=EDGE_LOOP('',(#458,#459,#460,#461));
#2055=EDGE_LOOP('',(#462,#463,#464,#465));
#2056=EDGE_LOOP('',(#466,#467,#468,#469));
#2057=EDGE_LOOP('',(#470,#471,#472,#473));
#2058=EDGE_LOOP('',(#474,#475,#476,#477));
#2059=EDGE_LOOP('',(#478,#479,#480,#481));
#2060=EDGE_LOOP('',(#482,#483,#484,#485));
#2061=EDGE_LOOP('',(#486,#487,#488,#489));
#2062=EDGE_LOOP('',(#490,#491,#492,#493));
#2063=EDGE_LOOP('',(#494,#495,#496,#497));
#2064=EDGE_LOOP('',(#498,#499,#500,#501));
#2065=EDGE_LOOP('',(#502,#503,#504,#505));
#2066=EDGE_LOOP('',(#506,#507,#508,#509));
#2067=EDGE_LOOP('',(#510,#511,#512,#513));
#2068=EDGE_LOOP('',(#514,#515,#516,#517));
#2069=EDGE_LOOP('',(#518,#519,#520,#521));
#2070=EDGE_LOOP('',(#522,#523,#524,#525));
#2071=EDGE_LOOP('',(#526,#527,#528,#529));
#2072=EDGE_LOOP('',(#530,#531,#532,#533));
#2073=EDGE_LOOP('',(#534,#535,#536,#537));
#2074=EDGE_LOOP('',(#538,#539,#540,#541));
#2075=EDGE_LOOP('',(#542,#543,#544,#545));
#2076=EDGE_LOOP('',(#546,#547,#548,#549));
#2077=EDGE_LOOP('',(#550,#551,#552,#553));
#2078=EDGE_LOOP('',(#554));
#2079=EDGE_LOOP('',(#555,#556,#557,#558));
#2080=EDGE_LOOP('',(#559,#560,#561,#562));
#2081=EDGE_LOOP('',(#563,#564,#565,#566));
#2082=EDGE_LOOP('',(#567,#568,#569,#570));
#2083=EDGE_LOOP('',(#571,#572,#573,#574));
#2084=EDGE_LOOP('',(#575,#576,#577,#578));
#2085=EDGE_LOOP('',(#579,#580,#581,#582));
#2086=EDGE_LOOP('',(#583));
#2087=EDGE_LOOP('',(#584));
#2088=EDGE_LOOP('',(#585,#586,#587,#588));
#2089=EDGE_LOOP('',(#589,#590,#591,#592,#593,#594,#595,#596));
#2090=EDGE_LOOP('',(#597,#598,#599,#600));
#2091=EDGE_LOOP('',(#601,#602,#603,#604,#605,#606,#607,#608));
#2092=EDGE_LOOP('',(#609));
#2093=EDGE_LOOP('',(#610));
#2094=EDGE_LOOP('',(#611,#612,#613,#614));
#2095=EDGE_LOOP('',(#615,#616,#617,#618));
#2096=EDGE_LOOP('',(#619,#620,#621,#622));
#2097=EDGE_LOOP('',(#623,#624,#625,#626));
#2098=EDGE_LOOP('',(#627,#628,#629,#630));
#2099=EDGE_LOOP('',(#631,#632,#633,#634));
#2100=EDGE_LOOP('',(#635,#636,#637,#638));
#2101=EDGE_LOOP('',(#639,#640,#641,#642,#643,#644,#645,#646));
#2102=EDGE_LOOP('',(#647,#648,#649,#650,#651,#652,#653,#654));
#2103=EDGE_LOOP('',(#655));
#2104=EDGE_LOOP('',(#656));
#2105=EDGE_LOOP('',(#657,#658,#659,#660));
#2106=EDGE_LOOP('',(#661,#662,#663,#664));
#2107=EDGE_LOOP('',(#665,#666,#667,#668));
#2108=EDGE_LOOP('',(#669,#670,#671,#672));
#2109=EDGE_LOOP('',(#673,#674,#675,#676));
#2110=EDGE_LOOP('',(#677,#678,#679,#680));
#2111=EDGE_LOOP('',(#681,#682,#683,#684));
#2112=EDGE_LOOP('',(#685,#686,#687,#688,#689,#690,#691,#692,#693));
#2113=EDGE_LOOP('',(#694,#695,#696,#697,#698,#699,#700,#701,#702));
#2114=EDGE_LOOP('',(#703,#704,#705,#706));
#2115=EDGE_LOOP('',(#707,#708));
#2116=EDGE_LOOP('',(#709));
#2117=EDGE_LOOP('',(#710));
#2118=EDGE_LOOP('',(#711));
#2119=EDGE_LOOP('',(#712));
#2120=EDGE_LOOP('',(#713));
#2121=EDGE_LOOP('',(#714));
#2122=EDGE_LOOP('',(#715));
#2123=EDGE_LOOP('',(#716));
#2124=EDGE_LOOP('',(#717));
#2125=EDGE_LOOP('',(#718));
#2126=EDGE_LOOP('',(#719));
#2127=EDGE_LOOP('',(#720));
#2128=EDGE_LOOP('',(#721));
#2129=EDGE_LOOP('',(#722));
#2130=EDGE_LOOP('',(#723));
#2131=EDGE_LOOP('',(#724));
#2132=EDGE_LOOP('',(#725));
#2133=EDGE_LOOP('',(#726));
#2134=EDGE_LOOP('',(#727));
#2135=EDGE_LOOP('',(#728));
#2136=EDGE_LOOP('',(#729));
#2137=EDGE_LOOP('',(#730));
#2138=EDGE_LOOP('',(#731));
#2139=EDGE_LOOP('',(#732));
#2140=EDGE_LOOP('',(#733));
#2141=EDGE_LOOP('',(#734));
#2142=EDGE_LOOP('',(#735));
#2143=EDGE_LOOP('',(#736,#737));
#2144=EDGE_LOOP('',(#738,#739));
#2145=EDGE_LOOP('',(#740,#741,#742,#743));
#2146=EDGE_LOOP('',(#744,#745,#746,#747,#748,#749));
#2147=EDGE_LOOP('',(#750));
#2148=EDGE_LOOP('',(#751,#752,#753,#754));
#2149=EDGE_LOOP('',(#755));
#2150=EDGE_LOOP('',(#756));
#2151=EDGE_LOOP('',(#757));
#2152=EDGE_LOOP('',(#758));
#2153=EDGE_LOOP('',(#759));
#2154=EDGE_LOOP('',(#760));
#2155=EDGE_LOOP('',(#761,#762,#763,#764));
#2156=EDGE_LOOP('',(#765,#766,#767,#768));
#2157=EDGE_LOOP('',(#769,#770,#771,#772));
#2158=EDGE_LOOP('',(#773,#774,#775,#776));
#2159=EDGE_LOOP('',(#777,#778,#779,#780,#781,#782,#783,#784));
#2160=EDGE_LOOP('',(#785,#786,#787,#788));
#2161=EDGE_LOOP('',(#789,#790,#791,#792,#793,#794,#795,#796));
#2162=EDGE_LOOP('',(#797,#798,#799,#800));
#2163=FACE_BOUND('',#1970,.T.);
#2164=FACE_BOUND('',#1971,.T.);
#2165=FACE_BOUND('',#1972,.T.);
#2166=FACE_BOUND('',#1973,.T.);
#2167=FACE_BOUND('',#1974,.T.);
#2168=FACE_BOUND('',#1975,.T.);
#2169=FACE_BOUND('',#1976,.T.);
#2170=FACE_BOUND('',#1977,.T.);
#2171=FACE_BOUND('',#1978,.T.);
#2172=FACE_BOUND('',#1979,.T.);
#2173=FACE_BOUND('',#1980,.T.);
#2174=FACE_BOUND('',#1981,.T.);
#2175=FACE_BOUND('',#1982,.T.);
#2176=FACE_BOUND('',#1983,.T.);
#2177=FACE_BOUND('',#1984,.T.);
#2178=FACE_BOUND('',#1985,.T.);
#2179=FACE_BOUND('',#1986,.T.);
#2180=FACE_BOUND('',#1987,.T.);
#2181=FACE_BOUND('',#1988,.T.);
#2182=FACE_BOUND('',#1989,.T.);
#2183=FACE_BOUND('',#1990,.T.);
#2184=FACE_BOUND('',#1991,.T.);
#2185=FACE_BOUND('',#1992,.T.);
#2186=FACE_BOUND('',#1993,.T.);
#2187=FACE_BOUND('',#1994,.T.);
#2188=FACE_BOUND('',#1995,.T.);
#2189=FACE_BOUND('',#1996,.T.);
#2190=FACE_BOUND('',#1997,.T.);
#2191=FACE_BOUND('',#1998,.T.);
#2192=FACE_BOUND('',#1999,.T.);
#2193=FACE_BOUND('',#2000,.T.);
#2194=FACE_BOUND('',#2001,.T.);
#2195=FACE_BOUND('',#2002,.T.);
#2196=FACE_BOUND('',#2003,.T.);
#2197=FACE_BOUND('',#2004,.T.);
#2198=FACE_BOUND('',#2005,.T.);
#2199=FACE_BOUND('',#2006,.T.);
#2200=FACE_BOUND('',#2007,.T.);
#2201=FACE_BOUND('',#2008,.T.);
#2202=FACE_BOUND('',#2009,.T.);
#2203=FACE_BOUND('',#2010,.T.);
#2204=FACE_BOUND('',#2011,.T.);
#2205=FACE_BOUND('',#2012,.T.);
#2206=FACE_BOUND('',#2013,.T.);
#2207=FACE_BOUND('',#2014,.T.);
#2208=FACE_BOUND('',#2015,.T.);
#2209=FACE_BOUND('',#2016,.T.);
#2210=FACE_BOUND('',#2017,.T.);
#2211=FACE_BOUND('',#2018,.T.);
#2212=FACE_BOUND('',#2019,.T.);
#2213=FACE_BOUND('',#2020,.T.);
#2214=FACE_BOUND('',#2021,.T.);
#2215=FACE_BOUND('',#2022,.T.);
#2216=FACE_BOUND('',#2023,.T.);
#2217=FACE_BOUND('',#2024,.T.);
#2218=FACE_BOUND('',#2025,.T.);
#2219=FACE_BOUND('',#2026,.T.);
#2220=FACE_BOUND('',#2027,.T.);
#2221=FACE_BOUND('',#2028,.T.);
#2222=FACE_BOUND('',#2029,.T.);
#2223=FACE_BOUND('',#2030,.T.);
#2224=FACE_BOUND('',#2031,.T.);
#2225=FACE_BOUND('',#2032,.T.);
#2226=FACE_BOUND('',#2033,.T.);
#2227=FACE_BOUND('',#2034,.T.);
#2228=FACE_BOUND('',#2035,.T.);
#2229=FACE_BOUND('',#2036,.T.);
#2230=FACE_BOUND('',#2037,.T.);
#2231=FACE_BOUND('',#2038,.T.);
#2232=FACE_BOUND('',#2039,.T.);
#2233=FACE_BOUND('',#2040,.T.);
#2234=FACE_BOUND('',#2041,.T.);
#2235=FACE_BOUND('',#2042,.T.);
#2236=FACE_BOUND('',#2043,.T.);
#2237=FACE_BOUND('',#2044,.T.);
#2238=FACE_BOUND('',#2045,.T.);
#2239=FACE_BOUND('',#2046,.T.);
#2240=FACE_BOUND('',#2047,.T.);
#2241=FACE_BOUND('',#2048,.T.);
#2242=FACE_BOUND('',#2049,.T.);
#2243=FACE_BOUND('',#2050,.T.);
#2244=FACE_BOUND('',#2051,.T.);
#2245=FACE_BOUND('',#2052,.T.);
#2246=FACE_BOUND('',#2053,.T.);
#2247=FACE_BOUND('',#2054,.T.);
#2248=FACE_BOUND('',#2055,.T.);
#2249=FACE_BOUND('',#2056,.T.);
#2250=FACE_BOUND('',#2057,.T.);
#2251=FACE_BOUND('',#2058,.T.);
#2252=FACE_BOUND('',#2059,.T.);
#2253=FACE_BOUND('',#2060,.T.);
#2254=FACE_BOUND('',#2061,.T.);
#2255=FACE_BOUND('',#2062,.T.);
#2256=FACE_BOUND('',#2063,.T.);
#2257=FACE_BOUND('',#2064,.T.);
#2258=FACE_BOUND('',#2065,.T.);
#2259=FACE_BOUND('',#2066,.T.);
#2260=FACE_BOUND('',#2067,.T.);
#2261=FACE_BOUND('',#2068,.T.);
#2262=FACE_BOUND('',#2069,.T.);
#2263=FACE_BOUND('',#2070,.T.);
#2264=FACE_BOUND('',#2071,.T.);
#2265=FACE_BOUND('',#2072,.T.);
#2266=FACE_BOUND('',#2073,.T.);
#2267=FACE_BOUND('',#2074,.T.);
#2268=FACE_BOUND('',#2075,.T.);
#2269=FACE_BOUND('',#2076,.T.);
#2270=FACE_BOUND('',#2077,.T.);
#2271=FACE_BOUND('',#2078,.T.);
#2272=FACE_BOUND('',#2079,.T.);
#2273=FACE_BOUND('',#2080,.T.);
#2274=FACE_BOUND('',#2081,.T.);
#2275=FACE_BOUND('',#2082,.T.);
#2276=FACE_BOUND('',#2083,.T.);
#2277=FACE_BOUND('',#2084,.T.);
#2278=FACE_BOUND('',#2085,.T.);
#2279=FACE_BOUND('',#2086,.T.);
#2280=FACE_BOUND('',#2087,.T.);
#2281=FACE_BOUND('',#2088,.T.);
#2282=FACE_BOUND('',#2089,.T.);
#2283=FACE_BOUND('',#2090,.T.);
#2284=FACE_BOUND('',#2091,.T.);
#2285=FACE_BOUND('',#2092,.T.);
#2286=FACE_BOUND('',#2093,.T.);
#2287=FACE_BOUND('',#2094,.T.);
#2288=FACE_BOUND('',#2095,.T.);
#2289=FACE_BOUND('',#2096,.T.);
#2290=FACE_BOUND('',#2097,.T.);
#2291=FACE_BOUND('',#2098,.T.);
#2292=FACE_BOUND('',#2099,.T.);
#2293=FACE_BOUND('',#2100,.T.);
#2294=FACE_BOUND('',#2101,.T.);
#2295=FACE_BOUND('',#2102,.T.);
#2296=FACE_BOUND('',#2103,.T.);
#2297=FACE_BOUND('',#2104,.T.);
#2298=FACE_BOUND('',#2105,.T.);
#2299=FACE_BOUND('',#2106,.T.);
#2300=FACE_BOUND('',#2107,.T.);
#2301=FACE_BOUND('',#2108,.T.);
#2302=FACE_BOUND('',#2109,.T.);
#2303=FACE_BOUND('',#2110,.T.);
#2304=FACE_BOUND('',#2111,.T.);
#2305=FACE_BOUND('',#2112,.T.);
#2306=FACE_BOUND('',#2113,.T.);
#2307=FACE_BOUND('',#2114,.T.);
#2308=FACE_BOUND('',#2115,.T.);
#2309=FACE_BOUND('',#2116,.T.);
#2310=FACE_BOUND('',#2117,.T.);
#2311=FACE_BOUND('',#2118,.T.);
#2312=FACE_BOUND('',#2119,.T.);
#2313=FACE_BOUND('',#2120,.T.);
#2314=FACE_BOUND('',#2121,.T.);
#2315=FACE_BOUND('',#2122,.T.);
#2316=FACE_BOUND('',#2123,.T.);
#2317=FACE_BOUND('',#2124,.T.);
#2318=FACE_BOUND('',#2125,.T.);
#2319=FACE_BOUND('',#2126,.T.);
#2320=FACE_BOUND('',#2127,.T.);
#2321=FACE_BOUND('',#2128,.T.);
#2322=FACE_BOUND('',#2129,.T.);
#2323=FACE_BOUND('',#2130,.T.);
#2324=FACE_BOUND('',#2131,.T.);
#2325=FACE_BOUND('',#2132,.T.);
#2326=FACE_BOUND('',#2133,.T.);
#2327=FACE_BOUND('',#2134,.T.);
#2328=FACE_BOUND('',#2135,.T.);
#2329=FACE_BOUND('',#2136,.T.);
#2330=FACE_BOUND('',#2137,.T.);
#2331=FACE_BOUND('',#2138,.T.);
#2332=FACE_BOUND('',#2139,.T.);
#2333=FACE_BOUND('',#2140,.T.);
#2334=FACE_BOUND('',#2141,.T.);
#2335=FACE_BOUND('',#2142,.T.);
#2336=FACE_BOUND('',#2143,.T.);
#2337=FACE_BOUND('',#2144,.T.);
#2338=FACE_BOUND('',#2145,.T.);
#2339=FACE_BOUND('',#2146,.T.);
#2340=FACE_BOUND('',#2147,.T.);
#2341=FACE_BOUND('',#2148,.T.);
#2342=FACE_BOUND('',#2149,.T.);
#2343=FACE_BOUND('',#2150,.T.);
#2344=FACE_BOUND('',#2151,.T.);
#2345=FACE_BOUND('',#2152,.T.);
#2346=FACE_BOUND('',#2153,.T.);
#2347=FACE_BOUND('',#2154,.T.);
#2348=FACE_BOUND('',#2155,.T.);
#2349=FACE_BOUND('',#2156,.T.);
#2350=FACE_BOUND('',#2157,.T.);
#2351=FACE_BOUND('',#2158,.T.);
#2352=FACE_BOUND('',#2159,.T.);
#2353=FACE_BOUND('',#2160,.T.);
#2354=FACE_BOUND('',#2161,.T.);
#2355=FACE_BOUND('',#2162,.T.);
#2356=PLANE('',#3690);
#2357=PLANE('',#3691);
#2358=PLANE('',#3694);
#2359=PLANE('',#3695);
#2360=PLANE('',#3700);
#2361=PLANE('',#3701);
#2362=PLANE('',#3702);
#2363=PLANE('',#3703);
#2364=PLANE('',#3706);
#2365=PLANE('',#3707);
#2366=PLANE('',#3712);
#2367=PLANE('',#3713);
#2368=PLANE('',#3714);
#2369=PLANE('',#3715);
#2370=PLANE('',#3718);
#2371=PLANE('',#3719);
#2372=PLANE('',#3724);
#2373=PLANE('',#3725);
#2374=PLANE('',#3726);
#2375=PLANE('',#3727);
#2376=PLANE('',#3730);
#2377=PLANE('',#3731);
#2378=PLANE('',#3736);
#2379=PLANE('',#3737);
#2380=PLANE('',#3738);
#2381=PLANE('',#3739);
#2382=PLANE('',#3742);
#2383=PLANE('',#3743);
#2384=PLANE('',#3748);
#2385=PLANE('',#3749);
#2386=PLANE('',#3750);
#2387=PLANE('',#3753);
#2388=PLANE('',#3758);
#2389=PLANE('',#3760);
#2390=PLANE('',#3761);
#2391=PLANE('',#3762);
#2392=PLANE('',#3763);
#2393=PLANE('',#3764);
#2394=PLANE('',#3765);
#2395=PLANE('',#3766);
#2396=PLANE('',#3767);
#2397=PLANE('',#3768);
#2398=PLANE('',#3769);
#2399=PLANE('',#3770);
#2400=PLANE('',#3771);
#2401=PLANE('',#3772);
#2402=PLANE('',#3773);
#2403=PLANE('',#3774);
#2404=PLANE('',#3775);
#2405=PLANE('',#3776);
#2406=PLANE('',#3777);
#2407=PLANE('',#3778);
#2408=PLANE('',#3779);
#2409=PLANE('',#3780);
#2410=PLANE('',#3781);
#2411=PLANE('',#3782);
#2412=PLANE('',#3783);
#2413=PLANE('',#3784);
#2414=PLANE('',#3785);
#2415=PLANE('',#3786);
#2416=PLANE('',#3787);
#2417=PLANE('',#3788);
#2418=PLANE('',#3789);
#2419=PLANE('',#3790);
#2420=PLANE('',#3791);
#2421=PLANE('',#3792);
#2422=PLANE('',#3793);
#2423=PLANE('',#3794);
#2424=PLANE('',#3795);
#2425=PLANE('',#3796);
#2426=PLANE('',#3797);
#2427=PLANE('',#3798);
#2428=PLANE('',#3799);
#2429=PLANE('',#3800);
#2430=PLANE('',#3801);
#2431=PLANE('',#3802);
#2432=PLANE('',#3803);
#2433=PLANE('',#3804);
#2434=PLANE('',#3805);
#2435=PLANE('',#3806);
#2436=PLANE('',#3807);
#2437=PLANE('',#3808);
#2438=PLANE('',#3809);
#2439=PLANE('',#3810);
#2440=PLANE('',#3811);
#2441=PLANE('',#3812);
#2442=PLANE('',#3813);
#2443=PLANE('',#3814);
#2444=PLANE('',#3816);
#2445=PLANE('',#3819);
#2446=PLANE('',#3820);
#2447=PLANE('',#3821);
#2448=PLANE('',#3822);
#2449=PLANE('',#3823);
#2450=PLANE('',#3825);
#2451=PLANE('',#3826);
#2452=PLANE('',#3827);
#2453=PLANE('',#3828);
#2454=PLANE('',#3829);
#2455=PLANE('',#3830);
#2456=PLANE('',#3831);
#2457=PLANE('',#3832);
#2458=PLANE('',#3833);
#2459=PLANE('',#3835);
#2460=PLANE('',#3836);
#2461=PLANE('',#3837);
#2462=PLANE('',#3838);
#2463=PLANE('',#3842);
#2464=PLANE('',#3846);
#2465=PLANE('',#3850);
#2466=PLANE('',#3858);
#2467=PLANE('',#3862);
#2468=PLANE('',#3867);
#2469=PLANE('',#3869);
#2470=PLANE('',#3873);
#2471=PLANE('',#3876);
#2472=PLANE('',#3880);
#2473=PLANE('',#3881);
#2474=PLANE('',#3882);
#2475=PLANE('',#3889);
#2476=PLANE('',#3890);
#2477=PLANE('',#3891);
#2478=PLANE('',#3892);
#2479=STYLED_ITEM('',(#2629),#3535);
#2480=STYLED_ITEM('',(#2630),#3536);
#2481=STYLED_ITEM('',(#2631),#3537);
#2482=STYLED_ITEM('',(#2632),#3538);
#2483=STYLED_ITEM('',(#2633),#3539);
#2484=STYLED_ITEM('',(#2634),#3540);
#2485=STYLED_ITEM('',(#2635),#3541);
#2486=STYLED_ITEM('',(#2636),#3542);
#2487=STYLED_ITEM('',(#2637),#3543);
#2488=STYLED_ITEM('',(#2638),#3544);
#2489=STYLED_ITEM('',(#2639),#3545);
#2490=STYLED_ITEM('',(#2640),#3546);
#2491=STYLED_ITEM('',(#2641),#3547);
#2492=STYLED_ITEM('',(#2642),#3548);
#2493=STYLED_ITEM('',(#2643),#3549);
#2494=STYLED_ITEM('',(#2644),#3550);
#2495=STYLED_ITEM('',(#2645),#3551);
#2496=STYLED_ITEM('',(#2646),#3552);
#2497=STYLED_ITEM('',(#2647),#3553);
#2498=STYLED_ITEM('',(#2648),#3554);
#2499=STYLED_ITEM('',(#2649),#3555);
#2500=STYLED_ITEM('',(#2650),#3556);
#2501=STYLED_ITEM('',(#2651),#3557);
#2502=STYLED_ITEM('',(#2652),#3558);
#2503=STYLED_ITEM('',(#2653),#3559);
#2504=STYLED_ITEM('',(#2654),#3560);
#2505=STYLED_ITEM('',(#2655),#3561);
#2506=STYLED_ITEM('',(#2656),#3562);
#2507=STYLED_ITEM('',(#2657),#3563);
#2508=STYLED_ITEM('',(#2658),#3564);
#2509=STYLED_ITEM('',(#2659),#3565);
#2510=STYLED_ITEM('',(#2660),#3566);
#2511=STYLED_ITEM('',(#2661),#3567);
#2512=STYLED_ITEM('',(#2662),#3568);
#2513=STYLED_ITEM('',(#2663),#3569);
#2514=STYLED_ITEM('',(#2664),#3570);
#2515=STYLED_ITEM('',(#2665),#3571);
#2516=STYLED_ITEM('',(#2666),#3572);
#2517=STYLED_ITEM('',(#2667),#3573);
#2518=STYLED_ITEM('',(#2668),#3574);
#2519=STYLED_ITEM('',(#2669),#3575);
#2520=STYLED_ITEM('',(#2670),#3576);
#2521=STYLED_ITEM('',(#2671),#3577);
#2522=STYLED_ITEM('',(#2672),#3578);
#2523=STYLED_ITEM('',(#2673),#3579);
#2524=STYLED_ITEM('',(#2674),#3580);
#2525=STYLED_ITEM('',(#2675),#3581);
#2526=STYLED_ITEM('',(#2676),#3582);
#2527=STYLED_ITEM('',(#2677),#3583);
#2528=STYLED_ITEM('',(#2678),#3584);
#2529=STYLED_ITEM('',(#2679),#3585);
#2530=STYLED_ITEM('',(#2680),#3586);
#2531=STYLED_ITEM('',(#2681),#3587);
#2532=STYLED_ITEM('',(#2682),#3588);
#2533=STYLED_ITEM('',(#2683),#3589);
#2534=STYLED_ITEM('',(#2684),#3590);
#2535=STYLED_ITEM('',(#2685),#3591);
#2536=STYLED_ITEM('',(#2686),#3592);
#2537=STYLED_ITEM('',(#2687),#3593);
#2538=STYLED_ITEM('',(#2688),#3594);
#2539=STYLED_ITEM('',(#2689),#3595);
#2540=STYLED_ITEM('',(#2690),#3596);
#2541=STYLED_ITEM('',(#2691),#3597);
#2542=STYLED_ITEM('',(#2692),#3598);
#2543=STYLED_ITEM('',(#2693),#3599);
#2544=STYLED_ITEM('',(#2694),#3600);
#2545=STYLED_ITEM('',(#2695),#3601);
#2546=STYLED_ITEM('',(#2696),#3602);
#2547=STYLED_ITEM('',(#2697),#3603);
#2548=STYLED_ITEM('',(#2698),#3604);
#2549=STYLED_ITEM('',(#2699),#3605);
#2550=STYLED_ITEM('',(#2700),#3606);
#2551=STYLED_ITEM('',(#2701),#3607);
#2552=STYLED_ITEM('',(#2702),#3608);
#2553=STYLED_ITEM('',(#2703),#3609);
#2554=STYLED_ITEM('',(#2704),#3610);
#2555=STYLED_ITEM('',(#2705),#3611);
#2556=STYLED_ITEM('',(#2706),#3612);
#2557=STYLED_ITEM('',(#2707),#3613);
#2558=STYLED_ITEM('',(#2708),#3614);
#2559=STYLED_ITEM('',(#2709),#3615);
#2560=STYLED_ITEM('',(#2710),#3616);
#2561=STYLED_ITEM('',(#2711),#3617);
#2562=STYLED_ITEM('',(#2712),#3618);
#2563=STYLED_ITEM('',(#2713),#3619);
#2564=STYLED_ITEM('',(#2714),#3620);
#2565=STYLED_ITEM('',(#2715),#3621);
#2566=STYLED_ITEM('',(#2716),#3622);
#2567=STYLED_ITEM('',(#2717),#3623);
#2568=STYLED_ITEM('',(#2718),#3624);
#2569=STYLED_ITEM('',(#2719),#3625);
#2570=STYLED_ITEM('',(#2720),#3626);
#2571=STYLED_ITEM('',(#2721),#3627);
#2572=STYLED_ITEM('',(#2722),#3628);
#2573=STYLED_ITEM('',(#2723),#3629);
#2574=STYLED_ITEM('',(#2724),#3630);
#2575=STYLED_ITEM('',(#2725),#3631);
#2576=STYLED_ITEM('',(#2726),#3632);
#2577=STYLED_ITEM('',(#2727),#3633);
#2578=STYLED_ITEM('',(#2728),#3634);
#2579=STYLED_ITEM('',(#2729),#3635);
#2580=STYLED_ITEM('',(#2730),#3636);
#2581=STYLED_ITEM('',(#2731),#3637);
#2582=STYLED_ITEM('',(#2732),#3638);
#2583=STYLED_ITEM('',(#2733),#3639);
#2584=STYLED_ITEM('',(#2734),#3640);
#2585=STYLED_ITEM('',(#2735),#3641);
#2586=STYLED_ITEM('',(#2736),#3642);
#2587=STYLED_ITEM('',(#2737),#3643);
#2588=STYLED_ITEM('',(#2738),#3644);
#2589=STYLED_ITEM('',(#2739),#3645);
#2590=STYLED_ITEM('',(#2740),#3646);
#2591=STYLED_ITEM('',(#2741),#3647);
#2592=STYLED_ITEM('',(#2742),#3648);
#2593=STYLED_ITEM('',(#2743),#3649);
#2594=STYLED_ITEM('',(#2744),#3650);
#2595=STYLED_ITEM('',(#2745),#3651);
#2596=STYLED_ITEM('',(#2746),#3652);
#2597=STYLED_ITEM('',(#2747),#3653);
#2598=STYLED_ITEM('',(#2748),#3654);
#2599=STYLED_ITEM('',(#2749),#3655);
#2600=STYLED_ITEM('',(#2750),#3656);
#2601=STYLED_ITEM('',(#2751),#3657);
#2602=STYLED_ITEM('',(#2752),#3658);
#2603=STYLED_ITEM('',(#2753),#3659);
#2604=STYLED_ITEM('',(#2754),#3660);
#2605=STYLED_ITEM('',(#2755),#3661);
#2606=STYLED_ITEM('',(#2756),#3662);
#2607=STYLED_ITEM('',(#2757),#3663);
#2608=STYLED_ITEM('',(#2758),#3664);
#2609=STYLED_ITEM('',(#2759),#3665);
#2610=STYLED_ITEM('',(#2760),#3666);
#2611=STYLED_ITEM('',(#2761),#3667);
#2612=STYLED_ITEM('',(#2762),#3668);
#2613=STYLED_ITEM('',(#2763),#3669);
#2614=STYLED_ITEM('',(#2764),#3670);
#2615=STYLED_ITEM('',(#2765),#3671);
#2616=STYLED_ITEM('',(#2766),#3672);
#2617=STYLED_ITEM('',(#2767),#3673);
#2618=STYLED_ITEM('',(#2768),#3674);
#2619=STYLED_ITEM('',(#2769),#3675);
#2620=STYLED_ITEM('',(#2770),#3676);
#2621=STYLED_ITEM('',(#2771),#3677);
#2622=STYLED_ITEM('',(#2772),#3678);
#2623=STYLED_ITEM('',(#2773),#3679);
#2624=STYLED_ITEM('',(#2774),#3680);
#2625=STYLED_ITEM('',(#2775),#3681);
#2626=STYLED_ITEM('',(#2776),#3682);
#2627=STYLED_ITEM('',(#2777),#3683);
#2628=STYLED_ITEM('',(#2778),#3684);
#2629=PRESENTATION_STYLE_ASSIGNMENT((#2779));
#2630=PRESENTATION_STYLE_ASSIGNMENT((#2780));
#2631=PRESENTATION_STYLE_ASSIGNMENT((#2781));
#2632=PRESENTATION_STYLE_ASSIGNMENT((#2782));
#2633=PRESENTATION_STYLE_ASSIGNMENT((#2783));
#2634=PRESENTATION_STYLE_ASSIGNMENT((#2784));
#2635=PRESENTATION_STYLE_ASSIGNMENT((#2785));
#2636=PRESENTATION_STYLE_ASSIGNMENT((#2786));
#2637=PRESENTATION_STYLE_ASSIGNMENT((#2787));
#2638=PRESENTATION_STYLE_ASSIGNMENT((#2788));
#2639=PRESENTATION_STYLE_ASSIGNMENT((#2789));
#2640=PRESENTATION_STYLE_ASSIGNMENT((#2790));
#2641=PRESENTATION_STYLE_ASSIGNMENT((#2791));
#2642=PRESENTATION_STYLE_ASSIGNMENT((#2792));
#2643=PRESENTATION_STYLE_ASSIGNMENT((#2793));
#2644=PRESENTATION_STYLE_ASSIGNMENT((#2794));
#2645=PRESENTATION_STYLE_ASSIGNMENT((#2795));
#2646=PRESENTATION_STYLE_ASSIGNMENT((#2796));
#2647=PRESENTATION_STYLE_ASSIGNMENT((#2797));
#2648=PRESENTATION_STYLE_ASSIGNMENT((#2798));
#2649=PRESENTATION_STYLE_ASSIGNMENT((#2799));
#2650=PRESENTATION_STYLE_ASSIGNMENT((#2800));
#2651=PRESENTATION_STYLE_ASSIGNMENT((#2801));
#2652=PRESENTATION_STYLE_ASSIGNMENT((#2802));
#2653=PRESENTATION_STYLE_ASSIGNMENT((#2803));
#2654=PRESENTATION_STYLE_ASSIGNMENT((#2804));
#2655=PRESENTATION_STYLE_ASSIGNMENT((#2805));
#2656=PRESENTATION_STYLE_ASSIGNMENT((#2806));
#2657=PRESENTATION_STYLE_ASSIGNMENT((#2807));
#2658=PRESENTATION_STYLE_ASSIGNMENT((#2808));
#2659=PRESENTATION_STYLE_ASSIGNMENT((#2809));
#2660=PRESENTATION_STYLE_ASSIGNMENT((#2810));
#2661=PRESENTATION_STYLE_ASSIGNMENT((#2811));
#2662=PRESENTATION_STYLE_ASSIGNMENT((#2812));
#2663=PRESENTATION_STYLE_ASSIGNMENT((#2813));
#2664=PRESENTATION_STYLE_ASSIGNMENT((#2814));
#2665=PRESENTATION_STYLE_ASSIGNMENT((#2815));
#2666=PRESENTATION_STYLE_ASSIGNMENT((#2816));
#2667=PRESENTATION_STYLE_ASSIGNMENT((#2817));
#2668=PRESENTATION_STYLE_ASSIGNMENT((#2818));
#2669=PRESENTATION_STYLE_ASSIGNMENT((#2819));
#2670=PRESENTATION_STYLE_ASSIGNMENT((#2820));
#2671=PRESENTATION_STYLE_ASSIGNMENT((#2821));
#2672=PRESENTATION_STYLE_ASSIGNMENT((#2822));
#2673=PRESENTATION_STYLE_ASSIGNMENT((#2823));
#2674=PRESENTATION_STYLE_ASSIGNMENT((#2824));
#2675=PRESENTATION_STYLE_ASSIGNMENT((#2825));
#2676=PRESENTATION_STYLE_ASSIGNMENT((#2826));
#2677=PRESENTATION_STYLE_ASSIGNMENT((#2827));
#2678=PRESENTATION_STYLE_ASSIGNMENT((#2828));
#2679=PRESENTATION_STYLE_ASSIGNMENT((#2829));
#2680=PRESENTATION_STYLE_ASSIGNMENT((#2830));
#2681=PRESENTATION_STYLE_ASSIGNMENT((#2831));
#2682=PRESENTATION_STYLE_ASSIGNMENT((#2832));
#2683=PRESENTATION_STYLE_ASSIGNMENT((#2833));
#2684=PRESENTATION_STYLE_ASSIGNMENT((#2834));
#2685=PRESENTATION_STYLE_ASSIGNMENT((#2835));
#2686=PRESENTATION_STYLE_ASSIGNMENT((#2836));
#2687=PRESENTATION_STYLE_ASSIGNMENT((#2837));
#2688=PRESENTATION_STYLE_ASSIGNMENT((#2838));
#2689=PRESENTATION_STYLE_ASSIGNMENT((#2839));
#2690=PRESENTATION_STYLE_ASSIGNMENT((#2840));
#2691=PRESENTATION_STYLE_ASSIGNMENT((#2841));
#2692=PRESENTATION_STYLE_ASSIGNMENT((#2842));
#2693=PRESENTATION_STYLE_ASSIGNMENT((#2843));
#2694=PRESENTATION_STYLE_ASSIGNMENT((#2844));
#2695=PRESENTATION_STYLE_ASSIGNMENT((#2845));
#2696=PRESENTATION_STYLE_ASSIGNMENT((#2846));
#2697=PRESENTATION_STYLE_ASSIGNMENT((#2847));
#2698=PRESENTATION_STYLE_ASSIGNMENT((#2848));
#2699=PRESENTATION_STYLE_ASSIGNMENT((#2849));
#2700=PRESENTATION_STYLE_ASSIGNMENT((#2850));
#2701=PRESENTATION_STYLE_ASSIGNMENT((#2851));
#2702=PRESENTATION_STYLE_ASSIGNMENT((#2852));
#2703=PRESENTATION_STYLE_ASSIGNMENT((#2853));
#2704=PRESENTATION_STYLE_ASSIGNMENT((#2854));
#2705=PRESENTATION_STYLE_ASSIGNMENT((#2855));
#2706=PRESENTATION_STYLE_ASSIGNMENT((#2856));
#2707=PRESENTATION_STYLE_ASSIGNMENT((#2857));
#2708=PRESENTATION_STYLE_ASSIGNMENT((#2858));
#2709=PRESENTATION_STYLE_ASSIGNMENT((#2859));
#2710=PRESENTATION_STYLE_ASSIGNMENT((#2860));
#2711=PRESENTATION_STYLE_ASSIGNMENT((#2861));
#2712=PRESENTATION_STYLE_ASSIGNMENT((#2862));
#2713=PRESENTATION_STYLE_ASSIGNMENT((#2863));
#2714=PRESENTATION_STYLE_ASSIGNMENT((#2864));
#2715=PRESENTATION_STYLE_ASSIGNMENT((#2865));
#2716=PRESENTATION_STYLE_ASSIGNMENT((#2866));
#2717=PRESENTATION_STYLE_ASSIGNMENT((#2867));
#2718=PRESENTATION_STYLE_ASSIGNMENT((#2868));
#2719=PRESENTATION_STYLE_ASSIGNMENT((#2869));
#2720=PRESENTATION_STYLE_ASSIGNMENT((#2870));
#2721=PRESENTATION_STYLE_ASSIGNMENT((#2871));
#2722=PRESENTATION_STYLE_ASSIGNMENT((#2872));
#2723=PRESENTATION_STYLE_ASSIGNMENT((#2873));
#2724=PRESENTATION_STYLE_ASSIGNMENT((#2874));
#2725=PRESENTATION_STYLE_ASSIGNMENT((#2875));
#2726=PRESENTATION_STYLE_ASSIGNMENT((#2876));
#2727=PRESENTATION_STYLE_ASSIGNMENT((#2877));
#2728=PRESENTATION_STYLE_ASSIGNMENT((#2878));
#2729=PRESENTATION_STYLE_ASSIGNMENT((#2879));
#2730=PRESENTATION_STYLE_ASSIGNMENT((#2880));
#2731=PRESENTATION_STYLE_ASSIGNMENT((#2881));
#2732=PRESENTATION_STYLE_ASSIGNMENT((#2882));
#2733=PRESENTATION_STYLE_ASSIGNMENT((#2883));
#2734=PRESENTATION_STYLE_ASSIGNMENT((#2884));
#2735=PRESENTATION_STYLE_ASSIGNMENT((#2885));
#2736=PRESENTATION_STYLE_ASSIGNMENT((#2886));
#2737=PRESENTATION_STYLE_ASSIGNMENT((#2887));
#2738=PRESENTATION_STYLE_ASSIGNMENT((#2888));
#2739=PRESENTATION_STYLE_ASSIGNMENT((#2889));
#2740=PRESENTATION_STYLE_ASSIGNMENT((#2890));
#2741=PRESENTATION_STYLE_ASSIGNMENT((#2891));
#2742=PRESENTATION_STYLE_ASSIGNMENT((#2892));
#2743=PRESENTATION_STYLE_ASSIGNMENT((#2893));
#2744=PRESENTATION_STYLE_ASSIGNMENT((#2894));
#2745=PRESENTATION_STYLE_ASSIGNMENT((#2895));
#2746=PRESENTATION_STYLE_ASSIGNMENT((#2896));
#2747=PRESENTATION_STYLE_ASSIGNMENT((#2897));
#2748=PRESENTATION_STYLE_ASSIGNMENT((#2898));
#2749=PRESENTATION_STYLE_ASSIGNMENT((#2899));
#2750=PRESENTATION_STYLE_ASSIGNMENT((#2900));
#2751=PRESENTATION_STYLE_ASSIGNMENT((#2901));
#2752=PRESENTATION_STYLE_ASSIGNMENT((#2902));
#2753=PRESENTATION_STYLE_ASSIGNMENT((#2903));
#2754=PRESENTATION_STYLE_ASSIGNMENT((#2904));
#2755=PRESENTATION_STYLE_ASSIGNMENT((#2905));
#2756=PRESENTATION_STYLE_ASSIGNMENT((#2906));
#2757=PRESENTATION_STYLE_ASSIGNMENT((#2907));
#2758=PRESENTATION_STYLE_ASSIGNMENT((#2908));
#2759=PRESENTATION_STYLE_ASSIGNMENT((#2909));
#2760=PRESENTATION_STYLE_ASSIGNMENT((#2910));
#2761=PRESENTATION_STYLE_ASSIGNMENT((#2911));
#2762=PRESENTATION_STYLE_ASSIGNMENT((#2912));
#2763=PRESENTATION_STYLE_ASSIGNMENT((#2913));
#2764=PRESENTATION_STYLE_ASSIGNMENT((#2914));
#2765=PRESENTATION_STYLE_ASSIGNMENT((#2915));
#2766=PRESENTATION_STYLE_ASSIGNMENT((#2916));
#2767=PRESENTATION_STYLE_ASSIGNMENT((#2917));
#2768=PRESENTATION_STYLE_ASSIGNMENT((#2918));
#2769=PRESENTATION_STYLE_ASSIGNMENT((#2919));
#2770=PRESENTATION_STYLE_ASSIGNMENT((#2920));
#2771=PRESENTATION_STYLE_ASSIGNMENT((#2921));
#2772=PRESENTATION_STYLE_ASSIGNMENT((#2922));
#2773=PRESENTATION_STYLE_ASSIGNMENT((#2923));
#2774=PRESENTATION_STYLE_ASSIGNMENT((#2924));
#2775=PRESENTATION_STYLE_ASSIGNMENT((#2925));
#2776=PRESENTATION_STYLE_ASSIGNMENT((#2926));
#2777=PRESENTATION_STYLE_ASSIGNMENT((#2927));
#2778=PRESENTATION_STYLE_ASSIGNMENT((#2928));
#2779=SURFACE_STYLE_USAGE(.BOTH.,#2929);
#2780=SURFACE_STYLE_USAGE(.BOTH.,#2930);
#2781=SURFACE_STYLE_USAGE(.BOTH.,#2931);
#2782=SURFACE_STYLE_USAGE(.BOTH.,#2932);
#2783=SURFACE_STYLE_USAGE(.BOTH.,#2933);
#2784=SURFACE_STYLE_USAGE(.BOTH.,#2934);
#2785=SURFACE_STYLE_USAGE(.BOTH.,#2935);
#2786=SURFACE_STYLE_USAGE(.BOTH.,#2936);
#2787=SURFACE_STYLE_USAGE(.BOTH.,#2937);
#2788=SURFACE_STYLE_USAGE(.BOTH.,#2938);
#2789=SURFACE_STYLE_USAGE(.BOTH.,#2939);
#2790=SURFACE_STYLE_USAGE(.BOTH.,#2940);
#2791=SURFACE_STYLE_USAGE(.BOTH.,#2941);
#2792=SURFACE_STYLE_USAGE(.BOTH.,#2942);
#2793=SURFACE_STYLE_USAGE(.BOTH.,#2943);
#2794=SURFACE_STYLE_USAGE(.BOTH.,#2944);
#2795=SURFACE_STYLE_USAGE(.BOTH.,#2945);
#2796=SURFACE_STYLE_USAGE(.BOTH.,#2946);
#2797=SURFACE_STYLE_USAGE(.BOTH.,#2947);
#2798=SURFACE_STYLE_USAGE(.BOTH.,#2948);
#2799=SURFACE_STYLE_USAGE(.BOTH.,#2949);
#2800=SURFACE_STYLE_USAGE(.BOTH.,#2950);
#2801=SURFACE_STYLE_USAGE(.BOTH.,#2951);
#2802=SURFACE_STYLE_USAGE(.BOTH.,#2952);
#2803=SURFACE_STYLE_USAGE(.BOTH.,#2953);
#2804=SURFACE_STYLE_USAGE(.BOTH.,#2954);
#2805=SURFACE_STYLE_USAGE(.BOTH.,#2955);
#2806=SURFACE_STYLE_USAGE(.BOTH.,#2956);
#2807=SURFACE_STYLE_USAGE(.BOTH.,#2957);
#2808=SURFACE_STYLE_USAGE(.BOTH.,#2958);
#2809=SURFACE_STYLE_USAGE(.BOTH.,#2959);
#2810=SURFACE_STYLE_USAGE(.BOTH.,#2960);
#2811=SURFACE_STYLE_USAGE(.BOTH.,#2961);
#2812=SURFACE_STYLE_USAGE(.BOTH.,#2962);
#2813=SURFACE_STYLE_USAGE(.BOTH.,#2963);
#2814=SURFACE_STYLE_USAGE(.BOTH.,#2964);
#2815=SURFACE_STYLE_USAGE(.BOTH.,#2965);
#2816=SURFACE_STYLE_USAGE(.BOTH.,#2966);
#2817=SURFACE_STYLE_USAGE(.BOTH.,#2967);
#2818=SURFACE_STYLE_USAGE(.BOTH.,#2968);
#2819=SURFACE_STYLE_USAGE(.BOTH.,#2969);
#2820=SURFACE_STYLE_USAGE(.BOTH.,#2970);
#2821=SURFACE_STYLE_USAGE(.BOTH.,#2971);
#2822=SURFACE_STYLE_USAGE(.BOTH.,#2972);
#2823=SURFACE_STYLE_USAGE(.BOTH.,#2973);
#2824=SURFACE_STYLE_USAGE(.BOTH.,#2974);
#2825=SURFACE_STYLE_USAGE(.BOTH.,#2975);
#2826=SURFACE_STYLE_USAGE(.BOTH.,#2976);
#2827=SURFACE_STYLE_USAGE(.BOTH.,#2977);
#2828=SURFACE_STYLE_USAGE(.BOTH.,#2978);
#2829=SURFACE_STYLE_USAGE(.BOTH.,#2979);
#2830=SURFACE_STYLE_USAGE(.BOTH.,#2980);
#2831=SURFACE_STYLE_USAGE(.BOTH.,#2981);
#2832=SURFACE_STYLE_USAGE(.BOTH.,#2982);
#2833=SURFACE_STYLE_USAGE(.BOTH.,#2983);
#2834=SURFACE_STYLE_USAGE(.BOTH.,#2984);
#2835=SURFACE_STYLE_USAGE(.BOTH.,#2985);
#2836=SURFACE_STYLE_USAGE(.BOTH.,#2986);
#2837=SURFACE_STYLE_USAGE(.BOTH.,#2987);
#2838=SURFACE_STYLE_USAGE(.BOTH.,#2988);
#2839=SURFACE_STYLE_USAGE(.BOTH.,#2989);
#2840=SURFACE_STYLE_USAGE(.BOTH.,#2990);
#2841=SURFACE_STYLE_USAGE(.BOTH.,#2991);
#2842=SURFACE_STYLE_USAGE(.BOTH.,#2992);
#2843=SURFACE_STYLE_USAGE(.BOTH.,#2993);
#2844=SURFACE_STYLE_USAGE(.BOTH.,#2994);
#2845=SURFACE_STYLE_USAGE(.BOTH.,#2995);
#2846=SURFACE_STYLE_USAGE(.BOTH.,#2996);
#2847=SURFACE_STYLE_USAGE(.BOTH.,#2997);
#2848=SURFACE_STYLE_USAGE(.BOTH.,#2998);
#2849=SURFACE_STYLE_USAGE(.BOTH.,#2999);
#2850=SURFACE_STYLE_USAGE(.BOTH.,#3000);
#2851=SURFACE_STYLE_USAGE(.BOTH.,#3001);
#2852=SURFACE_STYLE_USAGE(.BOTH.,#3002);
#2853=SURFACE_STYLE_USAGE(.BOTH.,#3003);
#2854=SURFACE_STYLE_USAGE(.BOTH.,#3004);
#2855=SURFACE_STYLE_USAGE(.BOTH.,#3005);
#2856=SURFACE_STYLE_USAGE(.BOTH.,#3006);
#2857=SURFACE_STYLE_USAGE(.BOTH.,#3007);
#2858=SURFACE_STYLE_USAGE(.BOTH.,#3008);
#2859=SURFACE_STYLE_USAGE(.BOTH.,#3009);
#2860=SURFACE_STYLE_USAGE(.BOTH.,#3010);
#2861=SURFACE_STYLE_USAGE(.BOTH.,#3011);
#2862=SURFACE_STYLE_USAGE(.BOTH.,#3012);
#2863=SURFACE_STYLE_USAGE(.BOTH.,#3013);
#2864=SURFACE_STYLE_USAGE(.BOTH.,#3014);
#2865=SURFACE_STYLE_USAGE(.BOTH.,#3015);
#2866=SURFACE_STYLE_USAGE(.BOTH.,#3016);
#2867=SURFACE_STYLE_USAGE(.BOTH.,#3017);
#2868=SURFACE_STYLE_USAGE(.BOTH.,#3018);
#2869=SURFACE_STYLE_USAGE(.BOTH.,#3019);
#2870=SURFACE_STYLE_USAGE(.BOTH.,#3020);
#2871=SURFACE_STYLE_USAGE(.BOTH.,#3021);
#2872=SURFACE_STYLE_USAGE(.BOTH.,#3022);
#2873=SURFACE_STYLE_USAGE(.BOTH.,#3023);
#2874=SURFACE_STYLE_USAGE(.BOTH.,#3024);
#2875=SURFACE_STYLE_USAGE(.BOTH.,#3025);
#2876=SURFACE_STYLE_USAGE(.BOTH.,#3026);
#2877=SURFACE_STYLE_USAGE(.BOTH.,#3027);
#2878=SURFACE_STYLE_USAGE(.BOTH.,#3028);
#2879=SURFACE_STYLE_USAGE(.BOTH.,#3029);
#2880=SURFACE_STYLE_USAGE(.BOTH.,#3030);
#2881=SURFACE_STYLE_USAGE(.BOTH.,#3031);
#2882=SURFACE_STYLE_USAGE(.BOTH.,#3032);
#2883=SURFACE_STYLE_USAGE(.BOTH.,#3033);
#2884=SURFACE_STYLE_USAGE(.BOTH.,#3034);
#2885=SURFACE_STYLE_USAGE(.BOTH.,#3035);
#2886=SURFACE_STYLE_USAGE(.BOTH.,#3036);
#2887=SURFACE_STYLE_USAGE(.BOTH.,#3037);
#2888=SURFACE_STYLE_USAGE(.BOTH.,#3038);
#2889=SURFACE_STYLE_USAGE(.BOTH.,#3039);
#2890=SURFACE_STYLE_USAGE(.BOTH.,#3040);
#2891=SURFACE_STYLE_USAGE(.BOTH.,#3041);
#2892=SURFACE_STYLE_USAGE(.BOTH.,#3042);
#2893=SURFACE_STYLE_USAGE(.BOTH.,#3043);
#2894=SURFACE_STYLE_USAGE(.BOTH.,#3044);
#2895=SURFACE_STYLE_USAGE(.BOTH.,#3045);
#2896=SURFACE_STYLE_USAGE(.BOTH.,#3046);
#2897=SURFACE_STYLE_USAGE(.BOTH.,#3047);
#2898=SURFACE_STYLE_USAGE(.BOTH.,#3048);
#2899=SURFACE_STYLE_USAGE(.BOTH.,#3049);
#2900=SURFACE_STYLE_USAGE(.BOTH.,#3050);
#2901=SURFACE_STYLE_USAGE(.BOTH.,#3051);
#2902=SURFACE_STYLE_USAGE(.BOTH.,#3052);
#2903=SURFACE_STYLE_USAGE(.BOTH.,#3053);
#2904=SURFACE_STYLE_USAGE(.BOTH.,#3054);
#2905=SURFACE_STYLE_USAGE(.BOTH.,#3055);
#2906=SURFACE_STYLE_USAGE(.BOTH.,#3056);
#2907=SURFACE_STYLE_USAGE(.BOTH.,#3057);
#2908=SURFACE_STYLE_USAGE(.BOTH.,#3058);
#2909=SURFACE_STYLE_USAGE(.BOTH.,#3059);
#2910=SURFACE_STYLE_USAGE(.BOTH.,#3060);
#2911=SURFACE_STYLE_USAGE(.BOTH.,#3061);
#2912=SURFACE_STYLE_USAGE(.BOTH.,#3062);
#2913=SURFACE_STYLE_USAGE(.BOTH.,#3063);
#2914=SURFACE_STYLE_USAGE(.BOTH.,#3064);
#2915=SURFACE_STYLE_USAGE(.BOTH.,#3065);
#2916=SURFACE_STYLE_USAGE(.BOTH.,#3066);
#2917=SURFACE_STYLE_USAGE(.BOTH.,#3067);
#2918=SURFACE_STYLE_USAGE(.BOTH.,#3068);
#2919=SURFACE_STYLE_USAGE(.BOTH.,#3069);
#2920=SURFACE_STYLE_USAGE(.BOTH.,#3070);
#2921=SURFACE_STYLE_USAGE(.BOTH.,#3071);
#2922=SURFACE_STYLE_USAGE(.BOTH.,#3072);
#2923=SURFACE_STYLE_USAGE(.BOTH.,#3073);
#2924=SURFACE_STYLE_USAGE(.BOTH.,#3074);
#2925=SURFACE_STYLE_USAGE(.BOTH.,#3075);
#2926=SURFACE_STYLE_USAGE(.BOTH.,#3076);
#2927=SURFACE_STYLE_USAGE(.BOTH.,#3077);
#2928=SURFACE_STYLE_USAGE(.BOTH.,#3078);
#2929=SURFACE_SIDE_STYLE('',(#3079));
#2930=SURFACE_SIDE_STYLE('',(#3080));
#2931=SURFACE_SIDE_STYLE('',(#3081));
#2932=SURFACE_SIDE_STYLE('',(#3082));
#2933=SURFACE_SIDE_STYLE('',(#3083));
#2934=SURFACE_SIDE_STYLE('',(#3084));
#2935=SURFACE_SIDE_STYLE('',(#3085));
#2936=SURFACE_SIDE_STYLE('',(#3086));
#2937=SURFACE_SIDE_STYLE('',(#3087));
#2938=SURFACE_SIDE_STYLE('',(#3088));
#2939=SURFACE_SIDE_STYLE('',(#3089));
#2940=SURFACE_SIDE_STYLE('',(#3090));
#2941=SURFACE_SIDE_STYLE('',(#3091));
#2942=SURFACE_SIDE_STYLE('',(#3092));
#2943=SURFACE_SIDE_STYLE('',(#3093));
#2944=SURFACE_SIDE_STYLE('',(#3094));
#2945=SURFACE_SIDE_STYLE('',(#3095));
#2946=SURFACE_SIDE_STYLE('',(#3096));
#2947=SURFACE_SIDE_STYLE('',(#3097));
#2948=SURFACE_SIDE_STYLE('',(#3098));
#2949=SURFACE_SIDE_STYLE('',(#3099));
#2950=SURFACE_SIDE_STYLE('',(#3100));
#2951=SURFACE_SIDE_STYLE('',(#3101));
#2952=SURFACE_SIDE_STYLE('',(#3102));
#2953=SURFACE_SIDE_STYLE('',(#3103));
#2954=SURFACE_SIDE_STYLE('',(#3104));
#2955=SURFACE_SIDE_STYLE('',(#3105));
#2956=SURFACE_SIDE_STYLE('',(#3106));
#2957=SURFACE_SIDE_STYLE('',(#3107));
#2958=SURFACE_SIDE_STYLE('',(#3108));
#2959=SURFACE_SIDE_STYLE('',(#3109));
#2960=SURFACE_SIDE_STYLE('',(#3110));
#2961=SURFACE_SIDE_STYLE('',(#3111));
#2962=SURFACE_SIDE_STYLE('',(#3112));
#2963=SURFACE_SIDE_STYLE('',(#3113));
#2964=SURFACE_SIDE_STYLE('',(#3114));
#2965=SURFACE_SIDE_STYLE('',(#3115));
#2966=SURFACE_SIDE_STYLE('',(#3116));
#2967=SURFACE_SIDE_STYLE('',(#3117));
#2968=SURFACE_SIDE_STYLE('',(#3118));
#2969=SURFACE_SIDE_STYLE('',(#3119));
#2970=SURFACE_SIDE_STYLE('',(#3120));
#2971=SURFACE_SIDE_STYLE('',(#3121));
#2972=SURFACE_SIDE_STYLE('',(#3122));
#2973=SURFACE_SIDE_STYLE('',(#3123));
#2974=SURFACE_SIDE_STYLE('',(#3124));
#2975=SURFACE_SIDE_STYLE('',(#3125));
#2976=SURFACE_SIDE_STYLE('',(#3126));
#2977=SURFACE_SIDE_STYLE('',(#3127));
#2978=SURFACE_SIDE_STYLE('',(#3128));
#2979=SURFACE_SIDE_STYLE('',(#3129));
#2980=SURFACE_SIDE_STYLE('',(#3130));
#2981=SURFACE_SIDE_STYLE('',(#3131));
#2982=SURFACE_SIDE_STYLE('',(#3132));
#2983=SURFACE_SIDE_STYLE('',(#3133));
#2984=SURFACE_SIDE_STYLE('',(#3134));
#2985=SURFACE_SIDE_STYLE('',(#3135));
#2986=SURFACE_SIDE_STYLE('',(#3136));
#2987=SURFACE_SIDE_STYLE('',(#3137));
#2988=SURFACE_SIDE_STYLE('',(#3138));
#2989=SURFACE_SIDE_STYLE('',(#3139));
#2990=SURFACE_SIDE_STYLE('',(#3140));
#2991=SURFACE_SIDE_STYLE('',(#3141));
#2992=SURFACE_SIDE_STYLE('',(#3142));
#2993=SURFACE_SIDE_STYLE('',(#3143));
#2994=SURFACE_SIDE_STYLE('',(#3144));
#2995=SURFACE_SIDE_STYLE('',(#3145));
#2996=SURFACE_SIDE_STYLE('',(#3146));
#2997=SURFACE_SIDE_STYLE('',(#3147));
#2998=SURFACE_SIDE_STYLE('',(#3148));
#2999=SURFACE_SIDE_STYLE('',(#3149));
#3000=SURFACE_SIDE_STYLE('',(#3150));
#3001=SURFACE_SIDE_STYLE('',(#3151));
#3002=SURFACE_SIDE_STYLE('',(#3152));
#3003=SURFACE_SIDE_STYLE('',(#3153));
#3004=SURFACE_SIDE_STYLE('',(#3154));
#3005=SURFACE_SIDE_STYLE('',(#3155));
#3006=SURFACE_SIDE_STYLE('',(#3156));
#3007=SURFACE_SIDE_STYLE('',(#3157));
#3008=SURFACE_SIDE_STYLE('',(#3158));
#3009=SURFACE_SIDE_STYLE('',(#3159));
#3010=SURFACE_SIDE_STYLE('',(#3160));
#3011=SURFACE_SIDE_STYLE('',(#3161));
#3012=SURFACE_SIDE_STYLE('',(#3162));
#3013=SURFACE_SIDE_STYLE('',(#3163));
#3014=SURFACE_SIDE_STYLE('',(#3164));
#3015=SURFACE_SIDE_STYLE('',(#3165));
#3016=SURFACE_SIDE_STYLE('',(#3166));
#3017=SURFACE_SIDE_STYLE('',(#3167));
#3018=SURFACE_SIDE_STYLE('',(#3168));
#3019=SURFACE_SIDE_STYLE('',(#3169));
#3020=SURFACE_SIDE_STYLE('',(#3170));
#3021=SURFACE_SIDE_STYLE('',(#3171));
#3022=SURFACE_SIDE_STYLE('',(#3172));
#3023=SURFACE_SIDE_STYLE('',(#3173));
#3024=SURFACE_SIDE_STYLE('',(#3174));
#3025=SURFACE_SIDE_STYLE('',(#3175));
#3026=SURFACE_SIDE_STYLE('',(#3176));
#3027=SURFACE_SIDE_STYLE('',(#3177));
#3028=SURFACE_SIDE_STYLE('',(#3178));
#3029=SURFACE_SIDE_STYLE('',(#3179));
#3030=SURFACE_SIDE_STYLE('',(#3180));
#3031=SURFACE_SIDE_STYLE('',(#3181));
#3032=SURFACE_SIDE_STYLE('',(#3182));
#3033=SURFACE_SIDE_STYLE('',(#3183));
#3034=SURFACE_SIDE_STYLE('',(#3184));
#3035=SURFACE_SIDE_STYLE('',(#3185));
#3036=SURFACE_SIDE_STYLE('',(#3186));
#3037=SURFACE_SIDE_STYLE('',(#3187));
#3038=SURFACE_SIDE_STYLE('',(#3188));
#3039=SURFACE_SIDE_STYLE('',(#3189));
#3040=SURFACE_SIDE_STYLE('',(#3190));
#3041=SURFACE_SIDE_STYLE('',(#3191));
#3042=SURFACE_SIDE_STYLE('',(#3192));
#3043=SURFACE_SIDE_STYLE('',(#3193));
#3044=SURFACE_SIDE_STYLE('',(#3194));
#3045=SURFACE_SIDE_STYLE('',(#3195));
#3046=SURFACE_SIDE_STYLE('',(#3196));
#3047=SURFACE_SIDE_STYLE('',(#3197));
#3048=SURFACE_SIDE_STYLE('',(#3198));
#3049=SURFACE_SIDE_STYLE('',(#3199));
#3050=SURFACE_SIDE_STYLE('',(#3200));
#3051=SURFACE_SIDE_STYLE('',(#3201));
#3052=SURFACE_SIDE_STYLE('',(#3202));
#3053=SURFACE_SIDE_STYLE('',(#3203));
#3054=SURFACE_SIDE_STYLE('',(#3204));
#3055=SURFACE_SIDE_STYLE('',(#3205));
#3056=SURFACE_SIDE_STYLE('',(#3206));
#3057=SURFACE_SIDE_STYLE('',(#3207));
#3058=SURFACE_SIDE_STYLE('',(#3208));
#3059=SURFACE_SIDE_STYLE('',(#3209));
#3060=SURFACE_SIDE_STYLE('',(#3210));
#3061=SURFACE_SIDE_STYLE('',(#3211));
#3062=SURFACE_SIDE_STYLE('',(#3212));
#3063=SURFACE_SIDE_STYLE('',(#3213));
#3064=SURFACE_SIDE_STYLE('',(#3214));
#3065=SURFACE_SIDE_STYLE('',(#3215));
#3066=SURFACE_SIDE_STYLE('',(#3216));
#3067=SURFACE_SIDE_STYLE('',(#3217));
#3068=SURFACE_SIDE_STYLE('',(#3218));
#3069=SURFACE_SIDE_STYLE('',(#3219));
#3070=SURFACE_SIDE_STYLE('',(#3220));
#3071=SURFACE_SIDE_STYLE('',(#3221));
#3072=SURFACE_SIDE_STYLE('',(#3222));
#3073=SURFACE_SIDE_STYLE('',(#3223));
#3074=SURFACE_SIDE_STYLE('',(#3224));
#3075=SURFACE_SIDE_STYLE('',(#3225));
#3076=SURFACE_SIDE_STYLE('',(#3226));
#3077=SURFACE_SIDE_STYLE('',(#3227));
#3078=SURFACE_SIDE_STYLE('',(#3228));
#3079=SURFACE_STYLE_FILL_AREA(#3229);
#3080=SURFACE_STYLE_FILL_AREA(#3230);
#3081=SURFACE_STYLE_FILL_AREA(#3231);
#3082=SURFACE_STYLE_FILL_AREA(#3232);
#3083=SURFACE_STYLE_FILL_AREA(#3233);
#3084=SURFACE_STYLE_FILL_AREA(#3234);
#3085=SURFACE_STYLE_FILL_AREA(#3235);
#3086=SURFACE_STYLE_FILL_AREA(#3236);
#3087=SURFACE_STYLE_FILL_AREA(#3237);
#3088=SURFACE_STYLE_FILL_AREA(#3238);
#3089=SURFACE_STYLE_FILL_AREA(#3239);
#3090=SURFACE_STYLE_FILL_AREA(#3240);
#3091=SURFACE_STYLE_FILL_AREA(#3241);
#3092=SURFACE_STYLE_FILL_AREA(#3242);
#3093=SURFACE_STYLE_FILL_AREA(#3243);
#3094=SURFACE_STYLE_FILL_AREA(#3244);
#3095=SURFACE_STYLE_FILL_AREA(#3245);
#3096=SURFACE_STYLE_FILL_AREA(#3246);
#3097=SURFACE_STYLE_FILL_AREA(#3247);
#3098=SURFACE_STYLE_FILL_AREA(#3248);
#3099=SURFACE_STYLE_FILL_AREA(#3249);
#3100=SURFACE_STYLE_FILL_AREA(#3250);
#3101=SURFACE_STYLE_FILL_AREA(#3251);
#3102=SURFACE_STYLE_FILL_AREA(#3252);
#3103=SURFACE_STYLE_FILL_AREA(#3253);
#3104=SURFACE_STYLE_FILL_AREA(#3254);
#3105=SURFACE_STYLE_FILL_AREA(#3255);
#3106=SURFACE_STYLE_FILL_AREA(#3256);
#3107=SURFACE_STYLE_FILL_AREA(#3257);
#3108=SURFACE_STYLE_FILL_AREA(#3258);
#3109=SURFACE_STYLE_FILL_AREA(#3259);
#3110=SURFACE_STYLE_FILL_AREA(#3260);
#3111=SURFACE_STYLE_FILL_AREA(#3261);
#3112=SURFACE_STYLE_FILL_AREA(#3262);
#3113=SURFACE_STYLE_FILL_AREA(#3263);
#3114=SURFACE_STYLE_FILL_AREA(#3264);
#3115=SURFACE_STYLE_FILL_AREA(#3265);
#3116=SURFACE_STYLE_FILL_AREA(#3266);
#3117=SURFACE_STYLE_FILL_AREA(#3267);
#3118=SURFACE_STYLE_FILL_AREA(#3268);
#3119=SURFACE_STYLE_FILL_AREA(#3269);
#3120=SURFACE_STYLE_FILL_AREA(#3270);
#3121=SURFACE_STYLE_FILL_AREA(#3271);
#3122=SURFACE_STYLE_FILL_AREA(#3272);
#3123=SURFACE_STYLE_FILL_AREA(#3273);
#3124=SURFACE_STYLE_FILL_AREA(#3274);
#3125=SURFACE_STYLE_FILL_AREA(#3275);
#3126=SURFACE_STYLE_FILL_AREA(#3276);
#3127=SURFACE_STYLE_FILL_AREA(#3277);
#3128=SURFACE_STYLE_FILL_AREA(#3278);
#3129=SURFACE_STYLE_FILL_AREA(#3279);
#3130=SURFACE_STYLE_FILL_AREA(#3280);
#3131=SURFACE_STYLE_FILL_AREA(#3281);
#3132=SURFACE_STYLE_FILL_AREA(#3282);
#3133=SURFACE_STYLE_FILL_AREA(#3283);
#3134=SURFACE_STYLE_FILL_AREA(#3284);
#3135=SURFACE_STYLE_FILL_AREA(#3285);
#3136=SURFACE_STYLE_FILL_AREA(#3286);
#3137=SURFACE_STYLE_FILL_AREA(#3287);
#3138=SURFACE_STYLE_FILL_AREA(#3288);
#3139=SURFACE_STYLE_FILL_AREA(#3289);
#3140=SURFACE_STYLE_FILL_AREA(#3290);
#3141=SURFACE_STYLE_FILL_AREA(#3291);
#3142=SURFACE_STYLE_FILL_AREA(#3292);
#3143=SURFACE_STYLE_FILL_AREA(#3293);
#3144=SURFACE_STYLE_FILL_AREA(#3294);
#3145=SURFACE_STYLE_FILL_AREA(#3295);
#3146=SURFACE_STYLE_FILL_AREA(#3296);
#3147=SURFACE_STYLE_FILL_AREA(#3297);
#3148=SURFACE_STYLE_FILL_AREA(#3298);
#3149=SURFACE_STYLE_FILL_AREA(#3299);
#3150=SURFACE_STYLE_FILL_AREA(#3300);
#3151=SURFACE_STYLE_FILL_AREA(#3301);
#3152=SURFACE_STYLE_FILL_AREA(#3302);
#3153=SURFACE_STYLE_FILL_AREA(#3303);
#3154=SURFACE_STYLE_FILL_AREA(#3304);
#3155=SURFACE_STYLE_FILL_AREA(#3305);
#3156=SURFACE_STYLE_FILL_AREA(#3306);
#3157=SURFACE_STYLE_FILL_AREA(#3307);
#3158=SURFACE_STYLE_FILL_AREA(#3308);
#3159=SURFACE_STYLE_FILL_AREA(#3309);
#3160=SURFACE_STYLE_FILL_AREA(#3310);
#3161=SURFACE_STYLE_FILL_AREA(#3311);
#3162=SURFACE_STYLE_FILL_AREA(#3312);
#3163=SURFACE_STYLE_FILL_AREA(#3313);
#3164=SURFACE_STYLE_FILL_AREA(#3314);
#3165=SURFACE_STYLE_FILL_AREA(#3315);
#3166=SURFACE_STYLE_FILL_AREA(#3316);
#3167=SURFACE_STYLE_FILL_AREA(#3317);
#3168=SURFACE_STYLE_FILL_AREA(#3318);
#3169=SURFACE_STYLE_FILL_AREA(#3319);
#3170=SURFACE_STYLE_FILL_AREA(#3320);
#3171=SURFACE_STYLE_FILL_AREA(#3321);
#3172=SURFACE_STYLE_FILL_AREA(#3322);
#3173=SURFACE_STYLE_FILL_AREA(#3323);
#3174=SURFACE_STYLE_FILL_AREA(#3324);
#3175=SURFACE_STYLE_FILL_AREA(#3325);
#3176=SURFACE_STYLE_FILL_AREA(#3326);
#3177=SURFACE_STYLE_FILL_AREA(#3327);
#3178=SURFACE_STYLE_FILL_AREA(#3328);
#3179=SURFACE_STYLE_FILL_AREA(#3329);
#3180=SURFACE_STYLE_FILL_AREA(#3330);
#3181=SURFACE_STYLE_FILL_AREA(#3331);
#3182=SURFACE_STYLE_FILL_AREA(#3332);
#3183=SURFACE_STYLE_FILL_AREA(#3333);
#3184=SURFACE_STYLE_FILL_AREA(#3334);
#3185=SURFACE_STYLE_FILL_AREA(#3335);
#3186=SURFACE_STYLE_FILL_AREA(#3336);
#3187=SURFACE_STYLE_FILL_AREA(#3337);
#3188=SURFACE_STYLE_FILL_AREA(#3338);
#3189=SURFACE_STYLE_FILL_AREA(#3339);
#3190=SURFACE_STYLE_FILL_AREA(#3340);
#3191=SURFACE_STYLE_FILL_AREA(#3341);
#3192=SURFACE_STYLE_FILL_AREA(#3342);
#3193=SURFACE_STYLE_FILL_AREA(#3343);
#3194=SURFACE_STYLE_FILL_AREA(#3344);
#3195=SURFACE_STYLE_FILL_AREA(#3345);
#3196=SURFACE_STYLE_FILL_AREA(#3346);
#3197=SURFACE_STYLE_FILL_AREA(#3347);
#3198=SURFACE_STYLE_FILL_AREA(#3348);
#3199=SURFACE_STYLE_FILL_AREA(#3349);
#3200=SURFACE_STYLE_FILL_AREA(#3350);
#3201=SURFACE_STYLE_FILL_AREA(#3351);
#3202=SURFACE_STYLE_FILL_AREA(#3352);
#3203=SURFACE_STYLE_FILL_AREA(#3353);
#3204=SURFACE_STYLE_FILL_AREA(#3354);
#3205=SURFACE_STYLE_FILL_AREA(#3355);
#3206=SURFACE_STYLE_FILL_AREA(#3356);
#3207=SURFACE_STYLE_FILL_AREA(#3357);
#3208=SURFACE_STYLE_FILL_AREA(#3358);
#3209=SURFACE_STYLE_FILL_AREA(#3359);
#3210=SURFACE_STYLE_FILL_AREA(#3360);
#3211=SURFACE_STYLE_FILL_AREA(#3361);
#3212=SURFACE_STYLE_FILL_AREA(#3362);
#3213=SURFACE_STYLE_FILL_AREA(#3363);
#3214=SURFACE_STYLE_FILL_AREA(#3364);
#3215=SURFACE_STYLE_FILL_AREA(#3365);
#3216=SURFACE_STYLE_FILL_AREA(#3366);
#3217=SURFACE_STYLE_FILL_AREA(#3367);
#3218=SURFACE_STYLE_FILL_AREA(#3368);
#3219=SURFACE_STYLE_FILL_AREA(#3369);
#3220=SURFACE_STYLE_FILL_AREA(#3370);
#3221=SURFACE_STYLE_FILL_AREA(#3371);
#3222=SURFACE_STYLE_FILL_AREA(#3372);
#3223=SURFACE_STYLE_FILL_AREA(#3373);
#3224=SURFACE_STYLE_FILL_AREA(#3374);
#3225=SURFACE_STYLE_FILL_AREA(#3375);
#3226=SURFACE_STYLE_FILL_AREA(#3376);
#3227=SURFACE_STYLE_FILL_AREA(#3377);
#3228=SURFACE_STYLE_FILL_AREA(#3378);
#3229=FILL_AREA_STYLE('',(#3379));
#3230=FILL_AREA_STYLE('',(#3380));
#3231=FILL_AREA_STYLE('',(#3381));
#3232=FILL_AREA_STYLE('',(#3382));
#3233=FILL_AREA_STYLE('',(#3383));
#3234=FILL_AREA_STYLE('',(#3384));
#3235=FILL_AREA_STYLE('',(#3385));
#3236=FILL_AREA_STYLE('',(#3386));
#3237=FILL_AREA_STYLE('',(#3387));
#3238=FILL_AREA_STYLE('',(#3388));
#3239=FILL_AREA_STYLE('',(#3389));
#3240=FILL_AREA_STYLE('',(#3390));
#3241=FILL_AREA_STYLE('',(#3391));
#3242=FILL_AREA_STYLE('',(#3392));
#3243=FILL_AREA_STYLE('',(#3393));
#3244=FILL_AREA_STYLE('',(#3394));
#3245=FILL_AREA_STYLE('',(#3395));
#3246=FILL_AREA_STYLE('',(#3396));
#3247=FILL_AREA_STYLE('',(#3397));
#3248=FILL_AREA_STYLE('',(#3398));
#3249=FILL_AREA_STYLE('',(#3399));
#3250=FILL_AREA_STYLE('',(#3400));
#3251=FILL_AREA_STYLE('',(#3401));
#3252=FILL_AREA_STYLE('',(#3402));
#3253=FILL_AREA_STYLE('',(#3403));
#3254=FILL_AREA_STYLE('',(#3404));
#3255=FILL_AREA_STYLE('',(#3405));
#3256=FILL_AREA_STYLE('',(#3406));
#3257=FILL_AREA_STYLE('',(#3407));
#3258=FILL_AREA_STYLE('',(#3408));
#3259=FILL_AREA_STYLE('',(#3409));
#3260=FILL_AREA_STYLE('',(#3410));
#3261=FILL_AREA_STYLE('',(#3411));
#3262=FILL_AREA_STYLE('',(#3412));
#3263=FILL_AREA_STYLE('',(#3413));
#3264=FILL_AREA_STYLE('',(#3414));
#3265=FILL_AREA_STYLE('',(#3415));
#3266=FILL_AREA_STYLE('',(#3416));
#3267=FILL_AREA_STYLE('',(#3417));
#3268=FILL_AREA_STYLE('',(#3418));
#3269=FILL_AREA_STYLE('',(#3419));
#3270=FILL_AREA_STYLE('',(#3420));
#3271=FILL_AREA_STYLE('',(#3421));
#3272=FILL_AREA_STYLE('',(#3422));
#3273=FILL_AREA_STYLE('',(#3423));
#3274=FILL_AREA_STYLE('',(#3424));
#3275=FILL_AREA_STYLE('',(#3425));
#3276=FILL_AREA_STYLE('',(#3426));
#3277=FILL_AREA_STYLE('',(#3427));
#3278=FILL_AREA_STYLE('',(#3428));
#3279=FILL_AREA_STYLE('',(#3429));
#3280=FILL_AREA_STYLE('',(#3430));
#3281=FILL_AREA_STYLE('',(#3431));
#3282=FILL_AREA_STYLE('',(#3432));
#3283=FILL_AREA_STYLE('',(#3433));
#3284=FILL_AREA_STYLE('',(#3434));
#3285=FILL_AREA_STYLE('',(#3435));
#3286=FILL_AREA_STYLE('',(#3436));
#3287=FILL_AREA_STYLE('',(#3437));
#3288=FILL_AREA_STYLE('',(#3438));
#3289=FILL_AREA_STYLE('',(#3439));
#3290=FILL_AREA_STYLE('',(#3440));
#3291=FILL_AREA_STYLE('',(#3441));
#3292=FILL_AREA_STYLE('',(#3442));
#3293=FILL_AREA_STYLE('',(#3443));
#3294=FILL_AREA_STYLE('',(#3444));
#3295=FILL_AREA_STYLE('',(#3445));
#3296=FILL_AREA_STYLE('',(#3446));
#3297=FILL_AREA_STYLE('',(#3447));
#3298=FILL_AREA_STYLE('',(#3448));
#3299=FILL_AREA_STYLE('',(#3449));
#3300=FILL_AREA_STYLE('',(#3450));
#3301=FILL_AREA_STYLE('',(#3451));
#3302=FILL_AREA_STYLE('',(#3452));
#3303=FILL_AREA_STYLE('',(#3453));
#3304=FILL_AREA_STYLE('',(#3454));
#3305=FILL_AREA_STYLE('',(#3455));
#3306=FILL_AREA_STYLE('',(#3456));
#3307=FILL_AREA_STYLE('',(#3457));
#3308=FILL_AREA_STYLE('',(#3458));
#3309=FILL_AREA_STYLE('',(#3459));
#3310=FILL_AREA_STYLE('',(#3460));
#3311=FILL_AREA_STYLE('',(#3461));
#3312=FILL_AREA_STYLE('',(#3462));
#3313=FILL_AREA_STYLE('',(#3463));
#3314=FILL_AREA_STYLE('',(#3464));
#3315=FILL_AREA_STYLE('',(#3465));
#3316=FILL_AREA_STYLE('',(#3466));
#3317=FILL_AREA_STYLE('',(#3467));
#3318=FILL_AREA_STYLE('',(#3468));
#3319=FILL_AREA_STYLE('',(#3469));
#3320=FILL_AREA_STYLE('',(#3470));
#3321=FILL_AREA_STYLE('',(#3471));
#3322=FILL_AREA_STYLE('',(#3472));
#3323=FILL_AREA_STYLE('',(#3473));
#3324=FILL_AREA_STYLE('',(#3474));
#3325=FILL_AREA_STYLE('',(#3475));
#3326=FILL_AREA_STYLE('',(#3476));
#3327=FILL_AREA_STYLE('',(#3477));
#3328=FILL_AREA_STYLE('',(#3478));
#3329=FILL_AREA_STYLE('',(#3479));
#3330=FILL_AREA_STYLE('',(#3480));
#3331=FILL_AREA_STYLE('',(#3481));
#3332=FILL_AREA_STYLE('',(#3482));
#3333=FILL_AREA_STYLE('',(#3483));
#3334=FILL_AREA_STYLE('',(#3484));
#3335=FILL_AREA_STYLE('',(#3485));
#3336=FILL_AREA_STYLE('',(#3486));
#3337=FILL_AREA_STYLE('',(#3487));
#3338=FILL_AREA_STYLE('',(#3488));
#3339=FILL_AREA_STYLE('',(#3489));
#3340=FILL_AREA_STYLE('',(#3490));
#3341=FILL_AREA_STYLE('',(#3491));
#3342=FILL_AREA_STYLE('',(#3492));
#3343=FILL_AREA_STYLE('',(#3493));
#3344=FILL_AREA_STYLE('',(#3494));
#3345=FILL_AREA_STYLE('',(#3495));
#3346=FILL_AREA_STYLE('',(#3496));
#3347=FILL_AREA_STYLE('',(#3497));
#3348=FILL_AREA_STYLE('',(#3498));
#3349=FILL_AREA_STYLE('',(#3499));
#3350=FILL_AREA_STYLE('',(#3500));
#3351=FILL_AREA_STYLE('',(#3501));
#3352=FILL_AREA_STYLE('',(#3502));
#3353=FILL_AREA_STYLE('',(#3503));
#3354=FILL_AREA_STYLE('',(#3504));
#3355=FILL_AREA_STYLE('',(#3505));
#3356=FILL_AREA_STYLE('',(#3506));
#3357=FILL_AREA_STYLE('',(#3507));
#3358=FILL_AREA_STYLE('',(#3508));
#3359=FILL_AREA_STYLE('',(#3509));
#3360=FILL_AREA_STYLE('',(#3510));
#3361=FILL_AREA_STYLE('',(#3511));
#3362=FILL_AREA_STYLE('',(#3512));
#3363=FILL_AREA_STYLE('',(#3513));
#3364=FILL_AREA_STYLE('',(#3514));
#3365=FILL_AREA_STYLE('',(#3515));
#3366=FILL_AREA_STYLE('',(#3516));
#3367=FILL_AREA_STYLE('',(#3517));
#3368=FILL_AREA_STYLE('',(#3518));
#3369=FILL_AREA_STYLE('',(#3519));
#3370=FILL_AREA_STYLE('',(#3520));
#3371=FILL_AREA_STYLE('',(#3521));
#3372=FILL_AREA_STYLE('',(#3522));
#3373=FILL_AREA_STYLE('',(#3523));
#3374=FILL_AREA_STYLE('',(#3524));
#3375=FILL_AREA_STYLE('',(#3525));
#3376=FILL_AREA_STYLE('',(#3526));
#3377=FILL_AREA_STYLE('',(#3527));
#3378=FILL_AREA_STYLE('',(#3528));
#3379=FILL_AREA_STYLE_COLOUR('',#3529);
#3380=FILL_AREA_STYLE_COLOUR('',#3529);
#3381=FILL_AREA_STYLE_COLOUR('',#3529);
#3382=FILL_AREA_STYLE_COLOUR('',#3529);
#3383=FILL_AREA_STYLE_COLOUR('',#3529);
#3384=FILL_AREA_STYLE_COLOUR('',#3529);
#3385=FILL_AREA_STYLE_COLOUR('',#3529);
#3386=FILL_AREA_STYLE_COLOUR('',#3529);
#3387=FILL_AREA_STYLE_COLOUR('',#3529);
#3388=FILL_AREA_STYLE_COLOUR('',#3529);
#3389=FILL_AREA_STYLE_COLOUR('',#3529);
#3390=FILL_AREA_STYLE_COLOUR('',#3529);
#3391=FILL_AREA_STYLE_COLOUR('',#3529);
#3392=FILL_AREA_STYLE_COLOUR('',#3529);
#3393=FILL_AREA_STYLE_COLOUR('',#3529);
#3394=FILL_AREA_STYLE_COLOUR('',#3529);
#3395=FILL_AREA_STYLE_COLOUR('',#3529);
#3396=FILL_AREA_STYLE_COLOUR('',#3529);
#3397=FILL_AREA_STYLE_COLOUR('',#3529);
#3398=FILL_AREA_STYLE_COLOUR('',#3529);
#3399=FILL_AREA_STYLE_COLOUR('',#3529);
#3400=FILL_AREA_STYLE_COLOUR('',#3529);
#3401=FILL_AREA_STYLE_COLOUR('',#3529);
#3402=FILL_AREA_STYLE_COLOUR('',#3529);
#3403=FILL_AREA_STYLE_COLOUR('',#3529);
#3404=FILL_AREA_STYLE_COLOUR('',#3529);
#3405=FILL_AREA_STYLE_COLOUR('',#3529);
#3406=FILL_AREA_STYLE_COLOUR('',#3529);
#3407=FILL_AREA_STYLE_COLOUR('',#3529);
#3408=FILL_AREA_STYLE_COLOUR('',#3529);
#3409=FILL_AREA_STYLE_COLOUR('',#3529);
#3410=FILL_AREA_STYLE_COLOUR('',#3529);
#3411=FILL_AREA_STYLE_COLOUR('',#3529);
#3412=FILL_AREA_STYLE_COLOUR('',#3529);
#3413=FILL_AREA_STYLE_COLOUR('',#3529);
#3414=FILL_AREA_STYLE_COLOUR('',#3529);
#3415=FILL_AREA_STYLE_COLOUR('',#3529);
#3416=FILL_AREA_STYLE_COLOUR('',#3529);
#3417=FILL_AREA_STYLE_COLOUR('',#3529);
#3418=FILL_AREA_STYLE_COLOUR('',#3529);
#3419=FILL_AREA_STYLE_COLOUR('',#3530);
#3420=FILL_AREA_STYLE_COLOUR('',#3529);
#3421=FILL_AREA_STYLE_COLOUR('',#3529);
#3422=FILL_AREA_STYLE_COLOUR('',#3529);
#3423=FILL_AREA_STYLE_COLOUR('',#3529);
#3424=FILL_AREA_STYLE_COLOUR('',#3529);
#3425=FILL_AREA_STYLE_COLOUR('',#3529);
#3426=FILL_AREA_STYLE_COLOUR('',#3529);
#3427=FILL_AREA_STYLE_COLOUR('',#3529);
#3428=FILL_AREA_STYLE_COLOUR('',#3529);
#3429=FILL_AREA_STYLE_COLOUR('',#3529);
#3430=FILL_AREA_STYLE_COLOUR('',#3529);
#3431=FILL_AREA_STYLE_COLOUR('',#3529);
#3432=FILL_AREA_STYLE_COLOUR('',#3529);
#3433=FILL_AREA_STYLE_COLOUR('',#3529);
#3434=FILL_AREA_STYLE_COLOUR('',#3529);
#3435=FILL_AREA_STYLE_COLOUR('',#3529);
#3436=FILL_AREA_STYLE_COLOUR('',#3529);
#3437=FILL_AREA_STYLE_COLOUR('',#3529);
#3438=FILL_AREA_STYLE_COLOUR('',#3529);
#3439=FILL_AREA_STYLE_COLOUR('',#3529);
#3440=FILL_AREA_STYLE_COLOUR('',#3529);
#3441=FILL_AREA_STYLE_COLOUR('',#3529);
#3442=FILL_AREA_STYLE_COLOUR('',#3529);
#3443=FILL_AREA_STYLE_COLOUR('',#3529);
#3444=FILL_AREA_STYLE_COLOUR('',#3529);
#3445=FILL_AREA_STYLE_COLOUR('',#3529);
#3446=FILL_AREA_STYLE_COLOUR('',#3529);
#3447=FILL_AREA_STYLE_COLOUR('',#3529);
#3448=FILL_AREA_STYLE_COLOUR('',#3529);
#3449=FILL_AREA_STYLE_COLOUR('',#3529);
#3450=FILL_AREA_STYLE_COLOUR('',#3529);
#3451=FILL_AREA_STYLE_COLOUR('',#3529);
#3452=FILL_AREA_STYLE_COLOUR('',#3529);
#3453=FILL_AREA_STYLE_COLOUR('',#3529);
#3454=FILL_AREA_STYLE_COLOUR('',#3529);
#3455=FILL_AREA_STYLE_COLOUR('',#3529);
#3456=FILL_AREA_STYLE_COLOUR('',#3529);
#3457=FILL_AREA_STYLE_COLOUR('',#3529);
#3458=FILL_AREA_STYLE_COLOUR('',#3529);
#3459=FILL_AREA_STYLE_COLOUR('',#3529);
#3460=FILL_AREA_STYLE_COLOUR('',#3529);
#3461=FILL_AREA_STYLE_COLOUR('',#3529);
#3462=FILL_AREA_STYLE_COLOUR('',#3529);
#3463=FILL_AREA_STYLE_COLOUR('',#3529);
#3464=FILL_AREA_STYLE_COLOUR('',#3529);
#3465=FILL_AREA_STYLE_COLOUR('',#3529);
#3466=FILL_AREA_STYLE_COLOUR('',#3529);
#3467=FILL_AREA_STYLE_COLOUR('',#3529);
#3468=FILL_AREA_STYLE_COLOUR('',#3529);
#3469=FILL_AREA_STYLE_COLOUR('',#3529);
#3470=FILL_AREA_STYLE_COLOUR('',#3529);
#3471=FILL_AREA_STYLE_COLOUR('',#3529);
#3472=FILL_AREA_STYLE_COLOUR('',#3529);
#3473=FILL_AREA_STYLE_COLOUR('',#3529);
#3474=FILL_AREA_STYLE_COLOUR('',#3529);
#3475=FILL_AREA_STYLE_COLOUR('',#3529);
#3476=FILL_AREA_STYLE_COLOUR('',#3529);
#3477=FILL_AREA_STYLE_COLOUR('',#24);
#3478=FILL_AREA_STYLE_COLOUR('',#3531);
#3479=FILL_AREA_STYLE_COLOUR('',#24);
#3480=FILL_AREA_STYLE_COLOUR('',#3531);
#3481=FILL_AREA_STYLE_COLOUR('',#3531);
#3482=FILL_AREA_STYLE_COLOUR('',#3531);
#3483=FILL_AREA_STYLE_COLOUR('',#3531);
#3484=FILL_AREA_STYLE_COLOUR('',#3532);
#3485=FILL_AREA_STYLE_COLOUR('',#3531);
#3486=FILL_AREA_STYLE_COLOUR('',#3531);
#3487=FILL_AREA_STYLE_COLOUR('',#3531);
#3488=FILL_AREA_STYLE_COLOUR('',#3531);
#3489=FILL_AREA_STYLE_COLOUR('',#3531);
#3490=FILL_AREA_STYLE_COLOUR('',#3531);
#3491=FILL_AREA_STYLE_COLOUR('',#3531);
#3492=FILL_AREA_STYLE_COLOUR('',#3531);
#3493=FILL_AREA_STYLE_COLOUR('',#3531);
#3494=FILL_AREA_STYLE_COLOUR('',#24);
#3495=FILL_AREA_STYLE_COLOUR('',#3531);
#3496=FILL_AREA_STYLE_COLOUR('',#3531);
#3497=FILL_AREA_STYLE_COLOUR('',#3531);
#3498=FILL_AREA_STYLE_COLOUR('',#3531);
#3499=FILL_AREA_STYLE_COLOUR('',#3530);
#3500=FILL_AREA_STYLE_COLOUR('',#3530);
#3501=FILL_AREA_STYLE_COLOUR('',#3529);
#3502=FILL_AREA_STYLE_COLOUR('',#3529);
#3503=FILL_AREA_STYLE_COLOUR('',#3529);
#3504=FILL_AREA_STYLE_COLOUR('',#3529);
#3505=FILL_AREA_STYLE_COLOUR('',#3529);
#3506=FILL_AREA_STYLE_COLOUR('',#3529);
#3507=FILL_AREA_STYLE_COLOUR('',#3533);
#3508=FILL_AREA_STYLE_COLOUR('',#3529);
#3509=FILL_AREA_STYLE_COLOUR('',#3529);
#3510=FILL_AREA_STYLE_COLOUR('',#3529);
#3511=FILL_AREA_STYLE_COLOUR('',#3529);
#3512=FILL_AREA_STYLE_COLOUR('',#3533);
#3513=FILL_AREA_STYLE_COLOUR('',#3529);
#3514=FILL_AREA_STYLE_COLOUR('',#3529);
#3515=FILL_AREA_STYLE_COLOUR('',#3529);
#3516=FILL_AREA_STYLE_COLOUR('',#3529);
#3517=FILL_AREA_STYLE_COLOUR('',#3529);
#3518=FILL_AREA_STYLE_COLOUR('',#3534);
#3519=FILL_AREA_STYLE_COLOUR('',#3534);
#3520=FILL_AREA_STYLE_COLOUR('',#3533);
#3521=FILL_AREA_STYLE_COLOUR('',#3529);
#3522=FILL_AREA_STYLE_COLOUR('',#3529);
#3523=FILL_AREA_STYLE_COLOUR('',#3529);
#3524=FILL_AREA_STYLE_COLOUR('',#3529);
#3525=FILL_AREA_STYLE_COLOUR('',#3529);
#3526=FILL_AREA_STYLE_COLOUR('',#3529);
#3527=FILL_AREA_STYLE_COLOUR('',#3529);
#3528=FILL_AREA_STYLE_COLOUR('',#3529);
#3529=COLOUR_RGB('',0.699999988079071,0.699999988079071,0.699999988079071);
#3530=COLOUR_RGB('',0.200000002980232,0.200000002980232,0.200000002980232);
#3531=COLOUR_RGB('',0.949999988079071,0.949999988079071,0.949999988079071);
#3532=COLOUR_RGB('',0.506983280181885,0.531564235687256,0.550000011920929);
#3533=COLOUR_RGB('',0.331739127635956,0.340869575738907,0.349999994039536);
#3534=COLOUR_RGB('',0.749019622802734,0.665650486946106,0.449411779642105);
#3535=ADVANCED_FACE('',(#2163),#2356,.F.);
#3536=ADVANCED_FACE('',(#2164),#2357,.F.);
#3537=ADVANCED_FACE('',(#2165),#2358,.F.);
#3538=ADVANCED_FACE('',(#2166),#2359,.F.);
#3539=ADVANCED_FACE('',(#2167),#25,.T.);
#3540=ADVANCED_FACE('',(#2168),#26,.F.);
#3541=ADVANCED_FACE('',(#2169),#2360,.F.);
#3542=ADVANCED_FACE('',(#2170),#2361,.F.);
#3543=ADVANCED_FACE('',(#2171),#2362,.F.);
#3544=ADVANCED_FACE('',(#2172),#2363,.F.);
#3545=ADVANCED_FACE('',(#2173),#2364,.F.);
#3546=ADVANCED_FACE('',(#2174),#2365,.F.);
#3547=ADVANCED_FACE('',(#2175),#27,.T.);
#3548=ADVANCED_FACE('',(#2176),#28,.F.);
#3549=ADVANCED_FACE('',(#2177),#2366,.F.);
#3550=ADVANCED_FACE('',(#2178),#2367,.F.);
#3551=ADVANCED_FACE('',(#2179),#2368,.F.);
#3552=ADVANCED_FACE('',(#2180),#2369,.F.);
#3553=ADVANCED_FACE('',(#2181),#2370,.F.);
#3554=ADVANCED_FACE('',(#2182),#2371,.F.);
#3555=ADVANCED_FACE('',(#2183),#29,.T.);
#3556=ADVANCED_FACE('',(#2184),#30,.F.);
#3557=ADVANCED_FACE('',(#2185),#2372,.F.);
#3558=ADVANCED_FACE('',(#2186),#2373,.F.);
#3559=ADVANCED_FACE('',(#2187),#2374,.F.);
#3560=ADVANCED_FACE('',(#2188),#2375,.F.);
#3561=ADVANCED_FACE('',(#2189),#2376,.F.);
#3562=ADVANCED_FACE('',(#2190),#2377,.F.);
#3563=ADVANCED_FACE('',(#2191),#31,.T.);
#3564=ADVANCED_FACE('',(#2192),#32,.F.);
#3565=ADVANCED_FACE('',(#2193),#2378,.F.);
#3566=ADVANCED_FACE('',(#2194),#2379,.F.);
#3567=ADVANCED_FACE('',(#2195),#2380,.F.);
#3568=ADVANCED_FACE('',(#2196),#2381,.F.);
#3569=ADVANCED_FACE('',(#2197),#2382,.F.);
#3570=ADVANCED_FACE('',(#2198),#2383,.F.);
#3571=ADVANCED_FACE('',(#2199),#33,.T.);
#3572=ADVANCED_FACE('',(#2200),#34,.F.);
#3573=ADVANCED_FACE('',(#2201),#2384,.F.);
#3574=ADVANCED_FACE('',(#2202),#2385,.F.);
#3575=ADVANCED_FACE('',(#2203,#2204,#2205,#2206,#2207,#2208,#2209,#2210),
#2386,.T.);
#3576=ADVANCED_FACE('',(#2211,#2212),#2387,.T.);
#3577=ADVANCED_FACE('',(#2213,#2214),#35,.T.);
#3578=ADVANCED_FACE('',(#2215,#2216),#2388,.T.);
#3579=ADVANCED_FACE('',(#2217),#2389,.T.);
#3580=ADVANCED_FACE('',(#2218),#2390,.T.);
#3581=ADVANCED_FACE('',(#2219),#2391,.T.);
#3582=ADVANCED_FACE('',(#2220),#2392,.T.);
#3583=ADVANCED_FACE('',(#2221),#2393,.T.);
#3584=ADVANCED_FACE('',(#2222),#2394,.T.);
#3585=ADVANCED_FACE('',(#2223),#2395,.T.);
#3586=ADVANCED_FACE('',(#2224),#2396,.T.);
#3587=ADVANCED_FACE('',(#2225),#2397,.T.);
#3588=ADVANCED_FACE('',(#2226),#2398,.T.);
#3589=ADVANCED_FACE('',(#2227),#2399,.T.);
#3590=ADVANCED_FACE('',(#2228),#2400,.T.);
#3591=ADVANCED_FACE('',(#2229),#2401,.T.);
#3592=ADVANCED_FACE('',(#2230),#2402,.T.);
#3593=ADVANCED_FACE('',(#2231),#2403,.T.);
#3594=ADVANCED_FACE('',(#2232),#2404,.T.);
#3595=ADVANCED_FACE('',(#2233),#2405,.T.);
#3596=ADVANCED_FACE('',(#2234),#2406,.T.);
#3597=ADVANCED_FACE('',(#2235),#2407,.T.);
#3598=ADVANCED_FACE('',(#2236),#2408,.T.);
#3599=ADVANCED_FACE('',(#2237),#2409,.T.);
#3600=ADVANCED_FACE('',(#2238),#2410,.T.);
#3601=ADVANCED_FACE('',(#2239),#2411,.T.);
#3602=ADVANCED_FACE('',(#2240),#2412,.T.);
#3603=ADVANCED_FACE('',(#2241),#2413,.T.);
#3604=ADVANCED_FACE('',(#2242),#2414,.T.);
#3605=ADVANCED_FACE('',(#2243),#2415,.T.);
#3606=ADVANCED_FACE('',(#2244),#2416,.T.);
#3607=ADVANCED_FACE('',(#2245),#2417,.T.);
#3608=ADVANCED_FACE('',(#2246),#2418,.T.);
#3609=ADVANCED_FACE('',(#2247),#2419,.F.);
#3610=ADVANCED_FACE('',(#2248),#2420,.F.);
#3611=ADVANCED_FACE('',(#2249),#2421,.F.);
#3612=ADVANCED_FACE('',(#2250),#2422,.F.);
#3613=ADVANCED_FACE('',(#2251),#2423,.F.);
#3614=ADVANCED_FACE('',(#2252),#2424,.F.);
#3615=ADVANCED_FACE('',(#2253),#2425,.F.);
#3616=ADVANCED_FACE('',(#2254),#2426,.F.);
#3617=ADVANCED_FACE('',(#2255),#2427,.F.);
#3618=ADVANCED_FACE('',(#2256),#2428,.F.);
#3619=ADVANCED_FACE('',(#2257),#2429,.F.);
#3620=ADVANCED_FACE('',(#2258),#2430,.F.);
#3621=ADVANCED_FACE('',(#2259),#2431,.F.);
#3622=ADVANCED_FACE('',(#2260),#2432,.F.);
#3623=ADVANCED_FACE('',(#2261),#2433,.F.);
#3624=ADVANCED_FACE('',(#2262),#2434,.F.);
#3625=ADVANCED_FACE('',(#2263),#2435,.F.);
#3626=ADVANCED_FACE('',(#2264),#2436,.F.);
#3627=ADVANCED_FACE('',(#2265),#2437,.F.);
#3628=ADVANCED_FACE('',(#2266),#2438,.F.);
#3629=ADVANCED_FACE('',(#2267),#2439,.F.);
#3630=ADVANCED_FACE('',(#2268),#2440,.F.);
#3631=ADVANCED_FACE('',(#2269),#2441,.F.);
#3632=ADVANCED_FACE('',(#2270),#2442,.F.);
#3633=ADVANCED_FACE('',(#2271),#2443,.T.);
#3634=ADVANCED_FACE('',(#2272,#2273,#2274,#2275,#2276,#2277,#2278),#2444,
 .T.);
#3635=ADVANCED_FACE('',(#2279,#2280),#36,.T.);
#3636=ADVANCED_FACE('',(#2281),#2445,.F.);
#3637=ADVANCED_FACE('',(#2282),#2446,.F.);
#3638=ADVANCED_FACE('',(#2283),#2447,.F.);
#3639=ADVANCED_FACE('',(#2284),#2448,.F.);
#3640=ADVANCED_FACE('',(#2285,#2286),#2449,.T.);
#3641=ADVANCED_FACE('',(#2287),#2450,.T.);
#3642=ADVANCED_FACE('',(#2288),#2451,.T.);
#3643=ADVANCED_FACE('',(#2289),#2452,.T.);
#3644=ADVANCED_FACE('',(#2290),#2453,.T.);
#3645=ADVANCED_FACE('',(#2291),#2454,.T.);
#3646=ADVANCED_FACE('',(#2292),#2455,.T.);
#3647=ADVANCED_FACE('',(#2293),#2456,.T.);
#3648=ADVANCED_FACE('',(#2294),#2457,.T.);
#3649=ADVANCED_FACE('',(#2295),#2458,.T.);
#3650=ADVANCED_FACE('',(#2296,#2297),#37,.T.);
#3651=ADVANCED_FACE('',(#2298,#2299,#2300,#2301,#2302,#2303,#2304),#2459,
 .T.);
#3652=ADVANCED_FACE('',(#2305),#2460,.F.);
#3653=ADVANCED_FACE('',(#2306),#2461,.T.);
#3654=ADVANCED_FACE('',(#2307),#2462,.T.);
#3655=ADVANCED_FACE('',(#2308,#2309),#38,.T.);
#3656=ADVANCED_FACE('',(#2310,#2311),#2463,.T.);
#3657=ADVANCED_FACE('',(#2312,#2313),#39,.T.);
#3658=ADVANCED_FACE('',(#2314,#2315),#2464,.T.);
#3659=ADVANCED_FACE('',(#2316,#2317),#40,.T.);
#3660=ADVANCED_FACE('',(#2318,#2319),#2465,.T.);
#3661=ADVANCED_FACE('',(#2320,#2321),#41,.T.);
#3662=ADVANCED_FACE('',(#2322,#2323),#22,.T.);
#3663=ADVANCED_FACE('',(#2324,#2325),#42,.T.);
#3664=ADVANCED_FACE('',(#2326,#2327),#2466,.T.);
#3665=ADVANCED_FACE('',(#2328,#2329),#43,.T.);
#3666=ADVANCED_FACE('',(#2330,#2331),#2467,.T.);
#3667=ADVANCED_FACE('',(#2332,#2333),#44,.T.);
#3668=ADVANCED_FACE('',(#2334,#2335),#45,.T.);
#3669=ADVANCED_FACE('',(#2336),#2468,.T.);
#3670=ADVANCED_FACE('',(#2337),#2469,.T.);
#3671=ADVANCED_FACE('',(#2338),#23,.T.);
#3672=ADVANCED_FACE('',(#2339),#2470,.T.);
#3673=ADVANCED_FACE('',(#2340,#2341),#46,.T.);
#3674=ADVANCED_FACE('',(#2342,#2343),#2471,.T.);
#3675=ADVANCED_FACE('',(#2344,#2345),#47,.T.);
#3676=ADVANCED_FACE('',(#2346,#2347),#2472,.T.);
#3677=ADVANCED_FACE('',(#2348),#2473,.F.);
#3678=ADVANCED_FACE('',(#2349),#2474,.F.);
#3679=ADVANCED_FACE('',(#2350),#48,.F.);
#3680=ADVANCED_FACE('',(#2351),#49,.T.);
#3681=ADVANCED_FACE('',(#2352),#2475,.F.);
#3682=ADVANCED_FACE('',(#2353),#2476,.F.);
#3683=ADVANCED_FACE('',(#2354),#2477,.F.);
#3684=ADVANCED_FACE('',(#2355),#2478,.F.);
#3685=CLOSED_SHELL('',(#3535,#3536,#3537,#3538,#3539,#3540,#3541,#3542,
#3543,#3544,#3545,#3546,#3547,#3548,#3549,#3550,#3551,#3552,#3553,#3554,
#3555,#3556,#3557,#3558,#3559,#3560,#3561,#3562,#3563,#3564,#3565,#3566,
#3567,#3568,#3569,#3570,#3571,#3572,#3573,#3574,#3575,#3576,#3577,#3578,
#3579,#3580,#3581,#3582,#3583,#3584,#3585,#3586,#3587,#3588,#3589,#3590,
#3591,#3592,#3593,#3594,#3595,#3596,#3597,#3598,#3599,#3600,#3601,#3602,
#3603,#3604,#3605,#3606,#3607,#3608,#3609,#3610,#3611,#3612,#3613,#3614,
#3615,#3616,#3617,#3618,#3619,#3620,#3621,#3622,#3623,#3624,#3625,#3626,
#3627,#3628,#3629,#3630,#3631,#3632,#3633,#3634,#3635,#3636,#3637,#3638,
#3639,#3640,#3641,#3642,#3643,#3644,#3645,#3646,#3647,#3648,#3649,#3650,
#3651,#3652,#3653,#3654,#3655,#3656,#3657,#3658,#3659,#3660,#3661,#3662,
#3663,#3664,#3665,#3666,#3667,#3668,#3669,#3670,#3671,#3672,#3673,#3674,
#3675,#3676,#3677,#3678,#3679,#3680,#3681,#3682,#3683,#3684));
#3686=MANIFOLD_SOLID_BREP('',#3685);
#3687=SHAPE_DEFINITION_REPRESENTATION(#5339,#3688);
#3688=SHAPE_REPRESENTATION('FIT0520',(#3689),#5334);
#3689=AXIS2_PLACEMENT_3D('',#4595,#3893,#3894);
#3690=AXIS2_PLACEMENT_3D('',#4596,#3895,#3896);
#3691=AXIS2_PLACEMENT_3D('',#4605,#3901,#3902);
#3692=AXIS2_PLACEMENT_3D('',#4610,#3905,#3906);
#3693=AXIS2_PLACEMENT_3D('',#4618,#3910,#3911);
#3694=AXIS2_PLACEMENT_3D('',#4619,#3912,#3913);
#3695=AXIS2_PLACEMENT_3D('',#4625,#3917,#3918);
#3696=AXIS2_PLACEMENT_3D('',#4626,#3919,#3920);
#3697=AXIS2_PLACEMENT_3D('',#4634,#3924,#3925);
#3698=AXIS2_PLACEMENT_3D('',#4636,#3927,#3928);
#3699=AXIS2_PLACEMENT_3D('',#4638,#3930,#3931);
#3700=AXIS2_PLACEMENT_3D('',#4640,#3933,#3934);
#3701=AXIS2_PLACEMENT_3D('',#4642,#3936,#3937);
#3702=AXIS2_PLACEMENT_3D('',#4644,#3939,#3940);
#3703=AXIS2_PLACEMENT_3D('',#4653,#3945,#3946);
#3704=AXIS2_PLACEMENT_3D('',#4658,#3949,#3950);
#3705=AXIS2_PLACEMENT_3D('',#4666,#3954,#3955);
#3706=AXIS2_PLACEMENT_3D('',#4667,#3956,#3957);
#3707=AXIS2_PLACEMENT_3D('',#4673,#3961,#3962);
#3708=AXIS2_PLACEMENT_3D('',#4674,#3963,#3964);
#3709=AXIS2_PLACEMENT_3D('',#4682,#3968,#3969);
#3710=AXIS2_PLACEMENT_3D('',#4684,#3971,#3972);
#3711=AXIS2_PLACEMENT_3D('',#4686,#3974,#3975);
#3712=AXIS2_PLACEMENT_3D('',#4688,#3977,#3978);
#3713=AXIS2_PLACEMENT_3D('',#4690,#3980,#3981);
#3714=AXIS2_PLACEMENT_3D('',#4692,#3983,#3984);
#3715=AXIS2_PLACEMENT_3D('',#4701,#3989,#3990);
#3716=AXIS2_PLACEMENT_3D('',#4706,#3993,#3994);
#3717=AXIS2_PLACEMENT_3D('',#4714,#3998,#3999);
#3718=AXIS2_PLACEMENT_3D('',#4715,#4000,#4001);
#3719=AXIS2_PLACEMENT_3D('',#4721,#4005,#4006);
#3720=AXIS2_PLACEMENT_3D('',#4722,#4007,#4008);
#3721=AXIS2_PLACEMENT_3D('',#4730,#4012,#4013);
#3722=AXIS2_PLACEMENT_3D('',#4732,#4015,#4016);
#3723=AXIS2_PLACEMENT_3D('',#4734,#4018,#4019);
#3724=AXIS2_PLACEMENT_3D('',#4736,#4021,#4022);
#3725=AXIS2_PLACEMENT_3D('',#4738,#4024,#4025);
#3726=AXIS2_PLACEMENT_3D('',#4740,#4027,#4028);
#3727=AXIS2_PLACEMENT_3D('',#4749,#4033,#4034);
#3728=AXIS2_PLACEMENT_3D('',#4754,#4037,#4038);
#3729=AXIS2_PLACEMENT_3D('',#4762,#4042,#4043);
#3730=AXIS2_PLACEMENT_3D('',#4763,#4044,#4045);
#3731=AXIS2_PLACEMENT_3D('',#4769,#4049,#4050);
#3732=AXIS2_PLACEMENT_3D('',#4770,#4051,#4052);
#3733=AXIS2_PLACEMENT_3D('',#4778,#4056,#4057);
#3734=AXIS2_PLACEMENT_3D('',#4780,#4059,#4060);
#3735=AXIS2_PLACEMENT_3D('',#4782,#4062,#4063);
#3736=AXIS2_PLACEMENT_3D('',#4784,#4065,#4066);
#3737=AXIS2_PLACEMENT_3D('',#4786,#4068,#4069);
#3738=AXIS2_PLACEMENT_3D('',#4788,#4071,#4072);
#3739=AXIS2_PLACEMENT_3D('',#4797,#4077,#4078);
#3740=AXIS2_PLACEMENT_3D('',#4802,#4081,#4082);
#3741=AXIS2_PLACEMENT_3D('',#4810,#4086,#4087);
#3742=AXIS2_PLACEMENT_3D('',#4811,#4088,#4089);
#3743=AXIS2_PLACEMENT_3D('',#4817,#4093,#4094);
#3744=AXIS2_PLACEMENT_3D('',#4818,#4095,#4096);
#3745=AXIS2_PLACEMENT_3D('',#4826,#4100,#4101);
#3746=AXIS2_PLACEMENT_3D('',#4828,#4103,#4104);
#3747=AXIS2_PLACEMENT_3D('',#4830,#4106,#4107);
#3748=AXIS2_PLACEMENT_3D('',#4832,#4109,#4110);
#3749=AXIS2_PLACEMENT_3D('',#4834,#4112,#4113);
#3750=AXIS2_PLACEMENT_3D('',#4836,#4115,#4116);
#3751=AXIS2_PLACEMENT_3D('',#4840,#4118,#4119);
#3752=AXIS2_PLACEMENT_3D('',#4845,#4122,#4123);
#3753=AXIS2_PLACEMENT_3D('',#4855,#4128,#4129);
#3754=AXIS2_PLACEMENT_3D('',#4856,#4130,#4131);
#3755=AXIS2_PLACEMENT_3D('',#4858,#4132,#4133);
#3756=AXIS2_PLACEMENT_3D('',#4860,#4134,#4135);
#3757=AXIS2_PLACEMENT_3D('',#4861,#4136,#4137);
#3758=AXIS2_PLACEMENT_3D('',#4863,#4138,#4139);
#3759=AXIS2_PLACEMENT_3D('',#4864,#4140,#4141);
#3760=AXIS2_PLACEMENT_3D('',#4866,#4142,#4143);
#3761=AXIS2_PLACEMENT_3D('',#4875,#4148,#4149);
#3762=AXIS2_PLACEMENT_3D('',#4884,#4154,#4155);
#3763=AXIS2_PLACEMENT_3D('',#4893,#4160,#4161);
#3764=AXIS2_PLACEMENT_3D('',#4902,#4166,#4167);
#3765=AXIS2_PLACEMENT_3D('',#4911,#4172,#4173);
#3766=AXIS2_PLACEMENT_3D('',#4920,#4178,#4179);
#3767=AXIS2_PLACEMENT_3D('',#4926,#4183,#4184);
#3768=AXIS2_PLACEMENT_3D('',#4930,#4187,#4188);
#3769=AXIS2_PLACEMENT_3D('',#4934,#4191,#4192);
#3770=AXIS2_PLACEMENT_3D('',#4936,#4194,#4195);
#3771=AXIS2_PLACEMENT_3D('',#4942,#4199,#4200);
#3772=AXIS2_PLACEMENT_3D('',#4946,#4203,#4204);
#3773=AXIS2_PLACEMENT_3D('',#4950,#4207,#4208);
#3774=AXIS2_PLACEMENT_3D('',#4952,#4210,#4211);
#3775=AXIS2_PLACEMENT_3D('',#4958,#4215,#4216);
#3776=AXIS2_PLACEMENT_3D('',#4962,#4219,#4220);
#3777=AXIS2_PLACEMENT_3D('',#4966,#4223,#4224);
#3778=AXIS2_PLACEMENT_3D('',#4968,#4226,#4227);
#3779=AXIS2_PLACEMENT_3D('',#4974,#4231,#4232);
#3780=AXIS2_PLACEMENT_3D('',#4978,#4235,#4236);
#3781=AXIS2_PLACEMENT_3D('',#4982,#4239,#4240);
#3782=AXIS2_PLACEMENT_3D('',#4984,#4242,#4243);
#3783=AXIS2_PLACEMENT_3D('',#4990,#4247,#4248);
#3784=AXIS2_PLACEMENT_3D('',#4994,#4251,#4252);
#3785=AXIS2_PLACEMENT_3D('',#4998,#4255,#4256);
#3786=AXIS2_PLACEMENT_3D('',#5000,#4258,#4259);
#3787=AXIS2_PLACEMENT_3D('',#5006,#4263,#4264);
#3788=AXIS2_PLACEMENT_3D('',#5010,#4267,#4268);
#3789=AXIS2_PLACEMENT_3D('',#5014,#4271,#4272);
#3790=AXIS2_PLACEMENT_3D('',#5016,#4274,#4275);
#3791=AXIS2_PLACEMENT_3D('',#5022,#4279,#4280);
#3792=AXIS2_PLACEMENT_3D('',#5026,#4283,#4284);
#3793=AXIS2_PLACEMENT_3D('',#5030,#4287,#4288);
#3794=AXIS2_PLACEMENT_3D('',#5032,#4290,#4291);
#3795=AXIS2_PLACEMENT_3D('',#5038,#4295,#4296);
#3796=AXIS2_PLACEMENT_3D('',#5042,#4299,#4300);
#3797=AXIS2_PLACEMENT_3D('',#5046,#4303,#4304);
#3798=AXIS2_PLACEMENT_3D('',#5048,#4306,#4307);
#3799=AXIS2_PLACEMENT_3D('',#5054,#4311,#4312);
#3800=AXIS2_PLACEMENT_3D('',#5058,#4315,#4316);
#3801=AXIS2_PLACEMENT_3D('',#5062,#4319,#4320);
#3802=AXIS2_PLACEMENT_3D('',#5064,#4322,#4323);
#3803=AXIS2_PLACEMENT_3D('',#5070,#4327,#4328);
#3804=AXIS2_PLACEMENT_3D('',#5074,#4331,#4332);
#3805=AXIS2_PLACEMENT_3D('',#5078,#4335,#4336);
#3806=AXIS2_PLACEMENT_3D('',#5080,#4338,#4339);
#3807=AXIS2_PLACEMENT_3D('',#5086,#4343,#4344);
#3808=AXIS2_PLACEMENT_3D('',#5090,#4347,#4348);
#3809=AXIS2_PLACEMENT_3D('',#5094,#4351,#4352);
#3810=AXIS2_PLACEMENT_3D('',#5096,#4354,#4355);
#3811=AXIS2_PLACEMENT_3D('',#5102,#4359,#4360);
#3812=AXIS2_PLACEMENT_3D('',#5106,#4363,#4364);
#3813=AXIS2_PLACEMENT_3D('',#5110,#4367,#4368);
#3814=AXIS2_PLACEMENT_3D('',#5112,#4370,#4371);
#3815=AXIS2_PLACEMENT_3D('',#5113,#4372,#4373);
#3816=AXIS2_PLACEMENT_3D('',#5115,#4374,#4375);
#3817=AXIS2_PLACEMENT_3D('',#5124,#4380,#4381);
#3818=AXIS2_PLACEMENT_3D('',#5125,#4382,#4383);
#3819=AXIS2_PLACEMENT_3D('',#5127,#4384,#4385);
#3820=AXIS2_PLACEMENT_3D('',#5133,#4389,#4390);
#3821=AXIS2_PLACEMENT_3D('',#5145,#4397,#4398);
#3822=AXIS2_PLACEMENT_3D('',#5149,#4401,#4402);
#3823=AXIS2_PLACEMENT_3D('',#5159,#4408,#4409);
#3824=AXIS2_PLACEMENT_3D('',#5160,#4410,#4411);
#3825=AXIS2_PLACEMENT_3D('',#5162,#4412,#4413);
#3826=AXIS2_PLACEMENT_3D('',#5168,#4417,#4418);
#3827=AXIS2_PLACEMENT_3D('',#5172,#4421,#4422);
#3828=AXIS2_PLACEMENT_3D('',#5176,#4425,#4426);
#3829=AXIS2_PLACEMENT_3D('',#5185,#4431,#4432);
#3830=AXIS2_PLACEMENT_3D('',#5191,#4436,#4437);
#3831=AXIS2_PLACEMENT_3D('',#5195,#4440,#4441);
#3832=AXIS2_PLACEMENT_3D('',#5199,#4444,#4445);
#3833=AXIS2_PLACEMENT_3D('',#5202,#4448,#4449);
#3834=AXIS2_PLACEMENT_3D('',#5208,#4453,#4454);
#3835=AXIS2_PLACEMENT_3D('',#5209,#4455,#4456);
#3836=AXIS2_PLACEMENT_3D('',#5220,#4463,#4464);
#3837=AXIS2_PLACEMENT_3D('',#5222,#4466,#4467);
#3838=AXIS2_PLACEMENT_3D('',#5224,#4469,#4470);
#3839=AXIS2_PLACEMENT_3D('',#5225,#4471,#4472);
#3840=AXIS2_PLACEMENT_3D('',#5226,#4473,#4474);
#3841=AXIS2_PLACEMENT_3D('',#5227,#4475,#4476);
#3842=AXIS2_PLACEMENT_3D('',#5229,#4477,#4478);
#3843=AXIS2_PLACEMENT_3D('',#5230,#4479,#4480);
#3844=AXIS2_PLACEMENT_3D('',#5232,#4481,#4482);
#3845=AXIS2_PLACEMENT_3D('',#5233,#4483,#4484);
#3846=AXIS2_PLACEMENT_3D('',#5235,#4485,#4486);
#3847=AXIS2_PLACEMENT_3D('',#5236,#4487,#4488);
#3848=AXIS2_PLACEMENT_3D('',#5238,#4489,#4490);
#3849=AXIS2_PLACEMENT_3D('',#5239,#4491,#4492);
#3850=AXIS2_PLACEMENT_3D('',#5241,#4493,#4494);
#3851=AXIS2_PLACEMENT_3D('',#5242,#4495,#4496);
#3852=AXIS2_PLACEMENT_3D('',#5244,#4497,#4498);
#3853=AXIS2_PLACEMENT_3D('',#5245,#4499,#4500);
#3854=AXIS2_PLACEMENT_3D('',#5247,#4501,#4502);
#3855=AXIS2_PLACEMENT_3D('',#5248,#4503,#4504);
#3856=AXIS2_PLACEMENT_3D('',#5250,#4505,#4506);
#3857=AXIS2_PLACEMENT_3D('',#5251,#4507,#4508);
#3858=AXIS2_PLACEMENT_3D('',#5253,#4509,#4510);
#3859=AXIS2_PLACEMENT_3D('',#5254,#4511,#4512);
#3860=AXIS2_PLACEMENT_3D('',#5256,#4513,#4514);
#3861=AXIS2_PLACEMENT_3D('',#5257,#4515,#4516);
#3862=AXIS2_PLACEMENT_3D('',#5259,#4517,#4518);
#3863=AXIS2_PLACEMENT_3D('',#5260,#4519,#4520);
#3864=AXIS2_PLACEMENT_3D('',#5262,#4521,#4522);
#3865=AXIS2_PLACEMENT_3D('',#5263,#4523,#4524);
#3866=AXIS2_PLACEMENT_3D('',#5264,#4525,#4526);
#3867=AXIS2_PLACEMENT_3D('',#5266,#4527,#4528);
#3868=AXIS2_PLACEMENT_3D('',#5270,#4530,#4531);
#3869=AXIS2_PLACEMENT_3D('',#5271,#4532,#4533);
#3870=AXIS2_PLACEMENT_3D('',#5275,#4535,#4536);
#3871=AXIS2_PLACEMENT_3D('',#5276,#4537,#4538);
#3872=AXIS2_PLACEMENT_3D('',#5282,#4539,#4540);
#3873=AXIS2_PLACEMENT_3D('',#5288,#4541,#4542);
#3874=AXIS2_PLACEMENT_3D('',#5291,#4545,#4546);
#3875=AXIS2_PLACEMENT_3D('',#5292,#4547,#4548);
#3876=AXIS2_PLACEMENT_3D('',#5294,#4549,#4550);
#3877=AXIS2_PLACEMENT_3D('',#5295,#4551,#4552);
#3878=AXIS2_PLACEMENT_3D('',#5297,#4553,#4554);
#3879=AXIS2_PLACEMENT_3D('',#5298,#4555,#4556);
#3880=AXIS2_PLACEMENT_3D('',#5300,#4557,#4558);
#3881=AXIS2_PLACEMENT_3D('',#5301,#4559,#4560);
#3882=AXIS2_PLACEMENT_3D('',#5307,#4564,#4565);
#3883=AXIS2_PLACEMENT_3D('',#5313,#4569,#4570);
#3884=AXIS2_PLACEMENT_3D('',#5314,#4571,#4572);
#3885=AXIS2_PLACEMENT_3D('',#5318,#4574,#4575);
#3886=AXIS2_PLACEMENT_3D('',#5319,#4576,#4577);
#3887=AXIS2_PLACEMENT_3D('',#5320,#4578,#4579);
#3888=AXIS2_PLACEMENT_3D('',#5324,#4581,#4582);
#3889=AXIS2_PLACEMENT_3D('',#5325,#4583,#4584);
#3890=AXIS2_PLACEMENT_3D('',#5328,#4587,#4588);
#3891=AXIS2_PLACEMENT_3D('',#5330,#4590,#4591);
#3892=AXIS2_PLACEMENT_3D('',#5332,#4593,#4594);
#3893=DIRECTION('',(0.,0.,1.));
#3894=DIRECTION('',(1.,0.,0.));
#3895=DIRECTION('',(0.,0.,-1.));
#3896=DIRECTION('',(-1.,0.,0.));
#3897=DIRECTION('',(6.12303176911189E-17,1.,0.));
#3898=DIRECTION('',(1.,0.,0.));
#3899=DIRECTION('',(6.12303176911189E-17,1.,0.));
#3900=DIRECTION('',(1.,0.,0.));
#3901=DIRECTION('',(1.,-6.12303176911189E-17,-1.0153992995628E-32));
#3902=DIRECTION('',(6.12303176911189E-17,1.,0.));
#3903=DIRECTION('',(6.12303176911189E-17,1.,0.));
#3904=DIRECTION('',(0.,-1.65832766814155E-16,1.));
#3905=DIRECTION('',(-1.,6.12303176911189E-17,0.));
#3906=DIRECTION('',(0.,-1.03771838053107E-14,1.));
#3907=DIRECTION('',(0.,0.,-1.));
#3908=DIRECTION('',(6.12303176911189E-17,1.,1.65832766814155E-16));
#3909=DIRECTION('',(0.,0.,-1.));
#3910=DIRECTION('',(-1.,6.12303176911189E-17,0.));
#3911=DIRECTION('',(0.,-2.06924254667962E-14,1.));
#3912=DIRECTION('',(0.,0.,1.));
#3913=DIRECTION('',(1.,0.,0.));
#3914=DIRECTION('',(6.12303176911189E-17,1.,0.));
#3915=DIRECTION('',(-1.,0.,0.));
#3916=DIRECTION('',(-1.,0.,0.));
#3917=DIRECTION('',(-1.,6.12303176911189E-17,1.0153992995628E-32));
#3918=DIRECTION('',(-6.12303176911189E-17,-1.,0.));
#3919=DIRECTION('',(-1.,6.12303176911189E-17,0.));
#3920=DIRECTION('',(0.,-2.06924254667962E-14,1.));
#3921=DIRECTION('',(0.,0.,-1.));
#3922=DIRECTION('',(-6.12303176911189E-17,-1.,-1.65832766814155E-16));
#3923=DIRECTION('',(0.,0.,-1.));
#3924=DIRECTION('',(-1.,6.12303176911189E-17,0.));
#3925=DIRECTION('',(0.,-1.03771838053107E-14,1.));
#3926=DIRECTION('',(0.,1.65832766814155E-16,-1.));
#3927=DIRECTION('',(-1.,6.12303176911189E-17,0.));
#3928=DIRECTION('',(-6.12303176911189E-17,-1.,0.));
#3929=DIRECTION('',(1.,-6.12303176911189E-17,-6.12303176911189E-17));
#3930=DIRECTION('',(-1.,6.12303176911189E-17,0.));
#3931=DIRECTION('',(-6.12303176911189E-17,-1.,0.));
#3932=DIRECTION('',(-1.,6.12303176911189E-17,6.12303176911189E-17));
#3933=DIRECTION('',(-6.12303176911189E-17,-1.,0.));
#3934=DIRECTION('',(1.,-6.12303176911189E-17,0.));
#3935=DIRECTION('',(1.,-6.12303176911189E-17,-6.12303176911189E-17));
#3936=DIRECTION('',(6.12303176911189E-17,1.,0.));
#3937=DIRECTION('',(-1.,6.12303176911189E-17,0.));
#3938=DIRECTION('',(-1.,6.12303176911189E-17,6.12303176911189E-17));
#3939=DIRECTION('',(0.,0.,-1.));
#3940=DIRECTION('',(-1.,0.,0.));
#3941=DIRECTION('',(6.12303176911189E-17,1.,0.));
#3942=DIRECTION('',(1.,0.,0.));
#3943=DIRECTION('',(6.12303176911189E-17,1.,0.));
#3944=DIRECTION('',(1.,0.,0.));
#3945=DIRECTION('',(1.,-6.12303176911189E-17,-1.0153992995628E-32));
#3946=DIRECTION('',(6.12303176911189E-17,1.,0.));
#3947=DIRECTION('',(6.12303176911189E-17,1.,0.));
#3948=DIRECTION('',(0.,-1.65832766814155E-16,1.));
#3949=DIRECTION('',(-1.,6.12303176911189E-17,0.));
#3950=DIRECTION('',(0.,-1.03771838053107E-14,1.));
#3951=DIRECTION('',(0.,0.,-1.));
#3952=DIRECTION('',(6.12303176911189E-17,1.,1.65832766814155E-16));
#3953=DIRECTION('',(0.,0.,-1.));
#3954=DIRECTION('',(-1.,6.12303176911189E-17,0.));
#3955=DIRECTION('',(0.,-2.06924254667962E-14,1.));
#3956=DIRECTION('',(0.,0.,1.));
#3957=DIRECTION('',(1.,0.,0.));
#3958=DIRECTION('',(6.12303176911189E-17,1.,0.));
#3959=DIRECTION('',(-1.,0.,0.));
#3960=DIRECTION('',(-1.,0.,0.));
#3961=DIRECTION('',(-1.,6.12303176911189E-17,1.0153992995628E-32));
#3962=DIRECTION('',(-6.12303176911189E-17,-1.,0.));
#3963=DIRECTION('',(-1.,6.12303176911189E-17,0.));
#3964=DIRECTION('',(0.,-2.06924254667962E-14,1.));
#3965=DIRECTION('',(0.,0.,-1.));
#3966=DIRECTION('',(-6.12303176911189E-17,-1.,-1.65832766814155E-16));
#3967=DIRECTION('',(0.,0.,-1.));
#3968=DIRECTION('',(-1.,6.12303176911189E-17,0.));
#3969=DIRECTION('',(0.,-1.03771838053107E-14,1.));
#3970=DIRECTION('',(0.,1.65832766814155E-16,-1.));
#3971=DIRECTION('',(-1.,6.12303176911189E-17,0.));
#3972=DIRECTION('',(-6.12303176911189E-17,-1.,0.));
#3973=DIRECTION('',(1.,-6.12303176911189E-17,-6.12303176911189E-17));
#3974=DIRECTION('',(-1.,6.12303176911189E-17,0.));
#3975=DIRECTION('',(-6.12303176911189E-17,-1.,0.));
#3976=DIRECTION('',(-1.,6.12303176911189E-17,6.12303176911189E-17));
#3977=DIRECTION('',(-6.12303176911189E-17,-1.,0.));
#3978=DIRECTION('',(1.,-6.12303176911189E-17,0.));
#3979=DIRECTION('',(1.,-6.12303176911189E-17,-6.12303176911189E-17));
#3980=DIRECTION('',(6.12303176911189E-17,1.,0.));
#3981=DIRECTION('',(-1.,6.12303176911189E-17,0.));
#3982=DIRECTION('',(-1.,6.12303176911189E-17,6.12303176911189E-17));
#3983=DIRECTION('',(0.,0.,-1.));
#3984=DIRECTION('',(-1.,0.,0.));
#3985=DIRECTION('',(6.12303176911189E-17,1.,0.));
#3986=DIRECTION('',(1.,0.,0.));
#3987=DIRECTION('',(6.12303176911189E-17,1.,0.));
#3988=DIRECTION('',(1.,0.,0.));
#3989=DIRECTION('',(1.,-6.12303176911189E-17,-1.0153992995628E-32));
#3990=DIRECTION('',(6.12303176911189E-17,1.,0.));
#3991=DIRECTION('',(6.12303176911189E-17,1.,0.));
#3992=DIRECTION('',(0.,-1.65832766814155E-16,1.));
#3993=DIRECTION('',(-1.,6.12303176911189E-17,0.));
#3994=DIRECTION('',(0.,-1.03771838053107E-14,1.));
#3995=DIRECTION('',(0.,0.,-1.));
#3996=DIRECTION('',(6.12303176911189E-17,1.,1.65832766814155E-16));
#3997=DIRECTION('',(0.,0.,-1.));
#3998=DIRECTION('',(-1.,6.12303176911189E-17,0.));
#3999=DIRECTION('',(0.,-2.06924254667962E-14,1.));
#4000=DIRECTION('',(0.,0.,1.));
#4001=DIRECTION('',(1.,0.,0.));
#4002=DIRECTION('',(6.12303176911189E-17,1.,0.));
#4003=DIRECTION('',(-1.,0.,0.));
#4004=DIRECTION('',(-1.,0.,0.));
#4005=DIRECTION('',(-1.,6.12303176911189E-17,1.0153992995628E-32));
#4006=DIRECTION('',(-6.12303176911189E-17,-1.,0.));
#4007=DIRECTION('',(-1.,6.12303176911189E-17,0.));
#4008=DIRECTION('',(0.,-2.06924254667962E-14,1.));
#4009=DIRECTION('',(0.,0.,-1.));
#4010=DIRECTION('',(-6.12303176911189E-17,-1.,-1.65832766814155E-16));
#4011=DIRECTION('',(0.,0.,-1.));
#4012=DIRECTION('',(-1.,6.12303176911189E-17,0.));
#4013=DIRECTION('',(0.,-1.03771838053107E-14,1.));
#4014=DIRECTION('',(0.,1.65832766814155E-16,-1.));
#4015=DIRECTION('',(-1.,6.12303176911189E-17,0.));
#4016=DIRECTION('',(-6.12303176911189E-17,-1.,0.));
#4017=DIRECTION('',(1.,-6.12303176911189E-17,-6.12303176911189E-17));
#4018=DIRECTION('',(-1.,6.12303176911189E-17,0.));
#4019=DIRECTION('',(-6.12303176911189E-17,-1.,0.));
#4020=DIRECTION('',(-1.,6.12303176911189E-17,6.12303176911189E-17));
#4021=DIRECTION('',(-6.12303176911189E-17,-1.,0.));
#4022=DIRECTION('',(1.,-6.12303176911189E-17,0.));
#4023=DIRECTION('',(1.,-6.12303176911189E-17,-6.12303176911189E-17));
#4024=DIRECTION('',(6.12303176911189E-17,1.,0.));
#4025=DIRECTION('',(-1.,6.12303176911189E-17,0.));
#4026=DIRECTION('',(-1.,6.12303176911189E-17,6.12303176911189E-17));
#4027=DIRECTION('',(0.,0.,-1.));
#4028=DIRECTION('',(-1.,0.,0.));
#4029=DIRECTION('',(6.12303176911189E-17,1.,0.));
#4030=DIRECTION('',(1.,0.,0.));
#4031=DIRECTION('',(6.12303176911189E-17,1.,0.));
#4032=DIRECTION('',(1.,0.,0.));
#4033=DIRECTION('',(1.,-6.12303176911189E-17,-1.0153992995628E-32));
#4034=DIRECTION('',(6.12303176911189E-17,1.,0.));
#4035=DIRECTION('',(6.12303176911189E-17,1.,0.));
#4036=DIRECTION('',(0.,-1.65832766814155E-16,1.));
#4037=DIRECTION('',(-1.,6.12303176911189E-17,0.));
#4038=DIRECTION('',(0.,-1.03771838053107E-14,1.));
#4039=DIRECTION('',(0.,0.,-1.));
#4040=DIRECTION('',(6.12303176911189E-17,1.,1.65832766814155E-16));
#4041=DIRECTION('',(0.,0.,-1.));
#4042=DIRECTION('',(-1.,6.12303176911189E-17,0.));
#4043=DIRECTION('',(0.,-2.06924254667962E-14,1.));
#4044=DIRECTION('',(0.,0.,1.));
#4045=DIRECTION('',(1.,0.,0.));
#4046=DIRECTION('',(6.12303176911189E-17,1.,0.));
#4047=DIRECTION('',(-1.,0.,0.));
#4048=DIRECTION('',(-1.,0.,0.));
#4049=DIRECTION('',(-1.,6.12303176911189E-17,1.0153992995628E-32));
#4050=DIRECTION('',(-6.12303176911189E-17,-1.,0.));
#4051=DIRECTION('',(-1.,6.12303176911189E-17,0.));
#4052=DIRECTION('',(0.,-2.06924254667962E-14,1.));
#4053=DIRECTION('',(0.,0.,-1.));
#4054=DIRECTION('',(-6.12303176911189E-17,-1.,-1.65832766814155E-16));
#4055=DIRECTION('',(0.,0.,-1.));
#4056=DIRECTION('',(-1.,6.12303176911189E-17,0.));
#4057=DIRECTION('',(0.,-1.03771838053107E-14,1.));
#4058=DIRECTION('',(0.,1.65832766814155E-16,-1.));
#4059=DIRECTION('',(-1.,6.12303176911189E-17,0.));
#4060=DIRECTION('',(-6.12303176911189E-17,-1.,0.));
#4061=DIRECTION('',(1.,-6.12303176911189E-17,-6.12303176911189E-17));
#4062=DIRECTION('',(-1.,6.12303176911189E-17,0.));
#4063=DIRECTION('',(-6.12303176911189E-17,-1.,0.));
#4064=DIRECTION('',(-1.,6.12303176911189E-17,6.12303176911189E-17));
#4065=DIRECTION('',(-6.12303176911189E-17,-1.,0.));
#4066=DIRECTION('',(1.,-6.12303176911189E-17,0.));
#4067=DIRECTION('',(1.,-6.12303176911189E-17,-6.12303176911189E-17));
#4068=DIRECTION('',(6.12303176911189E-17,1.,0.));
#4069=DIRECTION('',(-1.,6.12303176911189E-17,0.));
#4070=DIRECTION('',(-1.,6.12303176911189E-17,6.12303176911189E-17));
#4071=DIRECTION('',(0.,0.,-1.));
#4072=DIRECTION('',(-1.,0.,0.));
#4073=DIRECTION('',(6.12303176911189E-17,1.,0.));
#4074=DIRECTION('',(1.,0.,0.));
#4075=DIRECTION('',(6.12303176911189E-17,1.,0.));
#4076=DIRECTION('',(1.,0.,0.));
#4077=DIRECTION('',(1.,-6.12303176911189E-17,-1.0153992995628E-32));
#4078=DIRECTION('',(6.12303176911189E-17,1.,0.));
#4079=DIRECTION('',(6.12303176911189E-17,1.,0.));
#4080=DIRECTION('',(0.,-1.65832766814155E-16,1.));
#4081=DIRECTION('',(-1.,6.12303176911189E-17,0.));
#4082=DIRECTION('',(0.,-1.03771838053107E-14,1.));
#4083=DIRECTION('',(0.,0.,-1.));
#4084=DIRECTION('',(6.12303176911189E-17,1.,1.65832766814155E-16));
#4085=DIRECTION('',(0.,0.,-1.));
#4086=DIRECTION('',(-1.,6.12303176911189E-17,0.));
#4087=DIRECTION('',(0.,-2.06924254667962E-14,1.));
#4088=DIRECTION('',(0.,0.,1.));
#4089=DIRECTION('',(1.,0.,0.));
#4090=DIRECTION('',(6.12303176911189E-17,1.,0.));
#4091=DIRECTION('',(-1.,0.,0.));
#4092=DIRECTION('',(-1.,0.,0.));
#4093=DIRECTION('',(-1.,6.12303176911189E-17,1.0153992995628E-32));
#4094=DIRECTION('',(-6.12303176911189E-17,-1.,0.));
#4095=DIRECTION('',(-1.,6.12303176911189E-17,0.));
#4096=DIRECTION('',(0.,-2.06924254667962E-14,1.));
#4097=DIRECTION('',(0.,0.,-1.));
#4098=DIRECTION('',(-6.12303176911189E-17,-1.,-1.65832766814155E-16));
#4099=DIRECTION('',(0.,0.,-1.));
#4100=DIRECTION('',(-1.,6.12303176911189E-17,0.));
#4101=DIRECTION('',(0.,-1.03771838053107E-14,1.));
#4102=DIRECTION('',(0.,1.65832766814155E-16,-1.));
#4103=DIRECTION('',(-1.,6.12303176911189E-17,0.));
#4104=DIRECTION('',(-6.12303176911189E-17,-1.,0.));
#4105=DIRECTION('',(1.,-6.12303176911189E-17,-6.12303176911189E-17));
#4106=DIRECTION('',(-1.,6.12303176911189E-17,0.));
#4107=DIRECTION('',(-6.12303176911189E-17,-1.,0.));
#4108=DIRECTION('',(-1.,6.12303176911189E-17,6.12303176911189E-17));
#4109=DIRECTION('',(-6.12303176911189E-17,-1.,0.));
#4110=DIRECTION('',(1.,-6.12303176911189E-17,0.));
#4111=DIRECTION('',(1.,-6.12303176911189E-17,-6.12303176911189E-17));
#4112=DIRECTION('',(6.12303176911189E-17,1.,0.));
#4113=DIRECTION('',(-1.,6.12303176911189E-17,0.));
#4114=DIRECTION('',(-1.,6.12303176911189E-17,6.12303176911189E-17));
#4115=DIRECTION('',(6.12303176911189E-17,1.,1.65832766814155E-16));
#4116=DIRECTION('',(0.,-1.65832766814155E-16,1.));
#4117=DIRECTION('',(0.,0.,1.));
#4118=DIRECTION('',(-6.12303176911189E-17,-1.,-1.65832766814155E-16));
#4119=DIRECTION('',(0.,1.65832766814155E-16,-1.));
#4120=DIRECTION('',(0.,0.,1.));
#4121=DIRECTION('',(-1.,0.,0.));
#4122=DIRECTION('',(1.40574964066862E-16,-1.,-1.65832766814155E-16));
#4123=DIRECTION('',(-1.,-1.40574964066862E-16,0.));
#4124=DIRECTION('',(0.,1.65832766814155E-16,-1.));
#4125=DIRECTION('',(1.,0.,0.));
#4126=DIRECTION('',(0.,-1.65832766814155E-16,1.));
#4127=DIRECTION('',(-1.,0.,0.));
#4128=DIRECTION('',(6.12303176911188E-17,1.,1.65832766814155E-16));
#4129=DIRECTION('',(0.,-1.65832766814155E-16,1.));
#4130=DIRECTION('',(-6.12303176911188E-17,-1.,-1.65832766814155E-16));
#4131=DIRECTION('',(0.,1.65832766814155E-16,-1.));
#4132=DIRECTION('',(6.12303176911188E-17,1.,1.65832766814155E-16));
#4133=DIRECTION('',(0.,-1.65832766814155E-16,1.));
#4134=DIRECTION('',(-6.12303176911188E-17,-1.,-1.65832766814155E-16));
#4135=DIRECTION('',(0.,1.65832766814155E-16,-1.));
#4136=DIRECTION('',(-6.12303176911188E-17,-1.,-1.65832766814155E-16));
#4137=DIRECTION('',(0.,1.65832766814155E-16,-1.));
#4138=DIRECTION('',(-6.12303176911188E-17,-1.,-1.65832766814155E-16));
#4139=DIRECTION('',(0.,1.65832766814155E-16,-1.));
#4140=DIRECTION('',(-6.12303176911188E-17,-1.,-1.65832766814155E-16));
#4141=DIRECTION('',(0.,1.65832766814155E-16,-1.));
#4142=DIRECTION('',(0.,1.52045220240026E-15,-1.));
#4143=DIRECTION('',(0.,1.,1.52045220240026E-15));
#4144=DIRECTION('',(0.,-1.,-1.52045220240026E-15));
#4145=DIRECTION('',(-1.,0.,0.));
#4146=DIRECTION('',(0.,1.,1.52045220240026E-15));
#4147=DIRECTION('',(1.,0.,0.));
#4148=DIRECTION('',(0.,1.52045220240026E-15,-1.));
#4149=DIRECTION('',(0.,1.,1.52045220240026E-15));
#4150=DIRECTION('',(0.,-1.,-1.52045220240026E-15));
#4151=DIRECTION('',(-1.,0.,0.));
#4152=DIRECTION('',(0.,1.,1.52045220240026E-15));
#4153=DIRECTION('',(1.,0.,0.));
#4154=DIRECTION('',(0.,1.52045220240026E-15,-1.));
#4155=DIRECTION('',(0.,1.,1.52045220240026E-15));
#4156=DIRECTION('',(0.,-1.,-1.52045220240026E-15));
#4157=DIRECTION('',(-1.,0.,0.));
#4158=DIRECTION('',(0.,1.,1.52045220240026E-15));
#4159=DIRECTION('',(1.,0.,0.));
#4160=DIRECTION('',(0.,1.52045220240026E-15,-1.));
#4161=DIRECTION('',(0.,1.,1.52045220240026E-15));
#4162=DIRECTION('',(0.,-1.,-1.52045220240026E-15));
#4163=DIRECTION('',(-1.,0.,0.));
#4164=DIRECTION('',(0.,1.,1.52045220240026E-15));
#4165=DIRECTION('',(1.,0.,0.));
#4166=DIRECTION('',(0.,1.52045220240026E-15,-1.));
#4167=DIRECTION('',(0.,1.,1.52045220240026E-15));
#4168=DIRECTION('',(0.,-1.,-1.52045220240026E-15));
#4169=DIRECTION('',(-1.,0.,0.));
#4170=DIRECTION('',(0.,1.,1.52045220240026E-15));
#4171=DIRECTION('',(1.,0.,0.));
#4172=DIRECTION('',(0.,1.52045220240026E-15,-1.));
#4173=DIRECTION('',(0.,1.,1.52045220240026E-15));
#4174=DIRECTION('',(0.,-1.,-1.52045220240026E-15));
#4175=DIRECTION('',(-1.,0.,0.));
#4176=DIRECTION('',(0.,1.,1.52045220240026E-15));
#4177=DIRECTION('',(1.,0.,0.));
#4178=DIRECTION('',(0.,0.86602540378444,-0.499999999999998));
#4179=DIRECTION('',(-1.,0.,0.));
#4180=DIRECTION('',(0.447213595499956,-0.447213595499956,-0.774596669241485));
#4181=DIRECTION('',(-1.,0.,0.));
#4182=DIRECTION('',(-0.447213595499955,-0.447213595499957,-0.774596669241486));
#4183=DIRECTION('',(0.86602540378444,7.60226101200125E-16,-0.499999999999997));
#4184=DIRECTION('',(0.,1.,1.52045220240026E-15));
#4185=DIRECTION('',(0.,1.,1.52045220240026E-15));
#4186=DIRECTION('',(-0.447213595499955,0.447213595499958,-0.774596669241485));
#4187=DIRECTION('',(0.,-0.866025403784439,-0.499999999999999));
#4188=DIRECTION('',(1.,0.,0.));
#4189=DIRECTION('',(1.,0.,0.));
#4190=DIRECTION('',(-0.447213595499956,-0.447213595499957,0.774596669241485));
#4191=DIRECTION('',(-0.86602540378444,7.60226101200126E-16,-0.499999999999998));
#4192=DIRECTION('',(0.,-1.,-1.52045220240026E-15));
#4193=DIRECTION('',(0.,-1.,-1.52045220240026E-15));
#4194=DIRECTION('',(0.,0.86602540378444,-0.499999999999998));
#4195=DIRECTION('',(-1.,0.,0.));
#4196=DIRECTION('',(0.447213595499956,-0.447213595499956,-0.774596669241485));
#4197=DIRECTION('',(-1.,0.,0.));
#4198=DIRECTION('',(-0.447213595499955,-0.447213595499957,-0.774596669241486));
#4199=DIRECTION('',(0.86602540378444,7.60226101200125E-16,-0.499999999999997));
#4200=DIRECTION('',(0.,1.,1.52045220240026E-15));
#4201=DIRECTION('',(0.,1.,1.52045220240026E-15));
#4202=DIRECTION('',(-0.447213595499955,0.447213595499958,-0.774596669241485));
#4203=DIRECTION('',(0.,-0.866025403784439,-0.499999999999999));
#4204=DIRECTION('',(1.,0.,0.));
#4205=DIRECTION('',(1.,0.,0.));
#4206=DIRECTION('',(-0.447213595499956,-0.447213595499957,0.774596669241485));
#4207=DIRECTION('',(-0.86602540378444,7.60226101200126E-16,-0.499999999999998));
#4208=DIRECTION('',(0.,-1.,-1.52045220240026E-15));
#4209=DIRECTION('',(0.,-1.,-1.52045220240026E-15));
#4210=DIRECTION('',(0.,0.86602540378444,-0.499999999999998));
#4211=DIRECTION('',(-1.,0.,0.));
#4212=DIRECTION('',(0.447213595499956,-0.447213595499956,-0.774596669241485));
#4213=DIRECTION('',(-1.,0.,0.));
#4214=DIRECTION('',(-0.447213595499955,-0.447213595499957,-0.774596669241486));
#4215=DIRECTION('',(0.86602540378444,7.60226101200125E-16,-0.499999999999997));
#4216=DIRECTION('',(0.,1.,1.52045220240026E-15));
#4217=DIRECTION('',(0.,1.,1.52045220240026E-15));
#4218=DIRECTION('',(-0.447213595499955,0.447213595499958,-0.774596669241485));
#4219=DIRECTION('',(0.,-0.866025403784439,-0.499999999999999));
#4220=DIRECTION('',(1.,0.,0.));
#4221=DIRECTION('',(1.,0.,0.));
#4222=DIRECTION('',(-0.447213595499956,-0.447213595499957,0.774596669241485));
#4223=DIRECTION('',(-0.86602540378444,7.60226101200126E-16,-0.499999999999998));
#4224=DIRECTION('',(0.,-1.,-1.52045220240026E-15));
#4225=DIRECTION('',(0.,-1.,-1.52045220240026E-15));
#4226=DIRECTION('',(0.,0.86602540378444,-0.499999999999998));
#4227=DIRECTION('',(-1.,0.,0.));
#4228=DIRECTION('',(0.447213595499956,-0.447213595499956,-0.774596669241485));
#4229=DIRECTION('',(-1.,0.,0.));
#4230=DIRECTION('',(-0.447213595499955,-0.447213595499957,-0.774596669241486));
#4231=DIRECTION('',(0.86602540378444,7.60226101200125E-16,-0.499999999999997));
#4232=DIRECTION('',(0.,1.,1.52045220240026E-15));
#4233=DIRECTION('',(0.,1.,1.52045220240026E-15));
#4234=DIRECTION('',(-0.447213595499955,0.447213595499958,-0.774596669241485));
#4235=DIRECTION('',(0.,-0.866025403784439,-0.499999999999999));
#4236=DIRECTION('',(1.,0.,0.));
#4237=DIRECTION('',(1.,0.,0.));
#4238=DIRECTION('',(-0.447213595499956,-0.447213595499957,0.774596669241485));
#4239=DIRECTION('',(-0.86602540378444,7.60226101200126E-16,-0.499999999999998));
#4240=DIRECTION('',(0.,-1.,-1.52045220240026E-15));
#4241=DIRECTION('',(0.,-1.,-1.52045220240026E-15));
#4242=DIRECTION('',(0.,0.86602540378444,-0.499999999999998));
#4243=DIRECTION('',(-1.,0.,0.));
#4244=DIRECTION('',(0.447213595499956,-0.447213595499956,-0.774596669241485));
#4245=DIRECTION('',(-1.,0.,0.));
#4246=DIRECTION('',(-0.447213595499955,-0.447213595499957,-0.774596669241486));
#4247=DIRECTION('',(0.86602540378444,7.60226101200125E-16,-0.499999999999997));
#4248=DIRECTION('',(0.,1.,1.52045220240026E-15));
#4249=DIRECTION('',(0.,1.,1.52045220240026E-15));
#4250=DIRECTION('',(-0.447213595499955,0.447213595499958,-0.774596669241485));
#4251=DIRECTION('',(0.,-0.866025403784439,-0.499999999999999));
#4252=DIRECTION('',(1.,0.,0.));
#4253=DIRECTION('',(1.,0.,0.));
#4254=DIRECTION('',(-0.447213595499956,-0.447213595499957,0.774596669241485));
#4255=DIRECTION('',(-0.86602540378444,7.60226101200126E-16,-0.499999999999998));
#4256=DIRECTION('',(0.,-1.,-1.52045220240026E-15));
#4257=DIRECTION('',(0.,-1.,-1.52045220240026E-15));
#4258=DIRECTION('',(0.,0.86602540378444,-0.499999999999998));
#4259=DIRECTION('',(-1.,0.,0.));
#4260=DIRECTION('',(0.447213595499956,-0.447213595499956,-0.774596669241485));
#4261=DIRECTION('',(-1.,0.,0.));
#4262=DIRECTION('',(-0.447213595499955,-0.447213595499957,-0.774596669241486));
#4263=DIRECTION('',(0.86602540378444,7.60226101200125E-16,-0.499999999999997));
#4264=DIRECTION('',(0.,1.,1.52045220240026E-15));
#4265=DIRECTION('',(0.,1.,1.52045220240026E-15));
#4266=DIRECTION('',(-0.447213595499955,0.447213595499958,-0.774596669241485));
#4267=DIRECTION('',(0.,-0.866025403784439,-0.499999999999999));
#4268=DIRECTION('',(1.,0.,0.));
#4269=DIRECTION('',(1.,0.,0.));
#4270=DIRECTION('',(-0.447213595499956,-0.447213595499957,0.774596669241485));
#4271=DIRECTION('',(-0.86602540378444,7.60226101200126E-16,-0.499999999999998));
#4272=DIRECTION('',(0.,-1.,-1.52045220240026E-15));
#4273=DIRECTION('',(0.,-1.,-1.52045220240026E-15));
#4274=DIRECTION('',(0.,-1.,-1.52045220240026E-15));
#4275=DIRECTION('',(0.,1.52045220240026E-15,-1.));
#4276=DIRECTION('',(0.,-1.52045220240026E-15,1.));
#4277=DIRECTION('',(0.,-1.52045220240026E-15,1.));
#4278=DIRECTION('',(1.,0.,0.));
#4279=DIRECTION('',(-1.,0.,0.));
#4280=DIRECTION('',(0.,0.,1.));
#4281=DIRECTION('',(0.,-1.52045220240026E-15,1.));
#4282=DIRECTION('',(0.,-1.,-1.52045220240026E-15));
#4283=DIRECTION('',(0.,1.,1.52045220240026E-15));
#4284=DIRECTION('',(0.,-1.52045220240026E-15,1.));
#4285=DIRECTION('',(0.,-1.52045220240026E-15,1.));
#4286=DIRECTION('',(-1.,0.,0.));
#4287=DIRECTION('',(1.,0.,0.));
#4288=DIRECTION('',(0.,0.,-1.));
#4289=DIRECTION('',(0.,1.,1.52045220240026E-15));
#4290=DIRECTION('',(0.,-1.,-1.52045220240026E-15));
#4291=DIRECTION('',(0.,1.52045220240026E-15,-1.));
#4292=DIRECTION('',(0.,-1.52045220240026E-15,1.));
#4293=DIRECTION('',(0.,-1.52045220240026E-15,1.));
#4294=DIRECTION('',(1.,0.,0.));
#4295=DIRECTION('',(-1.,0.,0.));
#4296=DIRECTION('',(0.,0.,1.));
#4297=DIRECTION('',(0.,-1.52045220240026E-15,1.));
#4298=DIRECTION('',(0.,-1.,-1.52045220240026E-15));
#4299=DIRECTION('',(0.,1.,1.52045220240026E-15));
#4300=DIRECTION('',(0.,-1.52045220240026E-15,1.));
#4301=DIRECTION('',(0.,-1.52045220240026E-15,1.));
#4302=DIRECTION('',(-1.,0.,0.));
#4303=DIRECTION('',(1.,0.,0.));
#4304=DIRECTION('',(0.,0.,-1.));
#4305=DIRECTION('',(0.,1.,1.52045220240026E-15));
#4306=DIRECTION('',(0.,-1.,-1.52045220240026E-15));
#4307=DIRECTION('',(0.,1.52045220240026E-15,-1.));
#4308=DIRECTION('',(0.,-1.52045220240026E-15,1.));
#4309=DIRECTION('',(0.,-1.52045220240026E-15,1.));
#4310=DIRECTION('',(1.,0.,0.));
#4311=DIRECTION('',(-1.,0.,0.));
#4312=DIRECTION('',(0.,0.,1.));
#4313=DIRECTION('',(0.,-1.52045220240026E-15,1.));
#4314=DIRECTION('',(0.,-1.,-1.52045220240026E-15));
#4315=DIRECTION('',(0.,1.,1.52045220240026E-15));
#4316=DIRECTION('',(0.,-1.52045220240026E-15,1.));
#4317=DIRECTION('',(0.,-1.52045220240026E-15,1.));
#4318=DIRECTION('',(-1.,0.,0.));
#4319=DIRECTION('',(1.,0.,0.));
#4320=DIRECTION('',(0.,0.,-1.));
#4321=DIRECTION('',(0.,1.,1.52045220240026E-15));
#4322=DIRECTION('',(0.,-1.,-1.52045220240026E-15));
#4323=DIRECTION('',(0.,1.52045220240026E-15,-1.));
#4324=DIRECTION('',(0.,-1.52045220240026E-15,1.));
#4325=DIRECTION('',(0.,-1.52045220240026E-15,1.));
#4326=DIRECTION('',(1.,0.,0.));
#4327=DIRECTION('',(-1.,0.,0.));
#4328=DIRECTION('',(0.,0.,1.));
#4329=DIRECTION('',(0.,-1.52045220240026E-15,1.));
#4330=DIRECTION('',(0.,-1.,-1.52045220240026E-15));
#4331=DIRECTION('',(0.,1.,1.52045220240026E-15));
#4332=DIRECTION('',(0.,-1.52045220240026E-15,1.));
#4333=DIRECTION('',(0.,-1.52045220240026E-15,1.));
#4334=DIRECTION('',(-1.,0.,0.));
#4335=DIRECTION('',(1.,0.,0.));
#4336=DIRECTION('',(0.,0.,-1.));
#4337=DIRECTION('',(0.,1.,1.52045220240026E-15));
#4338=DIRECTION('',(0.,-1.,-1.52045220240026E-15));
#4339=DIRECTION('',(0.,1.52045220240026E-15,-1.));
#4340=DIRECTION('',(0.,-1.52045220240026E-15,1.));
#4341=DIRECTION('',(0.,-1.52045220240026E-15,1.));
#4342=DIRECTION('',(1.,0.,0.));
#4343=DIRECTION('',(-1.,0.,0.));
#4344=DIRECTION('',(0.,0.,1.));
#4345=DIRECTION('',(0.,-1.52045220240026E-15,1.));
#4346=DIRECTION('',(0.,-1.,-1.52045220240026E-15));
#4347=DIRECTION('',(0.,1.,1.52045220240026E-15));
#4348=DIRECTION('',(0.,-1.52045220240026E-15,1.));
#4349=DIRECTION('',(0.,-1.52045220240026E-15,1.));
#4350=DIRECTION('',(-1.,0.,0.));
#4351=DIRECTION('',(1.,0.,0.));
#4352=DIRECTION('',(0.,0.,-1.));
#4353=DIRECTION('',(0.,1.,1.52045220240026E-15));
#4354=DIRECTION('',(0.,-1.,-1.52045220240026E-15));
#4355=DIRECTION('',(0.,1.52045220240026E-15,-1.));
#4356=DIRECTION('',(0.,-1.52045220240026E-15,1.));
#4357=DIRECTION('',(0.,-1.52045220240026E-15,1.));
#4358=DIRECTION('',(1.,0.,0.));
#4359=DIRECTION('',(-1.,0.,0.));
#4360=DIRECTION('',(0.,0.,1.));
#4361=DIRECTION('',(0.,-1.52045220240026E-15,1.));
#4362=DIRECTION('',(0.,-1.,-1.52045220240026E-15));
#4363=DIRECTION('',(0.,1.,1.52045220240026E-15));
#4364=DIRECTION('',(0.,-1.52045220240026E-15,1.));
#4365=DIRECTION('',(0.,-1.52045220240026E-15,1.));
#4366=DIRECTION('',(-1.,0.,0.));
#4367=DIRECTION('',(1.,0.,0.));
#4368=DIRECTION('',(0.,0.,-1.));
#4369=DIRECTION('',(0.,1.,1.52045220240026E-15));
#4370=DIRECTION('',(6.12303176911189E-17,1.,1.65832766814155E-16));
#4371=DIRECTION('',(0.,-1.65832766814155E-16,1.));
#4372=DIRECTION('',(-6.12303176911189E-17,-1.,-1.65832766814155E-16));
#4373=DIRECTION('',(0.,1.65832766814155E-16,-1.));
#4374=DIRECTION('',(0.,1.52045220240026E-15,-1.));
#4375=DIRECTION('',(0.,1.,1.52045220240026E-15));
#4376=DIRECTION('',(-1.,0.,0.));
#4377=DIRECTION('',(0.,1.,1.52045220240026E-15));
#4378=DIRECTION('',(1.,4.78714414790927E-17,7.27862386289615E-32));
#4379=DIRECTION('',(0.,-1.,-1.52045220240026E-15));
#4380=DIRECTION('',(-6.12303176911189E-17,-1.,-1.65832766814155E-16));
#4381=DIRECTION('',(0.,1.65832766814155E-16,-1.));
#4382=DIRECTION('',(1.40574964066862E-16,-1.,-1.65832766814155E-16));
#4383=DIRECTION('',(0.,1.65832766814155E-16,-1.));
#4384=DIRECTION('',(-4.78714414790927E-17,1.,1.52045220240026E-15));
#4385=DIRECTION('',(0.,-1.52045220240026E-15,1.));
#4386=DIRECTION('',(1.,4.78714414790927E-17,7.27862386289615E-32));
#4387=DIRECTION('',(0.,1.52045220240026E-15,-1.));
#4388=DIRECTION('',(0.,1.52045220240026E-15,-1.));
#4389=DIRECTION('',(1.,0.,0.));
#4390=DIRECTION('',(0.,0.,-1.));
#4391=DIRECTION('',(0.,0.,-1.));
#4392=DIRECTION('',(0.,1.,2.15315912814928E-15));
#4393=DIRECTION('',(0.,0.,1.));
#4394=DIRECTION('',(0.,-1.,-1.52045220240026E-15));
#4395=DIRECTION('',(0.,1.52045220240026E-15,-1.));
#4396=DIRECTION('',(0.,-1.,-1.52045220240026E-15));
#4397=DIRECTION('',(0.,-1.,-1.52045220240026E-15));
#4398=DIRECTION('',(0.,1.52045220240026E-15,-1.));
#4399=DIRECTION('',(-1.,0.,0.));
#4400=DIRECTION('',(0.,1.52045220240026E-15,-1.));
#4401=DIRECTION('',(-1.,0.,0.));
#4402=DIRECTION('',(0.,0.,1.));
#4403=DIRECTION('',(0.,0.,1.));
#4404=DIRECTION('',(0.,1.,1.52045220240026E-15));
#4405=DIRECTION('',(0.,1.,1.52045220240026E-15));
#4406=DIRECTION('',(0.,0.,-1.));
#4407=DIRECTION('',(0.,-1.,-2.15315912814928E-15));
#4408=DIRECTION('',(1.40574964066862E-16,-1.,-1.65832766814155E-16));
#4409=DIRECTION('',(0.,1.65832766814155E-16,-1.));
#4410=DIRECTION('',(1.40574964066862E-16,-1.,-1.65832766814155E-16));
#4411=DIRECTION('',(-1.,-1.40574964066862E-16,0.));
#4412=DIRECTION('',(0.,2.15315912814928E-15,-1.));
#4413=DIRECTION('',(0.,1.,2.15315912814928E-15));
#4414=DIRECTION('',(-6.12303176911189E-17,-1.,-2.15315912814928E-15));
#4415=DIRECTION('',(-1.,0.,0.));
#4416=DIRECTION('',(-1.,0.,0.));
#4417=DIRECTION('',(0.,1.,0.));
#4418=DIRECTION('',(0.,0.,1.));
#4419=DIRECTION('',(0.,0.,-1.));
#4420=DIRECTION('',(1.,0.,0.));
#4421=DIRECTION('',(0.,-1.,0.));
#4422=DIRECTION('',(0.,0.,-1.));
#4423=DIRECTION('',(0.,0.,1.));
#4424=DIRECTION('',(-1.,0.,0.));
#4425=DIRECTION('',(0.,1.,0.));
#4426=DIRECTION('',(0.,0.,1.));
#4427=DIRECTION('',(0.,0.,-1.));
#4428=DIRECTION('',(-1.,0.,0.));
#4429=DIRECTION('',(0.,0.,-1.));
#4430=DIRECTION('',(-1.,0.,0.));
#4431=DIRECTION('',(0.,1.,0.));
#4432=DIRECTION('',(0.,0.,1.));
#4433=DIRECTION('',(-1.,0.,0.));
#4434=DIRECTION('',(1.,0.,0.));
#4435=DIRECTION('',(0.,0.,-1.));
#4436=DIRECTION('',(0.,2.15315912814928E-15,-1.));
#4437=DIRECTION('',(0.,1.,2.15315912814928E-15));
#4438=DIRECTION('',(-1.,0.,0.));
#4439=DIRECTION('',(-6.12303176911189E-17,-1.,-2.15315912814928E-15));
#4440=DIRECTION('',(0.,-1.,0.));
#4441=DIRECTION('',(0.,0.,-1.));
#4442=DIRECTION('',(-1.,0.,0.));
#4443=DIRECTION('',(0.,0.,1.));
#4444=DIRECTION('',(0.,1.52045220240026E-15,-1.));
#4445=DIRECTION('',(0.,1.,1.52045220240026E-15));
#4446=DIRECTION('',(-6.12303176911189E-17,-1.,-1.52045220240026E-15));
#4447=DIRECTION('',(-6.12303176911189E-17,-1.,-1.52045220240026E-15));
#4448=DIRECTION('',(0.,1.52045220240026E-15,-1.));
#4449=DIRECTION('',(0.,1.,1.52045220240026E-15));
#4450=DIRECTION('',(-6.12303176911189E-17,-1.,-1.52045220240026E-15));
#4451=DIRECTION('',(-6.12303176911189E-17,-1.,-1.52045220240026E-15));
#4452=DIRECTION('',(-1.,0.,0.));
#4453=DIRECTION('',(-6.12303176911189E-17,-1.,-1.65832766814155E-16));
#4454=DIRECTION('',(0.,1.65832766814155E-16,-1.));
#4455=DIRECTION('',(0.,-3.80113050600065E-16,1.));
#4456=DIRECTION('',(0.,-1.,-3.80113050600065E-16));
#4457=DIRECTION('',(1.,-6.12303176911189E-17,-6.12303176911189E-17));
#4458=DIRECTION('',(-6.12303176911189E-17,-1.,-1.65832766814155E-16));
#4459=DIRECTION('',(-1.,6.12303176911189E-17,6.12303176911189E-17));
#4460=DIRECTION('',(6.12303176911189E-17,1.,1.65832766814155E-16));
#4461=DIRECTION('',(6.12303176911189E-17,1.,3.80113050600065E-16));
#4462=DIRECTION('',(6.12303176911189E-17,1.,3.80113050600065E-16));
#4463=DIRECTION('',(-1.,6.12303176911189E-17,0.));
#4464=DIRECTION('',(-6.12303176911189E-17,-1.,0.));
#4465=DIRECTION('',(0.,0.,1.));
#4466=DIRECTION('',(-1.,6.12303176911189E-17,0.));
#4467=DIRECTION('',(-6.12303176911189E-17,-1.,0.));
#4468=DIRECTION('',(0.,0.,1.));
#4469=DIRECTION('',(0.,-1.,0.));
#4470=DIRECTION('',(0.,0.,-1.));
#4471=DIRECTION('',(-6.12303176911189E-17,-1.,-1.65832766814155E-16));
#4472=DIRECTION('',(0.,1.65832766814155E-16,-1.));
#4473=DIRECTION('',(-6.12303176911189E-17,-1.,-1.65832766814155E-16));
#4474=DIRECTION('',(0.,1.65832766814155E-16,-1.));
#4475=DIRECTION('',(-6.12303176911189E-17,-1.,-1.65832766814155E-16));
#4476=DIRECTION('',(0.,1.65832766814155E-16,-1.));
#4477=DIRECTION('',(-6.12303176911189E-17,-1.,-1.65832766814155E-16));
#4478=DIRECTION('',(0.,1.65832766814155E-16,-1.));
#4479=DIRECTION('',(-6.12303176911189E-17,-1.,-1.65832766814155E-16));
#4480=DIRECTION('',(0.,1.65832766814155E-16,-1.));
#4481=DIRECTION('',(-6.12303176911189E-17,-1.,-1.65832766814155E-16));
#4482=DIRECTION('',(0.,1.65832766814155E-16,-1.));
#4483=DIRECTION('',(-6.12303176911189E-17,-1.,-1.65832766814155E-16));
#4484=DIRECTION('',(0.,1.65832766814155E-16,-1.));
#4485=DIRECTION('',(6.12303176911189E-17,1.,1.65832766814155E-16));
#4486=DIRECTION('',(0.,-1.65832766814155E-16,1.));
#4487=DIRECTION('',(-6.12303176911189E-17,-1.,-1.65832766814155E-16));
#4488=DIRECTION('',(0.,1.65832766814155E-16,-1.));
#4489=DIRECTION('',(-6.12303176911189E-17,-1.,-1.65832766814155E-16));
#4490=DIRECTION('',(0.,1.65832766814155E-16,-1.));
#4491=DIRECTION('',(-6.12303176911189E-17,-1.,-1.65832766814155E-16));
#4492=DIRECTION('',(0.,1.65832766814155E-16,-1.));
#4493=DIRECTION('',(-6.12303176911189E-17,-1.,-1.65832766814155E-16));
#4494=DIRECTION('',(0.,1.65832766814155E-16,-1.));
#4495=DIRECTION('',(-6.12303176911189E-17,-1.,-1.65832766814155E-16));
#4496=DIRECTION('',(0.,1.65832766814155E-16,-1.));
#4497=DIRECTION('',(-6.12303176911189E-17,-1.,-1.65832766814155E-16));
#4498=DIRECTION('',(0.,1.65832766814155E-16,-1.));
#4499=DIRECTION('',(-6.12303176911189E-17,-1.,-1.65832766814155E-16));
#4500=DIRECTION('',(0.,1.65832766814155E-16,-1.));
#4501=DIRECTION('',(-6.12303176911189E-17,-1.,-1.65832766814155E-16));
#4502=DIRECTION('',(0.,1.65832766814155E-16,-1.));
#4503=DIRECTION('',(-6.12303176911189E-17,-1.,-1.65832766814155E-16));
#4504=DIRECTION('',(0.,1.65832766814155E-16,-1.));
#4505=DIRECTION('',(-6.12303176911189E-17,-1.,-1.65832766814155E-16));
#4506=DIRECTION('',(0.,1.65832766814155E-16,-1.));
#4507=DIRECTION('',(-6.12303176911188E-17,-1.,-1.65832766814155E-16));
#4508=DIRECTION('',(0.,1.65832766814155E-16,-1.));
#4509=DIRECTION('',(-6.12303176911188E-17,-1.,-1.65832766814155E-16));
#4510=DIRECTION('',(0.,1.65832766814155E-16,-1.));
#4511=DIRECTION('',(-6.12303176911188E-17,-1.,-1.65832766814155E-16));
#4512=DIRECTION('',(0.,1.65832766814155E-16,-1.));
#4513=DIRECTION('',(-6.12303176911188E-17,-1.,-1.65832766814155E-16));
#4514=DIRECTION('',(0.,1.65832766814155E-16,-1.));
#4515=DIRECTION('',(-6.12303176911188E-17,-1.,-1.65832766814155E-16));
#4516=DIRECTION('',(0.,1.65832766814155E-16,-1.));
#4517=DIRECTION('',(6.12303176911188E-17,1.,1.65832766814155E-16));
#4518=DIRECTION('',(0.,-1.65832766814155E-16,1.));
#4519=DIRECTION('',(6.12303176911188E-17,1.,1.65832766814155E-16));
#4520=DIRECTION('',(0.,-1.65832766814155E-16,1.));
#4521=DIRECTION('',(-6.12303176911189E-17,-1.,-1.65832766814155E-16));
#4522=DIRECTION('',(0.,1.65832766814155E-16,-1.));
#4523=DIRECTION('',(-6.12303176911189E-17,-1.,-1.65832766814155E-16));
#4524=DIRECTION('',(0.,1.65832766814155E-16,-1.));
#4525=DIRECTION('',(-6.12303176911189E-17,-1.,-1.65832766814155E-16));
#4526=DIRECTION('',(0.,1.65832766814155E-16,-1.));
#4527=DIRECTION('',(-6.12303176911189E-17,-1.,-1.65832766814155E-16));
#4528=DIRECTION('',(0.,1.65832766814155E-16,-1.));
#4529=DIRECTION('',(-1.,0.,0.));
#4530=DIRECTION('',(-6.12303176911189E-17,-1.,-1.65832766814155E-16));
#4531=DIRECTION('',(0.,1.65832766814155E-16,-1.));
#4532=DIRECTION('',(0.,-1.,0.));
#4533=DIRECTION('',(0.,0.,-1.));
#4534=DIRECTION('',(-1.,0.,0.));
#4535=DIRECTION('',(0.,-1.,0.));
#4536=DIRECTION('',(0.,0.,-1.));
#4537=DIRECTION('',(6.12303176911176E-17,1.,1.65832766814153E-16));
#4538=DIRECTION('',(0.,-1.65832766814153E-16,1.));
#4539=DIRECTION('',(-6.12303176911176E-17,-1.,-1.65832766814153E-16));
#4540=DIRECTION('',(0.,1.65832766814153E-16,-1.));
#4541=DIRECTION('',(0.,0.,1.));
#4542=DIRECTION('',(1.,0.,0.));
#4543=DIRECTION('',(-6.12303176911189E-17,-1.,-1.65832766814155E-16));
#4544=DIRECTION('',(-6.12303176911189E-17,-1.,-1.65832766814155E-16));
#4545=DIRECTION('',(-6.12303176911189E-17,-1.,-1.65832766814155E-16));
#4546=DIRECTION('',(0.,1.65832766814155E-16,-1.));
#4547=DIRECTION('',(-6.12303176911189E-17,-1.,-1.65832766814155E-16));
#4548=DIRECTION('',(0.,1.65832766814155E-16,-1.));
#4549=DIRECTION('',(-6.12303176911189E-17,-1.,-1.65832766814155E-16));
#4550=DIRECTION('',(0.,1.65832766814155E-16,-1.));
#4551=DIRECTION('',(-6.12303176911189E-17,-1.,-1.65832766814155E-16));
#4552=DIRECTION('',(0.,1.65832766814155E-16,-1.));
#4553=DIRECTION('',(-6.12303176911189E-17,-1.,-1.65832766814155E-16));
#4554=DIRECTION('',(0.,1.65832766814155E-16,-1.));
#4555=DIRECTION('',(-6.12303176911189E-17,-1.,-1.65832766814155E-16));
#4556=DIRECTION('',(0.,1.65832766814155E-16,-1.));
#4557=DIRECTION('',(-6.12303176911189E-17,-1.,-1.65832766814155E-16));
#4558=DIRECTION('',(0.,1.65832766814155E-16,-1.));
#4559=DIRECTION('',(6.12303176911189E-17,1.,0.));
#4560=DIRECTION('',(-1.,6.12303176911189E-17,0.));
#4561=DIRECTION('',(0.,0.,-1.));
#4562=DIRECTION('',(-1.,6.12303176911189E-17,6.12303176911189E-17));
#4563=DIRECTION('',(0.,0.,-1.));
#4564=DIRECTION('',(-6.12303176911189E-17,-1.,0.));
#4565=DIRECTION('',(1.,-6.12303176911189E-17,0.));
#4566=DIRECTION('',(0.,0.,-1.));
#4567=DIRECTION('',(1.,-6.12303176911189E-17,-6.12303176911189E-17));
#4568=DIRECTION('',(0.,0.,-1.));
#4569=DIRECTION('',(-1.,6.12303176911189E-17,0.));
#4570=DIRECTION('',(-6.12303176911189E-17,-1.,0.));
#4571=DIRECTION('',(-1.,6.12303176911189E-17,0.));
#4572=DIRECTION('',(0.,-2.06924254667962E-14,1.));
#4573=DIRECTION('',(-1.,0.,0.));
#4574=DIRECTION('',(-1.,6.12303176911189E-17,0.));
#4575=DIRECTION('',(0.,-2.06924254667962E-14,1.));
#4576=DIRECTION('',(-1.,6.12303176911189E-17,0.));
#4577=DIRECTION('',(-6.12303176911189E-17,-1.,0.));
#4578=DIRECTION('',(-1.,6.12303176911189E-17,0.));
#4579=DIRECTION('',(0.,-1.03771838053107E-14,1.));
#4580=DIRECTION('',(1.,0.,0.));
#4581=DIRECTION('',(-1.,6.12303176911189E-17,0.));
#4582=DIRECTION('',(0.,-1.03771838053107E-14,1.));
#4583=DIRECTION('',(-1.,6.12303176911189E-17,1.0153992995628E-32));
#4584=DIRECTION('',(-6.12303176911189E-17,-1.,0.));
#4585=DIRECTION('',(6.12303176911189E-17,1.,0.));
#4586=DIRECTION('',(6.12303176911189E-17,1.,0.));
#4587=DIRECTION('',(0.,0.,1.));
#4588=DIRECTION('',(1.,0.,0.));
#4589=DIRECTION('',(6.12303176911189E-17,1.,0.));
#4590=DIRECTION('',(1.,-6.12303176911189E-17,-1.0153992995628E-32));
#4591=DIRECTION('',(6.12303176911189E-17,1.,0.));
#4592=DIRECTION('',(6.12303176911189E-17,1.,0.));
#4593=DIRECTION('',(0.,0.,-1.));
#4594=DIRECTION('',(-1.,0.,0.));
#4595=CARTESIAN_POINT('',(0.,0.,0.));
#4596=CARTESIAN_POINT('',(3.26886001297128,-6.51997389071506,-8.05128304214542));
#4597=CARTESIAN_POINT('',(3.26886001297128,-6.51997389071506,-8.05128304214542));
#4598=CARTESIAN_POINT('',(3.26886001297128,-6.51997389071506,-8.05128304214542));
#4599=CARTESIAN_POINT('',(3.26886001297128,-4.99112431308623,-8.05128304214542));
#4600=CARTESIAN_POINT('',(3.26886001297128,-6.51997389071506,-8.05128304214542));
#4601=CARTESIAN_POINT('',(3.76886001297129,-6.51997389071506,-8.05128304214541));
#4602=CARTESIAN_POINT('',(3.76886001297129,-6.51997389071506,-8.05128304214542));
#4603=CARTESIAN_POINT('',(3.76886001297129,-4.99112431308623,-8.05128304214542));
#4604=CARTESIAN_POINT('',(3.26886001297128,-4.99112431308623,-8.05128304214542));
#4605=CARTESIAN_POINT('',(3.26886001297128,-6.51997389071506,-8.55128304214542));
#4606=CARTESIAN_POINT('',(3.26886001297128,-6.51997389071506,-8.55128304214542));
#4607=CARTESIAN_POINT('',(3.26886001297128,-6.51997389071506,-8.55128304214542));
#4608=CARTESIAN_POINT('',(3.26886001297128,-4.99112431308623,-8.55128304214542));
#4609=CARTESIAN_POINT('',(3.26886001297128,-6.51997389071506,-8.55128304214542));
#4610=CARTESIAN_POINT('',(3.26886001297128,-4.99112431308623,-9.05428549937607));
#4611=CARTESIAN_POINT('',(3.26886001297128,-3.98812185585556,-9.05428549937607));
#4612=CARTESIAN_POINT('',(3.26886001297128,-3.98812185585557,-9.05428549937607));
#4613=CARTESIAN_POINT('',(3.26886001297128,-3.98812185585557,-9.63067823780949));
#4614=CARTESIAN_POINT('',(3.26886001297128,-4.48812185585557,-9.63067823780949));
#4615=CARTESIAN_POINT('',(3.26886001297128,-4.48812185585557,-9.63067823780949));
#4616=CARTESIAN_POINT('',(3.26886001297128,-4.48812185585557,-9.05428549937607));
#4617=CARTESIAN_POINT('',(3.26886001297128,-4.48812185585556,-9.05428549937607));
#4618=CARTESIAN_POINT('',(3.26886001297128,-4.99112431308623,-9.05428549937607));
#4619=CARTESIAN_POINT('',(3.76886001297129,-6.51997389071506,-8.55128304214542));
#4620=CARTESIAN_POINT('',(3.76886001297129,-6.51997389071506,-8.55128304214542));
#4621=CARTESIAN_POINT('',(3.76886001297129,-6.51997389071506,-8.55128304214542));
#4622=CARTESIAN_POINT('',(3.76886001297129,-4.99112431308623,-8.55128304214542));
#4623=CARTESIAN_POINT('',(3.76886001297129,-6.51997389071506,-8.55128304214542));
#4624=CARTESIAN_POINT('',(3.76886001297129,-4.99112431308623,-8.55128304214542));
#4625=CARTESIAN_POINT('',(3.76886001297129,-6.51997389071506,-8.05128304214542));
#4626=CARTESIAN_POINT('',(3.76886001297129,-4.99112431308623,-9.05428549937607));
#4627=CARTESIAN_POINT('',(3.76886001297129,-4.48812185585556,-9.05428549937607));
#4628=CARTESIAN_POINT('',(3.76886001297129,-4.48812185585557,-9.05428549937607));
#4629=CARTESIAN_POINT('',(3.76886001297129,-4.48812185585557,-9.63067823780949));
#4630=CARTESIAN_POINT('',(3.76886001297129,-3.98812185585557,-9.63067823780949));
#4631=CARTESIAN_POINT('',(3.76886001297129,-3.98812185585557,-9.63067823780949));
#4632=CARTESIAN_POINT('',(3.76886001297129,-3.98812185585557,-9.05428549937607));
#4633=CARTESIAN_POINT('',(3.76886001297129,-3.98812185585556,-9.05428549937607));
#4634=CARTESIAN_POINT('',(3.76886001297129,-4.99112431308623,-9.05428549937607));
#4635=CARTESIAN_POINT('',(3.76886001297129,-6.51997389071506,-8.05128304214542));
#4636=CARTESIAN_POINT('',(3.51886001297128,-4.99112431308623,-9.05428549937607));
#4637=CARTESIAN_POINT('',(3.26886001297128,-3.98812185585557,-9.05428549937607));
#4638=CARTESIAN_POINT('',(3.51886001297128,-4.99112431308623,-9.05428549937607));
#4639=CARTESIAN_POINT('',(3.76886001297129,-4.48812185585557,-9.05428549937607));
#4640=CARTESIAN_POINT('',(3.26886001297128,-3.98812185585557,-9.05428549937607));
#4641=CARTESIAN_POINT('',(3.26886001297128,-3.98812185585557,-9.63067823780949));
#4642=CARTESIAN_POINT('',(3.76886001297129,-4.48812185585557,-9.05428549937607));
#4643=CARTESIAN_POINT('',(3.76886001297129,-4.48812185585557,-9.63067823780949));
#4644=CARTESIAN_POINT('',(1.86701245934609,-6.51997389071506,-8.05128304214542));
#4645=CARTESIAN_POINT('',(1.86701245934609,-6.51997389071506,-8.05128304214542));
#4646=CARTESIAN_POINT('',(1.86701245934609,-6.51997389071506,-8.05128304214542));
#4647=CARTESIAN_POINT('',(1.86701245934609,-4.99112431308623,-8.05128304214542));
#4648=CARTESIAN_POINT('',(1.86701245934609,-6.51997389071506,-8.05128304214542));
#4649=CARTESIAN_POINT('',(2.36701245934609,-6.51997389071506,-8.05128304214541));
#4650=CARTESIAN_POINT('',(2.36701245934609,-6.51997389071506,-8.05128304214542));
#4651=CARTESIAN_POINT('',(2.36701245934609,-4.99112431308623,-8.05128304214542));
#4652=CARTESIAN_POINT('',(1.86701245934609,-4.99112431308623,-8.05128304214542));
#4653=CARTESIAN_POINT('',(1.86701245934609,-6.51997389071506,-8.55128304214542));
#4654=CARTESIAN_POINT('',(1.86701245934609,-6.51997389071506,-8.55128304214542));
#4655=CARTESIAN_POINT('',(1.86701245934609,-6.51997389071506,-8.55128304214542));
#4656=CARTESIAN_POINT('',(1.86701245934609,-4.99112431308623,-8.55128304214542));
#4657=CARTESIAN_POINT('',(1.86701245934609,-6.51997389071506,-8.55128304214542));
#4658=CARTESIAN_POINT('',(1.86701245934609,-4.99112431308623,-9.05428549937607));
#4659=CARTESIAN_POINT('',(1.86701245934609,-3.98812185585556,-9.05428549937607));
#4660=CARTESIAN_POINT('',(1.86701245934609,-3.98812185585557,-9.05428549937607));
#4661=CARTESIAN_POINT('',(1.86701245934609,-3.98812185585557,-9.63067823780949));
#4662=CARTESIAN_POINT('',(1.86701245934609,-4.48812185585557,-9.63067823780949));
#4663=CARTESIAN_POINT('',(1.86701245934609,-4.48812185585557,-9.63067823780949));
#4664=CARTESIAN_POINT('',(1.86701245934609,-4.48812185585557,-9.05428549937607));
#4665=CARTESIAN_POINT('',(1.86701245934609,-4.48812185585556,-9.05428549937607));
#4666=CARTESIAN_POINT('',(1.86701245934609,-4.99112431308623,-9.05428549937607));
#4667=CARTESIAN_POINT('',(2.36701245934609,-6.51997389071506,-8.55128304214542));
#4668=CARTESIAN_POINT('',(2.36701245934609,-6.51997389071506,-8.55128304214542));
#4669=CARTESIAN_POINT('',(2.36701245934609,-6.51997389071506,-8.55128304214542));
#4670=CARTESIAN_POINT('',(2.36701245934609,-4.99112431308623,-8.55128304214542));
#4671=CARTESIAN_POINT('',(2.36701245934609,-6.51997389071506,-8.55128304214542));
#4672=CARTESIAN_POINT('',(2.36701245934609,-4.99112431308623,-8.55128304214542));
#4673=CARTESIAN_POINT('',(2.36701245934609,-6.51997389071506,-8.05128304214542));
#4674=CARTESIAN_POINT('',(2.36701245934609,-4.99112431308623,-9.05428549937607));
#4675=CARTESIAN_POINT('',(2.36701245934609,-4.48812185585556,-9.05428549937607));
#4676=CARTESIAN_POINT('',(2.36701245934609,-4.48812185585557,-9.05428549937607));
#4677=CARTESIAN_POINT('',(2.36701245934609,-4.48812185585557,-9.63067823780949));
#4678=CARTESIAN_POINT('',(2.36701245934609,-3.98812185585557,-9.63067823780949));
#4679=CARTESIAN_POINT('',(2.36701245934609,-3.98812185585557,-9.63067823780949));
#4680=CARTESIAN_POINT('',(2.36701245934609,-3.98812185585557,-9.05428549937607));
#4681=CARTESIAN_POINT('',(2.36701245934609,-3.98812185585556,-9.05428549937607));
#4682=CARTESIAN_POINT('',(2.36701245934609,-4.99112431308623,-9.05428549937607));
#4683=CARTESIAN_POINT('',(2.36701245934609,-6.51997389071506,-8.05128304214542));
#4684=CARTESIAN_POINT('',(2.11701245934609,-4.99112431308623,-9.05428549937607));
#4685=CARTESIAN_POINT('',(1.86701245934609,-3.98812185585557,-9.05428549937607));
#4686=CARTESIAN_POINT('',(2.11701245934609,-4.99112431308623,-9.05428549937607));
#4687=CARTESIAN_POINT('',(2.36701245934609,-4.48812185585557,-9.05428549937607));
#4688=CARTESIAN_POINT('',(1.86701245934609,-3.98812185585557,-9.05428549937607));
#4689=CARTESIAN_POINT('',(1.86701245934609,-3.98812185585557,-9.63067823780949));
#4690=CARTESIAN_POINT('',(2.36701245934609,-4.48812185585557,-9.05428549937607));
#4691=CARTESIAN_POINT('',(2.36701245934609,-4.48812185585557,-9.63067823780949));
#4692=CARTESIAN_POINT('',(0.465164905720904,-6.51997389071506,-8.05128304214542));
#4693=CARTESIAN_POINT('',(0.465164905720904,-6.51997389071506,-8.05128304214542));
#4694=CARTESIAN_POINT('',(0.465164905720904,-6.51997389071506,-8.05128304214542));
#4695=CARTESIAN_POINT('',(0.465164905720904,-4.99112431308623,-8.05128304214542));
#4696=CARTESIAN_POINT('',(0.465164905720904,-6.51997389071506,-8.05128304214542));
#4697=CARTESIAN_POINT('',(0.965164905720904,-6.51997389071506,-8.05128304214541));
#4698=CARTESIAN_POINT('',(0.965164905720904,-6.51997389071506,-8.05128304214542));
#4699=CARTESIAN_POINT('',(0.965164905720904,-4.99112431308623,-8.05128304214542));
#4700=CARTESIAN_POINT('',(0.465164905720904,-4.99112431308623,-8.05128304214542));
#4701=CARTESIAN_POINT('',(0.465164905720904,-6.51997389071506,-8.55128304214542));
#4702=CARTESIAN_POINT('',(0.465164905720904,-6.51997389071506,-8.55128304214542));
#4703=CARTESIAN_POINT('',(0.465164905720904,-6.51997389071506,-8.55128304214542));
#4704=CARTESIAN_POINT('',(0.465164905720904,-4.99112431308623,-8.55128304214542));
#4705=CARTESIAN_POINT('',(0.465164905720904,-6.51997389071506,-8.55128304214542));
#4706=CARTESIAN_POINT('',(0.465164905720904,-4.99112431308623,-9.05428549937607));
#4707=CARTESIAN_POINT('',(0.465164905720904,-3.98812185585556,-9.05428549937607));
#4708=CARTESIAN_POINT('',(0.465164905720904,-3.98812185585557,-9.05428549937607));
#4709=CARTESIAN_POINT('',(0.465164905720904,-3.98812185585557,-9.63067823780949));
#4710=CARTESIAN_POINT('',(0.465164905720904,-4.48812185585557,-9.63067823780949));
#4711=CARTESIAN_POINT('',(0.465164905720904,-4.48812185585557,-9.63067823780949));
#4712=CARTESIAN_POINT('',(0.465164905720904,-4.48812185585557,-9.05428549937607));
#4713=CARTESIAN_POINT('',(0.465164905720904,-4.48812185585556,-9.05428549937607));
#4714=CARTESIAN_POINT('',(0.465164905720904,-4.99112431308623,-9.05428549937607));
#4715=CARTESIAN_POINT('',(0.965164905720904,-6.51997389071506,-8.55128304214542));
#4716=CARTESIAN_POINT('',(0.965164905720904,-6.51997389071506,-8.55128304214542));
#4717=CARTESIAN_POINT('',(0.965164905720904,-6.51997389071506,-8.55128304214542));
#4718=CARTESIAN_POINT('',(0.965164905720904,-4.99112431308623,-8.55128304214542));
#4719=CARTESIAN_POINT('',(0.965164905720904,-6.51997389071506,-8.55128304214542));
#4720=CARTESIAN_POINT('',(0.965164905720904,-4.99112431308623,-8.55128304214542));
#4721=CARTESIAN_POINT('',(0.965164905720904,-6.51997389071506,-8.05128304214542));
#4722=CARTESIAN_POINT('',(0.965164905720904,-4.99112431308623,-9.05428549937607));
#4723=CARTESIAN_POINT('',(0.965164905720904,-4.48812185585556,-9.05428549937607));
#4724=CARTESIAN_POINT('',(0.965164905720904,-4.48812185585557,-9.05428549937607));
#4725=CARTESIAN_POINT('',(0.965164905720904,-4.48812185585557,-9.63067823780949));
#4726=CARTESIAN_POINT('',(0.965164905720904,-3.98812185585557,-9.63067823780949));
#4727=CARTESIAN_POINT('',(0.965164905720904,-3.98812185585557,-9.63067823780949));
#4728=CARTESIAN_POINT('',(0.965164905720904,-3.98812185585557,-9.05428549937607));
#4729=CARTESIAN_POINT('',(0.965164905720904,-3.98812185585556,-9.05428549937607));
#4730=CARTESIAN_POINT('',(0.965164905720904,-4.99112431308623,-9.05428549937607));
#4731=CARTESIAN_POINT('',(0.965164905720904,-6.51997389071506,-8.05128304214542));
#4732=CARTESIAN_POINT('',(0.715164905720904,-4.99112431308623,-9.05428549937607));
#4733=CARTESIAN_POINT('',(0.465164905720904,-3.98812185585557,-9.05428549937607));
#4734=CARTESIAN_POINT('',(0.715164905720904,-4.99112431308623,-9.05428549937607));
#4735=CARTESIAN_POINT('',(0.965164905720904,-4.48812185585557,-9.05428549937607));
#4736=CARTESIAN_POINT('',(0.465164905720904,-3.98812185585557,-9.05428549937607));
#4737=CARTESIAN_POINT('',(0.465164905720904,-3.98812185585557,-9.63067823780949));
#4738=CARTESIAN_POINT('',(0.965164905720904,-4.48812185585557,-9.05428549937607));
#4739=CARTESIAN_POINT('',(0.965164905720904,-4.48812185585557,-9.63067823780949));
#4740=CARTESIAN_POINT('',(-0.936682647904285,-6.51997389071506,-8.05128304214542));
#4741=CARTESIAN_POINT('',(-0.936682647904285,-6.51997389071506,-8.05128304214542));
#4742=CARTESIAN_POINT('',(-0.936682647904285,-6.51997389071506,-8.05128304214542));
#4743=CARTESIAN_POINT('',(-0.936682647904285,-4.99112431308623,-8.05128304214542));
#4744=CARTESIAN_POINT('',(-0.936682647904285,-6.51997389071506,-8.05128304214542));
#4745=CARTESIAN_POINT('',(-0.436682647904285,-6.51997389071506,-8.05128304214541));
#4746=CARTESIAN_POINT('',(-0.436682647904285,-6.51997389071506,-8.05128304214542));
#4747=CARTESIAN_POINT('',(-0.436682647904285,-4.99112431308623,-8.05128304214542));
#4748=CARTESIAN_POINT('',(-0.936682647904285,-4.99112431308623,-8.05128304214542));
#4749=CARTESIAN_POINT('',(-0.936682647904285,-6.51997389071506,-8.55128304214542));
#4750=CARTESIAN_POINT('',(-0.936682647904285,-6.51997389071506,-8.55128304214542));
#4751=CARTESIAN_POINT('',(-0.936682647904285,-6.51997389071506,-8.55128304214542));
#4752=CARTESIAN_POINT('',(-0.936682647904285,-4.99112431308623,-8.55128304214542));
#4753=CARTESIAN_POINT('',(-0.936682647904285,-6.51997389071506,-8.55128304214542));
#4754=CARTESIAN_POINT('',(-0.936682647904285,-4.99112431308623,-9.05428549937607));
#4755=CARTESIAN_POINT('',(-0.936682647904285,-3.98812185585556,-9.05428549937607));
#4756=CARTESIAN_POINT('',(-0.936682647904285,-3.98812185585557,-9.05428549937607));
#4757=CARTESIAN_POINT('',(-0.936682647904285,-3.98812185585557,-9.63067823780949));
#4758=CARTESIAN_POINT('',(-0.936682647904285,-4.48812185585557,-9.63067823780949));
#4759=CARTESIAN_POINT('',(-0.936682647904285,-4.48812185585557,-9.63067823780949));
#4760=CARTESIAN_POINT('',(-0.936682647904285,-4.48812185585557,-9.05428549937607));
#4761=CARTESIAN_POINT('',(-0.936682647904285,-4.48812185585556,-9.05428549937607));
#4762=CARTESIAN_POINT('',(-0.936682647904285,-4.99112431308623,-9.05428549937607));
#4763=CARTESIAN_POINT('',(-0.436682647904285,-6.51997389071506,-8.55128304214542));
#4764=CARTESIAN_POINT('',(-0.436682647904285,-6.51997389071506,-8.55128304214542));
#4765=CARTESIAN_POINT('',(-0.436682647904285,-6.51997389071506,-8.55128304214542));
#4766=CARTESIAN_POINT('',(-0.436682647904285,-4.99112431308623,-8.55128304214542));
#4767=CARTESIAN_POINT('',(-0.436682647904285,-6.51997389071506,-8.55128304214542));
#4768=CARTESIAN_POINT('',(-0.436682647904285,-4.99112431308623,-8.55128304214542));
#4769=CARTESIAN_POINT('',(-0.436682647904285,-6.51997389071506,-8.05128304214542));
#4770=CARTESIAN_POINT('',(-0.436682647904285,-4.99112431308623,-9.05428549937607));
#4771=CARTESIAN_POINT('',(-0.436682647904285,-4.48812185585556,-9.05428549937607));
#4772=CARTESIAN_POINT('',(-0.436682647904285,-4.48812185585557,-9.05428549937607));
#4773=CARTESIAN_POINT('',(-0.436682647904285,-4.48812185585557,-9.63067823780949));
#4774=CARTESIAN_POINT('',(-0.436682647904285,-3.98812185585557,-9.63067823780949));
#4775=CARTESIAN_POINT('',(-0.436682647904285,-3.98812185585557,-9.63067823780949));
#4776=CARTESIAN_POINT('',(-0.436682647904285,-3.98812185585557,-9.05428549937607));
#4777=CARTESIAN_POINT('',(-0.436682647904285,-3.98812185585556,-9.05428549937607));
#4778=CARTESIAN_POINT('',(-0.436682647904285,-4.99112431308623,-9.05428549937607));
#4779=CARTESIAN_POINT('',(-0.436682647904285,-6.51997389071506,-8.05128304214542));
#4780=CARTESIAN_POINT('',(-0.686682647904285,-4.99112431308623,-9.05428549937607));
#4781=CARTESIAN_POINT('',(-0.936682647904285,-3.98812185585557,-9.05428549937607));
#4782=CARTESIAN_POINT('',(-0.686682647904285,-4.99112431308623,-9.05428549937607));
#4783=CARTESIAN_POINT('',(-0.436682647904285,-4.48812185585557,-9.05428549937607));
#4784=CARTESIAN_POINT('',(-0.936682647904285,-3.98812185585557,-9.05428549937607));
#4785=CARTESIAN_POINT('',(-0.936682647904285,-3.98812185585557,-9.63067823780949));
#4786=CARTESIAN_POINT('',(-0.436682647904285,-4.48812185585557,-9.05428549937607));
#4787=CARTESIAN_POINT('',(-0.436682647904285,-4.48812185585557,-9.63067823780949));
#4788=CARTESIAN_POINT('',(-2.33853020152947,-6.51997389071506,-8.05128304214542));
#4789=CARTESIAN_POINT('',(-2.33853020152947,-6.51997389071506,-8.05128304214542));
#4790=CARTESIAN_POINT('',(-2.33853020152947,-6.51997389071506,-8.05128304214542));
#4791=CARTESIAN_POINT('',(-2.33853020152947,-4.99112431308623,-8.05128304214542));
#4792=CARTESIAN_POINT('',(-2.33853020152947,-6.51997389071506,-8.05128304214542));
#4793=CARTESIAN_POINT('',(-1.83853020152948,-6.51997389071506,-8.05128304214541));
#4794=CARTESIAN_POINT('',(-1.83853020152948,-6.51997389071506,-8.05128304214542));
#4795=CARTESIAN_POINT('',(-1.83853020152948,-4.99112431308623,-8.05128304214542));
#4796=CARTESIAN_POINT('',(-2.33853020152947,-4.99112431308623,-8.05128304214542));
#4797=CARTESIAN_POINT('',(-2.33853020152947,-6.51997389071506,-8.55128304214542));
#4798=CARTESIAN_POINT('',(-2.33853020152947,-6.51997389071506,-8.55128304214542));
#4799=CARTESIAN_POINT('',(-2.33853020152947,-6.51997389071506,-8.55128304214542));
#4800=CARTESIAN_POINT('',(-2.33853020152947,-4.99112431308623,-8.55128304214542));
#4801=CARTESIAN_POINT('',(-2.33853020152947,-6.51997389071506,-8.55128304214542));
#4802=CARTESIAN_POINT('',(-2.33853020152947,-4.99112431308623,-9.05428549937607));
#4803=CARTESIAN_POINT('',(-2.33853020152947,-3.98812185585556,-9.05428549937607));
#4804=CARTESIAN_POINT('',(-2.33853020152947,-3.98812185585557,-9.05428549937607));
#4805=CARTESIAN_POINT('',(-2.33853020152947,-3.98812185585557,-9.63067823780949));
#4806=CARTESIAN_POINT('',(-2.33853020152947,-4.48812185585557,-9.63067823780949));
#4807=CARTESIAN_POINT('',(-2.33853020152947,-4.48812185585557,-9.63067823780949));
#4808=CARTESIAN_POINT('',(-2.33853020152947,-4.48812185585557,-9.05428549937607));
#4809=CARTESIAN_POINT('',(-2.33853020152947,-4.48812185585556,-9.05428549937607));
#4810=CARTESIAN_POINT('',(-2.33853020152947,-4.99112431308623,-9.05428549937607));
#4811=CARTESIAN_POINT('',(-1.83853020152948,-6.51997389071506,-8.55128304214542));
#4812=CARTESIAN_POINT('',(-1.83853020152948,-6.51997389071506,-8.55128304214542));
#4813=CARTESIAN_POINT('',(-1.83853020152948,-6.51997389071506,-8.55128304214542));
#4814=CARTESIAN_POINT('',(-1.83853020152948,-4.99112431308623,-8.55128304214542));
#4815=CARTESIAN_POINT('',(-1.83853020152948,-6.51997389071506,-8.55128304214542));
#4816=CARTESIAN_POINT('',(-1.83853020152948,-4.99112431308623,-8.55128304214542));
#4817=CARTESIAN_POINT('',(-1.83853020152948,-6.51997389071506,-8.05128304214542));
#4818=CARTESIAN_POINT('',(-1.83853020152948,-4.99112431308623,-9.05428549937607));
#4819=CARTESIAN_POINT('',(-1.83853020152948,-4.48812185585556,-9.05428549937607));
#4820=CARTESIAN_POINT('',(-1.83853020152948,-4.48812185585557,-9.05428549937607));
#4821=CARTESIAN_POINT('',(-1.83853020152948,-4.48812185585557,-9.63067823780949));
#4822=CARTESIAN_POINT('',(-1.83853020152948,-3.98812185585557,-9.63067823780949));
#4823=CARTESIAN_POINT('',(-1.83853020152948,-3.98812185585557,-9.63067823780949));
#4824=CARTESIAN_POINT('',(-1.83853020152948,-3.98812185585557,-9.05428549937607));
#4825=CARTESIAN_POINT('',(-1.83853020152948,-3.98812185585556,-9.05428549937607));
#4826=CARTESIAN_POINT('',(-1.83853020152948,-4.99112431308623,-9.05428549937607));
#4827=CARTESIAN_POINT('',(-1.83853020152948,-6.51997389071506,-8.05128304214542));
#4828=CARTESIAN_POINT('',(-2.08853020152948,-4.99112431308623,-9.05428549937607));
#4829=CARTESIAN_POINT('',(-2.33853020152947,-3.98812185585557,-9.05428549937607));
#4830=CARTESIAN_POINT('',(-2.08853020152948,-4.99112431308623,-9.05428549937607));
#4831=CARTESIAN_POINT('',(-1.83853020152948,-4.48812185585557,-9.05428549937607));
#4832=CARTESIAN_POINT('',(-2.33853020152947,-3.98812185585557,-9.05428549937607));
#4833=CARTESIAN_POINT('',(-2.33853020152947,-3.98812185585557,-9.63067823780949));
#4834=CARTESIAN_POINT('',(-1.83853020152948,-4.48812185585557,-9.05428549937607));
#4835=CARTESIAN_POINT('',(-1.83853020152948,-4.48812185585557,-9.63067823780949));
#4836=CARTESIAN_POINT('',(-3.99220072666283E-16,-6.51997389071506,7.16060847489595));
#4837=CARTESIAN_POINT('',(-4.97742393345434,-6.51997389071506,-16.2165152149575));
#4838=CARTESIAN_POINT('',(-4.97742393345434,-6.51997389071506,-11.2918484079998));
#4839=CARTESIAN_POINT('',(-4.97742393345434,-6.51997389071506,-9.63067823780949));
#4840=CARTESIAN_POINT('',(-3.99220072666283E-16,-6.51997389071506,-1.08122530985333E-15));
#4841=CARTESIAN_POINT('',(4.97742393345434,-6.51997389071506,-11.2918484079998));
#4842=CARTESIAN_POINT('',(4.97742393345434,-6.51997389071506,-16.2165152149575));
#4843=CARTESIAN_POINT('',(4.97742393345434,-6.51997389071506,-9.63067823780949));
#4844=CARTESIAN_POINT('',(4.97742393345434,-6.51997389071506,-9.63067823780949));
#4845=CARTESIAN_POINT('',(-3.99220072666283E-16,-6.51997389071506,-1.08122530985333E-15));
#4846=CARTESIAN_POINT('',(-4.60716930016404,-6.51997389071506,-1.08122530985333E-15));
#4847=CARTESIAN_POINT('',(-3.24037775515467,-6.51997389071506,-8.05128304214542));
#4848=CARTESIAN_POINT('',(-3.24037775515467,-6.51997389071506,-8.55128304214542));
#4849=CARTESIAN_POINT('',(-3.24037775515467,-6.51997389071506,-8.05128304214541));
#4850=CARTESIAN_POINT('',(-3.74037775515467,-6.51997389071506,-8.05128304214542));
#4851=CARTESIAN_POINT('',(-3.74037775515467,-6.51997389071506,-8.05128304214542));
#4852=CARTESIAN_POINT('',(-3.74037775515467,-6.51997389071506,-8.55128304214542));
#4853=CARTESIAN_POINT('',(-3.74037775515467,-6.51997389071506,-8.55128304214542));
#4854=CARTESIAN_POINT('',(-3.24037775515467,-6.51997389071506,-8.55128304214542));
#4855=CARTESIAN_POINT('',(-2.69333391474447E-15,-53.5261487517256,12.6447836415096));
#4856=CARTESIAN_POINT('',(-2.69333391474447E-15,-53.5261487517256,-7.29447489215395E-15));
#4857=CARTESIAN_POINT('',(-2.69333391474447E-15,-53.5261487517256,-12.251784286572));
#4858=CARTESIAN_POINT('',(-3.27742309285025E-15,-53.5261487517256,-8.87638934440472E-15));
#4859=CARTESIAN_POINT('',(-3.27742309285025E-15,-53.5261487517256,12.5));
#4860=CARTESIAN_POINT('',(-3.52456082622445E-15,-67.1015627430946,-9.54572335499027E-15));
#4861=CARTESIAN_POINT('',(-2.68858122624647E-15,-53.4485288948114,-7.28160297652215E-15));
#4862=CARTESIAN_POINT('',(-2.68858122624647E-15,-53.4485288948114,-12.251784286572));
#4863=CARTESIAN_POINT('',(-2.68858122624647E-15,-53.4485288948114,12.251784286572));
#4864=CARTESIAN_POINT('',(-3.27267040435225E-15,-53.4485288948114,-8.86351742877291E-15));
#4865=CARTESIAN_POINT('',(-3.27267040435225E-15,-53.4485288948114,-12.5));
#4866=CARTESIAN_POINT('',(0.,2.33090582162263E-14,-15.3303459190821));
#4867=CARTESIAN_POINT('',(3.53924526297128,-4.48812185585558,-15.3303459190822));
#4868=CARTESIAN_POINT('',(3.53924526297128,-4.21773660585558,-15.3303459190822));
#4869=CARTESIAN_POINT('',(3.53924526297128,-4.25850710585558,-15.3303459190822));
#4870=CARTESIAN_POINT('',(3.26886001297128,-4.25850710585558,-15.3303459190822));
#4871=CARTESIAN_POINT('',(3.49847476297128,-4.25850710585558,-15.3303459190822));
#4872=CARTESIAN_POINT('',(3.49847476297128,-3.98812185585558,-15.3303459190821));
#4873=CARTESIAN_POINT('',(3.49847476297128,-4.21773660585558,-15.3303459190822));
#4874=CARTESIAN_POINT('',(3.76886001297128,-4.21773660585558,-15.3303459190822));
#4875=CARTESIAN_POINT('',(-1.40122797761862,2.33090582162263E-14,-15.3303459190821));
#4876=CARTESIAN_POINT('',(2.13801728535267,-4.48812185585558,-15.3303459190822));
#4877=CARTESIAN_POINT('',(2.13801728535267,-4.21773660585558,-15.3303459190822));
#4878=CARTESIAN_POINT('',(2.13801728535267,-4.25850710585558,-15.3303459190822));
#4879=CARTESIAN_POINT('',(1.86763203535267,-4.25850710585558,-15.3303459190822));
#4880=CARTESIAN_POINT('',(2.09724678535267,-4.25850710585558,-15.3303459190822));
#4881=CARTESIAN_POINT('',(2.09724678535267,-3.98812185585558,-15.3303459190821));
#4882=CARTESIAN_POINT('',(2.09724678535267,-4.21773660585558,-15.3303459190822));
#4883=CARTESIAN_POINT('',(2.36763203535267,-4.21773660585558,-15.3303459190822));
#4884=CARTESIAN_POINT('',(-2.80245595523724,2.33090582162263E-14,-15.3303459190821));
#4885=CARTESIAN_POINT('',(0.736789307734046,-4.48812185585558,-15.3303459190822));
#4886=CARTESIAN_POINT('',(0.736789307734046,-4.21773660585558,-15.3303459190822));
#4887=CARTESIAN_POINT('',(0.736789307734046,-4.25850710585558,-15.3303459190822));
#4888=CARTESIAN_POINT('',(0.466404057734046,-4.25850710585558,-15.3303459190822));
#4889=CARTESIAN_POINT('',(0.696018807734046,-4.25850710585558,-15.3303459190822));
#4890=CARTESIAN_POINT('',(0.696018807734046,-3.98812185585558,-15.3303459190821));
#4891=CARTESIAN_POINT('',(0.696018807734046,-4.21773660585558,-15.3303459190822));
#4892=CARTESIAN_POINT('',(0.966404057734046,-4.21773660585558,-15.3303459190822));
#4893=CARTESIAN_POINT('',(-4.20368393285586,2.33090582162263E-14,-15.3303459190821));
#4894=CARTESIAN_POINT('',(-0.664438669884572,-4.48812185585558,-15.3303459190822));
#4895=CARTESIAN_POINT('',(-0.664438669884572,-4.21773660585558,-15.3303459190822));
#4896=CARTESIAN_POINT('',(-0.664438669884572,-4.25850710585558,-15.3303459190822));
#4897=CARTESIAN_POINT('',(-0.934823919884572,-4.25850710585558,-15.3303459190822));
#4898=CARTESIAN_POINT('',(-0.705209169884572,-4.25850710585558,-15.3303459190822));
#4899=CARTESIAN_POINT('',(-0.705209169884572,-3.98812185585558,-15.3303459190821));
#4900=CARTESIAN_POINT('',(-0.705209169884572,-4.21773660585558,-15.3303459190822));
#4901=CARTESIAN_POINT('',(-0.434823919884572,-4.21773660585558,-15.3303459190822));
#4902=CARTESIAN_POINT('',(-5.60491191047448,2.33090582162263E-14,-15.3303459190821));
#4903=CARTESIAN_POINT('',(-2.06566664750319,-4.48812185585558,-15.3303459190822));
#4904=CARTESIAN_POINT('',(-2.06566664750319,-4.21773660585558,-15.3303459190822));
#4905=CARTESIAN_POINT('',(-2.06566664750319,-4.25850710585558,-15.3303459190822));
#4906=CARTESIAN_POINT('',(-2.33605189750319,-4.25850710585558,-15.3303459190822));
#4907=CARTESIAN_POINT('',(-2.10643714750319,-4.25850710585558,-15.3303459190822));
#4908=CARTESIAN_POINT('',(-2.10643714750319,-3.98812185585558,-15.3303459190821));
#4909=CARTESIAN_POINT('',(-2.10643714750319,-4.21773660585558,-15.3303459190822));
#4910=CARTESIAN_POINT('',(-1.83605189750319,-4.21773660585558,-15.3303459190822));
#4911=CARTESIAN_POINT('',(-7.0061398880931,2.33090582162263E-14,-15.3303459190821));
#4912=CARTESIAN_POINT('',(-3.46689462512181,-4.48812185585558,-15.3303459190822));
#4913=CARTESIAN_POINT('',(-3.46689462512181,-4.21773660585558,-15.3303459190822));
#4914=CARTESIAN_POINT('',(-3.46689462512181,-4.25850710585558,-15.3303459190822));
#4915=CARTESIAN_POINT('',(-3.73727987512181,-4.25850710585558,-15.3303459190822));
#4916=CARTESIAN_POINT('',(-3.50766512512181,-4.25850710585558,-15.3303459190822));
#4917=CARTESIAN_POINT('',(-3.50766512512181,-3.98812185585558,-15.3303459190821));
#4918=CARTESIAN_POINT('',(-3.50766512512181,-4.21773660585558,-15.3303459190822));
#4919=CARTESIAN_POINT('',(-3.23727987512181,-4.21773660585558,-15.3303459190822));
#4920=CARTESIAN_POINT('',(0.,-4.21773660585558,-15.3303459190822));
#4921=CARTESIAN_POINT('',(2.65492744180017,-3.37418928468446,-13.8692791002251));
#4922=CARTESIAN_POINT('',(3.26886001297128,-3.98812185585558,-14.9326415059149));
#4923=CARTESIAN_POINT('',(3.26886001297128,-3.98812185585558,-14.9326415059149));
#4924=CARTESIAN_POINT('',(3.76886001297128,-3.98812185585558,-14.9326415059149));
#4925=CARTESIAN_POINT('',(2.83139621037704,-4.92558565844983,-16.5563764422649));
#4926=CARTESIAN_POINT('',(3.53924526297128,2.33090582162263E-14,-15.3303459190821));
#4927=CARTESIAN_POINT('',(3.76886001297128,-3.98812185585558,-14.9326415059149));
#4928=CARTESIAN_POINT('',(3.76886001297128,-4.48812185585558,-14.9326415059149));
#4929=CARTESIAN_POINT('',(2.68754384180017,-3.40680568468446,-16.8055360534292));
#4930=CARTESIAN_POINT('',(0.,-4.25850710585558,-15.3303459190822));
#4931=CARTESIAN_POINT('',(3.76886001297128,-4.48812185585558,-14.9326415059149));
#4932=CARTESIAN_POINT('',(3.26886001297128,-4.48812185585558,-14.9326415059149));
#4933=CARTESIAN_POINT('',(4.3501761841424,-3.40680568468446,-16.8055360534291));
#4934=CARTESIAN_POINT('',(3.49847476297128,2.33090582162263E-14,-15.3303459190821));
#4935=CARTESIAN_POINT('',(3.26886001297128,-4.48812185585558,-14.9326415059149));
#4936=CARTESIAN_POINT('',(-1.40122797761862,-4.21773660585558,-15.3303459190822));
#4937=CARTESIAN_POINT('',(1.25369946418155,-3.37418928468446,-13.8692791002251));
#4938=CARTESIAN_POINT('',(1.86763203535267,-3.98812185585558,-14.9326415059149));
#4939=CARTESIAN_POINT('',(1.86763203535267,-3.98812185585558,-14.9326415059149));
#4940=CARTESIAN_POINT('',(2.36763203535267,-3.98812185585558,-14.9326415059149));
#4941=CARTESIAN_POINT('',(1.43016823275842,-4.92558565844983,-16.5563764422649));
#4942=CARTESIAN_POINT('',(2.13801728535267,2.33090582162263E-14,-15.3303459190821));
#4943=CARTESIAN_POINT('',(2.36763203535267,-3.98812185585558,-14.9326415059149));
#4944=CARTESIAN_POINT('',(2.36763203535267,-4.48812185585558,-14.9326415059149));
#4945=CARTESIAN_POINT('',(1.28631586418155,-3.40680568468446,-16.8055360534292));
#4946=CARTESIAN_POINT('',(-1.40122797761862,-4.25850710585558,-15.3303459190822));
#4947=CARTESIAN_POINT('',(2.36763203535267,-4.48812185585558,-14.9326415059149));
#4948=CARTESIAN_POINT('',(1.86763203535267,-4.48812185585558,-14.9326415059149));
#4949=CARTESIAN_POINT('',(2.94894820652378,-3.40680568468446,-16.8055360534291));
#4950=CARTESIAN_POINT('',(2.09724678535267,2.33090582162263E-14,-15.3303459190821));
#4951=CARTESIAN_POINT('',(1.86763203535267,-4.48812185585558,-14.9326415059149));
#4952=CARTESIAN_POINT('',(-2.80245595523724,-4.21773660585558,-15.3303459190822));
#4953=CARTESIAN_POINT('',(-0.147528513437069,-3.37418928468446,-13.8692791002251));
#4954=CARTESIAN_POINT('',(0.466404057734046,-3.98812185585558,-14.9326415059149));
#4955=CARTESIAN_POINT('',(0.466404057734046,-3.98812185585558,-14.9326415059149));
#4956=CARTESIAN_POINT('',(0.966404057734046,-3.98812185585558,-14.9326415059149));
#4957=CARTESIAN_POINT('',(0.028940255139798,-4.92558565844983,-16.5563764422649));
#4958=CARTESIAN_POINT('',(0.736789307734046,2.33090582162263E-14,-15.3303459190821));
#4959=CARTESIAN_POINT('',(0.966404057734046,-3.98812185585558,-14.9326415059149));
#4960=CARTESIAN_POINT('',(0.966404057734046,-4.48812185585558,-14.9326415059149));
#4961=CARTESIAN_POINT('',(-0.114912113437067,-3.40680568468446,-16.8055360534292));
#4962=CARTESIAN_POINT('',(-2.80245595523724,-4.25850710585558,-15.3303459190822));
#4963=CARTESIAN_POINT('',(0.966404057734046,-4.48812185585558,-14.9326415059149));
#4964=CARTESIAN_POINT('',(0.466404057734046,-4.48812185585558,-14.9326415059149));
#4965=CARTESIAN_POINT('',(1.54772022890516,-3.40680568468446,-16.8055360534291));
#4966=CARTESIAN_POINT('',(0.696018807734046,2.33090582162263E-14,-15.3303459190821));
#4967=CARTESIAN_POINT('',(0.466404057734046,-4.48812185585558,-14.9326415059149));
#4968=CARTESIAN_POINT('',(-4.20368393285586,-4.21773660585558,-15.3303459190822));
#4969=CARTESIAN_POINT('',(-1.54875649105569,-3.37418928468446,-13.8692791002251));
#4970=CARTESIAN_POINT('',(-0.934823919884572,-3.98812185585558,-14.9326415059149));
#4971=CARTESIAN_POINT('',(-0.934823919884572,-3.98812185585558,-14.9326415059149));
#4972=CARTESIAN_POINT('',(-0.434823919884572,-3.98812185585558,-14.9326415059149));
#4973=CARTESIAN_POINT('',(-1.37228772247882,-4.92558565844983,-16.5563764422649));
#4974=CARTESIAN_POINT('',(-0.664438669884572,2.33090582162263E-14,-15.3303459190821));
#4975=CARTESIAN_POINT('',(-0.434823919884572,-3.98812185585558,-14.9326415059149));
#4976=CARTESIAN_POINT('',(-0.434823919884572,-4.48812185585558,-14.9326415059149));
#4977=CARTESIAN_POINT('',(-1.51614009105569,-3.40680568468446,-16.8055360534292));
#4978=CARTESIAN_POINT('',(-4.20368393285586,-4.25850710585558,-15.3303459190822));
#4979=CARTESIAN_POINT('',(-0.434823919884572,-4.48812185585558,-14.9326415059149));
#4980=CARTESIAN_POINT('',(-0.934823919884572,-4.48812185585558,-14.9326415059149));
#4981=CARTESIAN_POINT('',(0.146492251286542,-3.40680568468446,-16.8055360534291));
#4982=CARTESIAN_POINT('',(-0.705209169884572,2.33090582162263E-14,-15.3303459190821));
#4983=CARTESIAN_POINT('',(-0.934823919884572,-4.48812185585558,-14.9326415059149));
#4984=CARTESIAN_POINT('',(-5.60491191047448,-4.21773660585558,-15.3303459190822));
#4985=CARTESIAN_POINT('',(-2.94998446867431,-3.37418928468446,-13.8692791002251));
#4986=CARTESIAN_POINT('',(-2.33605189750319,-3.98812185585558,-14.9326415059149));
#4987=CARTESIAN_POINT('',(-2.33605189750319,-3.98812185585558,-14.9326415059149));
#4988=CARTESIAN_POINT('',(-1.83605189750319,-3.98812185585558,-14.9326415059149));
#4989=CARTESIAN_POINT('',(-2.77351570009744,-4.92558565844983,-16.5563764422649));
#4990=CARTESIAN_POINT('',(-2.06566664750319,2.33090582162263E-14,-15.3303459190821));
#4991=CARTESIAN_POINT('',(-1.83605189750319,-3.98812185585558,-14.9326415059149));
#4992=CARTESIAN_POINT('',(-1.83605189750319,-4.48812185585558,-14.9326415059149));
#4993=CARTESIAN_POINT('',(-2.9173680686743,-3.40680568468446,-16.8055360534292));
#4994=CARTESIAN_POINT('',(-5.60491191047448,-4.25850710585558,-15.3303459190822));
#4995=CARTESIAN_POINT('',(-1.83605189750319,-4.48812185585558,-14.9326415059149));
#4996=CARTESIAN_POINT('',(-2.33605189750319,-4.48812185585558,-14.9326415059149));
#4997=CARTESIAN_POINT('',(-1.25473572633208,-3.40680568468446,-16.8055360534291));
#4998=CARTESIAN_POINT('',(-2.10643714750319,2.33090582162263E-14,-15.3303459190821));
#4999=CARTESIAN_POINT('',(-2.33605189750319,-4.48812185585558,-14.9326415059149));
#5000=CARTESIAN_POINT('',(-7.0061398880931,-4.21773660585558,-15.3303459190822));
#5001=CARTESIAN_POINT('',(-4.35121244629293,-3.37418928468446,-13.8692791002251));
#5002=CARTESIAN_POINT('',(-3.73727987512181,-3.98812185585558,-14.9326415059149));
#5003=CARTESIAN_POINT('',(-3.73727987512181,-3.98812185585558,-14.9326415059149));
#5004=CARTESIAN_POINT('',(-3.23727987512181,-3.98812185585558,-14.9326415059149));
#5005=CARTESIAN_POINT('',(-4.17474367771606,-4.92558565844983,-16.5563764422649));
#5006=CARTESIAN_POINT('',(-3.46689462512181,2.33090582162263E-14,-15.3303459190821));
#5007=CARTESIAN_POINT('',(-3.23727987512181,-3.98812185585558,-14.9326415059149));
#5008=CARTESIAN_POINT('',(-3.23727987512181,-4.48812185585558,-14.9326415059149));
#5009=CARTESIAN_POINT('',(-4.31859604629292,-3.40680568468446,-16.8055360534292));
#5010=CARTESIAN_POINT('',(-7.0061398880931,-4.25850710585558,-15.3303459190822));
#5011=CARTESIAN_POINT('',(-3.23727987512181,-4.48812185585558,-14.9326415059149));
#5012=CARTESIAN_POINT('',(-3.73727987512181,-4.48812185585558,-14.9326415059149));
#5013=CARTESIAN_POINT('',(-2.6559637039507,-3.40680568468446,-16.8055360534291));
#5014=CARTESIAN_POINT('',(-3.50766512512181,2.33090582162263E-14,-15.3303459190821));
#5015=CARTESIAN_POINT('',(-3.73727987512181,-4.48812185585558,-14.9326415059149));
#5016=CARTESIAN_POINT('',(3.26886001297128,-3.98812185585558,-15.3303459190822));
#5017=CARTESIAN_POINT('',(3.76886001297128,-3.98812185585558,-15.3303459190822));
#5018=CARTESIAN_POINT('',(3.76886001297128,-3.98812185585558,-11.5030474812593));
#5019=CARTESIAN_POINT('',(3.26886001297128,-3.98812185585558,-15.3303459190822));
#5020=CARTESIAN_POINT('',(3.26886001297128,-3.98812185585558,-11.5030474812593));
#5021=CARTESIAN_POINT('',(3.26886001297128,-3.98812185585558,-11.5030474812593));
#5022=CARTESIAN_POINT('',(3.76886001297128,-3.98812185585558,-15.3303459190822));
#5023=CARTESIAN_POINT('',(3.76886001297128,-4.48812185585558,-15.3303459190822));
#5024=CARTESIAN_POINT('',(3.76886001297128,-4.48812185585558,-11.5030474812593));
#5025=CARTESIAN_POINT('',(3.76886001297128,-3.98812185585558,-11.5030474812593));
#5026=CARTESIAN_POINT('',(3.76886001297128,-4.48812185585558,-15.3303459190822));
#5027=CARTESIAN_POINT('',(3.26886001297128,-4.48812185585558,-15.3303459190822));
#5028=CARTESIAN_POINT('',(3.26886001297128,-4.48812185585558,-11.5030474812593));
#5029=CARTESIAN_POINT('',(3.76886001297128,-4.48812185585558,-11.5030474812593));
#5030=CARTESIAN_POINT('',(3.26886001297128,-4.48812185585558,-15.3303459190822));
#5031=CARTESIAN_POINT('',(3.26886001297128,-4.48812185585558,-11.5030474812593));
#5032=CARTESIAN_POINT('',(1.86763203535267,-3.98812185585558,-15.3303459190822));
#5033=CARTESIAN_POINT('',(2.36763203535267,-3.98812185585558,-15.3303459190822));
#5034=CARTESIAN_POINT('',(2.36763203535267,-3.98812185585558,-11.5030474812593));
#5035=CARTESIAN_POINT('',(1.86763203535267,-3.98812185585558,-15.3303459190822));
#5036=CARTESIAN_POINT('',(1.86763203535267,-3.98812185585558,-11.5030474812593));
#5037=CARTESIAN_POINT('',(1.86763203535267,-3.98812185585558,-11.5030474812593));
#5038=CARTESIAN_POINT('',(2.36763203535267,-3.98812185585558,-15.3303459190822));
#5039=CARTESIAN_POINT('',(2.36763203535267,-4.48812185585558,-15.3303459190822));
#5040=CARTESIAN_POINT('',(2.36763203535267,-4.48812185585558,-11.5030474812593));
#5041=CARTESIAN_POINT('',(2.36763203535267,-3.98812185585558,-11.5030474812593));
#5042=CARTESIAN_POINT('',(2.36763203535267,-4.48812185585558,-15.3303459190822));
#5043=CARTESIAN_POINT('',(1.86763203535267,-4.48812185585558,-15.3303459190822));
#5044=CARTESIAN_POINT('',(1.86763203535267,-4.48812185585558,-11.5030474812593));
#5045=CARTESIAN_POINT('',(2.36763203535267,-4.48812185585558,-11.5030474812593));
#5046=CARTESIAN_POINT('',(1.86763203535267,-4.48812185585558,-15.3303459190822));
#5047=CARTESIAN_POINT('',(1.86763203535267,-4.48812185585558,-11.5030474812593));
#5048=CARTESIAN_POINT('',(0.466404057734046,-3.98812185585558,-15.3303459190822));
#5049=CARTESIAN_POINT('',(0.966404057734046,-3.98812185585558,-15.3303459190822));
#5050=CARTESIAN_POINT('',(0.966404057734046,-3.98812185585558,-11.5030474812593));
#5051=CARTESIAN_POINT('',(0.466404057734046,-3.98812185585558,-15.3303459190822));
#5052=CARTESIAN_POINT('',(0.466404057734046,-3.98812185585558,-11.5030474812593));
#5053=CARTESIAN_POINT('',(0.466404057734046,-3.98812185585558,-11.5030474812593));
#5054=CARTESIAN_POINT('',(0.966404057734046,-3.98812185585558,-15.3303459190822));
#5055=CARTESIAN_POINT('',(0.966404057734046,-4.48812185585558,-15.3303459190822));
#5056=CARTESIAN_POINT('',(0.966404057734046,-4.48812185585558,-11.5030474812593));
#5057=CARTESIAN_POINT('',(0.966404057734046,-3.98812185585558,-11.5030474812593));
#5058=CARTESIAN_POINT('',(0.966404057734046,-4.48812185585558,-15.3303459190822));
#5059=CARTESIAN_POINT('',(0.466404057734046,-4.48812185585558,-15.3303459190822));
#5060=CARTESIAN_POINT('',(0.466404057734046,-4.48812185585558,-11.5030474812593));
#5061=CARTESIAN_POINT('',(0.966404057734046,-4.48812185585558,-11.5030474812593));
#5062=CARTESIAN_POINT('',(0.466404057734046,-4.48812185585558,-15.3303459190822));
#5063=CARTESIAN_POINT('',(0.466404057734046,-4.48812185585558,-11.5030474812593));
#5064=CARTESIAN_POINT('',(-0.934823919884572,-3.98812185585558,-15.3303459190822));
#5065=CARTESIAN_POINT('',(-0.434823919884572,-3.98812185585558,-15.3303459190822));
#5066=CARTESIAN_POINT('',(-0.434823919884572,-3.98812185585558,-11.5030474812593));
#5067=CARTESIAN_POINT('',(-0.934823919884572,-3.98812185585558,-15.3303459190822));
#5068=CARTESIAN_POINT('',(-0.934823919884572,-3.98812185585558,-11.5030474812593));
#5069=CARTESIAN_POINT('',(-0.934823919884572,-3.98812185585558,-11.5030474812593));
#5070=CARTESIAN_POINT('',(-0.434823919884572,-3.98812185585558,-15.3303459190822));
#5071=CARTESIAN_POINT('',(-0.434823919884572,-4.48812185585558,-15.3303459190822));
#5072=CARTESIAN_POINT('',(-0.434823919884572,-4.48812185585558,-11.5030474812593));
#5073=CARTESIAN_POINT('',(-0.434823919884572,-3.98812185585558,-11.5030474812593));
#5074=CARTESIAN_POINT('',(-0.434823919884572,-4.48812185585558,-15.3303459190822));
#5075=CARTESIAN_POINT('',(-0.934823919884572,-4.48812185585558,-15.3303459190822));
#5076=CARTESIAN_POINT('',(-0.934823919884572,-4.48812185585558,-11.5030474812593));
#5077=CARTESIAN_POINT('',(-0.434823919884572,-4.48812185585558,-11.5030474812593));
#5078=CARTESIAN_POINT('',(-0.934823919884572,-4.48812185585558,-15.3303459190822));
#5079=CARTESIAN_POINT('',(-0.934823919884572,-4.48812185585558,-11.5030474812593));
#5080=CARTESIAN_POINT('',(-2.33605189750319,-3.98812185585558,-15.3303459190822));
#5081=CARTESIAN_POINT('',(-1.83605189750319,-3.98812185585558,-15.3303459190822));
#5082=CARTESIAN_POINT('',(-1.83605189750319,-3.98812185585558,-11.5030474812593));
#5083=CARTESIAN_POINT('',(-2.33605189750319,-3.98812185585558,-15.3303459190822));
#5084=CARTESIAN_POINT('',(-2.33605189750319,-3.98812185585558,-11.5030474812593));
#5085=CARTESIAN_POINT('',(-2.33605189750319,-3.98812185585558,-11.5030474812593));
#5086=CARTESIAN_POINT('',(-1.83605189750319,-3.98812185585558,-15.3303459190822));
#5087=CARTESIAN_POINT('',(-1.83605189750319,-4.48812185585558,-15.3303459190822));
#5088=CARTESIAN_POINT('',(-1.83605189750319,-4.48812185585558,-11.5030474812593));
#5089=CARTESIAN_POINT('',(-1.83605189750319,-3.98812185585558,-11.5030474812593));
#5090=CARTESIAN_POINT('',(-1.83605189750319,-4.48812185585558,-15.3303459190822));
#5091=CARTESIAN_POINT('',(-2.33605189750319,-4.48812185585558,-15.3303459190822));
#5092=CARTESIAN_POINT('',(-2.33605189750319,-4.48812185585558,-11.5030474812593));
#5093=CARTESIAN_POINT('',(-1.83605189750319,-4.48812185585558,-11.5030474812593));
#5094=CARTESIAN_POINT('',(-2.33605189750319,-4.48812185585558,-15.3303459190822));
#5095=CARTESIAN_POINT('',(-2.33605189750319,-4.48812185585558,-11.5030474812593));
#5096=CARTESIAN_POINT('',(-3.73727987512181,-3.98812185585558,-15.3303459190822));
#5097=CARTESIAN_POINT('',(-3.23727987512181,-3.98812185585558,-15.3303459190822));
#5098=CARTESIAN_POINT('',(-3.23727987512181,-3.98812185585558,-11.5030474812593));
#5099=CARTESIAN_POINT('',(-3.73727987512181,-3.98812185585558,-15.3303459190822));
#5100=CARTESIAN_POINT('',(-3.73727987512181,-3.98812185585558,-11.5030474812593));
#5101=CARTESIAN_POINT('',(-3.73727987512181,-3.98812185585558,-11.5030474812593));
#5102=CARTESIAN_POINT('',(-3.23727987512181,-3.98812185585558,-15.3303459190822));
#5103=CARTESIAN_POINT('',(-3.23727987512181,-4.48812185585558,-15.3303459190822));
#5104=CARTESIAN_POINT('',(-3.23727987512181,-4.48812185585558,-11.5030474812593));
#5105=CARTESIAN_POINT('',(-3.23727987512181,-3.98812185585558,-11.5030474812593));
#5106=CARTESIAN_POINT('',(-3.23727987512181,-4.48812185585558,-15.3303459190822));
#5107=CARTESIAN_POINT('',(-3.73727987512181,-4.48812185585558,-15.3303459190822));
#5108=CARTESIAN_POINT('',(-3.73727987512181,-4.48812185585558,-11.5030474812593));
#5109=CARTESIAN_POINT('',(-3.23727987512181,-4.48812185585558,-11.5030474812593));
#5110=CARTESIAN_POINT('',(-3.73727987512181,-4.48812185585558,-15.3303459190822));
#5111=CARTESIAN_POINT('',(-3.73727987512181,-4.48812185585558,-11.5030474812593));
#5112=CARTESIAN_POINT('',(-6.29088015343394E-32,-1.02741262672664E-15,7.16060847489595));
#5113=CARTESIAN_POINT('',(1.95999335283769E-32,3.20101777476483E-16,5.30833634210542E-32));
#5114=CARTESIAN_POINT('',(1.95999335283769E-32,1.50756529294137E-15,-7.16060847489595));
#5115=CARTESIAN_POINT('',(0.,1.74898338771954E-14,-11.5030474812593));
#5116=CARTESIAN_POINT('',(4.52964080038834,-5.9958528770412,-11.5030474812593));
#5117=CARTESIAN_POINT('',(4.52964080038834,-5.9958528770412,-11.5030474812593));
#5118=CARTESIAN_POINT('',(-4.52964080038834,-5.9958528770412,-11.5030474812593));
#5119=CARTESIAN_POINT('',(-4.52964080038834,-5.9958528770412,-11.5030474812593));
#5120=CARTESIAN_POINT('',(-4.52964080038834,-2.48039083466997,-11.5030474812593));
#5121=CARTESIAN_POINT('',(-4.52964080038834,-2.48039083466997,-11.5030474812593));
#5122=CARTESIAN_POINT('',(4.52964080038834,-2.48039083466997,-11.5030474812593));
#5123=CARTESIAN_POINT('',(4.52964080038834,-2.48039083466997,-11.5030474812593));
#5124=CARTESIAN_POINT('',(0.,0.,0.));
#5125=CARTESIAN_POINT('',(-3.35847056060946E-16,-5.4849798061665,-9.09589377176361E-16));
#5126=CARTESIAN_POINT('',(-3.35847056060946E-16,-5.4849798061665,-7.16060847489595));
#5127=CARTESIAN_POINT('',(-4.52964080038834,-2.48039083466997,-11.5030474812593));
#5128=CARTESIAN_POINT('',(-4.52964080038834,-2.48039083466996,-16.2165152149575));
#5129=CARTESIAN_POINT('',(-4.52964080038834,-2.48039083466996,-16.2165152149575));
#5130=CARTESIAN_POINT('',(4.52964080038834,-2.48039083466996,-16.2165152149575));
#5131=CARTESIAN_POINT('',(4.52964080038834,-2.48039083466997,-11.5030474812593));
#5132=CARTESIAN_POINT('',(-4.52964080038834,-2.48039083466997,-11.5030474812593));
#5133=CARTESIAN_POINT('',(4.52964080038834,-2.48039083466997,-11.5030474812593));
#5134=CARTESIAN_POINT('',(4.52964080038834,-3.10266436299423,-11.5030474812593));
#5135=CARTESIAN_POINT('',(4.52964080038834,-3.10266436299423,-13.5205628696289));
#5136=CARTESIAN_POINT('',(4.52964080038834,-3.10266436299423,-16.2165152149575));
#5137=CARTESIAN_POINT('',(4.52964080038834,-2.48039083466996,-13.5205628696289));
#5138=CARTESIAN_POINT('',(4.52964080038834,-3.9083286788815,-13.5205628696289));
#5139=CARTESIAN_POINT('',(4.52964080038834,-3.9083286788815,-11.5030474812593));
#5140=CARTESIAN_POINT('',(4.52964080038834,-3.9083286788815,-16.2165152149575));
#5141=CARTESIAN_POINT('',(4.52964080038834,-2.48039083466996,-16.2165152149575));
#5142=CARTESIAN_POINT('',(4.52964080038834,-5.99585287704119,-16.2165152149575));
#5143=CARTESIAN_POINT('',(4.52964080038834,-5.9958528770412,-11.5030474812593));
#5144=CARTESIAN_POINT('',(4.52964080038834,-2.48039083466996,-16.2165152149575));
#5145=CARTESIAN_POINT('',(4.52964080038834,-5.9958528770412,-11.5030474812593));
#5146=CARTESIAN_POINT('',(4.52964080038834,-5.99585287704119,-16.2165152149575));
#5147=CARTESIAN_POINT('',(-4.52964080038834,-5.99585287704119,-16.2165152149575));
#5148=CARTESIAN_POINT('',(-4.52964080038834,-5.9958528770412,-11.5030474812593));
#5149=CARTESIAN_POINT('',(-4.52964080038834,-5.9958528770412,-11.5030474812593));
#5150=CARTESIAN_POINT('',(-4.52964080038834,-3.10266436299423,-11.5030474812593));
#5151=CARTESIAN_POINT('',(-4.52964080038834,-3.10266436299423,-16.2165152149575));
#5152=CARTESIAN_POINT('',(-4.52964080038834,-3.10266436299423,-13.5205628696289));
#5153=CARTESIAN_POINT('',(-4.52964080038834,-5.99585287704119,-16.2165152149575));
#5154=CARTESIAN_POINT('',(-4.52964080038834,-5.99585287704119,-16.2165152149575));
#5155=CARTESIAN_POINT('',(-4.52964080038834,-3.9083286788815,-16.2165152149575));
#5156=CARTESIAN_POINT('',(-4.52964080038834,-3.9083286788815,-11.5030474812593));
#5157=CARTESIAN_POINT('',(-4.52964080038834,-3.9083286788815,-13.5205628696289));
#5158=CARTESIAN_POINT('',(-4.52964080038834,-5.99585287704119,-13.5205628696289));
#5159=CARTESIAN_POINT('',(-3.35847056060946E-16,-5.4849798061665,-9.09589377176361E-16));
#5160=CARTESIAN_POINT('',(-3.35847056060946E-16,-5.4849798061665,-9.09589377176361E-16));
#5161=CARTESIAN_POINT('',(-4.60716930016404,-5.4849798061665,-9.09589377176361E-16));
#5162=CARTESIAN_POINT('',(12.248276130121,-3.10266436299423,-13.5205628696289));
#5163=CARTESIAN_POINT('',(4.97742393345434,2.91119233604577E-14,-13.5205628696289));
#5164=CARTESIAN_POINT('',(4.97742393345434,-3.10266436299423,-13.5205628696289));
#5165=CARTESIAN_POINT('',(4.97742393345434,-3.9083286788815,-13.5205628696289));
#5166=CARTESIAN_POINT('',(12.248276130121,-3.9083286788815,-13.5205628696289));
#5167=CARTESIAN_POINT('',(12.248276130121,-3.10266436299423,-13.5205628696289));
#5168=CARTESIAN_POINT('',(12.248276130121,-3.9083286788815,-13.5205628696289));
#5169=CARTESIAN_POINT('',(4.97742393345434,-3.9083286788815,0.));
#5170=CARTESIAN_POINT('',(4.97742393345434,-3.9083286788815,-16.2165152149575));
#5171=CARTESIAN_POINT('',(4.97742393345434,-3.9083286788815,-16.2165152149575));
#5172=CARTESIAN_POINT('',(12.248276130121,-3.10266436299423,-16.4706110041411));
#5173=CARTESIAN_POINT('',(4.97742393345434,-3.10266436299423,0.));
#5174=CARTESIAN_POINT('',(4.97742393345434,-3.10266436299423,-16.2165152149575));
#5175=CARTESIAN_POINT('',(4.97742393345434,-3.10266436299423,-16.2165152149575));
#5176=CARTESIAN_POINT('',(4.97742393345434,-1.95626982099609,-9.63067823780949));
#5177=CARTESIAN_POINT('',(-4.97742393345434,-1.95626982099609,-9.63067823780949));
#5178=CARTESIAN_POINT('',(-4.97742393345434,-1.95626982099609,-9.63067823780949));
#5179=CARTESIAN_POINT('',(-4.97742393345434,-1.95626982099609,-16.2165152149575));
#5180=CARTESIAN_POINT('',(4.97742393345434,-1.95626982099609,-9.63067823780949));
#5181=CARTESIAN_POINT('',(4.97742393345434,-1.95626982099609,-9.63067823780949));
#5182=CARTESIAN_POINT('',(4.97742393345434,-1.95626982099609,-9.63067823780949));
#5183=CARTESIAN_POINT('',(4.97742393345434,-1.95626982099609,-16.2165152149575));
#5184=CARTESIAN_POINT('',(4.97742393345434,-1.95626982099609,-16.2165152149575));
#5185=CARTESIAN_POINT('',(12.248276130121,-3.9083286788815,-13.5205628696289));
#5186=CARTESIAN_POINT('',(12.248276130121,-3.9083286788815,-13.5205628696289));
#5187=CARTESIAN_POINT('',(-4.97742393345434,-3.9083286788815,-13.5205628696289));
#5188=CARTESIAN_POINT('',(4.97742393345434,-3.9083286788815,-16.2165152149575));
#5189=CARTESIAN_POINT('',(-4.97742393345434,-3.9083286788815,-16.2165152149575));
#5190=CARTESIAN_POINT('',(-4.97742393345434,-3.9083286788815,0.));
#5191=CARTESIAN_POINT('',(12.248276130121,-3.10266436299423,-13.5205628696289));
#5192=CARTESIAN_POINT('',(12.248276130121,-3.10266436299423,-13.5205628696289));
#5193=CARTESIAN_POINT('',(-4.97742393345434,-3.10266436299423,-13.5205628696289));
#5194=CARTESIAN_POINT('',(-4.97742393345434,2.91119233604577E-14,-13.5205628696289));
#5195=CARTESIAN_POINT('',(12.248276130121,-3.10266436299423,-16.4706110041411));
#5196=CARTESIAN_POINT('',(4.97742393345434,-3.10266436299423,-16.2165152149575));
#5197=CARTESIAN_POINT('',(-4.97742393345434,-3.10266436299423,-16.2165152149575));
#5198=CARTESIAN_POINT('',(-4.97742393345434,-3.10266436299423,0.));
#5199=CARTESIAN_POINT('',(4.97742393345434,-1.95626982099609,-16.2165152149575));
#5200=CARTESIAN_POINT('',(4.97742393345434,-1.95626982099609,-16.2165152149575));
#5201=CARTESIAN_POINT('',(-4.97742393345434,-1.95626982099609,-16.2165152149575));
#5202=CARTESIAN_POINT('',(4.97742393345434,-1.95626982099609,-16.2165152149575));
#5203=CARTESIAN_POINT('',(-4.97742393345434,-1.95626982099609,-16.2165152149575));
#5204=CARTESIAN_POINT('',(-4.97742393345434,-6.51997389071506,-16.2165152149575));
#5205=CARTESIAN_POINT('',(4.97742393345434,-1.95626982099609,-16.2165152149575));
#5206=CARTESIAN_POINT('',(4.97742393345434,-6.51997389071506,-16.2165152149575));
#5207=CARTESIAN_POINT('',(4.97742393345434,-6.51997389071506,-16.2165152149575));
#5208=CARTESIAN_POINT('',(-3.35847056060946E-16,-5.4849798061665,-9.09589377176361E-16));
#5209=CARTESIAN_POINT('',(4.97742393345434,-6.51997389071506,-9.63067823780949));
#5210=CARTESIAN_POINT('',(-3.74037775515467,-3.98812185585557,-9.63067823780949));
#5211=CARTESIAN_POINT('',(-3.24037775515467,-3.98812185585557,-9.63067823780949));
#5212=CARTESIAN_POINT('',(-3.74037775515467,-3.98812185585557,-9.63067823780949));
#5213=CARTESIAN_POINT('',(-3.24037775515467,-3.98812185585557,-9.63067823780949));
#5214=CARTESIAN_POINT('',(-3.24037775515467,-4.48812185585557,-9.63067823780949));
#5215=CARTESIAN_POINT('',(-3.24037775515467,-4.48812185585557,-9.63067823780949));
#5216=CARTESIAN_POINT('',(-3.74037775515467,-4.48812185585557,-9.63067823780949));
#5217=CARTESIAN_POINT('',(-3.74037775515467,-4.48812185585557,-9.63067823780949));
#5218=CARTESIAN_POINT('',(-4.97742393345434,-6.51997389071506,-9.63067823780949));
#5219=CARTESIAN_POINT('',(4.97742393345434,-6.51997389071506,-9.63067823780949));
#5220=CARTESIAN_POINT('',(4.97742393345434,0.,0.));
#5221=CARTESIAN_POINT('',(4.97742393345434,-6.51997389071506,-16.2165152149575));
#5222=CARTESIAN_POINT('',(-4.97742393345434,0.,0.));
#5223=CARTESIAN_POINT('',(-4.97742393345434,-6.51997389071506,-16.2165152149575));
#5224=CARTESIAN_POINT('',(4.97742393345434,-6.51997389071506,-16.2165152149575));
#5225=CARTESIAN_POINT('',(-3.99220072666283E-16,-6.51997389071506,-1.08122530985333E-15));
#5226=CARTESIAN_POINT('',(0.,0.,0.));
#5227=CARTESIAN_POINT('',(-4.76850171446708E-16,-7.78781148665953,-1.29147432625981E-15));
#5228=CARTESIAN_POINT('',(-4.76850171446708E-16,-7.78781148665953,-12.340202165385));
#5229=CARTESIAN_POINT('',(-4.76850171446708E-16,-7.78781148665953,12.340202165385));
#5230=CARTESIAN_POINT('',(-4.76850171446708E-16,-7.78781148665953,-1.29147432625981E-15));
#5231=CARTESIAN_POINT('',(-4.76850171446708E-16,-7.78781148665953,-11.4953926714524));
#5232=CARTESIAN_POINT('',(0.,0.,0.));
#5233=CARTESIAN_POINT('',(-4.85870412979242E-16,-7.93512807544545,-1.3159042437758E-15));
#5234=CARTESIAN_POINT('',(-4.85870412979242E-16,-7.93512807544545,-11.4953926714524));
#5235=CARTESIAN_POINT('',(-4.85870412979242E-16,-7.93512807544545,11.4953926714524));
#5236=CARTESIAN_POINT('',(-4.85870412979242E-16,-7.93512807544545,-1.3159042437758E-15));
#5237=CARTESIAN_POINT('',(-4.85870412979242E-16,-7.93512807544545,-12.248276130121));
#5238=CARTESIAN_POINT('',(0.,0.,0.));
#5239=CARTESIAN_POINT('',(-2.40932128907148E-15,-39.3485021787,-6.52527098628664E-15));
#5240=CARTESIAN_POINT('',(-2.40932128907148E-15,-39.3485021787,-12.248276130121));
#5241=CARTESIAN_POINT('',(-2.40932128907148E-15,-39.3485021787,12.248276130121));
#5242=CARTESIAN_POINT('',(-2.40932128907148E-15,-39.3485021787,-6.52527098628664E-15));
#5243=CARTESIAN_POINT('',(-2.40932128907148E-15,-39.3485021787,-3.4825845855679));
#5244=CARTESIAN_POINT('',(0.,0.,0.));
#5245=CARTESIAN_POINT('',(-2.41438125979086E-15,-39.431140500861,-6.53897512789548E-15));
#5246=CARTESIAN_POINT('',(-2.41438125979086E-15,-39.431140500861,-3.4825845855679));
#5247=CARTESIAN_POINT('',(-2.41570567948979E-15,-39.4527706303274,-6.54256211211145E-15));
#5248=CARTESIAN_POINT('',(-2.41570567948979E-15,-39.4527706303274,-6.54256211211145E-15));
#5249=CARTESIAN_POINT('',(-2.41570567948979E-15,-39.4527706303274,-12.5));
#5250=CARTESIAN_POINT('',(0.,0.,0.));
#5251=CARTESIAN_POINT('',(-2.68858122624647E-15,-43.9093136803443,-7.28160297652215E-15));
#5252=CARTESIAN_POINT('',(-2.68858122624647E-15,-43.9093136803443,-12.5));
#5253=CARTESIAN_POINT('',(-2.68858122624647E-15,-43.9093136803443,12.251784286572));
#5254=CARTESIAN_POINT('',(-2.68858122624647E-15,-43.9093136803443,-7.28160297652215E-15));
#5255=CARTESIAN_POINT('',(-2.68858122624647E-15,-43.9093136803443,-12.251784286572));
#5256=CARTESIAN_POINT('',(-3.52456082622445E-15,-57.5623475286275,-9.54572335499027E-15));
#5257=CARTESIAN_POINT('',(-2.69333391474447E-15,-43.9869335372586,-7.29447489215395E-15));
#5258=CARTESIAN_POINT('',(-2.69333391474447E-15,-43.9869335372586,-12.251784286572));
#5259=CARTESIAN_POINT('',(-2.69333391474447E-15,-43.9869335372586,12.6447836415096));
#5260=CARTESIAN_POINT('',(-2.69333391474447E-15,-43.9869335372586,-7.29447489215395E-15));
#5261=CARTESIAN_POINT('',(-2.69333391474447E-15,-43.9869335372586,12.5));
#5262=CARTESIAN_POINT('',(0.,0.,0.));
#5263=CARTESIAN_POINT('',(0.,0.,0.));
#5264=CARTESIAN_POINT('',(-3.54719052309659E-15,-57.9319307306337,-9.60701235994698E-15));
#5265=CARTESIAN_POINT('',(-3.54719052309659E-15,-57.9319307306337,-12.5));
#5266=CARTESIAN_POINT('',(-4.34735255606944E-15,-71.,1.99999999999999));
#5267=CARTESIAN_POINT('',(3.52593191118549,-71.,1.49999999999999));
#5268=CARTESIAN_POINT('',(0.850746862539786,-71.,1.49999999999999));
#5269=CARTESIAN_POINT('',(-0.850746862539794,-71.,1.49999999999999));
#5270=CARTESIAN_POINT('',(-4.34735255606944E-15,-71.,-1.1774126443805E-14));
#5271=CARTESIAN_POINT('',(3.52593191118549,-63.,1.49999999999999));
#5272=CARTESIAN_POINT('',(3.52593191118549,-63.,1.49999999999999));
#5273=CARTESIAN_POINT('',(1.3228756555323,-63.,1.49999999999999));
#5274=CARTESIAN_POINT('',(-1.3228756555323,-63.,1.49999999999999));
#5275=CARTESIAN_POINT('',(-3.85751001454049E-15,-63.,-1.04474643092918E-14));
#5276=CARTESIAN_POINT('',(-4.34735255606944E-15,-71.,-1.1774126443805E-14));
#5277=CARTESIAN_POINT('',(-1.32287565553232,-70.7244623,1.49999999999998));
#5278=CARTESIAN_POINT('',(-1.17065691950197,-70.8251455301052,1.49999999999998));
#5279=CARTESIAN_POINT('',(-1.01456036377495,-70.919184187316,1.49999999999999));
#5280=CARTESIAN_POINT('',(-0.850746862539796,-71.,1.49999999999999));
#5281=CARTESIAN_POINT('',(-1.32287565553232,-70.7244623,1.49999999999998));
#5282=CARTESIAN_POINT('',(-4.33048129516256E-15,-70.7244623,-1.17284332646524E-14));
#5283=CARTESIAN_POINT('',(1.32287565553231,-70.7244623,1.49999999999998));
#5284=CARTESIAN_POINT('',(0.850746862539786,-71.,1.49999999999999));
#5285=CARTESIAN_POINT('',(1.01456036377494,-70.919184187316,1.49999999999999));
#5286=CARTESIAN_POINT('',(1.17065691950196,-70.8251455301052,1.49999999999999));
#5287=CARTESIAN_POINT('',(1.3228756555323,-70.7244623,1.49999999999999));
#5288=CARTESIAN_POINT('',(3.52593191118549,-71.,1.49999999999999));
#5289=CARTESIAN_POINT('',(1.32287565553231,-8.10000966540906E-17,1.49999999999999));
#5290=CARTESIAN_POINT('',(-1.32287565553231,8.10000966540906E-17,1.49999999999999));
#5291=CARTESIAN_POINT('',(0.,0.,0.));
#5292=CARTESIAN_POINT('',(-3.69343306395493E-15,-60.3203315486087,-1.0003087475853E-14));
#5293=CARTESIAN_POINT('',(-3.69343306395493E-15,-60.3203315486087,-2.00000000000001));
#5294=CARTESIAN_POINT('',(-3.69343306395493E-15,-60.3203315486087,3.49999999999999));
#5295=CARTESIAN_POINT('',(-3.69343306395493E-15,-60.3203315486087,-1.0003087475853E-14));
#5296=CARTESIAN_POINT('',(-3.69343306395493E-15,-60.3203315486087,-3.50000000000001));
#5297=CARTESIAN_POINT('',(0.,0.,0.));
#5298=CARTESIAN_POINT('',(-3.54719052309659E-15,-57.9319307306337,-9.60701235994698E-15));
#5299=CARTESIAN_POINT('',(-3.54719052309659E-15,-57.9319307306337,-3.50000000000001));
#5300=CARTESIAN_POINT('',(-3.54719052309659E-15,-57.9319307306337,12.5));
#5301=CARTESIAN_POINT('',(-3.24037775515467,-4.48812185585557,-9.05428549937607));
#5302=CARTESIAN_POINT('',(-3.24037775515467,-4.48812185585557,-9.05428549937607));
#5303=CARTESIAN_POINT('',(-3.24037775515467,-4.48812185585556,-9.05428549937607));
#5304=CARTESIAN_POINT('',(-3.24037775515467,-4.48812185585557,-9.05428549937607));
#5305=CARTESIAN_POINT('',(-3.74037775515467,-4.48812185585556,-9.05428549937607));
#5306=CARTESIAN_POINT('',(-3.74037775515467,-4.48812185585557,-9.05428549937607));
#5307=CARTESIAN_POINT('',(-3.74037775515467,-3.98812185585557,-9.05428549937607));
#5308=CARTESIAN_POINT('',(-3.74037775515467,-3.98812185585557,-9.05428549937607));
#5309=CARTESIAN_POINT('',(-3.74037775515467,-3.98812185585556,-9.05428549937607));
#5310=CARTESIAN_POINT('',(-3.74037775515467,-3.98812185585557,-9.05428549937607));
#5311=CARTESIAN_POINT('',(-3.24037775515467,-3.98812185585556,-9.05428549937607));
#5312=CARTESIAN_POINT('',(-3.24037775515467,-3.98812185585557,-9.05428549937607));
#5313=CARTESIAN_POINT('',(-3.49037775515467,-4.99112431308623,-9.05428549937607));
#5314=CARTESIAN_POINT('',(-3.24037775515467,-4.99112431308623,-9.05428549937607));
#5315=CARTESIAN_POINT('',(-3.24037775515467,-4.99112431308623,-8.55128304214542));
#5316=CARTESIAN_POINT('',(-3.24037775515467,-4.99112431308623,-8.55128304214542));
#5317=CARTESIAN_POINT('',(-3.74037775515467,-4.99112431308623,-8.55128304214542));
#5318=CARTESIAN_POINT('',(-3.74037775515467,-4.99112431308623,-9.05428549937607));
#5319=CARTESIAN_POINT('',(-3.49037775515467,-4.99112431308623,-9.05428549937607));
#5320=CARTESIAN_POINT('',(-3.74037775515467,-4.99112431308623,-9.05428549937607));
#5321=CARTESIAN_POINT('',(-3.74037775515467,-4.99112431308623,-8.05128304214542));
#5322=CARTESIAN_POINT('',(-3.74037775515467,-4.99112431308623,-8.05128304214542));
#5323=CARTESIAN_POINT('',(-3.24037775515467,-4.99112431308623,-8.05128304214542));
#5324=CARTESIAN_POINT('',(-3.24037775515467,-4.99112431308623,-9.05428549937607));
#5325=CARTESIAN_POINT('',(-3.24037775515467,-6.51997389071506,-8.05128304214542));
#5326=CARTESIAN_POINT('',(-3.24037775515467,-6.51997389071506,-8.55128304214542));
#5327=CARTESIAN_POINT('',(-3.24037775515467,-6.51997389071506,-8.05128304214542));
#5328=CARTESIAN_POINT('',(-3.24037775515467,-6.51997389071506,-8.55128304214542));
#5329=CARTESIAN_POINT('',(-3.74037775515467,-6.51997389071506,-8.55128304214542));
#5330=CARTESIAN_POINT('',(-3.74037775515467,-6.51997389071506,-8.55128304214542));
#5331=CARTESIAN_POINT('',(-3.74037775515467,-6.51997389071506,-8.05128304214542));
#5332=CARTESIAN_POINT('',(-3.74037775515467,-6.51997389071506,-8.05128304214542));
#5333=MECHANICAL_DESIGN_GEOMETRIC_PRESENTATION_REPRESENTATION('',(#2479,
#2480,#2481,#2482,#2483,#2484,#2485,#2486,#2487,#2488,#2489,#2490,#2491,
#2492,#2493,#2494,#2495,#2496,#2497,#2498,#2499,#2500,#2501,#2502,#2503,
#2504,#2505,#2506,#2507,#2508,#2509,#2510,#2511,#2512,#2513,#2514,#2515,
#2516,#2517,#2518,#2519,#2520,#2521,#2522,#2523,#2524,#2525,#2526,#2527,
#2528,#2529,#2530,#2531,#2532,#2533,#2534,#2535,#2536,#2537,#2538,#2539,
#2540,#2541,#2542,#2543,#2544,#2545,#2546,#2547,#2548,#2549,#2550,#2551,
#2552,#2553,#2554,#2555,#2556,#2557,#2558,#2559,#2560,#2561,#2562,#2563,
#2564,#2565,#2566,#2567,#2568,#2569,#2570,#2571,#2572,#2573,#2574,#2575,
#2576,#2577,#2578,#2579,#2580,#2581,#2582,#2583,#2584,#2585,#2586,#2587,
#2588,#2589,#2590,#2591,#2592,#2593,#2594,#2595,#2596,#2597,#2598,#2599,
#2600,#2601,#2602,#2603,#2604,#2605,#2606,#2607,#2608,#2609,#2610,#2611,
#2612,#2613,#2614,#2615,#2616,#2617,#2618,#2619,#2620,#2621,#2622,#2623,
#2624,#2625,#2626,#2627,#2628),#5334);
#5334=(
GEOMETRIC_REPRESENTATION_CONTEXT(3)
GLOBAL_UNCERTAINTY_ASSIGNED_CONTEXT((#5335))
GLOBAL_UNIT_ASSIGNED_CONTEXT((#5338,#5337,#5336))
REPRESENTATION_CONTEXT('FIT0520','TOP_LEVEL_ASSEMBLY_PART')
);
#5335=UNCERTAINTY_MEASURE_WITH_UNIT(LENGTH_MEASURE(0.005),#5338,
'DISTANCE_ACCURACY_VALUE','Maximum Tolerance applied to model');
#5336=(
NAMED_UNIT(*)
SI_UNIT($,.STERADIAN.)
SOLID_ANGLE_UNIT()
);
#5337=(
NAMED_UNIT(*)
PLANE_ANGLE_UNIT()
SI_UNIT($,.RADIAN.)
);
#5338=(
LENGTH_UNIT()
NAMED_UNIT(*)
SI_UNIT(.MILLI.,.METRE.)
);
#5339=PRODUCT_DEFINITION_SHAPE('','',#5340);
#5340=PRODUCT_DEFINITION('','',#5342,#5341);
#5341=PRODUCT_DEFINITION_CONTEXT('',#5348,'design');
#5342=PRODUCT_DEFINITION_FORMATION_WITH_SPECIFIED_SOURCE('','',#5344,
 .NOT_KNOWN.);
#5343=PRODUCT_RELATED_PRODUCT_CATEGORY('','',(#5344));
#5344=PRODUCT('FIT0520','FIT0520','FIT0520',(#5346));
#5345=PRODUCT_CATEGORY('','');
#5346=PRODUCT_CONTEXT('',#5348,'mechanical');
#5347=APPLICATION_PROTOCOL_DEFINITION('international standard',
'automotive_design',2010,#5348);
#5348=APPLICATION_CONTEXT(
'core data for automotive mechanical design processes');
ENDSEC;
END-ISO-10303-21;
