ISO-10303-21;
HEADER;
/* Generated by software containing ST-Developer
 * from STEP Tools, Inc. (www.steptools.com) 
 */

FILE_DESCRIPTION(
/* description */ (''),
/* implementation_level */ '2;1');

FILE_NAME(
/* name */ 'up_body2.step',
/* time_stamp */ '2026-01-02T12:11:32+01:00',
/* author */ (''),
/* organization */ (''),
/* preprocessor_version */ 'ST-DEVELOPER v20.1',
/* originating_system */ 'Autodesk Translation Framework v14.21.0.0',
/* authorisation */ '');

FILE_SCHEMA (('AUTOMOTIVE_DESIGN { 1 0 10303 214 3 1 1 }'));
ENDSEC;

DATA;
#10=MECHANICAL_DESIGN_GEOMETRIC_PRESENTATION_REPRESENTATION('',(#13),#4147);
#11=SHAPE_REPRESENTATION_RELATIONSHIP('SRR','None',#4153,#12);
#12=ADVANCED_BREP_SHAPE_REPRESENTATION('',(#14),#4146);
#13=STYLED_ITEM('',(#4163),#14);
#14=MANIFOLD_SOLID_BREP('Body22',#1321);
#15=B_SPLINE_SURFACE_WITH_KNOTS('',3,3,((#3137,#3138,#3139,#3140,#3141,
#3142,#3143,#3144,#3145,#3146,#3147,#3148,#3149,#3150,#3151,#3152,#3153,
#3154,#3155,#3156,#3157,#3158,#3159,#3160,#3161,#3162,#3163,#3164,#3165,
#3166,#3167,#3168,#3169,#3170,#3171,#3172,#3173,#3174,#3175,#3176,#3177,
#3178,#3179,#3180,#3181,#3182,#3183,#3184,#3185,#3186,#3187,#3188,#3189,
#3190,#3191,#3192,#3193,#3194,#3195,#3196,#3197,#3198,#3199,#3200,#3201,
#3202,#3203,#3204,#3205,#3206,#3207,#3208,#3209,#3210,#3211,#3212,#3213,
#3214,#3215,#3216,#3217,#3218,#3219,#3220,#3221,#3222,#3223,#3224,#3225),
(#3226,#3227,#3228,#3229,#3230,#3231,#3232,#3233,#3234,#3235,#3236,#3237,
#3238,#3239,#3240,#3241,#3242,#3243,#3244,#3245,#3246,#3247,#3248,#3249,
#3250,#3251,#3252,#3253,#3254,#3255,#3256,#3257,#3258,#3259,#3260,#3261,
#3262,#3263,#3264,#3265,#3266,#3267,#3268,#3269,#3270,#3271,#3272,#3273,
#3274,#3275,#3276,#3277,#3278,#3279,#3280,#3281,#3282,#3283,#3284,#3285,
#3286,#3287,#3288,#3289,#3290,#3291,#3292,#3293,#3294,#3295,#3296,#3297,
#3298,#3299,#3300,#3301,#3302,#3303,#3304,#3305,#3306,#3307,#3308,#3309,
#3310,#3311,#3312,#3313,#3314),(#3315,#3316,#3317,#3318,#3319,#3320,#3321,
#3322,#3323,#3324,#3325,#3326,#3327,#3328,#3329,#3330,#3331,#3332,#3333,
#3334,#3335,#3336,#3337,#3338,#3339,#3340,#3341,#3342,#3343,#3344,#3345,
#3346,#3347,#3348,#3349,#3350,#3351,#3352,#3353,#3354,#3355,#3356,#3357,
#3358,#3359,#3360,#3361,#3362,#3363,#3364,#3365,#3366,#3367,#3368,#3369,
#3370,#3371,#3372,#3373,#3374,#3375,#3376,#3377,#3378,#3379,#3380,#3381,
#3382,#3383,#3384,#3385,#3386,#3387,#3388,#3389,#3390,#3391,#3392,#3393,
#3394,#3395,#3396,#3397,#3398,#3399,#3400,#3401,#3402,#3403),(#3404,#3405,
#3406,#3407,#3408,#3409,#3410,#3411,#3412,#3413,#3414,#3415,#3416,#3417,
#3418,#3419,#3420,#3421,#3422,#3423,#3424,#3425,#3426,#3427,#3428,#3429,
#3430,#3431,#3432,#3433,#3434,#3435,#3436,#3437,#3438,#3439,#3440,#3441,
#3442,#3443,#3444,#3445,#3446,#3447,#3448,#3449,#3450,#3451,#3452,#3453,
#3454,#3455,#3456,#3457,#3458,#3459,#3460,#3461,#3462,#3463,#3464,#3465,
#3466,#3467,#3468,#3469,#3470,#3471,#3472,#3473,#3474,#3475,#3476,#3477,
#3478,#3479,#3480,#3481,#3482,#3483,#3484,#3485,#3486,#3487,#3488,#3489,
#3490,#3491,#3492)),.UNSPECIFIED.,.F.,.F.,.F.,(4,4),(4,1,1,1,1,1,1,1,1,
1,1,1,1,1,1,1,1,1,1,1,1,1,1,1,1,1,1,1,1,1,1,1,1,1,1,1,1,1,1,1,1,1,1,1,1,
1,1,1,1,1,1,1,1,1,1,1,1,1,1,1,1,1,1,1,1,1,1,1,1,1,1,1,1,1,1,1,1,1,1,1,1,
1,1,1,1,1,4),(0.,0.0291273210806172),(11.8408508686654,12.8386331328084,
13.8364153969514,14.8341976610944,15.8319799252374,16.8297621893803,17.8275444535233,
18.8253267176663,19.8231089818093,20.8208912459523,21.8186735100953,22.8164557742383,
23.8142380383813,24.8120203025243,25.8098025666672,26.8075848308102,27.8053670949532,
28.8031493590962,29.8009316232392,30.7987138873822,31.7964961515252,32.7942784156682,
33.7920606798112,34.7898429439541,35.7876252080971,36.7854074722401,37.7831897363831,
38.7809720005261,39.7787542646691,40.7765365288121,41.7743187929551,42.7721010570981,
43.769883321241,44.767665585384,45.765447849527,46.76323011367,47.761012377813,
48.758794641956,49.756576906099,50.754359170242,51.752141434385,52.7499236985279,
53.7477059626709,54.7454882268139,55.7432704909569,56.7410527550999,57.7388350192429,
58.7366172833859,59.7343995475289,60.7321818116719,61.7299640758148,62.7277463399578,
63.7255286041008,64.7233108682438,65.7210931323868,66.7188753965298,67.7166576606728,
68.7144399248158,69.7122221889587,70.7100044531017,71.7077867172447,72.7055689813877,
73.7033512455307,74.7011335096737,75.6989157738167,76.6966980379597,77.6944803021027,
78.6922625662457,79.6900448303886,80.6878270945316,81.6856093586746,82.6833916228176,
83.6811738869606,84.6789561511036,85.6767384152466,86.6745206793896,87.6723029435326,
88.6700852076755,89.6678674718185,90.6656497359615,91.6634320001045,92.6612142642475,
93.6589965283905,94.6567787925335,95.6545610566765,96.6523433208195,97.6501255849624),
 .UNSPECIFIED.);
#16=B_SPLINE_SURFACE_WITH_KNOTS('',3,3,((#3597,#3598,#3599,#3600,#3601,
#3602,#3603,#3604,#3605,#3606,#3607,#3608,#3609,#3610,#3611,#3612,#3613,
#3614,#3615,#3616,#3617,#3618,#3619,#3620,#3621,#3622,#3623,#3624,#3625,
#3626,#3627,#3628,#3629,#3630,#3631,#3632,#3633,#3634,#3635,#3636,#3637,
#3638,#3639,#3640,#3641,#3642,#3643,#3644,#3645,#3646,#3647,#3648,#3649,
#3650,#3651,#3652,#3653,#3654,#3655,#3656,#3657,#3658,#3659,#3660,#3661,
#3662,#3663,#3664,#3665,#3666,#3667,#3668,#3669,#3670,#3671,#3672,#3673,
#3674,#3675,#3676,#3677,#3678,#3679,#3680,#3681,#3682,#3683,#3684,#3685),
(#3686,#3687,#3688,#3689,#3690,#3691,#3692,#3693,#3694,#3695,#3696,#3697,
#3698,#3699,#3700,#3701,#3702,#3703,#3704,#3705,#3706,#3707,#3708,#3709,
#3710,#3711,#3712,#3713,#3714,#3715,#3716,#3717,#3718,#3719,#3720,#3721,
#3722,#3723,#3724,#3725,#3726,#3727,#3728,#3729,#3730,#3731,#3732,#3733,
#3734,#3735,#3736,#3737,#3738,#3739,#3740,#3741,#3742,#3743,#3744,#3745,
#3746,#3747,#3748,#3749,#3750,#3751,#3752,#3753,#3754,#3755,#3756,#3757,
#3758,#3759,#3760,#3761,#3762,#3763,#3764,#3765,#3766,#3767,#3768,#3769,
#3770,#3771,#3772,#3773,#3774),(#3775,#3776,#3777,#3778,#3779,#3780,#3781,
#3782,#3783,#3784,#3785,#3786,#3787,#3788,#3789,#3790,#3791,#3792,#3793,
#3794,#3795,#3796,#3797,#3798,#3799,#3800,#3801,#3802,#3803,#3804,#3805,
#3806,#3807,#3808,#3809,#3810,#3811,#3812,#3813,#3814,#3815,#3816,#3817,
#3818,#3819,#3820,#3821,#3822,#3823,#3824,#3825,#3826,#3827,#3828,#3829,
#3830,#3831,#3832,#3833,#3834,#3835,#3836,#3837,#3838,#3839,#3840,#3841,
#3842,#3843,#3844,#3845,#3846,#3847,#3848,#3849,#3850,#3851,#3852,#3853,
#3854,#3855,#3856,#3857,#3858,#3859,#3860,#3861,#3862,#3863),(#3864,#3865,
#3866,#3867,#3868,#3869,#3870,#3871,#3872,#3873,#3874,#3875,#3876,#3877,
#3878,#3879,#3880,#3881,#3882,#3883,#3884,#3885,#3886,#3887,#3888,#3889,
#3890,#3891,#3892,#3893,#3894,#3895,#3896,#3897,#3898,#3899,#3900,#3901,
#3902,#3903,#3904,#3905,#3906,#3907,#3908,#3909,#3910,#3911,#3912,#3913,
#3914,#3915,#3916,#3917,#3918,#3919,#3920,#3921,#3922,#3923,#3924,#3925,
#3926,#3927,#3928,#3929,#3930,#3931,#3932,#3933,#3934,#3935,#3936,#3937,
#3938,#3939,#3940,#3941,#3942,#3943,#3944,#3945,#3946,#3947,#3948,#3949,
#3950,#3951,#3952)),.UNSPECIFIED.,.F.,.F.,.F.,(4,4),(4,1,1,1,1,1,1,1,1,
1,1,1,1,1,1,1,1,1,1,1,1,1,1,1,1,1,1,1,1,1,1,1,1,1,1,1,1,1,1,1,1,1,1,1,1,
1,1,1,1,1,1,1,1,1,1,1,1,1,1,1,1,1,1,1,1,1,1,1,1,1,1,1,1,1,1,1,1,1,1,1,1,
1,1,1,1,1,4),(0.,0.0291273210806172),(14.4000123930734,15.3977946572164,
16.3955769213594,17.3933591855024,18.3911414496453,19.3889237137883,20.3867059779313,
21.3844882420743,22.3822705062173,23.3800527703603,24.3778350345033,25.3756172986463,
26.3733995627893,27.3711818269323,28.3689640910752,29.3667463552182,30.3645286193612,
31.3623108835042,32.3600931476472,33.3578754117902,34.3556576759332,35.3534399400762,
36.3512222042192,37.3490044683621,38.3467867325051,39.3445689966481,40.3423512607911,
41.3401335249341,42.3379157890771,43.3356980532201,44.3334803173631,45.3312625815061,
46.329044845649,47.326827109792,48.324609373935,49.322391638078,50.320173902221,
51.317956166364,52.315738430507,53.31352069465,54.311302958793,55.3090852229359,
56.3068674870789,57.3046497512219,58.3024320153649,59.3002142795079,60.2979965436509,
61.2957788077939,62.2935610719369,63.2913433360798,64.2891256002228,65.2869078643658,
66.2846901285088,67.2824723926518,68.2802546567948,69.2780369209378,70.2758191850808,
71.2736014492238,72.2713837133668,73.2691659775097,74.2669482416527,75.2647305057957,
76.2625127699387,77.2602950340817,78.2580772982247,79.2558595623677,80.2536418265107,
81.2514240906537,82.2492063547966,83.2469886189396,84.2447708830826,85.2425531472256,
86.2403354113686,87.2381176755116,88.2358999396546,89.2336822037976,90.2314644679406,
91.2292467320836,92.2270289962265,93.2248112603695,94.2225935245125,95.2203757886555,
96.2181580527985,97.2159403169415,98.2137225810845,99.2115048452275,100.20928710937),
 .UNSPECIFIED.);
#17=FACE_BOUND('',#146,.T.);
#18=FACE_BOUND('',#153,.T.);
#19=FACE_BOUND('',#154,.T.);
#20=FACE_BOUND('',#155,.T.);
#21=FACE_BOUND('',#156,.T.);
#22=FACE_BOUND('',#157,.T.);
#23=FACE_BOUND('',#162,.T.);
#24=FACE_BOUND('',#165,.T.);
#25=FACE_BOUND('',#167,.T.);
#26=FACE_BOUND('',#169,.T.);
#27=FACE_BOUND('',#171,.T.);
#28=PLANE('',#1357);
#29=PLANE('',#1374);
#30=PLANE('',#1402);
#31=PLANE('',#1404);
#32=PLANE('',#1407);
#33=PLANE('',#1410);
#34=PLANE('',#1413);
#35=PLANE('',#1421);
#36=PLANE('',#1424);
#37=PLANE('',#1427);
#38=PLANE('',#1432);
#39=PLANE('',#1434);
#40=PLANE('',#1436);
#41=PLANE('',#1438);
#42=TOROIDAL_SURFACE('',#1354,6.23014359525923,3.);
#43=TOROIDAL_SURFACE('',#1361,6.23476413286251,3.);
#44=TOROIDAL_SURFACE('',#1363,6.21567891626738,3.);
#45=TOROIDAL_SURFACE('',#1365,6.2333646721101,3.);
#46=TOROIDAL_SURFACE('',#1367,3.5,1.);
#47=FACE_OUTER_BOUND('',#117,.T.);
#48=FACE_OUTER_BOUND('',#118,.T.);
#49=FACE_OUTER_BOUND('',#119,.T.);
#50=FACE_OUTER_BOUND('',#120,.T.);
#51=FACE_OUTER_BOUND('',#121,.T.);
#52=FACE_OUTER_BOUND('',#122,.T.);
#53=FACE_OUTER_BOUND('',#123,.T.);
#54=FACE_OUTER_BOUND('',#124,.T.);
#55=FACE_OUTER_BOUND('',#125,.T.);
#56=FACE_OUTER_BOUND('',#126,.T.);
#57=FACE_OUTER_BOUND('',#127,.T.);
#58=FACE_OUTER_BOUND('',#128,.T.);
#59=FACE_OUTER_BOUND('',#129,.T.);
#60=FACE_OUTER_BOUND('',#130,.T.);
#61=FACE_OUTER_BOUND('',#131,.T.);
#62=FACE_OUTER_BOUND('',#132,.T.);
#63=FACE_OUTER_BOUND('',#133,.T.);
#64=FACE_OUTER_BOUND('',#134,.T.);
#65=FACE_OUTER_BOUND('',#135,.T.);
#66=FACE_OUTER_BOUND('',#136,.T.);
#67=FACE_OUTER_BOUND('',#137,.T.);
#68=FACE_OUTER_BOUND('',#138,.T.);
#69=FACE_OUTER_BOUND('',#139,.T.);
#70=FACE_OUTER_BOUND('',#140,.T.);
#71=FACE_OUTER_BOUND('',#141,.T.);
#72=FACE_OUTER_BOUND('',#142,.T.);
#73=FACE_OUTER_BOUND('',#143,.T.);
#74=FACE_OUTER_BOUND('',#144,.T.);
#75=FACE_OUTER_BOUND('',#145,.T.);
#76=FACE_OUTER_BOUND('',#147,.T.);
#77=FACE_OUTER_BOUND('',#148,.T.);
#78=FACE_OUTER_BOUND('',#149,.T.);
#79=FACE_OUTER_BOUND('',#150,.T.);
#80=FACE_OUTER_BOUND('',#151,.T.);
#81=FACE_OUTER_BOUND('',#152,.T.);
#82=FACE_OUTER_BOUND('',#158,.T.);
#83=FACE_OUTER_BOUND('',#159,.T.);
#84=FACE_OUTER_BOUND('',#160,.T.);
#85=FACE_OUTER_BOUND('',#161,.T.);
#86=FACE_OUTER_BOUND('',#163,.T.);
#87=FACE_OUTER_BOUND('',#164,.T.);
#88=FACE_OUTER_BOUND('',#166,.T.);
#89=FACE_OUTER_BOUND('',#168,.T.);
#90=FACE_OUTER_BOUND('',#170,.T.);
#91=FACE_OUTER_BOUND('',#172,.T.);
#92=FACE_OUTER_BOUND('',#173,.T.);
#93=FACE_OUTER_BOUND('',#174,.T.);
#94=FACE_OUTER_BOUND('',#175,.T.);
#95=FACE_OUTER_BOUND('',#176,.T.);
#96=FACE_OUTER_BOUND('',#177,.T.);
#97=FACE_OUTER_BOUND('',#178,.T.);
#98=FACE_OUTER_BOUND('',#179,.T.);
#99=FACE_OUTER_BOUND('',#180,.T.);
#100=FACE_OUTER_BOUND('',#181,.T.);
#101=FACE_OUTER_BOUND('',#182,.T.);
#102=FACE_OUTER_BOUND('',#183,.T.);
#103=FACE_OUTER_BOUND('',#184,.T.);
#104=FACE_OUTER_BOUND('',#185,.T.);
#105=FACE_OUTER_BOUND('',#186,.T.);
#106=FACE_OUTER_BOUND('',#187,.T.);
#107=FACE_OUTER_BOUND('',#188,.T.);
#108=FACE_OUTER_BOUND('',#189,.T.);
#109=FACE_OUTER_BOUND('',#190,.T.);
#110=FACE_OUTER_BOUND('',#191,.T.);
#111=FACE_OUTER_BOUND('',#192,.T.);
#112=FACE_OUTER_BOUND('',#193,.T.);
#113=FACE_OUTER_BOUND('',#194,.T.);
#114=FACE_OUTER_BOUND('',#195,.T.);
#115=FACE_OUTER_BOUND('',#196,.T.);
#116=FACE_OUTER_BOUND('',#197,.T.);
#117=EDGE_LOOP('',(#800,#801,#802,#803));
#118=EDGE_LOOP('',(#804,#805,#806,#807));
#119=EDGE_LOOP('',(#808,#809,#810,#811));
#120=EDGE_LOOP('',(#812,#813,#814,#815));
#121=EDGE_LOOP('',(#816,#817,#818,#819));
#122=EDGE_LOOP('',(#820,#821,#822,#823));
#123=EDGE_LOOP('',(#824,#825,#826,#827));
#124=EDGE_LOOP('',(#828,#829,#830,#831));
#125=EDGE_LOOP('',(#832,#833,#834,#835));
#126=EDGE_LOOP('',(#836,#837,#838,#839));
#127=EDGE_LOOP('',(#840,#841,#842,#843));
#128=EDGE_LOOP('',(#844,#845,#846,#847));
#129=EDGE_LOOP('',(#848,#849,#850,#851));
#130=EDGE_LOOP('',(#852,#853,#854,#855));
#131=EDGE_LOOP('',(#856,#857,#858,#859));
#132=EDGE_LOOP('',(#860,#861,#862,#863));
#133=EDGE_LOOP('',(#864,#865,#866,#867));
#134=EDGE_LOOP('',(#868,#869,#870,#871));
#135=EDGE_LOOP('',(#872,#873,#874,#875));
#136=EDGE_LOOP('',(#876,#877,#878,#879));
#137=EDGE_LOOP('',(#880,#881,#882,#883));
#138=EDGE_LOOP('',(#884,#885,#886,#887));
#139=EDGE_LOOP('',(#888,#889,#890,#891));
#140=EDGE_LOOP('',(#892,#893,#894,#895));
#141=EDGE_LOOP('',(#896,#897,#898,#899));
#142=EDGE_LOOP('',(#900,#901,#902,#903));
#143=EDGE_LOOP('',(#904,#905,#906,#907));
#144=EDGE_LOOP('',(#908,#909,#910,#911,#912,#913));
#145=EDGE_LOOP('',(#914,#915,#916,#917,#918,#919,#920,#921));
#146=EDGE_LOOP('',(#922,#923,#924,#925));
#147=EDGE_LOOP('',(#926,#927,#928,#929,#930,#931));
#148=EDGE_LOOP('',(#932,#933,#934,#935,#936,#937));
#149=EDGE_LOOP('',(#938,#939,#940,#941,#942,#943));
#150=EDGE_LOOP('',(#944,#945,#946,#947,#948));
#151=EDGE_LOOP('',(#949,#950,#951,#952,#953));
#152=EDGE_LOOP('',(#954,#955,#956,#957,#958,#959,#960,#961,#962,#963,#964,
#965,#966,#967,#968,#969,#970,#971,#972,#973));
#153=EDGE_LOOP('',(#974));
#154=EDGE_LOOP('',(#975,#976,#977));
#155=EDGE_LOOP('',(#978,#979,#980));
#156=EDGE_LOOP('',(#981,#982,#983));
#157=EDGE_LOOP('',(#984));
#158=EDGE_LOOP('',(#985,#986,#987,#988));
#159=EDGE_LOOP('',(#989,#990,#991,#992,#993,#994,#995,#996,#997,#998,#999,
#1000,#1001,#1002,#1003,#1004,#1005,#1006,#1007,#1008,#1009,#1010,#1011,
#1012,#1013,#1014,#1015,#1016,#1017,#1018,#1019));
#160=EDGE_LOOP('',(#1020,#1021,#1022,#1023,#1024,#1025,#1026,#1027,#1028,
#1029,#1030,#1031,#1032,#1033,#1034,#1035,#1036,#1037,#1038,#1039,#1040,
#1041,#1042,#1043,#1044,#1045,#1046,#1047,#1048,#1049,#1050));
#161=EDGE_LOOP('',(#1051));
#162=EDGE_LOOP('',(#1052,#1053,#1054,#1055));
#163=EDGE_LOOP('',(#1056,#1057,#1058,#1059));
#164=EDGE_LOOP('',(#1060));
#165=EDGE_LOOP('',(#1061));
#166=EDGE_LOOP('',(#1062));
#167=EDGE_LOOP('',(#1063));
#168=EDGE_LOOP('',(#1064));
#169=EDGE_LOOP('',(#1065));
#170=EDGE_LOOP('',(#1066));
#171=EDGE_LOOP('',(#1067));
#172=EDGE_LOOP('',(#1068,#1069,#1070,#1071));
#173=EDGE_LOOP('',(#1072,#1073,#1074,#1075));
#174=EDGE_LOOP('',(#1076,#1077,#1078,#1079));
#175=EDGE_LOOP('',(#1080,#1081,#1082,#1083));
#176=EDGE_LOOP('',(#1084,#1085,#1086,#1087));
#177=EDGE_LOOP('',(#1088,#1089));
#178=EDGE_LOOP('',(#1090,#1091));
#179=EDGE_LOOP('',(#1092,#1093));
#180=EDGE_LOOP('',(#1094,#1095,#1096,#1097));
#181=EDGE_LOOP('',(#1098,#1099,#1100,#1101));
#182=EDGE_LOOP('',(#1102,#1103,#1104,#1105,#1106,#1107));
#183=EDGE_LOOP('',(#1108,#1109,#1110,#1111));
#184=EDGE_LOOP('',(#1112,#1113,#1114,#1115,#1116,#1117));
#185=EDGE_LOOP('',(#1118,#1119,#1120,#1121));
#186=EDGE_LOOP('',(#1122,#1123,#1124,#1125,#1126,#1127));
#187=EDGE_LOOP('',(#1128,#1129,#1130,#1131));
#188=EDGE_LOOP('',(#1132,#1133,#1134,#1135,#1136,#1137));
#189=EDGE_LOOP('',(#1138,#1139,#1140,#1141));
#190=EDGE_LOOP('',(#1142,#1143,#1144,#1145,#1146,#1147,#1148,#1149));
#191=EDGE_LOOP('',(#1150,#1151,#1152,#1153,#1154,#1155,#1156,#1157));
#192=EDGE_LOOP('',(#1158,#1159,#1160,#1161,#1162,#1163,#1164,#1165));
#193=EDGE_LOOP('',(#1166,#1167,#1168,#1169,#1170,#1171,#1172,#1173));
#194=EDGE_LOOP('',(#1174,#1175,#1176,#1177,#1178,#1179,#1180,#1181));
#195=EDGE_LOOP('',(#1182,#1183,#1184,#1185,#1186,#1187,#1188,#1189));
#196=EDGE_LOOP('',(#1190,#1191,#1192,#1193,#1194,#1195,#1196,#1197));
#197=EDGE_LOOP('',(#1198,#1199,#1200,#1201));
#198=CIRCLE('',#1324,1.03775);
#199=CIRCLE('',#1337,1.03775);
#200=CIRCLE('',#1339,1.29);
#201=CIRCLE('',#1353,1.29);
#202=CIRCLE('',#1355,3.23014359525923);
#203=CIRCLE('',#1356,6.23014359525923);
#204=CIRCLE('',#1358,6.23476413286251);
#205=CIRCLE('',#1359,6.21567891626738);
#206=CIRCLE('',#1360,6.2333646721101);
#207=CIRCLE('',#1362,3.23476413286251);
#208=CIRCLE('',#1364,3.21567891626738);
#209=CIRCLE('',#1366,3.2333646721101);
#210=CIRCLE('',#1368,2.5);
#211=CIRCLE('',#1369,1.);
#212=CIRCLE('',#1370,3.5);
#213=CIRCLE('',#1371,2.5);
#214=CIRCLE('',#1373,2.5);
#215=CIRCLE('',#1375,3.23014359525923);
#216=CIRCLE('',#1376,3.23014359525923);
#217=CIRCLE('',#1377,4.);
#218=CIRCLE('',#1378,4.);
#219=CIRCLE('',#1379,3.2333646721101);
#220=CIRCLE('',#1380,3.2333646721101);
#221=CIRCLE('',#1381,4.);
#222=CIRCLE('',#1382,4.);
#223=CIRCLE('',#1383,3.21567891626738);
#224=CIRCLE('',#1384,3.21567891626738);
#225=CIRCLE('',#1385,4.);
#226=CIRCLE('',#1386,4.);
#227=CIRCLE('',#1387,3.23476413286251);
#228=CIRCLE('',#1388,3.23476413286251);
#229=CIRCLE('',#1389,4.);
#230=CIRCLE('',#1390,4.);
#231=CIRCLE('',#1391,1.6);
#232=CIRCLE('',#1392,1.6);
#233=CIRCLE('',#1393,1.6);
#234=CIRCLE('',#1394,4.);
#235=CIRCLE('',#1395,1.6);
#236=CIRCLE('',#1396,1.6);
#237=CIRCLE('',#1397,4.);
#238=CIRCLE('',#1398,1.6);
#239=CIRCLE('',#1399,1.6);
#240=CIRCLE('',#1400,4.);
#241=CIRCLE('',#1405,3.2333646721101);
#242=CIRCLE('',#1406,1.6);
#243=CIRCLE('',#1408,3.23476413286251);
#244=CIRCLE('',#1409,1.6);
#245=CIRCLE('',#1411,3.23014359525923);
#246=CIRCLE('',#1412,1.6);
#247=CIRCLE('',#1414,3.21567891626738);
#248=CIRCLE('',#1415,1.6);
#249=CIRCLE('',#1422,1.6);
#250=CIRCLE('',#1423,4.);
#251=CIRCLE('',#1425,1.6);
#252=CIRCLE('',#1426,4.);
#253=CIRCLE('',#1428,1.6);
#254=CIRCLE('',#1429,4.);
#255=B_SPLINE_CURVE_WITH_KNOTS('',3,(#1772,#1773,#1774,#1775,#1776,#1777,
#1778,#1779,#1780,#1781),.UNSPECIFIED.,.F.,.F.,(4,3,3,4),(82.9893598682101,
83.8137101880111,84.8114924521541,85.809274716297),.UNSPECIFIED.);
#256=B_SPLINE_CURVE_WITH_KNOTS('',3,(#1784,#1785,#1786,#1787,#1788,#1789,
#1790,#1791,#1792,#1793,#1794,#1795,#1796,#1797,#1798,#1799),
 .UNSPECIFIED.,.F.,.F.,(4,3,3,3,3,4),(-83.7758040957276,-82.8159279238681,
-81.8181456597251,-80.8203633955821,-79.8225811314391,-79.2653360854386),
 .UNSPECIFIED.);
#257=B_SPLINE_CURVE_WITH_KNOTS('',3,(#1804,#1805,#1806,#1807,#1808,#1809,
#1810,#1811,#1812,#1813,#1814,#1815,#1816,#1817,#1818,#1819,#1820,#1821,
#1822,#1823,#1824,#1825,#1826,#1827,#1828),.UNSPECIFIED.,.F.,.F.,(4,3,3,
3,3,3,3,3,4),(76.7061745610306,76.8292343390102,77.8270166031532,78.8247988672961,
79.8225811314391,80.8203633955821,81.8181456597251,82.8159279238681,82.9893598682101),
 .UNSPECIFIED.);
#258=B_SPLINE_CURVE_WITH_KNOTS('',3,(#1829,#1830,#1831,#1832,#1833,#1834,
#1835,#1836,#1837,#1838,#1839,#1840,#1841,#1842,#1843,#1844,#1845,#1846,
#1847,#1848,#1849,#1850),.UNSPECIFIED.,.F.,.F.,(4,3,3,3,3,3,3,4),(-79.2653360854386,
-78.8247988672961,-77.8270166031531,-76.8292343390101,-75.8314520748672,
-74.8336698107242,-73.8358875465812,-72.982150778259),.UNSPECIFIED.);
#259=B_SPLINE_CURVE_WITH_KNOTS('',3,(#1855,#1856,#1857,#1858,#1859,#1860,
#1861,#1862,#1863,#1864,#1865,#1866,#1867,#1868,#1869,#1870,#1871,#1872,
#1873,#1874,#1875,#1876),.UNSPECIFIED.,.F.,.F.,(4,3,3,3,3,3,3,4),(70.422989253851,
70.8425407541522,71.8403230182952,72.8381052824382,73.8358875465812,74.8336698107242,
75.8314520748672,76.7061745610306),.UNSPECIFIED.);
#260=B_SPLINE_CURVE_WITH_KNOTS('',3,(#1877,#1878,#1879,#1880,#1881,#1882,
#1883,#1884,#1885,#1886,#1887,#1888,#1889,#1890,#1891,#1892,#1893,#1894,
#1895,#1896,#1897,#1898,#1899,#1900,#1901),.UNSPECIFIED.,.F.,.F.,(4,3,3,
3,3,3,3,3,4),(-72.982150778259,-72.8381052824382,-71.8403230182952,-70.8425407541522,
-69.8447584900092,-68.8469762258662,-67.8491939617232,-66.8514116975803,
-66.6989654710794),.UNSPECIFIED.);
#261=B_SPLINE_CURVE_WITH_KNOTS('',3,(#1906,#1907,#1908,#1909,#1910,#1911,
#1912,#1913,#1914,#1915,#1916,#1917,#1918,#1919,#1920,#1921,#1922,#1923,
#1924,#1925,#1926,#1927),.UNSPECIFIED.,.F.,.F.,(4,3,3,3,3,3,3,4),(64.1398039466714,
64.8558471692943,65.8536294334373,66.8514116975803,67.8491939617233,68.8469762258662,
69.8447584900092,70.422989253851),.UNSPECIFIED.);
#262=B_SPLINE_CURVE_WITH_KNOTS('',3,(#1928,#1929,#1930,#1931,#1932,#1933,
#1934,#1935,#1936,#1937,#1938,#1939,#1940,#1941,#1942,#1943,#1944,#1945,
#1946,#1947,#1948,#1949),.UNSPECIFIED.,.F.,.F.,(4,3,3,3,3,3,3,4),(-66.6989654710794,
-65.8536294334373,-64.8558471692943,-63.8580649051513,-62.8602826410083,
-61.8625003768653,-60.8647181127223,-60.4157801638998),.UNSPECIFIED.);
#263=B_SPLINE_CURVE_WITH_KNOTS('',3,(#1954,#1955,#1956,#1957,#1958,#1959,
#1960,#1961,#1962,#1963,#1964,#1965,#1966,#1967,#1968,#1969,#1970,#1971,
#1972,#1973,#1974,#1975,#1976,#1977,#1978),.UNSPECIFIED.,.F.,.F.,(4,3,3,
3,3,3,3,3,4),(57.8566186394917,57.8713713202934,58.8691535844364,59.8669358485793,
60.8647181127223,61.8625003768653,62.8602826410083,63.8580649051513,64.1398039466714),
 .UNSPECIFIED.);
#264=B_SPLINE_CURVE_WITH_KNOTS('',3,(#1979,#1980,#1981,#1982,#1983,#1984,
#1985,#1986,#1987,#1988,#1989,#1990,#1991,#1992,#1993,#1994,#1995,#1996,
#1997,#1998,#1999,#2000),.UNSPECIFIED.,.F.,.F.,(4,3,3,3,3,3,3,4),(-60.4157801638998,
-59.8669358485793,-58.8691535844363,-57.8713713202933,-56.8735890561504,
-55.8758067920074,-54.8780245278644,-54.1325948567203),.UNSPECIFIED.);
#265=B_SPLINE_CURVE_WITH_KNOTS('',3,(#2005,#2006,#2007,#2008,#2009,#2010,
#2011,#2012,#2013,#2014,#2015,#2016,#2017,#2018,#2019,#2020,#2021,#2022,
#2023,#2024,#2025,#2026),.UNSPECIFIED.,.F.,.F.,(4,3,3,3,3,3,3,4),(51.5734333323123,
51.8846777354354,52.8824599995784,53.8802422637214,54.8780245278644,55.8758067920074,
56.8735890561504,57.8566186394917),.UNSPECIFIED.);
#266=B_SPLINE_CURVE_WITH_KNOTS('',3,(#2027,#2028,#2029,#2030,#2031,#2032,
#2033,#2034,#2035,#2036,#2037,#2038,#2039,#2040,#2041,#2042,#2043,#2044,
#2045,#2046,#2047,#2048,#2049,#2050,#2051),.UNSPECIFIED.,.F.,.F.,(4,3,3,
3,3,3,3,3,4),(-54.1325948567203,-53.8802422637214,-52.8824599995784,-51.8846777354354,
-50.8868954712924,-49.8891132071494,-48.8913309430065,-47.8935486788635,
-47.8494095495407),.UNSPECIFIED.);
#267=B_SPLINE_CURVE_WITH_KNOTS('',3,(#2056,#2057,#2058,#2059,#2060,#2061,
#2062,#2063,#2064,#2065,#2066,#2067,#2068,#2069,#2070,#2071,#2072,#2073,
#2074,#2075,#2076,#2077),.UNSPECIFIED.,.F.,.F.,(4,3,3,3,3,3,3,4),(45.2902480251327,
45.8979841505775,46.8957664147205,47.8935486788635,48.8913309430065,49.8891132071494,
50.8868954712924,51.5734333323123),.UNSPECIFIED.);
#268=B_SPLINE_CURVE_WITH_KNOTS('',3,(#2078,#2079,#2080,#2081,#2082,#2083,
#2084,#2085,#2086,#2087,#2088,#2089,#2090,#2091,#2092,#2093,#2094,#2095,
#2096,#2097,#2098,#2099),.UNSPECIFIED.,.F.,.F.,(4,3,3,3,3,3,3,4),(-47.8494095495407,
-46.8957664147205,-45.8979841505775,-44.9002018864345,-43.9024196222915,
-42.9046373581485,-41.9068550940055,-41.5662242423611),.UNSPECIFIED.);
#269=B_SPLINE_CURVE_WITH_KNOTS('',3,(#2104,#2105,#2106,#2107,#2108,#2109,
#2110,#2111,#2112,#2113,#2114,#2115,#2116,#2117,#2118,#2119,#2120,#2121,
#2122,#2123,#2124,#2125),.UNSPECIFIED.,.F.,.F.,(4,3,3,3,3,3,3,4),(39.0070627179529,
39.9112905657196,40.9090728298625,41.9068550940055,42.9046373581485,43.9024196222915,
44.9002018864345,45.2902480251327),.UNSPECIFIED.);
#270=B_SPLINE_CURVE_WITH_KNOTS('',3,(#2126,#2127,#2128,#2129,#2130,#2131,
#2132,#2133,#2134,#2135,#2136,#2137,#2138,#2139,#2140,#2141,#2142,#2143,
#2144,#2145,#2146,#2147),.UNSPECIFIED.,.F.,.F.,(4,3,3,3,3,3,3,4),(-41.5662242423611,
-40.9090728298625,-39.9112905657196,-38.9135083015766,-37.9157260374336,
-36.9179437732906,-35.9201615091476,-35.2830389351815),.UNSPECIFIED.);
#271=B_SPLINE_CURVE_WITH_KNOTS('',3,(#2152,#2153,#2154,#2155,#2156,#2157,
#2158,#2159,#2160,#2161,#2162,#2163,#2164,#2165,#2166,#2167,#2168,#2169,
#2170,#2171,#2172,#2173,#2174,#2175,#2176),.UNSPECIFIED.,.F.,.F.,(4,3,3,
3,3,3,3,3,4),(32.7238774107733,32.9268147167186,33.9245969808616,34.9223792450046,
35.9201615091476,36.9179437732906,37.9157260374336,38.9135083015766,39.0070627179529),
 .UNSPECIFIED.);
#272=B_SPLINE_CURVE_WITH_KNOTS('',3,(#2177,#2178,#2179,#2180,#2181,#2182,
#2183,#2184,#2185,#2186,#2187,#2188,#2189,#2190,#2191,#2192,#2193,#2194,
#2195,#2196,#2197,#2198),.UNSPECIFIED.,.F.,.F.,(4,3,3,3,3,3,3,4),(-35.2830389351815,
-34.9223792450046,-33.9245969808616,-32.9268147167186,-31.9290324525756,
-30.9312501884327,-29.9334679242897,-28.9998536280017),.UNSPECIFIED.);
#273=B_SPLINE_CURVE_WITH_KNOTS('',3,(#2203,#2204,#2205,#2206,#2207,#2208,
#2209,#2210,#2211,#2212,#2213,#2214,#2215,#2216,#2217,#2218,#2219,#2220,
#2221,#2222,#2223,#2224),.UNSPECIFIED.,.F.,.F.,(4,3,3,3,3,3,3,4),(26.4406921035937,
26.9401211318607,27.9379033960037,28.9356856601467,29.9334679242897,30.9312501884327,
31.9290324525756,32.7238774107733),.UNSPECIFIED.);
#274=B_SPLINE_CURVE_WITH_KNOTS('',3,(#2225,#2226,#2227,#2228,#2229,#2230,
#2231,#2232,#2233,#2234,#2235,#2236,#2237,#2238,#2239,#2240,#2241,#2242,
#2243,#2244,#2245,#2246,#2247,#2248,#2249),.UNSPECIFIED.,.F.,.F.,(4,3,3,
3,3,3,3,3,4),(-28.9998536280017,-28.9356856601467,-27.9379033960037,-26.9401211318607,
-25.9423388677177,-24.9445566035747,-23.9467743394317,-22.9489920752887,
-22.7166683208221),.UNSPECIFIED.);
#275=B_SPLINE_CURVE_WITH_KNOTS('',3,(#2254,#2255,#2256,#2257,#2258,#2259,
#2260,#2261,#2262,#2263,#2264,#2265,#2266,#2267,#2268,#2269,#2270,#2271,
#2272,#2273,#2274,#2275),.UNSPECIFIED.,.F.,.F.,(4,3,3,3,3,3,3,4),(20.1575067964141,
20.9534275470028,21.9512098111458,22.9489920752887,23.9467743394317,24.9445566035747,
25.9423388677177,26.4406921035937),.UNSPECIFIED.);
#276=B_SPLINE_CURVE_WITH_KNOTS('',3,(#2276,#2277,#2278,#2279,#2280,#2281,
#2282,#2283,#2284,#2285,#2286,#2287,#2288,#2289,#2290,#2291,#2292,#2293,
#2294,#2295,#2296,#2297),.UNSPECIFIED.,.F.,.F.,(4,3,3,3,3,3,3,4),(-22.7166683208221,
-21.9512098111458,-20.9534275470028,-19.9556452828598,-18.9578630187168,
-17.9600807545738,-16.9622984904308,-16.4334830136426),.UNSPECIFIED.);
#277=B_SPLINE_CURVE_WITH_KNOTS('',3,(#2302,#2303,#2304,#2305,#2306,#2307,
#2308,#2309,#2310,#2311,#2312,#2313,#2314,#2315,#2316,#2317,#2318,#2319,
#2320,#2321,#2322,#2323,#2324,#2325,#2326),.UNSPECIFIED.,.F.,.F.,(4,3,3,
3,3,3,3,3,4),(13.8743214892346,13.9689516980018,14.9667339621448,15.9645162262878,
16.9622984904308,17.9600807545738,18.9578630187168,19.9556452828598,20.1575067964141),
 .UNSPECIFIED.);
#278=B_SPLINE_CURVE_WITH_KNOTS('',3,(#2327,#2328,#2329,#2330,#2331,#2332,
#2333,#2334,#2335,#2336,#2337,#2338,#2339,#2340,#2341,#2342,#2343,#2344,
#2345,#2346,#2347,#2348),.UNSPECIFIED.,.F.,.F.,(4,3,3,3,3,3,3,4),(-16.4334830136426,
-15.9645162262878,-14.9667339621448,-13.9689516980018,-12.9711694338589,
-11.9733871697159,-10.9756049055729,-10.150297706463),.UNSPECIFIED.);
#279=B_SPLINE_CURVE_WITH_KNOTS('',3,(#2354,#2355,#2356,#2357,#2358,#2359,
#2360,#2361,#2362,#2363,#2364,#2365,#2366),.UNSPECIFIED.,.F.,.F.,(4,3,3,
3,4),(-3.86711239928342,-2.99334679242896,-1.99556452828598,-0.997782264142987,
0.),.UNSPECIFIED.);
#280=B_SPLINE_CURVE_WITH_KNOTS('',3,(#2369,#2370,#2371,#2372,#2373,#2374,
#2375,#2376,#2377,#2378,#2379,#2380,#2381,#2382,#2383,#2384,#2385,#2386,
#2387),.UNSPECIFIED.,.F.,.F.,(4,3,3,3,3,3,4),(2.03347062056941,2.99334679242897,
3.99112905657196,4.98891132071495,5.98669358485794,6.98447584900092,7.59113618205499),
 .UNSPECIFIED.);
#281=B_SPLINE_CURVE_WITH_KNOTS('',3,(#2393,#2394,#2395,#2396),
 .UNSPECIFIED.,.F.,.F.,(4,4),(97.3893722612835,97.6501255849624),
 .UNSPECIFIED.);
#282=B_SPLINE_CURVE_WITH_KNOTS('',3,(#2399,#2400,#2401,#2402),
 .UNSPECIFIED.,.F.,.F.,(4,4),(97.3893722612835,98.175816488801),
 .UNSPECIFIED.);
#283=B_SPLINE_CURVE_WITH_KNOTS('',3,(#2407,#2408,#2409,#2410,#2411,#2412,
#2413,#2414,#2415,#2416),.UNSPECIFIED.,.F.,.F.,(4,1,1,1,1,1,1,4),(91.106186954104,
91.6634320001045,92.6612142642475,93.6589965283905,94.6567787925335,95.6545610566765,
96.6523433208195,97.3893722612835),.UNSPECIFIED.);
#284=B_SPLINE_CURVE_WITH_KNOTS('',3,(#2417,#2418,#2419,#2420,#2421,#2422,
#2423,#2424,#2425,#2426,#2427),.UNSPECIFIED.,.F.,.F.,(4,1,1,1,1,1,1,1,4),
(91.106186954104,91.2292467320836,92.2270289962265,93.2248112603695,94.2225935245125,
95.2203757886555,96.2181580527985,97.2159403169415,97.3893722612835),
 .UNSPECIFIED.);
#285=B_SPLINE_CURVE_WITH_KNOTS('',3,(#2432,#2433,#2434,#2435,#2436,#2437,
#2438,#2439,#2440,#2441),.UNSPECIFIED.,.F.,.F.,(4,1,1,1,1,1,1,4),(84.8230016469244,
85.6767384152466,86.6745206793896,87.6723029435326,88.6700852076755,89.6678674718185,
90.6656497359615,91.106186954104),.UNSPECIFIED.);
#286=B_SPLINE_CURVE_WITH_KNOTS('',3,(#2442,#2443,#2444,#2445,#2446,#2447,
#2448,#2449,#2450,#2451),.UNSPECIFIED.,.F.,.F.,(4,1,1,1,1,1,1,4),(84.8230016469244,
85.2425531472256,86.2403354113686,87.2381176755116,88.2358999396546,89.2336822037976,
90.2314644679406,91.106186954104),.UNSPECIFIED.);
#287=B_SPLINE_CURVE_WITH_KNOTS('',3,(#2456,#2457,#2458,#2459,#2460,#2461,
#2462,#2463,#2464,#2465,#2466),.UNSPECIFIED.,.F.,.F.,(4,1,1,1,1,1,1,1,4),
(78.5398163397448,78.6922625662457,79.6900448303886,80.6878270945316,81.6856093586746,
82.6833916228176,83.6811738869606,84.6789561511036,84.8230016469244),
 .UNSPECIFIED.);
#288=B_SPLINE_CURVE_WITH_KNOTS('',3,(#2467,#2468,#2469,#2470,#2471,#2472,
#2473,#2474,#2475,#2476),.UNSPECIFIED.,.F.,.F.,(4,1,1,1,1,1,1,4),(78.5398163397448,
79.2558595623677,80.2536418265107,81.2514240906537,82.2492063547966,83.2469886189396,
84.2447708830826,84.8230016469244),.UNSPECIFIED.);
#289=B_SPLINE_CURVE_WITH_KNOTS('',3,(#2481,#2482,#2483,#2484,#2485,#2486,
#2487,#2488,#2489,#2490),.UNSPECIFIED.,.F.,.F.,(4,1,1,1,1,1,1,4),(72.2566310325652,
72.7055689813877,73.7033512455307,74.7011335096737,75.6989157738167,76.6966980379597,
77.6944803021027,78.5398163397448),.UNSPECIFIED.);
#290=B_SPLINE_CURVE_WITH_KNOTS('',3,(#2491,#2492,#2493,#2494,#2495,#2496,
#2497,#2498,#2499,#2500,#2501),.UNSPECIFIED.,.F.,.F.,(4,1,1,1,1,1,1,1,4),
(72.2566310325652,72.2713837133668,73.2691659775097,74.2669482416527,75.2647305057957,
76.2625127699387,77.2602950340817,78.2580772982247,78.5398163397448),
 .UNSPECIFIED.);
#291=B_SPLINE_CURVE_WITH_KNOTS('',3,(#2506,#2507,#2508,#2509,#2510,#2511,
#2512,#2513,#2514,#2515),.UNSPECIFIED.,.F.,.F.,(4,1,1,1,1,1,1,4),(65.9734457253857,
66.7188753965298,67.7166576606728,68.7144399248158,69.7122221889587,70.7100044531017,
71.7077867172447,72.2566310325652),.UNSPECIFIED.);
#292=B_SPLINE_CURVE_WITH_KNOTS('',3,(#2516,#2517,#2518,#2519,#2520,#2521,
#2522,#2523,#2524,#2525),.UNSPECIFIED.,.F.,.F.,(4,1,1,1,1,1,1,4),(65.9734457253857,
66.2846901285088,67.2824723926518,68.2802546567948,69.2780369209378,70.2758191850808,
71.2736014492238,72.2566310325652),.UNSPECIFIED.);
#293=B_SPLINE_CURVE_WITH_KNOTS('',3,(#2530,#2531,#2532,#2533,#2534,#2535,
#2536,#2537,#2538,#2539,#2540),.UNSPECIFIED.,.F.,.F.,(4,1,1,1,1,1,1,1,4),
(59.6902604182061,59.7343995475289,60.7321818116719,61.7299640758148,62.7277463399578,
63.7255286041008,64.7233108682438,65.7210931323868,65.9734457253857),
 .UNSPECIFIED.);
#294=B_SPLINE_CURVE_WITH_KNOTS('',3,(#2541,#2542,#2543,#2544,#2545,#2546,
#2547,#2548,#2549,#2550),.UNSPECIFIED.,.F.,.F.,(4,1,1,1,1,1,1,4),(59.6902604182061,
60.2979965436509,61.2957788077939,62.2935610719369,63.2913433360798,64.2891256002228,
65.2869078643658,65.9734457253857),.UNSPECIFIED.);
#295=B_SPLINE_CURVE_WITH_KNOTS('',3,(#2555,#2556,#2557,#2558,#2559,#2560,
#2561,#2562,#2563,#2564),.UNSPECIFIED.,.F.,.F.,(4,1,1,1,1,1,1,4),(53.4070751110265,
53.7477059626709,54.7454882268139,55.7432704909569,56.7410527550999,57.7388350192429,
58.7366172833859,59.6902604182061),.UNSPECIFIED.);
#296=B_SPLINE_CURVE_WITH_KNOTS('',3,(#2565,#2566,#2567,#2568,#2569,#2570,
#2571,#2572,#2573,#2574),.UNSPECIFIED.,.F.,.F.,(4,1,1,1,1,1,1,4),(53.4070751110265,
54.311302958793,55.3090852229359,56.3068674870789,57.3046497512219,58.3024320153649,
59.3002142795079,59.6902604182061),.UNSPECIFIED.);
#297=B_SPLINE_CURVE_WITH_KNOTS('',3,(#2579,#2580,#2581,#2582,#2583,#2584,
#2585,#2586,#2587,#2588),.UNSPECIFIED.,.F.,.F.,(4,1,1,1,1,1,1,4),(47.1238898038469,
47.761012377813,48.758794641956,49.756576906099,50.754359170242,51.752141434385,
52.7499236985279,53.4070751110265),.UNSPECIFIED.);
#298=B_SPLINE_CURVE_WITH_KNOTS('',3,(#2589,#2590,#2591,#2592,#2593,#2594,
#2595,#2596,#2597,#2598,#2599),.UNSPECIFIED.,.F.,.F.,(4,1,1,1,1,1,1,1,4),
(47.1238898038469,47.326827109792,48.324609373935,49.322391638078,50.320173902221,
51.317956166364,52.315738430507,53.31352069465,53.4070751110265),
 .UNSPECIFIED.);
#299=B_SPLINE_CURVE_WITH_KNOTS('',3,(#2604,#2605,#2606,#2607,#2608,#2609,
#2610,#2611,#2612,#2613),.UNSPECIFIED.,.F.,.F.,(4,1,1,1,1,1,1,4),(40.8407044966674,
41.7743187929551,42.7721010570981,43.769883321241,44.767665585384,45.765447849527,
46.76323011367,47.1238898038469),.UNSPECIFIED.);
#300=B_SPLINE_CURVE_WITH_KNOTS('',3,(#2614,#2615,#2616,#2617,#2618,#2619,
#2620,#2621,#2622,#2623),.UNSPECIFIED.,.F.,.F.,(4,1,1,1,1,1,1,4),(40.8407044966674,
41.3401335249341,42.3379157890771,43.3356980532201,44.3334803173631,45.3312625815061,
46.329044845649,47.1238898038469),.UNSPECIFIED.);
#301=B_SPLINE_CURVE_WITH_KNOTS('',3,(#2628,#2629,#2630,#2631,#2632,#2633,
#2634,#2635,#2636,#2637,#2638),.UNSPECIFIED.,.F.,.F.,(4,1,1,1,1,1,1,1,4),
(34.5575191894875,34.7898429439541,35.7876252080971,36.7854074722401,37.7831897363831,
38.7809720005261,39.7787542646691,40.7765365288121,40.8407044966674),
 .UNSPECIFIED.);
#302=B_SPLINE_CURVE_WITH_KNOTS('',3,(#2639,#2640,#2641,#2642,#2643,#2644,
#2645,#2646,#2647,#2648),.UNSPECIFIED.,.F.,.F.,(4,1,1,1,1,1,1,4),(34.5575191894875,
35.3534399400762,36.3512222042192,37.3490044683621,38.3467867325051,39.3445689966481,
40.3423512607911,40.8407044966674),.UNSPECIFIED.);
#303=B_SPLINE_CURVE_WITH_KNOTS('',3,(#2653,#2654,#2655,#2656,#2657,#2658,
#2659,#2660,#2661,#2662),.UNSPECIFIED.,.F.,.F.,(4,1,1,1,1,1,1,4),(28.274333882308,
28.8031493590962,29.8009316232392,30.7987138873822,31.7964961515252,32.7942784156682,
33.7920606798112,34.5575191894875),.UNSPECIFIED.);
#304=B_SPLINE_CURVE_WITH_KNOTS('',3,(#2663,#2664,#2665,#2666,#2667,#2668,
#2669,#2670,#2671,#2672,#2673),.UNSPECIFIED.,.F.,.F.,(4,1,1,1,1,1,1,1,4),
(28.274333882308,28.3689640910752,29.3667463552182,30.3645286193612,31.3623108835042,
32.3600931476472,33.3578754117902,34.3556576759332,34.5575191894875),
 .UNSPECIFIED.);
#305=B_SPLINE_CURVE_WITH_KNOTS('',3,(#2678,#2679,#2680,#2681,#2682,#2683,
#2684,#2685,#2686,#2687),.UNSPECIFIED.,.F.,.F.,(4,1,1,1,1,1,1,4),(21.9911485751284,
22.8164557742383,23.8142380383813,24.8120203025243,25.8098025666672,26.8075848308102,
27.8053670949532,28.274333882308),.UNSPECIFIED.);
#306=B_SPLINE_CURVE_WITH_KNOTS('',3,(#2688,#2689,#2690,#2691,#2692,#2693,
#2694,#2695,#2696,#2697),.UNSPECIFIED.,.F.,.F.,(4,1,1,1,1,1,1,4),(21.9911485751284,
22.3822705062173,23.3800527703603,24.3778350345033,25.3756172986463,26.3733995627893,
27.3711818269323,28.274333882308),.UNSPECIFIED.);
#307=B_SPLINE_CURVE_WITH_KNOTS('',3,(#2703,#2704,#2705,#2706,#2707),
 .UNSPECIFIED.,.F.,.F.,(4,1,4),(14.4000123930734,15.3977946572164,15.7079632679488),
 .UNSPECIFIED.);
#308=B_SPLINE_CURVE_WITH_KNOTS('',3,(#2710,#2711,#2712,#2713,#2714),
 .UNSPECIFIED.,.F.,.F.,(4,1,4),(13.8743214892348,14.8341976610944,15.7079632679488),
 .UNSPECIFIED.);
#309=B_SPLINE_CURVE_WITH_KNOTS('',3,(#2718,#2719,#2720,#2721,#2722,#2723,
#2724,#2725),.UNSPECIFIED.,.F.,.F.,(4,2,2,4),(0.661201230139634,0.719792790980943,
0.802684023586717,0.817426432810937),.UNSPECIFIED.);
#310=B_SPLINE_CURVE_WITH_KNOTS('',3,(#2729,#2730,#2731,#2732,#2733,#2734,
#2735,#2736),.UNSPECIFIED.,.F.,.F.,(4,2,2,4),(0.817426432811279,0.883328194449364,
0.965656144900991,0.97239924984582),.UNSPECIFIED.);
#311=B_SPLINE_CURVE_WITH_KNOTS('',3,(#2738,#2739,#2740,#2741,#2742,#2743,
#2744,#2745),.UNSPECIFIED.,.F.,.F.,(4,2,2,4),(1.09508412508572,1.11072204154256,
1.22179427141391,1.33286649739374),.UNSPECIFIED.);
#312=B_SPLINE_CURVE_WITH_KNOTS('',3,(#2748,#2749,#2750,#2751,#2752,#2753,
#2754,#2755),.UNSPECIFIED.,.F.,.F.,(4,2,2,4),(0.444288780223483,0.555360977884161,
0.666433175957456,0.68136190632368),.UNSPECIFIED.);
#313=B_SPLINE_CURVE_WITH_KNOTS('',3,(#2770,#2771,#2772,#2773,#2774,#2775,
#2776,#2777,#2778,#2779,#2780,#2781,#2782,#2783,#2784,#2785,#2786,#2787,
#2788,#2789,#2790,#2791,#2792,#2793,#2794,#2795,#2796,#2797,#2798,#2799,
#2800,#2801,#2802,#2803,#2804,#2805,#2806,#2807,#2808,#2809,#2810,#2811,
#2812,#2813,#2814,#2815,#2816,#2817,#2818,#2819,#2820,#2821,#2822,#2823,
#2824,#2825,#2826,#2827,#2828,#2829,#2830,#2831,#2832,#2833,#2834,#2835,
#2836,#2837,#2838,#2839,#2840,#2841,#2842,#2843,#2844,#2845,#2846,#2847,
#2848),.UNSPECIFIED.,.F.,.F.,(4,3,3,3,3,3,3,3,3,3,3,3,3,3,3,3,3,3,3,3,3,
3,3,3,3,3,4),(0.,0.0157314501251509,0.0316465374437111,0.0431525520238065,
0.0480687977699566,0.0511386358546107,0.0665952411607205,0.081699603208773,
0.0921983659276984,0.0958389996695557,0.0986029278415212,0.113218367080254,
0.123694654084474,0.137631623585039,0.141259251246688,0.144092311728795,
0.158628890772274,0.173126351033427,0.180884358415372,0.184878896613545,
0.188022416585136,0.201920412495831,0.211261197541068,0.215340079887202,
0.228655872165694,0.235190410088988,0.239178774929432),.UNSPECIFIED.);
#314=B_SPLINE_CURVE_WITH_KNOTS('',3,(#2849,#2850,#2851,#2852,#2853,#2854,
#2855,#2856,#2857,#2858,#2859,#2860,#2861,#2862,#2863,#2864,#2865,#2866,
#2867,#2868,#2869,#2870,#2871,#2872,#2873,#2874,#2875,#2876,#2877,#2878,
#2879,#2880,#2881,#2882,#2883,#2884,#2885,#2886,#2887,#2888,#2889,#2890,
#2891,#2892,#2893,#2894,#2895,#2896,#2897,#2898,#2899,#2900,#2901,#2902,
#2903,#2904,#2905,#2906,#2907,#2908,#2909,#2910,#2911,#2912,#2913,#2914,
#2915,#2916,#2917,#2918,#2919,#2920,#2921,#2922,#2923,#2924,#2925,#2926,
#2927),.UNSPECIFIED.,.F.,.F.,(4,3,3,3,3,3,3,3,3,3,3,3,3,3,3,3,3,3,3,3,3,
3,3,3,3,3,4),(0.,0.0130342071974095,0.0266650977625334,0.0371612939152691,
0.0404442845202838,0.043058897681322,0.0571342620449888,0.0714898965726885,
0.0812760891756212,0.08402306244769,0.0867207457600387,0.101521358188606,
0.110634666984419,0.12504943487563,0.128898935644382,0.131597540704774,
0.146390222390016,0.161545345231718,0.170501060554179,0.174594361795272,
0.177691586453363,0.193359730032726,0.204006543339594,0.208964349981838,
0.224846919771336,0.233191067811404,0.238077416065713),.UNSPECIFIED.);
#315=B_SPLINE_CURVE_WITH_KNOTS('',3,(#2931,#2932,#2933,#2934,#2935,#2936,
#2937,#2938),.UNSPECIFIED.,.F.,.F.,(4,2,2,4),(0.648528140944392,0.684447148632549,
0.761935455076002,0.789721533148049),.UNSPECIFIED.);
#316=B_SPLINE_CURVE_WITH_KNOTS('',3,(#2942,#2943,#2944,#2945,#2946,#2947,
#2948,#2949),.UNSPECIFIED.,.F.,.F.,(4,2,2,4),(0.789721533148133,0.839085179860882,
0.916716701912793,0.927690379749535),.UNSPECIFIED.);
#317=B_SPLINE_CURVE_WITH_KNOTS('',3,(#2950,#2951,#2952,#2953,#2954,#2955,
#2956,#2957),.UNSPECIFIED.,.F.,.F.,(4,2,2,4),(1.08304044669235,1.11074314401139,
1.22182299008029,1.3329020024618),.UNSPECIFIED.);
#318=B_SPLINE_CURVE_WITH_KNOTS('',3,(#2958,#2959,#2960,#2961,#2962,#2963,
#2964,#2965),.UNSPECIFIED.,.F.,.F.,(4,2,2,4),(0.444301862049908,0.555388624394898,
0.666477169276722,0.690405462841631),.UNSPECIFIED.);
#319=B_SPLINE_CURVE_WITH_KNOTS('',3,(#2969,#2970,#2971,#2972,#2973,#2974,
#2975,#2976),.UNSPECIFIED.,.F.,.F.,(4,2,2,4),(0.658179381375753,0.695633612359696,
0.774547662043914,0.797496188878609),.UNSPECIFIED.);
#320=B_SPLINE_CURVE_WITH_KNOTS('',3,(#2980,#2981,#2982,#2983,#2984,#2985,
#2986,#2987),.UNSPECIFIED.,.F.,.F.,(4,2,2,4),(0.797496188879139,0.85252967919086,
0.931305541152979,0.947188211931909),.UNSPECIFIED.);
#321=B_SPLINE_CURVE_WITH_KNOTS('',3,(#2988,#2989,#2990,#2991,#2992,#2993,
#2994,#2995),.UNSPECIFIED.,.F.,.F.,(4,2,2,4),(1.09683906903779,1.1108075781528,
1.22191072258068,1.33301042398259),.UNSPECIFIED.);
#322=B_SPLINE_CURVE_WITH_KNOTS('',3,(#2996,#2997,#2998,#2999,#3000,#3001,
#3002,#3003),.UNSPECIFIED.,.F.,.F.,(4,2,2,4),(0.444288842070983,0.555361108691922,
0.666433384343392,0.695747375914516),.UNSPECIFIED.);
#323=B_SPLINE_CURVE_WITH_KNOTS('',3,(#3007,#3008,#3009,#3010,#3011,#3012,
#3013,#3014),.UNSPECIFIED.,.F.,.F.,(4,2,2,4),(0.641236900745084,0.681336897521085,
0.758409762857693,0.78776501757061),.UNSPECIFIED.);
#324=B_SPLINE_CURVE_WITH_KNOTS('',3,(#3018,#3019,#3020,#3021,#3022,#3023,
#3024,#3025),.UNSPECIFIED.,.F.,.F.,(4,2,2,4),(0.787765017570748,0.835396276389418,
0.912783879967405,0.917829467120709),.UNSPECIFIED.);
#325=B_SPLINE_CURVE_WITH_KNOTS('',3,(#3026,#3027,#3028,#3029,#3030,#3031,
#3032,#3033),.UNSPECIFIED.,.F.,.F.,(4,2,2,4),(1.07255089241218,1.11072194989352,
1.22179414667677,1.33286634318942),.UNSPECIFIED.);
#326=B_SPLINE_CURVE_WITH_KNOTS('',3,(#3034,#3035,#3036,#3037,#3038,#3039,
#3040,#3041),.UNSPECIFIED.,.F.,.F.,(4,2,2,4),(0.444335333182146,0.555459374326078,
0.666589790346098,0.682220609350472),.UNSPECIFIED.);
#327=B_SPLINE_CURVE_WITH_KNOTS('',3,(#3116,#3117,#3118,#3119,#3120,#3121,
#3122,#3123,#3124,#3125,#3126),.UNSPECIFIED.,.F.,.F.,(4,1,1,1,1,1,1,1,4),
(15.7079632679488,15.8319799252374,16.8297621893803,17.8275444535233,18.8253267176663,
19.8231089818093,20.8208912459523,21.8186735100953,21.9911485751284),
 .UNSPECIFIED.);
#328=B_SPLINE_CURVE_WITH_KNOTS('',3,(#3127,#3128,#3129,#3130,#3131,#3132,
#3133,#3134,#3135,#3136),.UNSPECIFIED.,.F.,.F.,(4,1,1,1,1,1,1,4),(15.7079632679488,
16.3955769213594,17.3933591855024,18.3911414496453,19.3889237137883,20.3867059779313,
21.3844882420743,21.9911485751284),.UNSPECIFIED.);
#329=B_SPLINE_CURVE_WITH_KNOTS('',3,(#3493,#3494,#3495,#3496,#3497,#3498,
#3499,#3500,#3501,#3502,#3503,#3504,#3505,#3506,#3507,#3508,#3509,#3510,
#3511,#3512,#3513,#3514,#3515,#3516,#3517,#3518,#3519,#3520,#3521,#3522,
#3523,#3524,#3525,#3526,#3527,#3528,#3529,#3530,#3531,#3532,#3533,#3534,
#3535,#3536,#3537,#3538,#3539,#3540,#3541,#3542,#3543,#3544,#3545,#3546,
#3547,#3548,#3549,#3550,#3551,#3552,#3553,#3554,#3555,#3556,#3557,#3558,
#3559,#3560,#3561,#3562,#3563,#3564,#3565,#3566,#3567,#3568,#3569,#3570,
#3571),.UNSPECIFIED.,.F.,.F.,(4,3,3,3,3,3,3,3,3,3,3,3,3,3,3,3,3,3,3,3,3,
3,3,3,3,3,4),(0.,0.0130341939883448,0.0266650750936191,0.0371612740799701,
0.0404442720018166,0.043058885807329,0.0571342405391407,0.0714898758632679,
0.0812760736435576,0.0840230031770916,0.0867207361685342,0.101521350020644,
0.110634666984427,0.125049441642653,0.128898972679132,0.131597547639523,
0.146390237135061,0.161545363497035,0.17050107653633,0.174594410687446,
0.177691613095545,0.193359757312286,0.204006582769172,0.20896434779404,
0.22484691748539,0.233191067811395,0.238077416065675),.UNSPECIFIED.);
#330=B_SPLINE_CURVE_WITH_KNOTS('',3,(#3572,#3573,#3574,#3575,#3576,#3577,
#3578,#3579,#3580,#3581,#3582,#3583,#3584,#3585,#3586,#3587,#3588,#3589,
#3590,#3591,#3592,#3593,#3594,#3595,#3596),.UNSPECIFIED.,.F.,.F.,(4,3,3,
3,3,3,3,3,4),(-10.150297706463,-9.97782264142989,-8.9800403772869,-7.98225811314391,
-6.98447584900092,-5.98669358485793,-4.98891132071494,-3.99112905657195,
-3.86711239928342),.UNSPECIFIED.);
#331=B_SPLINE_CURVE_WITH_KNOTS('',3,(#3953,#3954,#3955,#3956,#3957,#3958,
#3959,#3960,#3961,#3962,#3963,#3964,#3965,#3966,#3967,#3968,#3969,#3970,
#3971,#3972,#3973,#3974),.UNSPECIFIED.,.F.,.F.,(4,3,3,3,3,3,3,4),(7.59113618205499,
7.98225811314391,8.9800403772869,9.97782264142989,10.9756049055729,11.9733871697159,
12.9711694338589,13.8743214892346),.UNSPECIFIED.);
#332=B_SPLINE_CURVE_WITH_KNOTS('',3,(#3975,#3976,#3977,#3978,#3979,#3980,
#3981,#3982,#3983,#3984,#3985,#3986,#3987,#3988,#3989,#3990,#3991,#3992,
#3993,#3994,#3995,#3996,#3997,#3998,#3999,#4000,#4001,#4002,#4003,#4004,
#4005,#4006,#4007,#4008,#4009,#4010,#4011,#4012,#4013,#4014,#4015,#4016,
#4017,#4018,#4019,#4020,#4021,#4022,#4023,#4024,#4025,#4026,#4027,#4028,
#4029,#4030,#4031,#4032,#4033,#4034,#4035,#4036,#4037,#4038,#4039,#4040,
#4041,#4042,#4043,#4044,#4045,#4046,#4047,#4048,#4049,#4050,#4051,#4052,
#4053),.UNSPECIFIED.,.F.,.F.,(4,3,3,3,3,3,3,3,3,3,3,3,3,3,3,3,3,3,3,3,3,
3,3,3,3,3,4),(0.,0.0157314572697351,0.0316465447621553,0.0431525584274464,
0.0480688167522565,0.0511386327071937,0.0665952376063344,0.0816995962378126,
0.0921983606994804,0.095838964450126,0.0986029075029732,0.113218343774511,
0.123694654084484,0.137631623585059,0.141259249101796,0.144092310919588,
0.158628890453055,0.173126349856831,0.180884357385863,0.184878888786025,
0.188022414537511,0.201920406502225,0.211261187190803,0.21534007554522,
0.228655861112643,0.235190410089085,0.239178774929516),.UNSPECIFIED.);
#333=LINE('',#1770,#399);
#334=LINE('',#1803,#400);
#335=LINE('',#1854,#401);
#336=LINE('',#1905,#402);
#337=LINE('',#1953,#403);
#338=LINE('',#2004,#404);
#339=LINE('',#2055,#405);
#340=LINE('',#2103,#406);
#341=LINE('',#2151,#407);
#342=LINE('',#2202,#408);
#343=LINE('',#2253,#409);
#344=LINE('',#2301,#410);
#345=LINE('',#2352,#411);
#346=LINE('',#2391,#412);
#347=LINE('',#2406,#413);
#348=LINE('',#2431,#414);
#349=LINE('',#2455,#415);
#350=LINE('',#2480,#416);
#351=LINE('',#2505,#417);
#352=LINE('',#2529,#418);
#353=LINE('',#2554,#419);
#354=LINE('',#2578,#420);
#355=LINE('',#2603,#421);
#356=LINE('',#2627,#422);
#357=LINE('',#2652,#423);
#358=LINE('',#2677,#424);
#359=LINE('',#2701,#425);
#360=LINE('',#2758,#426);
#361=LINE('',#2762,#427);
#362=LINE('',#2766,#428);
#363=LINE('',#2769,#429);
#364=LINE('',#3053,#430);
#365=LINE('',#3063,#431);
#366=LINE('',#3073,#432);
#367=LINE('',#3083,#433);
#368=LINE('',#3093,#434);
#369=LINE('',#4077,#435);
#370=LINE('',#4078,#436);
#371=LINE('',#4080,#437);
#372=LINE('',#4081,#438);
#373=LINE('',#4083,#439);
#374=LINE('',#4084,#440);
#375=LINE('',#4086,#441);
#376=LINE('',#4087,#442);
#377=LINE('',#4089,#443);
#378=LINE('',#4090,#444);
#379=LINE('',#4107,#445);
#380=LINE('',#4108,#446);
#381=LINE('',#4110,#447);
#382=LINE('',#4111,#448);
#383=LINE('',#4114,#449);
#384=LINE('',#4115,#450);
#385=LINE('',#4118,#451);
#386=LINE('',#4119,#452);
#387=LINE('',#4121,#453);
#388=LINE('',#4123,#454);
#389=LINE('',#4126,#455);
#390=LINE('',#4127,#456);
#391=LINE('',#4129,#457);
#392=LINE('',#4131,#458);
#393=LINE('',#4133,#459);
#394=LINE('',#4135,#460);
#395=LINE('',#4137,#461);
#396=LINE('',#4139,#462);
#397=LINE('',#4141,#463);
#398=LINE('',#4143,#464);
#399=VECTOR('',#1452,1.215);
#400=VECTOR('',#1457,1.215);
#401=VECTOR('',#1460,1.215);
#402=VECTOR('',#1463,1.215);
#403=VECTOR('',#1466,1.215);
#404=VECTOR('',#1469,1.215);
#405=VECTOR('',#1472,1.215);
#406=VECTOR('',#1475,1.215);
#407=VECTOR('',#1478,1.215);
#408=VECTOR('',#1481,1.215);
#409=VECTOR('',#1484,1.215);
#410=VECTOR('',#1487,1.215);
#411=VECTOR('',#1490,1.215);
#412=VECTOR('',#1495,1.29);
#413=VECTOR('',#1500,1.29);
#414=VECTOR('',#1503,1.29);
#415=VECTOR('',#1506,1.29);
#416=VECTOR('',#1509,1.29);
#417=VECTOR('',#1512,1.29);
#418=VECTOR('',#1515,1.29);
#419=VECTOR('',#1518,1.29);
#420=VECTOR('',#1521,1.29);
#421=VECTOR('',#1524,1.29);
#422=VECTOR('',#1527,1.29);
#423=VECTOR('',#1530,1.29);
#424=VECTOR('',#1533,1.29);
#425=VECTOR('',#1536,1.29);
#426=VECTOR('',#1547,10.);
#427=VECTOR('',#1550,10.);
#428=VECTOR('',#1553,10.);
#429=VECTOR('',#1556,10.);
#430=VECTOR('',#1583,2.5);
#431=VECTOR('',#1592,10.);
#432=VECTOR('',#1601,10.);
#433=VECTOR('',#1610,10.);
#434=VECTOR('',#1619,10.);
#435=VECTOR('',#1674,10.);
#436=VECTOR('',#1675,10.);
#437=VECTOR('',#1678,10.);
#438=VECTOR('',#1679,10.);
#439=VECTOR('',#1682,10.);
#440=VECTOR('',#1683,10.);
#441=VECTOR('',#1686,10.);
#442=VECTOR('',#1687,10.);
#443=VECTOR('',#1690,10.);
#444=VECTOR('',#1691,10.);
#445=VECTOR('',#1712,10.);
#446=VECTOR('',#1713,10.);
#447=VECTOR('',#1716,10.);
#448=VECTOR('',#1717,10.);
#449=VECTOR('',#1722,10.);
#450=VECTOR('',#1723,10.);
#451=VECTOR('',#1728,10.);
#452=VECTOR('',#1729,10.);
#453=VECTOR('',#1732,10.);
#454=VECTOR('',#1735,10.);
#455=VECTOR('',#1740,10.);
#456=VECTOR('',#1741,10.);
#457=VECTOR('',#1744,3.19316686896738);
#458=VECTOR('',#1747,1.6);
#459=VECTOR('',#1750,3.2108526248101);
#460=VECTOR('',#1753,1.6);
#461=VECTOR('',#1756,3.21225208556251);
#462=VECTOR('',#1759,1.6);
#463=VECTOR('',#1762,3.20763154795923);
#464=VECTOR('',#1765,1.6);
#465=VERTEX_POINT('',#1768);
#466=VERTEX_POINT('',#1769);
#467=VERTEX_POINT('',#1771);
#468=VERTEX_POINT('',#1782);
#469=VERTEX_POINT('',#1801);
#470=VERTEX_POINT('',#1802);
#471=VERTEX_POINT('',#1852);
#472=VERTEX_POINT('',#1853);
#473=VERTEX_POINT('',#1903);
#474=VERTEX_POINT('',#1904);
#475=VERTEX_POINT('',#1951);
#476=VERTEX_POINT('',#1952);
#477=VERTEX_POINT('',#2002);
#478=VERTEX_POINT('',#2003);
#479=VERTEX_POINT('',#2053);
#480=VERTEX_POINT('',#2054);
#481=VERTEX_POINT('',#2101);
#482=VERTEX_POINT('',#2102);
#483=VERTEX_POINT('',#2149);
#484=VERTEX_POINT('',#2150);
#485=VERTEX_POINT('',#2200);
#486=VERTEX_POINT('',#2201);
#487=VERTEX_POINT('',#2251);
#488=VERTEX_POINT('',#2252);
#489=VERTEX_POINT('',#2299);
#490=VERTEX_POINT('',#2300);
#491=VERTEX_POINT('',#2350);
#492=VERTEX_POINT('',#2351);
#493=VERTEX_POINT('',#2353);
#494=VERTEX_POINT('',#2367);
#495=VERTEX_POINT('',#2389);
#496=VERTEX_POINT('',#2390);
#497=VERTEX_POINT('',#2392);
#498=VERTEX_POINT('',#2397);
#499=VERTEX_POINT('',#2404);
#500=VERTEX_POINT('',#2405);
#501=VERTEX_POINT('',#2429);
#502=VERTEX_POINT('',#2430);
#503=VERTEX_POINT('',#2453);
#504=VERTEX_POINT('',#2454);
#505=VERTEX_POINT('',#2478);
#506=VERTEX_POINT('',#2479);
#507=VERTEX_POINT('',#2503);
#508=VERTEX_POINT('',#2504);
#509=VERTEX_POINT('',#2527);
#510=VERTEX_POINT('',#2528);
#511=VERTEX_POINT('',#2552);
#512=VERTEX_POINT('',#2553);
#513=VERTEX_POINT('',#2576);
#514=VERTEX_POINT('',#2577);
#515=VERTEX_POINT('',#2601);
#516=VERTEX_POINT('',#2602);
#517=VERTEX_POINT('',#2625);
#518=VERTEX_POINT('',#2626);
#519=VERTEX_POINT('',#2650);
#520=VERTEX_POINT('',#2651);
#521=VERTEX_POINT('',#2675);
#522=VERTEX_POINT('',#2676);
#523=VERTEX_POINT('',#2699);
#524=VERTEX_POINT('',#2700);
#525=VERTEX_POINT('',#2702);
#526=VERTEX_POINT('',#2708);
#527=VERTEX_POINT('',#2716);
#528=VERTEX_POINT('',#2717);
#529=VERTEX_POINT('',#2726);
#530=VERTEX_POINT('',#2728);
#531=VERTEX_POINT('',#2737);
#532=VERTEX_POINT('',#2746);
#533=VERTEX_POINT('',#2757);
#534=VERTEX_POINT('',#2759);
#535=VERTEX_POINT('',#2761);
#536=VERTEX_POINT('',#2763);
#537=VERTEX_POINT('',#2765);
#538=VERTEX_POINT('',#2767);
#539=VERTEX_POINT('',#2929);
#540=VERTEX_POINT('',#2930);
#541=VERTEX_POINT('',#2939);
#542=VERTEX_POINT('',#2941);
#543=VERTEX_POINT('',#2967);
#544=VERTEX_POINT('',#2968);
#545=VERTEX_POINT('',#2977);
#546=VERTEX_POINT('',#2979);
#547=VERTEX_POINT('',#3005);
#548=VERTEX_POINT('',#3006);
#549=VERTEX_POINT('',#3015);
#550=VERTEX_POINT('',#3017);
#551=VERTEX_POINT('',#3043);
#552=VERTEX_POINT('',#3044);
#553=VERTEX_POINT('',#3046);
#554=VERTEX_POINT('',#3051);
#555=VERTEX_POINT('',#3055);
#556=VERTEX_POINT('',#3056);
#557=VERTEX_POINT('',#3058);
#558=VERTEX_POINT('',#3060);
#559=VERTEX_POINT('',#3062);
#560=VERTEX_POINT('',#3064);
#561=VERTEX_POINT('',#3066);
#562=VERTEX_POINT('',#3068);
#563=VERTEX_POINT('',#3070);
#564=VERTEX_POINT('',#3072);
#565=VERTEX_POINT('',#3074);
#566=VERTEX_POINT('',#3076);
#567=VERTEX_POINT('',#3078);
#568=VERTEX_POINT('',#3080);
#569=VERTEX_POINT('',#3082);
#570=VERTEX_POINT('',#3084);
#571=VERTEX_POINT('',#3086);
#572=VERTEX_POINT('',#3088);
#573=VERTEX_POINT('',#3090);
#574=VERTEX_POINT('',#3092);
#575=VERTEX_POINT('',#3095);
#576=VERTEX_POINT('',#3097);
#577=VERTEX_POINT('',#3098);
#578=VERTEX_POINT('',#3100);
#579=VERTEX_POINT('',#3103);
#580=VERTEX_POINT('',#3104);
#581=VERTEX_POINT('',#3106);
#582=VERTEX_POINT('',#3109);
#583=VERTEX_POINT('',#3110);
#584=VERTEX_POINT('',#3112);
#585=VERTEX_POINT('',#4057);
#586=VERTEX_POINT('',#4059);
#587=VERTEX_POINT('',#4062);
#588=VERTEX_POINT('',#4064);
#589=VERTEX_POINT('',#4067);
#590=VERTEX_POINT('',#4069);
#591=VERTEX_POINT('',#4072);
#592=VERTEX_POINT('',#4074);
#593=VERTEX_POINT('',#4092);
#594=VERTEX_POINT('',#4093);
#595=VERTEX_POINT('',#4097);
#596=VERTEX_POINT('',#4098);
#597=VERTEX_POINT('',#4102);
#598=VERTEX_POINT('',#4103);
#599=EDGE_CURVE('',#465,#466,#333,.T.);
#600=EDGE_CURVE('',#466,#467,#255,.T.);
#601=EDGE_CURVE('',#468,#467,#198,.F.);
#602=EDGE_CURVE('',#468,#465,#256,.T.);
#603=EDGE_CURVE('',#469,#470,#334,.T.);
#604=EDGE_CURVE('',#470,#466,#257,.T.);
#605=EDGE_CURVE('',#465,#469,#258,.T.);
#606=EDGE_CURVE('',#471,#472,#335,.T.);
#607=EDGE_CURVE('',#472,#470,#259,.T.);
#608=EDGE_CURVE('',#469,#471,#260,.T.);
#609=EDGE_CURVE('',#473,#474,#336,.T.);
#610=EDGE_CURVE('',#474,#472,#261,.T.);
#611=EDGE_CURVE('',#471,#473,#262,.T.);
#612=EDGE_CURVE('',#475,#476,#337,.T.);
#613=EDGE_CURVE('',#476,#474,#263,.T.);
#614=EDGE_CURVE('',#473,#475,#264,.T.);
#615=EDGE_CURVE('',#477,#478,#338,.T.);
#616=EDGE_CURVE('',#478,#476,#265,.T.);
#617=EDGE_CURVE('',#475,#477,#266,.T.);
#618=EDGE_CURVE('',#479,#480,#339,.T.);
#619=EDGE_CURVE('',#480,#478,#267,.T.);
#620=EDGE_CURVE('',#477,#479,#268,.T.);
#621=EDGE_CURVE('',#481,#482,#340,.T.);
#622=EDGE_CURVE('',#482,#480,#269,.T.);
#623=EDGE_CURVE('',#479,#481,#270,.T.);
#624=EDGE_CURVE('',#483,#484,#341,.T.);
#625=EDGE_CURVE('',#484,#482,#271,.T.);
#626=EDGE_CURVE('',#481,#483,#272,.T.);
#627=EDGE_CURVE('',#485,#486,#342,.T.);
#628=EDGE_CURVE('',#486,#484,#273,.T.);
#629=EDGE_CURVE('',#483,#485,#274,.T.);
#630=EDGE_CURVE('',#487,#488,#343,.T.);
#631=EDGE_CURVE('',#488,#486,#275,.T.);
#632=EDGE_CURVE('',#485,#487,#276,.T.);
#633=EDGE_CURVE('',#489,#490,#344,.T.);
#634=EDGE_CURVE('',#490,#488,#277,.T.);
#635=EDGE_CURVE('',#487,#489,#278,.T.);
#636=EDGE_CURVE('',#491,#492,#345,.T.);
#637=EDGE_CURVE('',#491,#493,#279,.T.);
#638=EDGE_CURVE('',#494,#493,#199,.T.);
#639=EDGE_CURVE('',#494,#492,#280,.T.);
#640=EDGE_CURVE('',#495,#496,#346,.T.);
#641=EDGE_CURVE('',#496,#497,#281,.T.);
#642=EDGE_CURVE('',#498,#497,#200,.T.);
#643=EDGE_CURVE('',#495,#498,#282,.T.);
#644=EDGE_CURVE('',#499,#500,#347,.T.);
#645=EDGE_CURVE('',#500,#496,#283,.T.);
#646=EDGE_CURVE('',#499,#495,#284,.T.);
#647=EDGE_CURVE('',#501,#502,#348,.T.);
#648=EDGE_CURVE('',#502,#500,#285,.T.);
#649=EDGE_CURVE('',#501,#499,#286,.T.);
#650=EDGE_CURVE('',#503,#504,#349,.T.);
#651=EDGE_CURVE('',#504,#502,#287,.T.);
#652=EDGE_CURVE('',#503,#501,#288,.T.);
#653=EDGE_CURVE('',#505,#506,#350,.T.);
#654=EDGE_CURVE('',#506,#504,#289,.T.);
#655=EDGE_CURVE('',#505,#503,#290,.T.);
#656=EDGE_CURVE('',#507,#508,#351,.T.);
#657=EDGE_CURVE('',#508,#506,#291,.T.);
#658=EDGE_CURVE('',#507,#505,#292,.T.);
#659=EDGE_CURVE('',#509,#510,#352,.T.);
#660=EDGE_CURVE('',#510,#508,#293,.T.);
#661=EDGE_CURVE('',#509,#507,#294,.T.);
#662=EDGE_CURVE('',#511,#512,#353,.T.);
#663=EDGE_CURVE('',#512,#510,#295,.T.);
#664=EDGE_CURVE('',#511,#509,#296,.T.);
#665=EDGE_CURVE('',#513,#514,#354,.T.);
#666=EDGE_CURVE('',#514,#512,#297,.T.);
#667=EDGE_CURVE('',#513,#511,#298,.T.);
#668=EDGE_CURVE('',#515,#516,#355,.T.);
#669=EDGE_CURVE('',#516,#514,#299,.T.);
#670=EDGE_CURVE('',#515,#513,#300,.T.);
#671=EDGE_CURVE('',#517,#518,#356,.T.);
#672=EDGE_CURVE('',#518,#516,#301,.T.);
#673=EDGE_CURVE('',#517,#515,#302,.T.);
#674=EDGE_CURVE('',#519,#520,#357,.T.);
#675=EDGE_CURVE('',#520,#518,#303,.T.);
#676=EDGE_CURVE('',#519,#517,#304,.T.);
#677=EDGE_CURVE('',#521,#522,#358,.T.);
#678=EDGE_CURVE('',#522,#520,#305,.T.);
#679=EDGE_CURVE('',#521,#519,#306,.T.);
#680=EDGE_CURVE('',#523,#524,#359,.T.);
#681=EDGE_CURVE('',#525,#523,#307,.T.);
#682=EDGE_CURVE('',#526,#525,#201,.T.);
#683=EDGE_CURVE('',#526,#524,#308,.T.);
#684=EDGE_CURVE('',#527,#528,#309,.T.);
#685=EDGE_CURVE('',#528,#529,#202,.T.);
#686=EDGE_CURVE('',#530,#529,#310,.F.);
#687=EDGE_CURVE('',#531,#530,#311,.F.);
#688=EDGE_CURVE('',#531,#532,#203,.T.);
#689=EDGE_CURVE('',#532,#527,#312,.T.);
#690=EDGE_CURVE('',#531,#533,#360,.T.);
#691=EDGE_CURVE('',#534,#533,#204,.T.);
#692=EDGE_CURVE('',#534,#535,#361,.T.);
#693=EDGE_CURVE('',#536,#535,#205,.T.);
#694=EDGE_CURVE('',#536,#537,#362,.T.);
#695=EDGE_CURVE('',#538,#537,#206,.T.);
#696=EDGE_CURVE('',#538,#532,#363,.T.);
#697=EDGE_CURVE('',#497,#468,#313,.T.);
#698=EDGE_CURVE('',#467,#498,#314,.T.);
#699=EDGE_CURVE('',#539,#540,#315,.T.);
#700=EDGE_CURVE('',#540,#541,#207,.T.);
#701=EDGE_CURVE('',#542,#541,#316,.F.);
#702=EDGE_CURVE('',#534,#542,#317,.F.);
#703=EDGE_CURVE('',#533,#539,#318,.T.);
#704=EDGE_CURVE('',#543,#544,#319,.T.);
#705=EDGE_CURVE('',#544,#545,#208,.T.);
#706=EDGE_CURVE('',#546,#545,#320,.F.);
#707=EDGE_CURVE('',#536,#546,#321,.F.);
#708=EDGE_CURVE('',#535,#543,#322,.T.);
#709=EDGE_CURVE('',#547,#548,#323,.T.);
#710=EDGE_CURVE('',#548,#549,#209,.T.);
#711=EDGE_CURVE('',#550,#549,#324,.F.);
#712=EDGE_CURVE('',#538,#550,#325,.F.);
#713=EDGE_CURVE('',#537,#547,#326,.T.);
#714=EDGE_CURVE('',#551,#552,#210,.T.);
#715=EDGE_CURVE('',#552,#553,#211,.T.);
#716=EDGE_CURVE('',#553,#553,#212,.T.);
#717=EDGE_CURVE('',#552,#551,#213,.T.);
#718=EDGE_CURVE('',#554,#554,#214,.T.);
#719=EDGE_CURVE('',#554,#551,#364,.T.);
#720=EDGE_CURVE('',#555,#556,#215,.F.);
#721=EDGE_CURVE('',#556,#557,#216,.F.);
#722=EDGE_CURVE('',#557,#558,#217,.T.);
#723=EDGE_CURVE('',#559,#558,#365,.T.);
#724=EDGE_CURVE('',#559,#560,#218,.T.);
#725=EDGE_CURVE('',#560,#561,#219,.F.);
#726=EDGE_CURVE('',#561,#562,#220,.F.);
#727=EDGE_CURVE('',#562,#563,#221,.T.);
#728=EDGE_CURVE('',#564,#563,#366,.T.);
#729=EDGE_CURVE('',#564,#565,#222,.T.);
#730=EDGE_CURVE('',#565,#566,#223,.F.);
#731=EDGE_CURVE('',#566,#567,#224,.F.);
#732=EDGE_CURVE('',#567,#568,#225,.T.);
#733=EDGE_CURVE('',#569,#568,#367,.T.);
#734=EDGE_CURVE('',#569,#570,#226,.T.);
#735=EDGE_CURVE('',#570,#571,#227,.F.);
#736=EDGE_CURVE('',#571,#572,#228,.F.);
#737=EDGE_CURVE('',#572,#573,#229,.T.);
#738=EDGE_CURVE('',#574,#573,#368,.T.);
#739=EDGE_CURVE('',#574,#555,#230,.T.);
#740=EDGE_CURVE('',#575,#575,#231,.T.);
#741=EDGE_CURVE('',#576,#577,#232,.T.);
#742=EDGE_CURVE('',#577,#578,#233,.T.);
#743=EDGE_CURVE('',#578,#576,#234,.T.);
#744=EDGE_CURVE('',#579,#580,#235,.T.);
#745=EDGE_CURVE('',#580,#581,#236,.T.);
#746=EDGE_CURVE('',#581,#579,#237,.T.);
#747=EDGE_CURVE('',#582,#583,#238,.T.);
#748=EDGE_CURVE('',#583,#584,#239,.T.);
#749=EDGE_CURVE('',#584,#582,#240,.T.);
#750=EDGE_CURVE('',#524,#522,#327,.T.);
#751=EDGE_CURVE('',#523,#521,#328,.T.);
#752=EDGE_CURVE('',#493,#526,#329,.T.);
#753=EDGE_CURVE('',#489,#491,#330,.T.);
#754=EDGE_CURVE('',#492,#490,#331,.T.);
#755=EDGE_CURVE('',#525,#494,#332,.T.);
#756=EDGE_CURVE('',#585,#585,#241,.F.);
#757=EDGE_CURVE('',#586,#586,#242,.T.);
#758=EDGE_CURVE('',#587,#587,#243,.F.);
#759=EDGE_CURVE('',#588,#588,#244,.T.);
#760=EDGE_CURVE('',#589,#589,#245,.F.);
#761=EDGE_CURVE('',#590,#590,#246,.T.);
#762=EDGE_CURVE('',#591,#591,#247,.F.);
#763=EDGE_CURVE('',#592,#592,#248,.T.);
#764=EDGE_CURVE('',#528,#557,#369,.F.);
#765=EDGE_CURVE('',#558,#527,#370,.T.);
#766=EDGE_CURVE('',#540,#572,#371,.F.);
#767=EDGE_CURVE('',#573,#539,#372,.T.);
#768=EDGE_CURVE('',#570,#541,#373,.F.);
#769=EDGE_CURVE('',#569,#542,#374,.T.);
#770=EDGE_CURVE('',#548,#562,#375,.F.);
#771=EDGE_CURVE('',#563,#547,#376,.T.);
#772=EDGE_CURVE('',#560,#549,#377,.F.);
#773=EDGE_CURVE('',#559,#550,#378,.T.);
#774=EDGE_CURVE('',#593,#594,#249,.T.);
#775=EDGE_CURVE('',#593,#594,#250,.T.);
#776=EDGE_CURVE('',#595,#596,#251,.T.);
#777=EDGE_CURVE('',#595,#596,#252,.T.);
#778=EDGE_CURVE('',#597,#598,#253,.T.);
#779=EDGE_CURVE('',#597,#598,#254,.T.);
#780=EDGE_CURVE('',#544,#567,#379,.F.);
#781=EDGE_CURVE('',#568,#543,#380,.T.);
#782=EDGE_CURVE('',#565,#545,#381,.F.);
#783=EDGE_CURVE('',#564,#546,#382,.T.);
#784=EDGE_CURVE('',#594,#581,#383,.T.);
#785=EDGE_CURVE('',#579,#593,#384,.T.);
#786=EDGE_CURVE('',#598,#584,#385,.T.);
#787=EDGE_CURVE('',#582,#597,#386,.T.);
#788=EDGE_CURVE('',#574,#530,#387,.T.);
#789=EDGE_CURVE('',#555,#529,#388,.F.);
#790=EDGE_CURVE('',#596,#578,#389,.T.);
#791=EDGE_CURVE('',#576,#595,#390,.T.);
#792=EDGE_CURVE('',#566,#591,#391,.T.);
#793=EDGE_CURVE('',#580,#592,#392,.T.);
#794=EDGE_CURVE('',#561,#585,#393,.T.);
#795=EDGE_CURVE('',#577,#586,#394,.T.);
#796=EDGE_CURVE('',#571,#587,#395,.T.);
#797=EDGE_CURVE('',#583,#588,#396,.T.);
#798=EDGE_CURVE('',#556,#589,#397,.T.);
#799=EDGE_CURVE('',#575,#590,#398,.T.);
#800=ORIENTED_EDGE('',*,*,#599,.T.);
#801=ORIENTED_EDGE('',*,*,#600,.T.);
#802=ORIENTED_EDGE('',*,*,#601,.F.);
#803=ORIENTED_EDGE('',*,*,#602,.T.);
#804=ORIENTED_EDGE('',*,*,#603,.T.);
#805=ORIENTED_EDGE('',*,*,#604,.T.);
#806=ORIENTED_EDGE('',*,*,#599,.F.);
#807=ORIENTED_EDGE('',*,*,#605,.T.);
#808=ORIENTED_EDGE('',*,*,#606,.T.);
#809=ORIENTED_EDGE('',*,*,#607,.T.);
#810=ORIENTED_EDGE('',*,*,#603,.F.);
#811=ORIENTED_EDGE('',*,*,#608,.T.);
#812=ORIENTED_EDGE('',*,*,#609,.T.);
#813=ORIENTED_EDGE('',*,*,#610,.T.);
#814=ORIENTED_EDGE('',*,*,#606,.F.);
#815=ORIENTED_EDGE('',*,*,#611,.T.);
#816=ORIENTED_EDGE('',*,*,#612,.T.);
#817=ORIENTED_EDGE('',*,*,#613,.T.);
#818=ORIENTED_EDGE('',*,*,#609,.F.);
#819=ORIENTED_EDGE('',*,*,#614,.T.);
#820=ORIENTED_EDGE('',*,*,#615,.T.);
#821=ORIENTED_EDGE('',*,*,#616,.T.);
#822=ORIENTED_EDGE('',*,*,#612,.F.);
#823=ORIENTED_EDGE('',*,*,#617,.T.);
#824=ORIENTED_EDGE('',*,*,#618,.T.);
#825=ORIENTED_EDGE('',*,*,#619,.T.);
#826=ORIENTED_EDGE('',*,*,#615,.F.);
#827=ORIENTED_EDGE('',*,*,#620,.T.);
#828=ORIENTED_EDGE('',*,*,#621,.T.);
#829=ORIENTED_EDGE('',*,*,#622,.T.);
#830=ORIENTED_EDGE('',*,*,#618,.F.);
#831=ORIENTED_EDGE('',*,*,#623,.T.);
#832=ORIENTED_EDGE('',*,*,#624,.T.);
#833=ORIENTED_EDGE('',*,*,#625,.T.);
#834=ORIENTED_EDGE('',*,*,#621,.F.);
#835=ORIENTED_EDGE('',*,*,#626,.T.);
#836=ORIENTED_EDGE('',*,*,#627,.T.);
#837=ORIENTED_EDGE('',*,*,#628,.T.);
#838=ORIENTED_EDGE('',*,*,#624,.F.);
#839=ORIENTED_EDGE('',*,*,#629,.T.);
#840=ORIENTED_EDGE('',*,*,#630,.T.);
#841=ORIENTED_EDGE('',*,*,#631,.T.);
#842=ORIENTED_EDGE('',*,*,#627,.F.);
#843=ORIENTED_EDGE('',*,*,#632,.T.);
#844=ORIENTED_EDGE('',*,*,#633,.T.);
#845=ORIENTED_EDGE('',*,*,#634,.T.);
#846=ORIENTED_EDGE('',*,*,#630,.F.);
#847=ORIENTED_EDGE('',*,*,#635,.T.);
#848=ORIENTED_EDGE('',*,*,#636,.F.);
#849=ORIENTED_EDGE('',*,*,#637,.T.);
#850=ORIENTED_EDGE('',*,*,#638,.F.);
#851=ORIENTED_EDGE('',*,*,#639,.T.);
#852=ORIENTED_EDGE('',*,*,#640,.T.);
#853=ORIENTED_EDGE('',*,*,#641,.T.);
#854=ORIENTED_EDGE('',*,*,#642,.F.);
#855=ORIENTED_EDGE('',*,*,#643,.F.);
#856=ORIENTED_EDGE('',*,*,#644,.T.);
#857=ORIENTED_EDGE('',*,*,#645,.T.);
#858=ORIENTED_EDGE('',*,*,#640,.F.);
#859=ORIENTED_EDGE('',*,*,#646,.F.);
#860=ORIENTED_EDGE('',*,*,#647,.T.);
#861=ORIENTED_EDGE('',*,*,#648,.T.);
#862=ORIENTED_EDGE('',*,*,#644,.F.);
#863=ORIENTED_EDGE('',*,*,#649,.F.);
#864=ORIENTED_EDGE('',*,*,#650,.T.);
#865=ORIENTED_EDGE('',*,*,#651,.T.);
#866=ORIENTED_EDGE('',*,*,#647,.F.);
#867=ORIENTED_EDGE('',*,*,#652,.F.);
#868=ORIENTED_EDGE('',*,*,#653,.T.);
#869=ORIENTED_EDGE('',*,*,#654,.T.);
#870=ORIENTED_EDGE('',*,*,#650,.F.);
#871=ORIENTED_EDGE('',*,*,#655,.F.);
#872=ORIENTED_EDGE('',*,*,#656,.T.);
#873=ORIENTED_EDGE('',*,*,#657,.T.);
#874=ORIENTED_EDGE('',*,*,#653,.F.);
#875=ORIENTED_EDGE('',*,*,#658,.F.);
#876=ORIENTED_EDGE('',*,*,#659,.T.);
#877=ORIENTED_EDGE('',*,*,#660,.T.);
#878=ORIENTED_EDGE('',*,*,#656,.F.);
#879=ORIENTED_EDGE('',*,*,#661,.F.);
#880=ORIENTED_EDGE('',*,*,#662,.T.);
#881=ORIENTED_EDGE('',*,*,#663,.T.);
#882=ORIENTED_EDGE('',*,*,#659,.F.);
#883=ORIENTED_EDGE('',*,*,#664,.F.);
#884=ORIENTED_EDGE('',*,*,#665,.T.);
#885=ORIENTED_EDGE('',*,*,#666,.T.);
#886=ORIENTED_EDGE('',*,*,#662,.F.);
#887=ORIENTED_EDGE('',*,*,#667,.F.);
#888=ORIENTED_EDGE('',*,*,#668,.T.);
#889=ORIENTED_EDGE('',*,*,#669,.T.);
#890=ORIENTED_EDGE('',*,*,#665,.F.);
#891=ORIENTED_EDGE('',*,*,#670,.F.);
#892=ORIENTED_EDGE('',*,*,#671,.T.);
#893=ORIENTED_EDGE('',*,*,#672,.T.);
#894=ORIENTED_EDGE('',*,*,#668,.F.);
#895=ORIENTED_EDGE('',*,*,#673,.F.);
#896=ORIENTED_EDGE('',*,*,#674,.T.);
#897=ORIENTED_EDGE('',*,*,#675,.T.);
#898=ORIENTED_EDGE('',*,*,#671,.F.);
#899=ORIENTED_EDGE('',*,*,#676,.F.);
#900=ORIENTED_EDGE('',*,*,#677,.T.);
#901=ORIENTED_EDGE('',*,*,#678,.T.);
#902=ORIENTED_EDGE('',*,*,#674,.F.);
#903=ORIENTED_EDGE('',*,*,#679,.F.);
#904=ORIENTED_EDGE('',*,*,#680,.F.);
#905=ORIENTED_EDGE('',*,*,#681,.F.);
#906=ORIENTED_EDGE('',*,*,#682,.F.);
#907=ORIENTED_EDGE('',*,*,#683,.T.);
#908=ORIENTED_EDGE('',*,*,#684,.T.);
#909=ORIENTED_EDGE('',*,*,#685,.T.);
#910=ORIENTED_EDGE('',*,*,#686,.F.);
#911=ORIENTED_EDGE('',*,*,#687,.F.);
#912=ORIENTED_EDGE('',*,*,#688,.T.);
#913=ORIENTED_EDGE('',*,*,#689,.T.);
#914=ORIENTED_EDGE('',*,*,#688,.F.);
#915=ORIENTED_EDGE('',*,*,#690,.T.);
#916=ORIENTED_EDGE('',*,*,#691,.F.);
#917=ORIENTED_EDGE('',*,*,#692,.T.);
#918=ORIENTED_EDGE('',*,*,#693,.F.);
#919=ORIENTED_EDGE('',*,*,#694,.T.);
#920=ORIENTED_EDGE('',*,*,#695,.F.);
#921=ORIENTED_EDGE('',*,*,#696,.T.);
#922=ORIENTED_EDGE('',*,*,#697,.T.);
#923=ORIENTED_EDGE('',*,*,#601,.T.);
#924=ORIENTED_EDGE('',*,*,#698,.T.);
#925=ORIENTED_EDGE('',*,*,#642,.T.);
#926=ORIENTED_EDGE('',*,*,#699,.T.);
#927=ORIENTED_EDGE('',*,*,#700,.T.);
#928=ORIENTED_EDGE('',*,*,#701,.F.);
#929=ORIENTED_EDGE('',*,*,#702,.F.);
#930=ORIENTED_EDGE('',*,*,#691,.T.);
#931=ORIENTED_EDGE('',*,*,#703,.T.);
#932=ORIENTED_EDGE('',*,*,#704,.T.);
#933=ORIENTED_EDGE('',*,*,#705,.T.);
#934=ORIENTED_EDGE('',*,*,#706,.F.);
#935=ORIENTED_EDGE('',*,*,#707,.F.);
#936=ORIENTED_EDGE('',*,*,#693,.T.);
#937=ORIENTED_EDGE('',*,*,#708,.T.);
#938=ORIENTED_EDGE('',*,*,#709,.T.);
#939=ORIENTED_EDGE('',*,*,#710,.T.);
#940=ORIENTED_EDGE('',*,*,#711,.F.);
#941=ORIENTED_EDGE('',*,*,#712,.F.);
#942=ORIENTED_EDGE('',*,*,#695,.T.);
#943=ORIENTED_EDGE('',*,*,#713,.T.);
#944=ORIENTED_EDGE('',*,*,#714,.T.);
#945=ORIENTED_EDGE('',*,*,#715,.T.);
#946=ORIENTED_EDGE('',*,*,#716,.T.);
#947=ORIENTED_EDGE('',*,*,#715,.F.);
#948=ORIENTED_EDGE('',*,*,#717,.T.);
#949=ORIENTED_EDGE('',*,*,#718,.F.);
#950=ORIENTED_EDGE('',*,*,#719,.T.);
#951=ORIENTED_EDGE('',*,*,#717,.F.);
#952=ORIENTED_EDGE('',*,*,#714,.F.);
#953=ORIENTED_EDGE('',*,*,#719,.F.);
#954=ORIENTED_EDGE('',*,*,#720,.T.);
#955=ORIENTED_EDGE('',*,*,#721,.T.);
#956=ORIENTED_EDGE('',*,*,#722,.T.);
#957=ORIENTED_EDGE('',*,*,#723,.F.);
#958=ORIENTED_EDGE('',*,*,#724,.T.);
#959=ORIENTED_EDGE('',*,*,#725,.T.);
#960=ORIENTED_EDGE('',*,*,#726,.T.);
#961=ORIENTED_EDGE('',*,*,#727,.T.);
#962=ORIENTED_EDGE('',*,*,#728,.F.);
#963=ORIENTED_EDGE('',*,*,#729,.T.);
#964=ORIENTED_EDGE('',*,*,#730,.T.);
#965=ORIENTED_EDGE('',*,*,#731,.T.);
#966=ORIENTED_EDGE('',*,*,#732,.T.);
#967=ORIENTED_EDGE('',*,*,#733,.F.);
#968=ORIENTED_EDGE('',*,*,#734,.T.);
#969=ORIENTED_EDGE('',*,*,#735,.T.);
#970=ORIENTED_EDGE('',*,*,#736,.T.);
#971=ORIENTED_EDGE('',*,*,#737,.T.);
#972=ORIENTED_EDGE('',*,*,#738,.F.);
#973=ORIENTED_EDGE('',*,*,#739,.T.);
#974=ORIENTED_EDGE('',*,*,#740,.T.);
#975=ORIENTED_EDGE('',*,*,#741,.T.);
#976=ORIENTED_EDGE('',*,*,#742,.T.);
#977=ORIENTED_EDGE('',*,*,#743,.T.);
#978=ORIENTED_EDGE('',*,*,#744,.T.);
#979=ORIENTED_EDGE('',*,*,#745,.T.);
#980=ORIENTED_EDGE('',*,*,#746,.T.);
#981=ORIENTED_EDGE('',*,*,#747,.T.);
#982=ORIENTED_EDGE('',*,*,#748,.T.);
#983=ORIENTED_EDGE('',*,*,#749,.T.);
#984=ORIENTED_EDGE('',*,*,#716,.F.);
#985=ORIENTED_EDGE('',*,*,#680,.T.);
#986=ORIENTED_EDGE('',*,*,#750,.T.);
#987=ORIENTED_EDGE('',*,*,#677,.F.);
#988=ORIENTED_EDGE('',*,*,#751,.F.);
#989=ORIENTED_EDGE('',*,*,#697,.F.);
#990=ORIENTED_EDGE('',*,*,#641,.F.);
#991=ORIENTED_EDGE('',*,*,#645,.F.);
#992=ORIENTED_EDGE('',*,*,#648,.F.);
#993=ORIENTED_EDGE('',*,*,#651,.F.);
#994=ORIENTED_EDGE('',*,*,#654,.F.);
#995=ORIENTED_EDGE('',*,*,#657,.F.);
#996=ORIENTED_EDGE('',*,*,#660,.F.);
#997=ORIENTED_EDGE('',*,*,#663,.F.);
#998=ORIENTED_EDGE('',*,*,#666,.F.);
#999=ORIENTED_EDGE('',*,*,#669,.F.);
#1000=ORIENTED_EDGE('',*,*,#672,.F.);
#1001=ORIENTED_EDGE('',*,*,#675,.F.);
#1002=ORIENTED_EDGE('',*,*,#678,.F.);
#1003=ORIENTED_EDGE('',*,*,#750,.F.);
#1004=ORIENTED_EDGE('',*,*,#683,.F.);
#1005=ORIENTED_EDGE('',*,*,#752,.F.);
#1006=ORIENTED_EDGE('',*,*,#637,.F.);
#1007=ORIENTED_EDGE('',*,*,#753,.F.);
#1008=ORIENTED_EDGE('',*,*,#635,.F.);
#1009=ORIENTED_EDGE('',*,*,#632,.F.);
#1010=ORIENTED_EDGE('',*,*,#629,.F.);
#1011=ORIENTED_EDGE('',*,*,#626,.F.);
#1012=ORIENTED_EDGE('',*,*,#623,.F.);
#1013=ORIENTED_EDGE('',*,*,#620,.F.);
#1014=ORIENTED_EDGE('',*,*,#617,.F.);
#1015=ORIENTED_EDGE('',*,*,#614,.F.);
#1016=ORIENTED_EDGE('',*,*,#611,.F.);
#1017=ORIENTED_EDGE('',*,*,#608,.F.);
#1018=ORIENTED_EDGE('',*,*,#605,.F.);
#1019=ORIENTED_EDGE('',*,*,#602,.F.);
#1020=ORIENTED_EDGE('',*,*,#698,.F.);
#1021=ORIENTED_EDGE('',*,*,#600,.F.);
#1022=ORIENTED_EDGE('',*,*,#604,.F.);
#1023=ORIENTED_EDGE('',*,*,#607,.F.);
#1024=ORIENTED_EDGE('',*,*,#610,.F.);
#1025=ORIENTED_EDGE('',*,*,#613,.F.);
#1026=ORIENTED_EDGE('',*,*,#616,.F.);
#1027=ORIENTED_EDGE('',*,*,#619,.F.);
#1028=ORIENTED_EDGE('',*,*,#622,.F.);
#1029=ORIENTED_EDGE('',*,*,#625,.F.);
#1030=ORIENTED_EDGE('',*,*,#628,.F.);
#1031=ORIENTED_EDGE('',*,*,#631,.F.);
#1032=ORIENTED_EDGE('',*,*,#634,.F.);
#1033=ORIENTED_EDGE('',*,*,#754,.F.);
#1034=ORIENTED_EDGE('',*,*,#639,.F.);
#1035=ORIENTED_EDGE('',*,*,#755,.F.);
#1036=ORIENTED_EDGE('',*,*,#681,.T.);
#1037=ORIENTED_EDGE('',*,*,#751,.T.);
#1038=ORIENTED_EDGE('',*,*,#679,.T.);
#1039=ORIENTED_EDGE('',*,*,#676,.T.);
#1040=ORIENTED_EDGE('',*,*,#673,.T.);
#1041=ORIENTED_EDGE('',*,*,#670,.T.);
#1042=ORIENTED_EDGE('',*,*,#667,.T.);
#1043=ORIENTED_EDGE('',*,*,#664,.T.);
#1044=ORIENTED_EDGE('',*,*,#661,.T.);
#1045=ORIENTED_EDGE('',*,*,#658,.T.);
#1046=ORIENTED_EDGE('',*,*,#655,.T.);
#1047=ORIENTED_EDGE('',*,*,#652,.T.);
#1048=ORIENTED_EDGE('',*,*,#649,.T.);
#1049=ORIENTED_EDGE('',*,*,#646,.T.);
#1050=ORIENTED_EDGE('',*,*,#643,.T.);
#1051=ORIENTED_EDGE('',*,*,#718,.T.);
#1052=ORIENTED_EDGE('',*,*,#752,.T.);
#1053=ORIENTED_EDGE('',*,*,#682,.T.);
#1054=ORIENTED_EDGE('',*,*,#755,.T.);
#1055=ORIENTED_EDGE('',*,*,#638,.T.);
#1056=ORIENTED_EDGE('',*,*,#636,.T.);
#1057=ORIENTED_EDGE('',*,*,#754,.T.);
#1058=ORIENTED_EDGE('',*,*,#633,.F.);
#1059=ORIENTED_EDGE('',*,*,#753,.T.);
#1060=ORIENTED_EDGE('',*,*,#756,.F.);
#1061=ORIENTED_EDGE('',*,*,#757,.F.);
#1062=ORIENTED_EDGE('',*,*,#758,.F.);
#1063=ORIENTED_EDGE('',*,*,#759,.F.);
#1064=ORIENTED_EDGE('',*,*,#760,.F.);
#1065=ORIENTED_EDGE('',*,*,#761,.F.);
#1066=ORIENTED_EDGE('',*,*,#762,.F.);
#1067=ORIENTED_EDGE('',*,*,#763,.F.);
#1068=ORIENTED_EDGE('',*,*,#764,.F.);
#1069=ORIENTED_EDGE('',*,*,#684,.F.);
#1070=ORIENTED_EDGE('',*,*,#765,.F.);
#1071=ORIENTED_EDGE('',*,*,#722,.F.);
#1072=ORIENTED_EDGE('',*,*,#766,.F.);
#1073=ORIENTED_EDGE('',*,*,#699,.F.);
#1074=ORIENTED_EDGE('',*,*,#767,.F.);
#1075=ORIENTED_EDGE('',*,*,#737,.F.);
#1076=ORIENTED_EDGE('',*,*,#768,.F.);
#1077=ORIENTED_EDGE('',*,*,#734,.F.);
#1078=ORIENTED_EDGE('',*,*,#769,.T.);
#1079=ORIENTED_EDGE('',*,*,#701,.T.);
#1080=ORIENTED_EDGE('',*,*,#770,.F.);
#1081=ORIENTED_EDGE('',*,*,#709,.F.);
#1082=ORIENTED_EDGE('',*,*,#771,.F.);
#1083=ORIENTED_EDGE('',*,*,#727,.F.);
#1084=ORIENTED_EDGE('',*,*,#772,.F.);
#1085=ORIENTED_EDGE('',*,*,#724,.F.);
#1086=ORIENTED_EDGE('',*,*,#773,.T.);
#1087=ORIENTED_EDGE('',*,*,#711,.T.);
#1088=ORIENTED_EDGE('',*,*,#774,.F.);
#1089=ORIENTED_EDGE('',*,*,#775,.T.);
#1090=ORIENTED_EDGE('',*,*,#776,.F.);
#1091=ORIENTED_EDGE('',*,*,#777,.T.);
#1092=ORIENTED_EDGE('',*,*,#778,.F.);
#1093=ORIENTED_EDGE('',*,*,#779,.T.);
#1094=ORIENTED_EDGE('',*,*,#780,.F.);
#1095=ORIENTED_EDGE('',*,*,#704,.F.);
#1096=ORIENTED_EDGE('',*,*,#781,.F.);
#1097=ORIENTED_EDGE('',*,*,#732,.F.);
#1098=ORIENTED_EDGE('',*,*,#782,.F.);
#1099=ORIENTED_EDGE('',*,*,#729,.F.);
#1100=ORIENTED_EDGE('',*,*,#783,.T.);
#1101=ORIENTED_EDGE('',*,*,#706,.T.);
#1102=ORIENTED_EDGE('',*,*,#728,.T.);
#1103=ORIENTED_EDGE('',*,*,#771,.T.);
#1104=ORIENTED_EDGE('',*,*,#713,.F.);
#1105=ORIENTED_EDGE('',*,*,#694,.F.);
#1106=ORIENTED_EDGE('',*,*,#707,.T.);
#1107=ORIENTED_EDGE('',*,*,#783,.F.);
#1108=ORIENTED_EDGE('',*,*,#784,.F.);
#1109=ORIENTED_EDGE('',*,*,#775,.F.);
#1110=ORIENTED_EDGE('',*,*,#785,.F.);
#1111=ORIENTED_EDGE('',*,*,#746,.F.);
#1112=ORIENTED_EDGE('',*,*,#733,.T.);
#1113=ORIENTED_EDGE('',*,*,#781,.T.);
#1114=ORIENTED_EDGE('',*,*,#708,.F.);
#1115=ORIENTED_EDGE('',*,*,#692,.F.);
#1116=ORIENTED_EDGE('',*,*,#702,.T.);
#1117=ORIENTED_EDGE('',*,*,#769,.F.);
#1118=ORIENTED_EDGE('',*,*,#786,.F.);
#1119=ORIENTED_EDGE('',*,*,#779,.F.);
#1120=ORIENTED_EDGE('',*,*,#787,.F.);
#1121=ORIENTED_EDGE('',*,*,#749,.F.);
#1122=ORIENTED_EDGE('',*,*,#738,.T.);
#1123=ORIENTED_EDGE('',*,*,#767,.T.);
#1124=ORIENTED_EDGE('',*,*,#703,.F.);
#1125=ORIENTED_EDGE('',*,*,#690,.F.);
#1126=ORIENTED_EDGE('',*,*,#687,.T.);
#1127=ORIENTED_EDGE('',*,*,#788,.F.);
#1128=ORIENTED_EDGE('',*,*,#789,.F.);
#1129=ORIENTED_EDGE('',*,*,#739,.F.);
#1130=ORIENTED_EDGE('',*,*,#788,.T.);
#1131=ORIENTED_EDGE('',*,*,#686,.T.);
#1132=ORIENTED_EDGE('',*,*,#723,.T.);
#1133=ORIENTED_EDGE('',*,*,#765,.T.);
#1134=ORIENTED_EDGE('',*,*,#689,.F.);
#1135=ORIENTED_EDGE('',*,*,#696,.F.);
#1136=ORIENTED_EDGE('',*,*,#712,.T.);
#1137=ORIENTED_EDGE('',*,*,#773,.F.);
#1138=ORIENTED_EDGE('',*,*,#790,.F.);
#1139=ORIENTED_EDGE('',*,*,#777,.F.);
#1140=ORIENTED_EDGE('',*,*,#791,.F.);
#1141=ORIENTED_EDGE('',*,*,#743,.F.);
#1142=ORIENTED_EDGE('',*,*,#780,.T.);
#1143=ORIENTED_EDGE('',*,*,#731,.F.);
#1144=ORIENTED_EDGE('',*,*,#792,.T.);
#1145=ORIENTED_EDGE('',*,*,#762,.T.);
#1146=ORIENTED_EDGE('',*,*,#792,.F.);
#1147=ORIENTED_EDGE('',*,*,#730,.F.);
#1148=ORIENTED_EDGE('',*,*,#782,.T.);
#1149=ORIENTED_EDGE('',*,*,#705,.F.);
#1150=ORIENTED_EDGE('',*,*,#784,.T.);
#1151=ORIENTED_EDGE('',*,*,#745,.F.);
#1152=ORIENTED_EDGE('',*,*,#793,.T.);
#1153=ORIENTED_EDGE('',*,*,#763,.T.);
#1154=ORIENTED_EDGE('',*,*,#793,.F.);
#1155=ORIENTED_EDGE('',*,*,#744,.F.);
#1156=ORIENTED_EDGE('',*,*,#785,.T.);
#1157=ORIENTED_EDGE('',*,*,#774,.T.);
#1158=ORIENTED_EDGE('',*,*,#770,.T.);
#1159=ORIENTED_EDGE('',*,*,#726,.F.);
#1160=ORIENTED_EDGE('',*,*,#794,.T.);
#1161=ORIENTED_EDGE('',*,*,#756,.T.);
#1162=ORIENTED_EDGE('',*,*,#794,.F.);
#1163=ORIENTED_EDGE('',*,*,#725,.F.);
#1164=ORIENTED_EDGE('',*,*,#772,.T.);
#1165=ORIENTED_EDGE('',*,*,#710,.F.);
#1166=ORIENTED_EDGE('',*,*,#790,.T.);
#1167=ORIENTED_EDGE('',*,*,#742,.F.);
#1168=ORIENTED_EDGE('',*,*,#795,.T.);
#1169=ORIENTED_EDGE('',*,*,#757,.T.);
#1170=ORIENTED_EDGE('',*,*,#795,.F.);
#1171=ORIENTED_EDGE('',*,*,#741,.F.);
#1172=ORIENTED_EDGE('',*,*,#791,.T.);
#1173=ORIENTED_EDGE('',*,*,#776,.T.);
#1174=ORIENTED_EDGE('',*,*,#766,.T.);
#1175=ORIENTED_EDGE('',*,*,#736,.F.);
#1176=ORIENTED_EDGE('',*,*,#796,.T.);
#1177=ORIENTED_EDGE('',*,*,#758,.T.);
#1178=ORIENTED_EDGE('',*,*,#796,.F.);
#1179=ORIENTED_EDGE('',*,*,#735,.F.);
#1180=ORIENTED_EDGE('',*,*,#768,.T.);
#1181=ORIENTED_EDGE('',*,*,#700,.F.);
#1182=ORIENTED_EDGE('',*,*,#786,.T.);
#1183=ORIENTED_EDGE('',*,*,#748,.F.);
#1184=ORIENTED_EDGE('',*,*,#797,.T.);
#1185=ORIENTED_EDGE('',*,*,#759,.T.);
#1186=ORIENTED_EDGE('',*,*,#797,.F.);
#1187=ORIENTED_EDGE('',*,*,#747,.F.);
#1188=ORIENTED_EDGE('',*,*,#787,.T.);
#1189=ORIENTED_EDGE('',*,*,#778,.T.);
#1190=ORIENTED_EDGE('',*,*,#764,.T.);
#1191=ORIENTED_EDGE('',*,*,#721,.F.);
#1192=ORIENTED_EDGE('',*,*,#798,.T.);
#1193=ORIENTED_EDGE('',*,*,#760,.T.);
#1194=ORIENTED_EDGE('',*,*,#798,.F.);
#1195=ORIENTED_EDGE('',*,*,#720,.F.);
#1196=ORIENTED_EDGE('',*,*,#789,.T.);
#1197=ORIENTED_EDGE('',*,*,#685,.F.);
#1198=ORIENTED_EDGE('',*,*,#740,.F.);
#1199=ORIENTED_EDGE('',*,*,#799,.T.);
#1200=ORIENTED_EDGE('',*,*,#761,.T.);
#1201=ORIENTED_EDGE('',*,*,#799,.F.);
#1202=CYLINDRICAL_SURFACE('',#1323,1.03775);
#1203=CYLINDRICAL_SURFACE('',#1325,1.03775);
#1204=CYLINDRICAL_SURFACE('',#1326,1.03775);
#1205=CYLINDRICAL_SURFACE('',#1327,1.03775);
#1206=CYLINDRICAL_SURFACE('',#1328,1.03775);
#1207=CYLINDRICAL_SURFACE('',#1329,1.03775);
#1208=CYLINDRICAL_SURFACE('',#1330,1.03775);
#1209=CYLINDRICAL_SURFACE('',#1331,1.03775);
#1210=CYLINDRICAL_SURFACE('',#1332,1.03775);
#1211=CYLINDRICAL_SURFACE('',#1333,1.03775);
#1212=CYLINDRICAL_SURFACE('',#1334,1.03775);
#1213=CYLINDRICAL_SURFACE('',#1335,1.03775);
#1214=CYLINDRICAL_SURFACE('',#1336,1.03775);
#1215=CYLINDRICAL_SURFACE('',#1338,1.29);
#1216=CYLINDRICAL_SURFACE('',#1340,1.29);
#1217=CYLINDRICAL_SURFACE('',#1341,1.29);
#1218=CYLINDRICAL_SURFACE('',#1342,1.29);
#1219=CYLINDRICAL_SURFACE('',#1343,1.29);
#1220=CYLINDRICAL_SURFACE('',#1344,1.29);
#1221=CYLINDRICAL_SURFACE('',#1345,1.29);
#1222=CYLINDRICAL_SURFACE('',#1346,1.29);
#1223=CYLINDRICAL_SURFACE('',#1347,1.29);
#1224=CYLINDRICAL_SURFACE('',#1348,1.29);
#1225=CYLINDRICAL_SURFACE('',#1349,1.29);
#1226=CYLINDRICAL_SURFACE('',#1350,1.29);
#1227=CYLINDRICAL_SURFACE('',#1351,1.29);
#1228=CYLINDRICAL_SURFACE('',#1352,1.29);
#1229=CYLINDRICAL_SURFACE('',#1372,2.5);
#1230=CYLINDRICAL_SURFACE('',#1401,1.29);
#1231=CYLINDRICAL_SURFACE('',#1403,1.03775);
#1232=CYLINDRICAL_SURFACE('',#1416,4.);
#1233=CYLINDRICAL_SURFACE('',#1417,4.);
#1234=CYLINDRICAL_SURFACE('',#1418,4.);
#1235=CYLINDRICAL_SURFACE('',#1419,4.);
#1236=CYLINDRICAL_SURFACE('',#1420,4.);
#1237=CYLINDRICAL_SURFACE('',#1430,4.);
#1238=CYLINDRICAL_SURFACE('',#1431,4.);
#1239=CYLINDRICAL_SURFACE('',#1433,4.);
#1240=CYLINDRICAL_SURFACE('',#1435,4.);
#1241=CYLINDRICAL_SURFACE('',#1437,4.);
#1242=CYLINDRICAL_SURFACE('',#1439,4.);
#1243=CYLINDRICAL_SURFACE('',#1440,3.21567891626738);
#1244=CYLINDRICAL_SURFACE('',#1441,1.6);
#1245=CYLINDRICAL_SURFACE('',#1442,3.2333646721101);
#1246=CYLINDRICAL_SURFACE('',#1443,1.6);
#1247=CYLINDRICAL_SURFACE('',#1444,3.23476413286251);
#1248=CYLINDRICAL_SURFACE('',#1445,1.6);
#1249=CYLINDRICAL_SURFACE('',#1446,3.23014359525923);
#1250=CYLINDRICAL_SURFACE('',#1447,1.6);
#1251=ADVANCED_FACE('',(#47),#1202,.F.);
#1252=ADVANCED_FACE('',(#48),#1203,.F.);
#1253=ADVANCED_FACE('',(#49),#1204,.F.);
#1254=ADVANCED_FACE('',(#50),#1205,.F.);
#1255=ADVANCED_FACE('',(#51),#1206,.F.);
#1256=ADVANCED_FACE('',(#52),#1207,.F.);
#1257=ADVANCED_FACE('',(#53),#1208,.F.);
#1258=ADVANCED_FACE('',(#54),#1209,.F.);
#1259=ADVANCED_FACE('',(#55),#1210,.F.);
#1260=ADVANCED_FACE('',(#56),#1211,.F.);
#1261=ADVANCED_FACE('',(#57),#1212,.F.);
#1262=ADVANCED_FACE('',(#58),#1213,.F.);
#1263=ADVANCED_FACE('',(#59),#1214,.F.);
#1264=ADVANCED_FACE('',(#60),#1215,.F.);
#1265=ADVANCED_FACE('',(#61),#1216,.F.);
#1266=ADVANCED_FACE('',(#62),#1217,.F.);
#1267=ADVANCED_FACE('',(#63),#1218,.F.);
#1268=ADVANCED_FACE('',(#64),#1219,.F.);
#1269=ADVANCED_FACE('',(#65),#1220,.F.);
#1270=ADVANCED_FACE('',(#66),#1221,.F.);
#1271=ADVANCED_FACE('',(#67),#1222,.F.);
#1272=ADVANCED_FACE('',(#68),#1223,.F.);
#1273=ADVANCED_FACE('',(#69),#1224,.F.);
#1274=ADVANCED_FACE('',(#70),#1225,.F.);
#1275=ADVANCED_FACE('',(#71),#1226,.F.);
#1276=ADVANCED_FACE('',(#72),#1227,.F.);
#1277=ADVANCED_FACE('',(#73),#1228,.F.);
#1278=ADVANCED_FACE('',(#74),#42,.F.);
#1279=ADVANCED_FACE('',(#75,#17),#28,.F.);
#1280=ADVANCED_FACE('',(#76),#43,.F.);
#1281=ADVANCED_FACE('',(#77),#44,.F.);
#1282=ADVANCED_FACE('',(#78),#45,.F.);
#1283=ADVANCED_FACE('',(#79),#46,.F.);
#1284=ADVANCED_FACE('',(#80),#1229,.T.);
#1285=ADVANCED_FACE('',(#81,#18,#19,#20,#21,#22),#29,.T.);
#1286=ADVANCED_FACE('',(#82),#1230,.F.);
#1287=ADVANCED_FACE('',(#83),#15,.F.);
#1288=ADVANCED_FACE('',(#84),#16,.F.);
#1289=ADVANCED_FACE('',(#85,#23),#30,.T.);
#1290=ADVANCED_FACE('',(#86),#1231,.F.);
#1291=ADVANCED_FACE('',(#87,#24),#31,.F.);
#1292=ADVANCED_FACE('',(#88,#25),#32,.F.);
#1293=ADVANCED_FACE('',(#89,#26),#33,.F.);
#1294=ADVANCED_FACE('',(#90,#27),#34,.F.);
#1295=ADVANCED_FACE('',(#91),#1232,.T.);
#1296=ADVANCED_FACE('',(#92),#1233,.T.);
#1297=ADVANCED_FACE('',(#93),#1234,.T.);
#1298=ADVANCED_FACE('',(#94),#1235,.T.);
#1299=ADVANCED_FACE('',(#95),#1236,.T.);
#1300=ADVANCED_FACE('',(#96),#35,.F.);
#1301=ADVANCED_FACE('',(#97),#36,.F.);
#1302=ADVANCED_FACE('',(#98),#37,.F.);
#1303=ADVANCED_FACE('',(#99),#1237,.T.);
#1304=ADVANCED_FACE('',(#100),#1238,.T.);
#1305=ADVANCED_FACE('',(#101),#38,.T.);
#1306=ADVANCED_FACE('',(#102),#1239,.T.);
#1307=ADVANCED_FACE('',(#103),#39,.T.);
#1308=ADVANCED_FACE('',(#104),#1240,.T.);
#1309=ADVANCED_FACE('',(#105),#40,.T.);
#1310=ADVANCED_FACE('',(#106),#1241,.T.);
#1311=ADVANCED_FACE('',(#107),#41,.T.);
#1312=ADVANCED_FACE('',(#108),#1242,.T.);
#1313=ADVANCED_FACE('',(#109),#1243,.T.);
#1314=ADVANCED_FACE('',(#110),#1244,.F.);
#1315=ADVANCED_FACE('',(#111),#1245,.T.);
#1316=ADVANCED_FACE('',(#112),#1246,.F.);
#1317=ADVANCED_FACE('',(#113),#1247,.T.);
#1318=ADVANCED_FACE('',(#114),#1248,.F.);
#1319=ADVANCED_FACE('',(#115),#1249,.T.);
#1320=ADVANCED_FACE('',(#116),#1250,.F.);
#1321=CLOSED_SHELL('',(#1251,#1252,#1253,#1254,#1255,#1256,#1257,#1258,
#1259,#1260,#1261,#1262,#1263,#1264,#1265,#1266,#1267,#1268,#1269,#1270,
#1271,#1272,#1273,#1274,#1275,#1276,#1277,#1278,#1279,#1280,#1281,#1282,
#1283,#1284,#1285,#1286,#1287,#1288,#1289,#1290,#1291,#1292,#1293,#1294,
#1295,#1296,#1297,#1298,#1299,#1300,#1301,#1302,#1303,#1304,#1305,#1306,
#1307,#1308,#1309,#1310,#1311,#1312,#1313,#1314,#1315,#1316,#1317,#1318,
#1319,#1320));
#1322=AXIS2_PLACEMENT_3D('',#1766,#1448,#1449);
#1323=AXIS2_PLACEMENT_3D('',#1767,#1450,#1451);
#1324=AXIS2_PLACEMENT_3D('',#1783,#1453,#1454);
#1325=AXIS2_PLACEMENT_3D('',#1800,#1455,#1456);
#1326=AXIS2_PLACEMENT_3D('',#1851,#1458,#1459);
#1327=AXIS2_PLACEMENT_3D('',#1902,#1461,#1462);
#1328=AXIS2_PLACEMENT_3D('',#1950,#1464,#1465);
#1329=AXIS2_PLACEMENT_3D('',#2001,#1467,#1468);
#1330=AXIS2_PLACEMENT_3D('',#2052,#1470,#1471);
#1331=AXIS2_PLACEMENT_3D('',#2100,#1473,#1474);
#1332=AXIS2_PLACEMENT_3D('',#2148,#1476,#1477);
#1333=AXIS2_PLACEMENT_3D('',#2199,#1479,#1480);
#1334=AXIS2_PLACEMENT_3D('',#2250,#1482,#1483);
#1335=AXIS2_PLACEMENT_3D('',#2298,#1485,#1486);
#1336=AXIS2_PLACEMENT_3D('',#2349,#1488,#1489);
#1337=AXIS2_PLACEMENT_3D('',#2368,#1491,#1492);
#1338=AXIS2_PLACEMENT_3D('',#2388,#1493,#1494);
#1339=AXIS2_PLACEMENT_3D('',#2398,#1496,#1497);
#1340=AXIS2_PLACEMENT_3D('',#2403,#1498,#1499);
#1341=AXIS2_PLACEMENT_3D('',#2428,#1501,#1502);
#1342=AXIS2_PLACEMENT_3D('',#2452,#1504,#1505);
#1343=AXIS2_PLACEMENT_3D('',#2477,#1507,#1508);
#1344=AXIS2_PLACEMENT_3D('',#2502,#1510,#1511);
#1345=AXIS2_PLACEMENT_3D('',#2526,#1513,#1514);
#1346=AXIS2_PLACEMENT_3D('',#2551,#1516,#1517);
#1347=AXIS2_PLACEMENT_3D('',#2575,#1519,#1520);
#1348=AXIS2_PLACEMENT_3D('',#2600,#1522,#1523);
#1349=AXIS2_PLACEMENT_3D('',#2624,#1525,#1526);
#1350=AXIS2_PLACEMENT_3D('',#2649,#1528,#1529);
#1351=AXIS2_PLACEMENT_3D('',#2674,#1531,#1532);
#1352=AXIS2_PLACEMENT_3D('',#2698,#1534,#1535);
#1353=AXIS2_PLACEMENT_3D('',#2709,#1537,#1538);
#1354=AXIS2_PLACEMENT_3D('',#2715,#1539,#1540);
#1355=AXIS2_PLACEMENT_3D('',#2727,#1541,#1542);
#1356=AXIS2_PLACEMENT_3D('',#2747,#1543,#1544);
#1357=AXIS2_PLACEMENT_3D('',#2756,#1545,#1546);
#1358=AXIS2_PLACEMENT_3D('',#2760,#1548,#1549);
#1359=AXIS2_PLACEMENT_3D('',#2764,#1551,#1552);
#1360=AXIS2_PLACEMENT_3D('',#2768,#1554,#1555);
#1361=AXIS2_PLACEMENT_3D('',#2928,#1557,#1558);
#1362=AXIS2_PLACEMENT_3D('',#2940,#1559,#1560);
#1363=AXIS2_PLACEMENT_3D('',#2966,#1561,#1562);
#1364=AXIS2_PLACEMENT_3D('',#2978,#1563,#1564);
#1365=AXIS2_PLACEMENT_3D('',#3004,#1565,#1566);
#1366=AXIS2_PLACEMENT_3D('',#3016,#1567,#1568);
#1367=AXIS2_PLACEMENT_3D('',#3042,#1569,#1570);
#1368=AXIS2_PLACEMENT_3D('',#3045,#1571,#1572);
#1369=AXIS2_PLACEMENT_3D('',#3047,#1573,#1574);
#1370=AXIS2_PLACEMENT_3D('',#3048,#1575,#1576);
#1371=AXIS2_PLACEMENT_3D('',#3049,#1577,#1578);
#1372=AXIS2_PLACEMENT_3D('',#3050,#1579,#1580);
#1373=AXIS2_PLACEMENT_3D('',#3052,#1581,#1582);
#1374=AXIS2_PLACEMENT_3D('',#3054,#1584,#1585);
#1375=AXIS2_PLACEMENT_3D('',#3057,#1586,#1587);
#1376=AXIS2_PLACEMENT_3D('',#3059,#1588,#1589);
#1377=AXIS2_PLACEMENT_3D('',#3061,#1590,#1591);
#1378=AXIS2_PLACEMENT_3D('',#3065,#1593,#1594);
#1379=AXIS2_PLACEMENT_3D('',#3067,#1595,#1596);
#1380=AXIS2_PLACEMENT_3D('',#3069,#1597,#1598);
#1381=AXIS2_PLACEMENT_3D('',#3071,#1599,#1600);
#1382=AXIS2_PLACEMENT_3D('',#3075,#1602,#1603);
#1383=AXIS2_PLACEMENT_3D('',#3077,#1604,#1605);
#1384=AXIS2_PLACEMENT_3D('',#3079,#1606,#1607);
#1385=AXIS2_PLACEMENT_3D('',#3081,#1608,#1609);
#1386=AXIS2_PLACEMENT_3D('',#3085,#1611,#1612);
#1387=AXIS2_PLACEMENT_3D('',#3087,#1613,#1614);
#1388=AXIS2_PLACEMENT_3D('',#3089,#1615,#1616);
#1389=AXIS2_PLACEMENT_3D('',#3091,#1617,#1618);
#1390=AXIS2_PLACEMENT_3D('',#3094,#1620,#1621);
#1391=AXIS2_PLACEMENT_3D('',#3096,#1622,#1623);
#1392=AXIS2_PLACEMENT_3D('',#3099,#1624,#1625);
#1393=AXIS2_PLACEMENT_3D('',#3101,#1626,#1627);
#1394=AXIS2_PLACEMENT_3D('',#3102,#1628,#1629);
#1395=AXIS2_PLACEMENT_3D('',#3105,#1630,#1631);
#1396=AXIS2_PLACEMENT_3D('',#3107,#1632,#1633);
#1397=AXIS2_PLACEMENT_3D('',#3108,#1634,#1635);
#1398=AXIS2_PLACEMENT_3D('',#3111,#1636,#1637);
#1399=AXIS2_PLACEMENT_3D('',#3113,#1638,#1639);
#1400=AXIS2_PLACEMENT_3D('',#3114,#1640,#1641);
#1401=AXIS2_PLACEMENT_3D('',#3115,#1642,#1643);
#1402=AXIS2_PLACEMENT_3D('',#4054,#1644,#1645);
#1403=AXIS2_PLACEMENT_3D('',#4055,#1646,#1647);
#1404=AXIS2_PLACEMENT_3D('',#4056,#1648,#1649);
#1405=AXIS2_PLACEMENT_3D('',#4058,#1650,#1651);
#1406=AXIS2_PLACEMENT_3D('',#4060,#1652,#1653);
#1407=AXIS2_PLACEMENT_3D('',#4061,#1654,#1655);
#1408=AXIS2_PLACEMENT_3D('',#4063,#1656,#1657);
#1409=AXIS2_PLACEMENT_3D('',#4065,#1658,#1659);
#1410=AXIS2_PLACEMENT_3D('',#4066,#1660,#1661);
#1411=AXIS2_PLACEMENT_3D('',#4068,#1662,#1663);
#1412=AXIS2_PLACEMENT_3D('',#4070,#1664,#1665);
#1413=AXIS2_PLACEMENT_3D('',#4071,#1666,#1667);
#1414=AXIS2_PLACEMENT_3D('',#4073,#1668,#1669);
#1415=AXIS2_PLACEMENT_3D('',#4075,#1670,#1671);
#1416=AXIS2_PLACEMENT_3D('',#4076,#1672,#1673);
#1417=AXIS2_PLACEMENT_3D('',#4079,#1676,#1677);
#1418=AXIS2_PLACEMENT_3D('',#4082,#1680,#1681);
#1419=AXIS2_PLACEMENT_3D('',#4085,#1684,#1685);
#1420=AXIS2_PLACEMENT_3D('',#4088,#1688,#1689);
#1421=AXIS2_PLACEMENT_3D('',#4091,#1692,#1693);
#1422=AXIS2_PLACEMENT_3D('',#4094,#1694,#1695);
#1423=AXIS2_PLACEMENT_3D('',#4095,#1696,#1697);
#1424=AXIS2_PLACEMENT_3D('',#4096,#1698,#1699);
#1425=AXIS2_PLACEMENT_3D('',#4099,#1700,#1701);
#1426=AXIS2_PLACEMENT_3D('',#4100,#1702,#1703);
#1427=AXIS2_PLACEMENT_3D('',#4101,#1704,#1705);
#1428=AXIS2_PLACEMENT_3D('',#4104,#1706,#1707);
#1429=AXIS2_PLACEMENT_3D('',#4105,#1708,#1709);
#1430=AXIS2_PLACEMENT_3D('',#4106,#1710,#1711);
#1431=AXIS2_PLACEMENT_3D('',#4109,#1714,#1715);
#1432=AXIS2_PLACEMENT_3D('',#4112,#1718,#1719);
#1433=AXIS2_PLACEMENT_3D('',#4113,#1720,#1721);
#1434=AXIS2_PLACEMENT_3D('',#4116,#1724,#1725);
#1435=AXIS2_PLACEMENT_3D('',#4117,#1726,#1727);
#1436=AXIS2_PLACEMENT_3D('',#4120,#1730,#1731);
#1437=AXIS2_PLACEMENT_3D('',#4122,#1733,#1734);
#1438=AXIS2_PLACEMENT_3D('',#4124,#1736,#1737);
#1439=AXIS2_PLACEMENT_3D('',#4125,#1738,#1739);
#1440=AXIS2_PLACEMENT_3D('',#4128,#1742,#1743);
#1441=AXIS2_PLACEMENT_3D('',#4130,#1745,#1746);
#1442=AXIS2_PLACEMENT_3D('',#4132,#1748,#1749);
#1443=AXIS2_PLACEMENT_3D('',#4134,#1751,#1752);
#1444=AXIS2_PLACEMENT_3D('',#4136,#1754,#1755);
#1445=AXIS2_PLACEMENT_3D('',#4138,#1757,#1758);
#1446=AXIS2_PLACEMENT_3D('',#4140,#1760,#1761);
#1447=AXIS2_PLACEMENT_3D('',#4142,#1763,#1764);
#1448=DIRECTION('axis',(0.,0.,1.));
#1449=DIRECTION('refdir',(1.,0.,0.));
#1450=DIRECTION('center_axis',(-1.8503717077086E-16,0.,1.));
#1451=DIRECTION('ref_axis',(0.631987139660673,-0.774978874101431,1.16941112286379E-16));
#1452=DIRECTION('',(-1.8503717077086E-16,0.,1.));
#1453=DIRECTION('center_axis',(0.,0.,1.));
#1454=DIRECTION('ref_axis',(1.,1.92751507191348E-30,1.8503717077086E-16));
#1455=DIRECTION('center_axis',(-1.8503717077086E-16,0.,1.));
#1456=DIRECTION('ref_axis',(1.,1.92751507191348E-30,1.8503717077086E-16));
#1457=DIRECTION('',(-1.8503717077086E-16,0.,1.));
#1458=DIRECTION('center_axis',(-1.8503717077086E-16,0.,1.));
#1459=DIRECTION('ref_axis',(1.,1.92751507191348E-30,1.8503717077086E-16));
#1460=DIRECTION('',(-1.8503717077086E-16,0.,1.));
#1461=DIRECTION('center_axis',(-1.8503717077086E-16,0.,1.));
#1462=DIRECTION('ref_axis',(1.,1.92751507191348E-30,1.8503717077086E-16));
#1463=DIRECTION('',(-1.8503717077086E-16,0.,1.));
#1464=DIRECTION('center_axis',(-1.8503717077086E-16,0.,1.));
#1465=DIRECTION('ref_axis',(1.,1.92751507191348E-30,1.8503717077086E-16));
#1466=DIRECTION('',(-1.8503717077086E-16,0.,1.));
#1467=DIRECTION('center_axis',(-1.8503717077086E-16,0.,1.));
#1468=DIRECTION('ref_axis',(1.,1.92751507191348E-30,1.8503717077086E-16));
#1469=DIRECTION('',(-1.8503717077086E-16,0.,1.));
#1470=DIRECTION('center_axis',(-1.8503717077086E-16,0.,1.));
#1471=DIRECTION('ref_axis',(1.,1.92751507191348E-30,1.8503717077086E-16));
#1472=DIRECTION('',(-1.8503717077086E-16,0.,1.));
#1473=DIRECTION('center_axis',(-1.8503717077086E-16,0.,1.));
#1474=DIRECTION('ref_axis',(1.,1.92751507191348E-30,1.8503717077086E-16));
#1475=DIRECTION('',(-1.8503717077086E-16,0.,1.));
#1476=DIRECTION('center_axis',(-1.8503717077086E-16,0.,1.));
#1477=DIRECTION('ref_axis',(1.,1.92751507191348E-30,1.8503717077086E-16));
#1478=DIRECTION('',(-1.8503717077086E-16,0.,1.));
#1479=DIRECTION('center_axis',(-1.8503717077086E-16,0.,1.));
#1480=DIRECTION('ref_axis',(1.,1.92751507191348E-30,1.8503717077086E-16));
#1481=DIRECTION('',(-1.8503717077086E-16,0.,1.));
#1482=DIRECTION('center_axis',(-1.8503717077086E-16,0.,1.));
#1483=DIRECTION('ref_axis',(1.,1.92751507191348E-30,1.8503717077086E-16));
#1484=DIRECTION('',(-1.8503717077086E-16,0.,1.));
#1485=DIRECTION('center_axis',(-1.8503717077086E-16,0.,1.));
#1486=DIRECTION('ref_axis',(1.,1.92751507191348E-30,1.8503717077086E-16));
#1487=DIRECTION('',(-1.8503717077086E-16,0.,1.));
#1488=DIRECTION('center_axis',(-1.8503717077086E-16,0.,1.));
#1489=DIRECTION('ref_axis',(0.934841302331637,0.355065824115599,1.72980389703192E-16));
#1490=DIRECTION('',(-1.8503717077086E-16,0.,1.));
#1491=DIRECTION('center_axis',(0.,0.,1.));
#1492=DIRECTION('ref_axis',(1.,1.92751507191348E-30,1.8503717077086E-16));
#1493=DIRECTION('center_axis',(-1.85037170770859E-16,0.,1.));
#1494=DIRECTION('ref_axis',(-0.923802993065763,-0.382868162691465,-3.559750629574E-16));
#1495=DIRECTION('',(-6.25724908561242E-17,9.71159129992848E-30,1.));
#1496=DIRECTION('center_axis',(0.,0.,-1.));
#1497=DIRECTION('ref_axis',(1.,7.91786963298562E-14,0.));
#1498=DIRECTION('center_axis',(-1.85037170770859E-16,0.,1.));
#1499=DIRECTION('ref_axis',(1.,7.91786963298561E-14,0.));
#1500=DIRECTION('',(-6.25724908561242E-17,9.71159129992848E-30,1.));
#1501=DIRECTION('center_axis',(-1.85037170770859E-16,0.,1.));
#1502=DIRECTION('ref_axis',(1.,7.91786963298561E-14,0.));
#1503=DIRECTION('',(-6.25724908561242E-17,9.71159129992848E-30,1.));
#1504=DIRECTION('center_axis',(-1.85037170770859E-16,0.,1.));
#1505=DIRECTION('ref_axis',(1.,7.91786963298561E-14,0.));
#1506=DIRECTION('',(-6.25724908561242E-17,9.71159129992848E-30,1.));
#1507=DIRECTION('center_axis',(-1.85037170770859E-16,0.,1.));
#1508=DIRECTION('ref_axis',(1.,7.91786963298561E-14,0.));
#1509=DIRECTION('',(-6.25724908561242E-17,9.71159129992848E-30,1.));
#1510=DIRECTION('center_axis',(-1.85037170770859E-16,0.,1.));
#1511=DIRECTION('ref_axis',(1.,7.91786963298561E-14,0.));
#1512=DIRECTION('',(-6.25724908561242E-17,9.71159129992848E-30,1.));
#1513=DIRECTION('center_axis',(-1.85037170770859E-16,0.,1.));
#1514=DIRECTION('ref_axis',(1.,7.91786963298561E-14,0.));
#1515=DIRECTION('',(-6.25724908561242E-17,9.71159129992848E-30,1.));
#1516=DIRECTION('center_axis',(-1.85037170770859E-16,0.,1.));
#1517=DIRECTION('ref_axis',(1.,7.91786963298561E-14,0.));
#1518=DIRECTION('',(-6.25724908561242E-17,9.71159129992848E-30,1.));
#1519=DIRECTION('center_axis',(-1.85037170770859E-16,0.,1.));
#1520=DIRECTION('ref_axis',(1.,7.91786963298561E-14,0.));
#1521=DIRECTION('',(-6.25724908561242E-17,9.71159129992848E-30,1.));
#1522=DIRECTION('center_axis',(-1.85037170770859E-16,0.,1.));
#1523=DIRECTION('ref_axis',(1.,7.91786963298561E-14,0.));
#1524=DIRECTION('',(-6.25724908561242E-17,9.71159129992848E-30,1.));
#1525=DIRECTION('center_axis',(-1.85037170770859E-16,0.,1.));
#1526=DIRECTION('ref_axis',(1.,7.91786963298561E-14,0.));
#1527=DIRECTION('',(-6.25724908561242E-17,9.71159129992848E-30,1.));
#1528=DIRECTION('center_axis',(-1.85037170770859E-16,0.,1.));
#1529=DIRECTION('ref_axis',(1.,7.91786963298561E-14,0.));
#1530=DIRECTION('',(-6.25724908561242E-17,9.71159129992848E-30,1.));
#1531=DIRECTION('center_axis',(-1.85037170770859E-16,0.,1.));
#1532=DIRECTION('ref_axis',(1.,7.91786963298561E-14,0.));
#1533=DIRECTION('',(-6.25724908561242E-17,9.71159129992848E-30,1.));
#1534=DIRECTION('center_axis',(-1.85037170770859E-16,0.,1.));
#1535=DIRECTION('ref_axis',(-0.608524600613833,0.793535008961656,-2.9763684121291E-16));
#1536=DIRECTION('',(-6.25724908561242E-17,9.71159129992848E-30,1.));
#1537=DIRECTION('center_axis',(0.,0.,1.));
#1538=DIRECTION('ref_axis',(1.,7.91786963298561E-14,0.));
#1539=DIRECTION('center_axis',(0.,0.,1.));
#1540=DIRECTION('ref_axis',(1.,0.,0.));
#1541=DIRECTION('center_axis',(0.,0.,-1.));
#1542=DIRECTION('ref_axis',(0.70754416230523,-0.706669129358139,0.));
#1543=DIRECTION('center_axis',(0.,0.,1.));
#1544=DIRECTION('ref_axis',(0.70754416230523,-0.706669129358139,0.));
#1545=DIRECTION('center_axis',(0.,0.,-1.));
#1546=DIRECTION('ref_axis',(-1.,0.,0.));
#1547=DIRECTION('',(0.,-1.,0.));
#1548=DIRECTION('center_axis',(0.,0.,1.));
#1549=DIRECTION('ref_axis',(0.704826815387319,0.709379419148152,0.));
#1550=DIRECTION('',(1.,0.,0.));
#1551=DIRECTION('center_axis',(0.,0.,1.));
#1552=DIRECTION('ref_axis',(-0.697706335178813,0.716383884416275,0.));
#1553=DIRECTION('',(0.,1.,0.));
#1554=DIRECTION('center_axis',(0.,0.,1.));
#1555=DIRECTION('ref_axis',(-0.693449373350729,-0.720505355010968,0.));
#1556=DIRECTION('',(-1.,0.,0.));
#1557=DIRECTION('center_axis',(0.,0.,1.));
#1558=DIRECTION('ref_axis',(1.,0.,0.));
#1559=DIRECTION('center_axis',(0.,0.,-1.));
#1560=DIRECTION('ref_axis',(0.704826815387319,0.709379419148152,0.));
#1561=DIRECTION('center_axis',(0.,0.,1.));
#1562=DIRECTION('ref_axis',(-0.697694905451948,0.716395015969819,0.));
#1563=DIRECTION('center_axis',(0.,0.,-1.));
#1564=DIRECTION('ref_axis',(-0.697706335178813,0.716383884416275,0.));
#1565=DIRECTION('center_axis',(0.,0.,1.));
#1566=DIRECTION('ref_axis',(-0.693264279705941,-0.720683452344927,0.));
#1567=DIRECTION('center_axis',(0.,0.,-1.));
#1568=DIRECTION('ref_axis',(-0.693449373350729,-0.720505355010968,0.));
#1569=DIRECTION('center_axis',(0.,0.,1.));
#1570=DIRECTION('ref_axis',(1.,0.,0.));
#1571=DIRECTION('center_axis',(0.,0.,1.));
#1572=DIRECTION('ref_axis',(-1.,0.,0.));
#1573=DIRECTION('center_axis',(0.,-1.,0.));
#1574=DIRECTION('ref_axis',(-1.,0.,0.));
#1575=DIRECTION('center_axis',(0.,0.,-1.));
#1576=DIRECTION('ref_axis',(-1.,0.,0.));
#1577=DIRECTION('center_axis',(0.,0.,1.));
#1578=DIRECTION('ref_axis',(-1.,0.,0.));
#1579=DIRECTION('center_axis',(0.,0.,-1.));
#1580=DIRECTION('ref_axis',(-1.,0.,0.));
#1581=DIRECTION('center_axis',(0.,0.,-1.));
#1582=DIRECTION('ref_axis',(-1.,0.,0.));
#1583=DIRECTION('',(0.,0.,1.));
#1584=DIRECTION('center_axis',(0.,0.,-1.));
#1585=DIRECTION('ref_axis',(-1.,0.,0.));
#1586=DIRECTION('center_axis',(0.,0.,1.));
#1587=DIRECTION('ref_axis',(-1.,0.,0.));
#1588=DIRECTION('center_axis',(0.,0.,1.));
#1589=DIRECTION('ref_axis',(-1.,0.,0.));
#1590=DIRECTION('center_axis',(0.,0.,-1.));
#1591=DIRECTION('ref_axis',(-1.,0.,0.));
#1592=DIRECTION('',(-1.,0.,0.));
#1593=DIRECTION('center_axis',(0.,0.,-1.));
#1594=DIRECTION('ref_axis',(0.,1.,0.));
#1595=DIRECTION('center_axis',(0.,0.,1.));
#1596=DIRECTION('ref_axis',(-1.,0.,0.));
#1597=DIRECTION('center_axis',(0.,0.,1.));
#1598=DIRECTION('ref_axis',(-1.,0.,0.));
#1599=DIRECTION('center_axis',(0.,0.,-1.));
#1600=DIRECTION('ref_axis',(0.,1.,0.));
#1601=DIRECTION('',(0.,1.,0.));
#1602=DIRECTION('center_axis',(0.,0.,-1.));
#1603=DIRECTION('ref_axis',(1.,0.,0.));
#1604=DIRECTION('center_axis',(0.,0.,1.));
#1605=DIRECTION('ref_axis',(-1.,0.,0.));
#1606=DIRECTION('center_axis',(0.,0.,1.));
#1607=DIRECTION('ref_axis',(-1.,0.,0.));
#1608=DIRECTION('center_axis',(0.,0.,-1.));
#1609=DIRECTION('ref_axis',(1.,0.,0.));
#1610=DIRECTION('',(1.,0.,0.));
#1611=DIRECTION('center_axis',(0.,0.,-1.));
#1612=DIRECTION('ref_axis',(0.,-1.,0.));
#1613=DIRECTION('center_axis',(0.,0.,1.));
#1614=DIRECTION('ref_axis',(-1.,0.,0.));
#1615=DIRECTION('center_axis',(0.,0.,1.));
#1616=DIRECTION('ref_axis',(-1.,0.,0.));
#1617=DIRECTION('center_axis',(0.,0.,-1.));
#1618=DIRECTION('ref_axis',(0.,-1.,0.));
#1619=DIRECTION('',(0.,-1.,0.));
#1620=DIRECTION('center_axis',(0.,0.,-1.));
#1621=DIRECTION('ref_axis',(-1.,0.,0.));
#1622=DIRECTION('center_axis',(0.,0.,1.));
#1623=DIRECTION('ref_axis',(-1.,0.,0.));
#1624=DIRECTION('center_axis',(0.,0.,1.));
#1625=DIRECTION('ref_axis',(-1.,0.,0.));
#1626=DIRECTION('center_axis',(0.,0.,1.));
#1627=DIRECTION('ref_axis',(-1.,0.,0.));
#1628=DIRECTION('center_axis',(0.,0.,-1.));
#1629=DIRECTION('ref_axis',(0.,1.,0.));
#1630=DIRECTION('center_axis',(0.,0.,1.));
#1631=DIRECTION('ref_axis',(-1.,0.,0.));
#1632=DIRECTION('center_axis',(0.,0.,1.));
#1633=DIRECTION('ref_axis',(-1.,0.,0.));
#1634=DIRECTION('center_axis',(0.,0.,-1.));
#1635=DIRECTION('ref_axis',(1.,0.,0.));
#1636=DIRECTION('center_axis',(0.,0.,1.));
#1637=DIRECTION('ref_axis',(-1.,0.,0.));
#1638=DIRECTION('center_axis',(0.,0.,1.));
#1639=DIRECTION('ref_axis',(-1.,0.,0.));
#1640=DIRECTION('center_axis',(0.,0.,-1.));
#1641=DIRECTION('ref_axis',(0.,-1.,0.));
#1642=DIRECTION('center_axis',(-1.85037170770859E-16,0.,1.));
#1643=DIRECTION('ref_axis',(1.,7.91786963298561E-14,0.));
#1644=DIRECTION('center_axis',(0.,0.,-1.));
#1645=DIRECTION('ref_axis',(-1.,0.,0.));
#1646=DIRECTION('center_axis',(-1.8503717077086E-16,0.,1.));
#1647=DIRECTION('ref_axis',(1.,1.92751507191348E-30,1.8503717077086E-16));
#1648=DIRECTION('center_axis',(0.,0.,-1.));
#1649=DIRECTION('ref_axis',(-1.,0.,0.));
#1650=DIRECTION('center_axis',(0.,0.,1.));
#1651=DIRECTION('ref_axis',(-1.,0.,0.));
#1652=DIRECTION('center_axis',(0.,0.,1.));
#1653=DIRECTION('ref_axis',(-1.,0.,0.));
#1654=DIRECTION('center_axis',(0.,0.,-1.));
#1655=DIRECTION('ref_axis',(-1.,0.,0.));
#1656=DIRECTION('center_axis',(0.,0.,1.));
#1657=DIRECTION('ref_axis',(-1.,0.,0.));
#1658=DIRECTION('center_axis',(0.,0.,1.));
#1659=DIRECTION('ref_axis',(-1.,0.,0.));
#1660=DIRECTION('center_axis',(0.,0.,-1.));
#1661=DIRECTION('ref_axis',(-1.,0.,0.));
#1662=DIRECTION('center_axis',(0.,0.,1.));
#1663=DIRECTION('ref_axis',(-1.,0.,0.));
#1664=DIRECTION('center_axis',(0.,0.,1.));
#1665=DIRECTION('ref_axis',(-1.,0.,0.));
#1666=DIRECTION('center_axis',(0.,0.,-1.));
#1667=DIRECTION('ref_axis',(-1.,0.,0.));
#1668=DIRECTION('center_axis',(0.,0.,1.));
#1669=DIRECTION('ref_axis',(-1.,0.,0.));
#1670=DIRECTION('center_axis',(0.,0.,1.));
#1671=DIRECTION('ref_axis',(-1.,0.,0.));
#1672=DIRECTION('center_axis',(0.,0.,1.));
#1673=DIRECTION('ref_axis',(-1.,0.,0.));
#1674=DIRECTION('',(0.,0.,1.));
#1675=DIRECTION('',(0.,0.,1.));
#1676=DIRECTION('center_axis',(0.,0.,1.));
#1677=DIRECTION('ref_axis',(0.,-1.,0.));
#1678=DIRECTION('',(0.,0.,1.));
#1679=DIRECTION('',(0.,0.,1.));
#1680=DIRECTION('center_axis',(0.,0.,1.));
#1681=DIRECTION('ref_axis',(0.,-1.,0.));
#1682=DIRECTION('',(0.,0.,-1.));
#1683=DIRECTION('',(0.,0.,1.));
#1684=DIRECTION('center_axis',(0.,0.,1.));
#1685=DIRECTION('ref_axis',(0.,1.,0.));
#1686=DIRECTION('',(0.,0.,1.));
#1687=DIRECTION('',(0.,0.,1.));
#1688=DIRECTION('center_axis',(0.,0.,1.));
#1689=DIRECTION('ref_axis',(0.,1.,0.));
#1690=DIRECTION('',(0.,0.,-1.));
#1691=DIRECTION('',(0.,0.,1.));
#1692=DIRECTION('center_axis',(0.,0.,-1.));
#1693=DIRECTION('ref_axis',(-1.,0.,0.));
#1694=DIRECTION('center_axis',(0.,0.,-1.));
#1695=DIRECTION('ref_axis',(-1.,0.,0.));
#1696=DIRECTION('center_axis',(0.,0.,1.));
#1697=DIRECTION('ref_axis',(1.,0.,0.));
#1698=DIRECTION('center_axis',(0.,0.,-1.));
#1699=DIRECTION('ref_axis',(-1.,0.,0.));
#1700=DIRECTION('center_axis',(0.,0.,-1.));
#1701=DIRECTION('ref_axis',(-1.,0.,0.));
#1702=DIRECTION('center_axis',(0.,0.,1.));
#1703=DIRECTION('ref_axis',(0.,1.,0.));
#1704=DIRECTION('center_axis',(0.,0.,-1.));
#1705=DIRECTION('ref_axis',(-1.,0.,0.));
#1706=DIRECTION('center_axis',(0.,0.,-1.));
#1707=DIRECTION('ref_axis',(-1.,0.,0.));
#1708=DIRECTION('center_axis',(0.,0.,1.));
#1709=DIRECTION('ref_axis',(0.,-1.,0.));
#1710=DIRECTION('center_axis',(0.,0.,1.));
#1711=DIRECTION('ref_axis',(1.,0.,0.));
#1712=DIRECTION('',(0.,0.,1.));
#1713=DIRECTION('',(0.,0.,1.));
#1714=DIRECTION('center_axis',(0.,0.,1.));
#1715=DIRECTION('ref_axis',(1.,0.,0.));
#1716=DIRECTION('',(0.,0.,-1.));
#1717=DIRECTION('',(0.,0.,1.));
#1718=DIRECTION('center_axis',(1.,0.,0.));
#1719=DIRECTION('ref_axis',(0.,1.,0.));
#1720=DIRECTION('center_axis',(0.,0.,1.));
#1721=DIRECTION('ref_axis',(1.,0.,0.));
#1722=DIRECTION('',(0.,0.,-1.));
#1723=DIRECTION('',(0.,0.,1.));
#1724=DIRECTION('center_axis',(0.,-1.,0.));
#1725=DIRECTION('ref_axis',(1.,0.,0.));
#1726=DIRECTION('center_axis',(0.,0.,1.));
#1727=DIRECTION('ref_axis',(0.,-1.,0.));
#1728=DIRECTION('',(0.,0.,-1.));
#1729=DIRECTION('',(0.,0.,1.));
#1730=DIRECTION('center_axis',(-1.,0.,0.));
#1731=DIRECTION('ref_axis',(0.,-1.,0.));
#1732=DIRECTION('',(0.,0.,1.));
#1733=DIRECTION('center_axis',(0.,0.,1.));
#1734=DIRECTION('ref_axis',(-1.,0.,0.));
#1735=DIRECTION('',(0.,0.,-1.));
#1736=DIRECTION('center_axis',(0.,1.,0.));
#1737=DIRECTION('ref_axis',(-1.,0.,0.));
#1738=DIRECTION('center_axis',(0.,0.,1.));
#1739=DIRECTION('ref_axis',(0.,1.,0.));
#1740=DIRECTION('',(0.,0.,-1.));
#1741=DIRECTION('',(0.,0.,1.));
#1742=DIRECTION('center_axis',(0.,0.,-1.));
#1743=DIRECTION('ref_axis',(-1.,0.,0.));
#1744=DIRECTION('',(0.,0.,1.));
#1745=DIRECTION('center_axis',(0.,0.,-1.));
#1746=DIRECTION('ref_axis',(-1.,0.,0.));
#1747=DIRECTION('',(0.,0.,1.));
#1748=DIRECTION('center_axis',(0.,0.,-1.));
#1749=DIRECTION('ref_axis',(-1.,0.,0.));
#1750=DIRECTION('',(0.,0.,1.));
#1751=DIRECTION('center_axis',(0.,0.,-1.));
#1752=DIRECTION('ref_axis',(-1.,0.,0.));
#1753=DIRECTION('',(0.,0.,1.));
#1754=DIRECTION('center_axis',(0.,0.,-1.));
#1755=DIRECTION('ref_axis',(-1.,0.,0.));
#1756=DIRECTION('',(0.,0.,1.));
#1757=DIRECTION('center_axis',(0.,0.,-1.));
#1758=DIRECTION('ref_axis',(-1.,0.,0.));
#1759=DIRECTION('',(0.,0.,1.));
#1760=DIRECTION('center_axis',(0.,0.,-1.));
#1761=DIRECTION('ref_axis',(-1.,0.,0.));
#1762=DIRECTION('',(0.,0.,1.));
#1763=DIRECTION('center_axis',(0.,0.,-1.));
#1764=DIRECTION('ref_axis',(-1.,0.,0.));
#1765=DIRECTION('',(0.,0.,1.));
#1766=CARTESIAN_POINT('',(0.,0.,0.));
#1767=CARTESIAN_POINT('Origin',(4.69999999999997,11.,-79.6379937591554));
#1768=CARTESIAN_POINT('',(3.66384403553702,11.0003335099132,-77.9608710487192));
#1769=CARTESIAN_POINT('',(3.66163799406514,11.0008795445598,-77.8397940971733));
#1770=CARTESIAN_POINT('',(3.66224999999997,11.,-79.6379937591554));
#1771=CARTESIAN_POINT('',(5.68451996361391,10.6719062576861,-77.6378325729463));
#1772=CARTESIAN_POINT('Ctrl Pts',(3.66163799406514,11.0008795445598,-77.8397940971733));
#1773=CARTESIAN_POINT('Ctrl Pts',(3.66407151134165,10.7161589189091,-77.8201141829379));
#1774=CARTESIAN_POINT('Ctrl Pts',(3.78549927840017,10.4294732812711,-77.8004342687026));
#1775=CARTESIAN_POINT('Ctrl Pts',(3.99402028016351,10.2368128730398,-77.7807543544673));
#1776=CARTESIAN_POINT('Ctrl Pts',(4.24641122641927,10.0036193705709,-77.7569340575471));
#1777=CARTESIAN_POINT('Ctrl Pts',(4.62639679162982,9.90817610047023,-77.7331137606269));
#1778=CARTESIAN_POINT('Ctrl Pts',(4.95864346617372,9.99338644238329,-77.7092934637068));
#1779=CARTESIAN_POINT('Ctrl Pts',(5.29089014071761,10.0785967842964,-77.6854731667866));
#1780=CARTESIAN_POINT('Ctrl Pts',(5.57539792459485,10.3444607382232,-77.6616528698664));
#1781=CARTESIAN_POINT('Ctrl Pts',(5.68451996361391,10.6719062576861,-77.6378325729463));
#1782=CARTESIAN_POINT('',(4.90828778629271,12.0185124473046,-77.6378325729463));
#1783=CARTESIAN_POINT('Origin',(4.69999999999997,11.,-77.6378325729463));
#1784=CARTESIAN_POINT('Ctrl Pts',(4.90828831063222,12.0185183030698,-77.6378325729463));
#1785=CARTESIAN_POINT('Ctrl Pts',(5.23200985305179,11.9513407502035,-77.6607479285724));
#1786=CARTESIAN_POINT('Ctrl Pts',(5.52228628567046,11.7166500204606,-77.6836632841985));
#1787=CARTESIAN_POINT('Ctrl Pts',(5.65369979965739,11.4133014201216,-77.7065786398247));
#1788=CARTESIAN_POINT('Ctrl Pts',(5.79030291302653,11.0979733995452,-77.7303989367448));
#1789=CARTESIAN_POINT('Ctrl Pts',(5.75524817372528,10.7084577539588,-77.754219233665));
#1790=CARTESIAN_POINT('Ctrl Pts',(5.56445892696703,10.4227746160596,-77.7780395305851));
#1791=CARTESIAN_POINT('Ctrl Pts',(5.37366968020878,10.1370914781603,-77.8018598275053));
#1792=CARTESIAN_POINT('Ctrl Pts',(5.02714592599352,9.95524084794816,-77.8256801244255));
#1793=CARTESIAN_POINT('Ctrl Pts',(4.68360041862836,9.96063672967526,-77.8495004213456));
#1794=CARTESIAN_POINT('Ctrl Pts',(4.3400549112632,9.96603261140237,-77.8733207182658));
#1795=CARTESIAN_POINT('Ctrl Pts',(3.99948765074813,10.1586750050687,-77.897141015186));
#1796=CARTESIAN_POINT('Ctrl Pts',(3.8177900046834,10.4502871305775,-77.9209613121062));
#1797=CARTESIAN_POINT('Ctrl Pts',(3.71631484644685,10.6131477246502,-77.9342645576438));
#1798=CARTESIAN_POINT('Ctrl Pts',(3.66439174823485,10.8068773688545,-77.9475678031815));
#1799=CARTESIAN_POINT('Ctrl Pts',(3.66384403553702,11.0003335099132,-77.9608710487192));
#1800=CARTESIAN_POINT('Origin',(4.69999999999997,11.,-79.6379937591554));
#1801=CARTESIAN_POINT('',(3.66133089453699,11.0007767960034,-78.4108710487192));
#1802=CARTESIAN_POINT('',(3.6611423351948,10.9993057169224,-78.2897940971733));
#1803=CARTESIAN_POINT('',(3.66224999999997,11.,-79.6379937591554));
#1804=CARTESIAN_POINT('Ctrl Pts',(3.6611423351948,10.9993057169224,-78.2897940971733));
#1805=CARTESIAN_POINT('Ctrl Pts',(3.66081503041965,10.9568648768116,-78.2868562613791));
#1806=CARTESIAN_POINT('Ctrl Pts',(3.66319037185967,10.9144609337772,-78.283918425585));
#1807=CARTESIAN_POINT('Ctrl Pts',(3.66839170068244,10.8724064900044,-78.2809805897908));
#1808=CARTESIAN_POINT('Ctrl Pts',(3.71056464894018,10.5314244176021,-78.2571602928706));
#1809=CARTESIAN_POINT('Ctrl Pts',(3.93852211689265,10.2134189348552,-78.2333399959505));
#1810=CARTESIAN_POINT('Ctrl Pts',(4.24790653561185,10.0639895525935,-78.2095196990303));
#1811=CARTESIAN_POINT('Ctrl Pts',(4.55729095433104,9.9145601703319,-78.1856994021101));
#1812=CARTESIAN_POINT('Ctrl Pts',(4.94810232381697,9.93370688855561,-78.1618791051899));
#1813=CARTESIAN_POINT('Ctrl Pts',(5.24139674320842,10.112651473657,-78.1380588082697));
#1814=CARTESIAN_POINT('Ctrl Pts',(5.53469116259987,10.2915960587583,-78.1142385113495));
#1815=CARTESIAN_POINT('Ctrl Pts',(5.73046863189685,10.6303385107374,-78.0904182144294));
#1816=CARTESIAN_POINT('Ctrl Pts',(5.73913083627653,10.9738157508584,-78.0665979175093));
#1817=CARTESIAN_POINT('Ctrl Pts',(5.74779304065622,11.3172929909795,-78.0427776205891));
#1818=CARTESIAN_POINT('Ctrl Pts',(5.56933998011862,11.6655050192427,-78.0189573236689));
#1819=CARTESIAN_POINT('Ctrl Pts',(5.28540359267103,11.8589804772166,-77.9951370267488));
#1820=CARTESIAN_POINT('Ctrl Pts',(5.00146720522343,12.0524559351906,-77.9713167298286));
#1821=CARTESIAN_POINT('Ctrl Pts',(4.61204749086585,12.0911948228753,-77.9474964329085));
#1822=CARTESIAN_POINT('Ctrl Pts',(4.29557245081998,11.9575576224882,-77.9236761359883));
#1823=CARTESIAN_POINT('Ctrl Pts',(3.97909741077411,11.823920422101,-77.8998558390681));
#1824=CARTESIAN_POINT('Ctrl Pts',(3.73556704503996,11.517907133642,-77.8760355421479));
#1825=CARTESIAN_POINT('Ctrl Pts',(3.67620002582338,11.1794286219939,-77.8522152452277));
#1826=CARTESIAN_POINT('Ctrl Pts',(3.66588100338478,11.1205951585192,-77.8480748625429));
#1827=CARTESIAN_POINT('Ctrl Pts',(3.66112601557406,11.0607808395734,-77.8439344798581));
#1828=CARTESIAN_POINT('Ctrl Pts',(3.66163799406514,11.0008795445598,-77.8397940971733));
#1829=CARTESIAN_POINT('Ctrl Pts',(3.66384403553702,11.0003335099132,-77.9608710487192));
#1830=CARTESIAN_POINT('Ctrl Pts',(3.66341103423898,11.1532727434269,-77.9713881001017));
#1831=CARTESIAN_POINT('Ctrl Pts',(3.6950871136221,11.306041040324,-77.9819051514842));
#1832=CARTESIAN_POINT('Ctrl Pts',(3.75977316701276,11.4432510665418,-77.9924222028667));
#1833=CARTESIAN_POINT('Ctrl Pts',(3.90628200702124,11.7540210196459,-78.0162424997868));
#1834=CARTESIAN_POINT('Ctrl Pts',(4.22212771865257,11.9849790685028,-78.040062796707));
#1835=CARTESIAN_POINT('Ctrl Pts',(4.56269779888042,12.0303651425533,-78.0638830936272));
#1836=CARTESIAN_POINT('Ctrl Pts',(4.90326787910826,12.0757512166038,-78.0877033905473));
#1837=CARTESIAN_POINT('Ctrl Pts',(5.26856232793263,11.9355653158479,-78.1115236874675));
#1838=CARTESIAN_POINT('Ctrl Pts',(5.4913413396161,11.6739991450755,-78.1353439843877));
#1839=CARTESIAN_POINT('Ctrl Pts',(5.71412035129958,11.4124329743031,-78.1591642813078));
#1840=CARTESIAN_POINT('Ctrl Pts',(5.79438392584216,11.0294865335143,-78.182984578228));
#1841=CARTESIAN_POINT('Ctrl Pts',(5.69538275208855,10.7004802673581,-78.2068048751482));
#1842=CARTESIAN_POINT('Ctrl Pts',(5.59638157833494,10.3714740012019,-78.2306251720683));
#1843=CARTESIAN_POINT('Ctrl Pts',(5.31811565628513,10.0964079096783,-78.2544454689885));
#1844=CARTESIAN_POINT('Ctrl Pts',(4.98798527946332,10.0012188123177,-78.2782657659086));
#1845=CARTESIAN_POINT('Ctrl Pts',(4.65785490264152,9.90602971495709,-78.3020860628288));
#1846=CARTESIAN_POINT('Ctrl Pts',(4.27586007104774,9.99071761175947,-78.325906359749));
#1847=CARTESIAN_POINT('Ctrl Pts',(4.01689006519929,10.216508332565,-78.3497266566692));
#1848=CARTESIAN_POINT('Ctrl Pts',(3.79530643535262,10.4097026267762,-78.3701081206858));
#1849=CARTESIAN_POINT('Ctrl Pts',(3.66379052575905,10.7061997267605,-78.3904895847025));
#1850=CARTESIAN_POINT('Ctrl Pts',(3.66133089453699,11.0007767960034,-78.4108710487192));
#1851=CARTESIAN_POINT('Origin',(4.69999999999997,11.,-79.6379937591554));
#1852=CARTESIAN_POINT('',(3.66141108315745,10.9991946693768,-78.8608710487192));
#1853=CARTESIAN_POINT('',(3.66376102433011,10.9995638087172,-78.7397940971733));
#1854=CARTESIAN_POINT('',(3.66224999999997,11.,-79.6379937591554));
#1855=CARTESIAN_POINT('Ctrl Pts',(3.66376102433011,10.9995638087172,-78.7397940971733));
#1856=CARTESIAN_POINT('Ctrl Pts',(3.6632097672267,10.853933872041,-78.7297780429002));
#1857=CARTESIAN_POINT('Ctrl Pts',(3.6918313039261,10.7085109226191,-78.719761988627));
#1858=CARTESIAN_POINT('Ctrl Pts',(3.75068114755662,10.576570844717,-78.7097459343538));
#1859=CARTESIAN_POINT('Ctrl Pts',(3.89063853104817,10.2627894148667,-78.6859256374336));
#1860=CARTESIAN_POINT('Ctrl Pts',(4.20156391257817,10.0252656317581,-78.6621053405134));
#1861=CARTESIAN_POINT('Ctrl Pts',(4.54110557687066,9.97274578837717,-78.6382850435933));
#1862=CARTESIAN_POINT('Ctrl Pts',(4.88064724116316,9.92022594499627,-78.6144647466731));
#1863=CARTESIAN_POINT('Ctrl Pts',(5.24880518821815,10.0527100413431,-78.5906444497529));
#1864=CARTESIAN_POINT('Ctrl Pts',(5.47702432692873,10.3095423069685,-78.5668241528328));
#1865=CARTESIAN_POINT('Ctrl Pts',(5.70524346563931,10.566374572594,-78.5430038559126));
#1866=CARTESIAN_POINT('Ctrl Pts',(5.79352379600547,10.947555007498,-78.5191835589924));
#1867=CARTESIAN_POINT('Ctrl Pts',(5.70144824624936,11.2785670738251,-78.4953632620723));
#1868=CARTESIAN_POINT('Ctrl Pts',(5.60937269649326,11.6095791401523,-78.4715429651521));
#1869=CARTESIAN_POINT('Ctrl Pts',(5.33694126661489,11.8904228379026,-78.447722668232));
#1870=CARTESIAN_POINT('Ctrl Pts',(5.0088808947694,11.9925179119226,-78.4239023713118));
#1871=CARTESIAN_POINT('Ctrl Pts',(4.68082052292391,12.0946129859426,-78.4000820743916));
#1872=CARTESIAN_POINT('Ctrl Pts',(4.2971312091113,12.0179594362323,-78.3762617774714));
#1873=CARTESIAN_POINT('Ctrl Pts',(4.0334807664865,11.7976533303484,-78.3524414805512));
#1874=CARTESIAN_POINT('Ctrl Pts',(3.80234720264336,11.6045183032176,-78.3315590194253));
#1875=CARTESIAN_POINT('Ctrl Pts',(3.66346885366697,11.3009798933758,-78.3106765582993));
#1876=CARTESIAN_POINT('Ctrl Pts',(3.6611423351948,10.9993057169224,-78.2897940971733));
#1877=CARTESIAN_POINT('Ctrl Pts',(3.66133089453699,11.0007767960034,-78.4108710487192));
#1878=CARTESIAN_POINT('Ctrl Pts',(3.6609158968327,11.0504788840134,-78.4143098816227));
#1879=CARTESIAN_POINT('Ctrl Pts',(3.66417482619918,11.1001263132884,-78.4177487145262));
#1880=CARTESIAN_POINT('Ctrl Pts',(3.67129495093526,11.1492136816658,-78.4211875474297));
#1881=CARTESIAN_POINT('Ctrl Pts',(3.72061502262278,11.4892347651525,-78.4450078443498));
#1882=CARTESIAN_POINT('Ctrl Pts',(3.95520034610091,11.8023833873173,-78.46882814127));
#1883=CARTESIAN_POINT('Ctrl Pts',(4.26764992279063,11.9452894974975,-78.4926484381901));
#1884=CARTESIAN_POINT('Ctrl Pts',(4.58009949948035,12.0881956076778,-78.5164687351103));
#1885=CARTESIAN_POINT('Ctrl Pts',(4.97041332938167,12.0608592058734,-78.5402890320305));
#1886=CARTESIAN_POINT('Ctrl Pts',(5.25989297825886,11.875795956074,-78.5641093289507));
#1887=CARTESIAN_POINT('Ctrl Pts',(5.54937262713604,11.6907327062745,-78.5879296258708));
#1888=CARTESIAN_POINT('Ctrl Pts',(5.73801809498909,11.3479426084798,-78.611749922791));
#1889=CARTESIAN_POINT('Ctrl Pts',(5.73946125465253,11.0043661540774,-78.6355702197112));
#1890=CARTESIAN_POINT('Ctrl Pts',(5.74090441431596,10.660789699675,-78.6593905166313));
#1891=CARTESIAN_POINT('Ctrl Pts',(5.55514526578976,10.3164268886649,-78.6832108135515));
#1892=CARTESIAN_POINT('Ctrl Pts',(5.2672304683059,10.1289383736786,-78.7070311104717));
#1893=CARTESIAN_POINT('Ctrl Pts',(4.97931567082205,9.94144985869224,-78.7308514073918));
#1894=CARTESIAN_POINT('Ctrl Pts',(4.58924522438055,9.91083563972964,-78.754671704312));
#1895=CARTESIAN_POINT('Ctrl Pts',(4.27560619046519,10.0511118919272,-78.7784920012322));
#1896=CARTESIAN_POINT('Ctrl Pts',(3.96196715654983,10.1913881441248,-78.8023122981523));
#1897=CARTESIAN_POINT('Ctrl Pts',(3.72475953516062,10.5025548674826,-78.8261325950725));
#1898=CARTESIAN_POINT('Ctrl Pts',(3.67258477506036,10.842149720125,-78.8499528919927));
#1899=CARTESIAN_POINT('Ctrl Pts',(3.66461325102982,10.8940347412211,-78.8535922775682));
#1900=CARTESIAN_POINT('Ctrl Pts',(3.66096100007586,10.9465833679741,-78.8572316631437));
#1901=CARTESIAN_POINT('Ctrl Pts',(3.66141108315745,10.9991946693768,-78.8608710487192));
#1902=CARTESIAN_POINT('Origin',(4.69999999999997,11.,-79.6379937591554));
#1903=CARTESIAN_POINT('',(3.6638666581986,10.9997191319353,-79.3108710487192));
#1904=CARTESIAN_POINT('',(3.66273737549998,11.0009194247088,-79.1897940971733));
#1905=CARTESIAN_POINT('',(3.66224999999997,11.,-79.6379937591554));
#1906=CARTESIAN_POINT('Ctrl Pts',(3.66273737549998,11.0009194247088,-79.1897940971733));
#1907=CARTESIAN_POINT('Ctrl Pts',(3.66485455371944,10.7529916411054,-79.1726998244211));
#1908=CARTESIAN_POINT('Ctrl Pts',(3.75396818993336,10.5036971881149,-79.1556055516689));
#1909=CARTESIAN_POINT('Ctrl Pts',(3.91581435164321,10.3176866912781,-79.1385112789168));
#1910=CARTESIAN_POINT('Ctrl Pts',(4.14134156085578,10.0584872898673,-79.1146909819966));
#1911=CARTESIAN_POINT('Ctrl Pts',(4.50809707637814,9.92216944499862,-79.0908706850765));
#1912=CARTESIAN_POINT('Ctrl Pts',(4.84816817245523,9.97114394759749,-79.0670503881563));
#1913=CARTESIAN_POINT('Ctrl Pts',(5.18823926853232,10.0201184501964,-79.0432300912361));
#1914=CARTESIAN_POINT('Ctrl Pts',(5.50162594516413,10.2543853002627,-79.0194097943159));
#1915=CARTESIAN_POINT('Ctrl Pts',(5.64484947808057,10.5666894317167,-78.9955894973958));
#1916=CARTESIAN_POINT('Ctrl Pts',(5.788073010997,10.8789935631706,-78.9717692004756));
#1917=CARTESIAN_POINT('Ctrl Pts',(5.76113340019804,11.2693349760121,-78.9479489035554));
#1918=CARTESIAN_POINT('Ctrl Pts',(5.57636449395024,11.5590025495909,-78.9241286066353));
#1919=CARTESIAN_POINT('Ctrl Pts',(5.39159558770243,11.8486701231697,-78.9003083097151));
#1920=CARTESIAN_POINT('Ctrl Pts',(5.04899738600578,12.0376638574858,-78.8764880127949));
#1921=CARTESIAN_POINT('Ctrl Pts',(4.70542258663241,12.039456197302,-78.8526677158747));
#1922=CARTESIAN_POINT('Ctrl Pts',(4.36184778725904,12.0412485371183,-78.8288474189546));
#1923=CARTESIAN_POINT('Ctrl Pts',(4.01729639020895,11.8558394824348,-78.8050271220344));
#1924=CARTESIAN_POINT('Ctrl Pts',(3.82951538441046,11.568115416797,-78.7812068251143));
#1925=CARTESIAN_POINT('Ctrl Pts',(3.72069329133478,11.4013747237339,-78.7674025824673));
#1926=CARTESIAN_POINT('Ctrl Pts',(3.66452077329001,11.2002726834608,-78.7535983398203));
#1927=CARTESIAN_POINT('Ctrl Pts',(3.66376102433011,10.9995638087172,-78.7397940971733));
#1928=CARTESIAN_POINT('Ctrl Pts',(3.66141108315745,10.9991946693768,-78.8608710487192));
#1929=CARTESIAN_POINT('Ctrl Pts',(3.66390685794659,11.2909318286616,-78.8810519600639));
#1930=CARTESIAN_POINT('Ctrl Pts',(3.79254367944006,11.584596145966,-78.9012328714085));
#1931=CARTESIAN_POINT('Ctrl Pts',(4.01033227159388,11.7777256449249,-78.9214137827532));
#1932=CARTESIAN_POINT('Ctrl Pts',(4.26739642703894,12.0056837351554,-78.9452340796734));
#1933=CARTESIAN_POINT('Ctrl Pts',(4.64866663674035,12.0935769336895,-78.9690543765935));
#1934=CARTESIAN_POINT('Ctrl Pts',(4.97958486967484,12.0011648483072,-78.9928746735137));
#1935=CARTESIAN_POINT('Ctrl Pts',(5.31050310260934,11.9087527629249,-79.0166949704338));
#1936=CARTESIAN_POINT('Ctrl Pts',(5.59106935877692,11.6360353936262,-79.040515267354));
#1937=CARTESIAN_POINT('Ctrl Pts',(5.69283118505848,11.307871713354,-79.0643355642742));
#1938=CARTESIAN_POINT('Ctrl Pts',(5.79459301134005,10.9797080330818,-79.0881558611944));
#1939=CARTESIAN_POINT('Ctrl Pts',(5.71755040773561,10.5960980418362,-79.1119761581145));
#1940=CARTESIAN_POINT('Ctrl Pts',(5.49697601036378,10.3326710012158,-79.1357964550347));
#1941=CARTESIAN_POINT('Ctrl Pts',(5.27640161299194,10.0692439605954,-79.1596167519548));
#1942=CARTESIAN_POINT('Ctrl Pts',(4.91229542185272,9.92599987060026,-79.183437048875));
#1943=CARTESIAN_POINT('Ctrl Pts',(4.57135721709821,9.96852058287308,-79.2072573457952));
#1944=CARTESIAN_POINT('Ctrl Pts',(4.2304190123437,10.0110412951459,-79.2310776427154));
#1945=CARTESIAN_POINT('Ctrl Pts',(3.91264879397391,10.2393268096867,-79.2548979396355));
#1946=CARTESIAN_POINT('Ctrl Pts',(3.76353221121993,10.5488605157322,-79.2787182365556));
#1947=CARTESIAN_POINT('Ctrl Pts',(3.69643932412147,10.6881308075357,-79.2894358406101));
#1948=CARTESIAN_POINT('Ctrl Pts',(3.66348905223408,10.8438491630231,-79.3001534446646));
#1949=CARTESIAN_POINT('Ctrl Pts',(3.6638666581986,10.9997191319353,-79.3108710487192));
#1950=CARTESIAN_POINT('Origin',(4.69999999999997,11.,-79.6379937591554));
#1951=CARTESIAN_POINT('',(3.66244138405434,11.0009475918966,-79.7608710487192));
#1952=CARTESIAN_POINT('',(3.66054044531184,10.9999051753836,-79.6397940971734));
#1953=CARTESIAN_POINT('',(3.66224999999997,11.,-79.6379937591554));
#1954=CARTESIAN_POINT('Ctrl Pts',(3.66054044531184,10.9999051753836,-79.6397940971734));
#1955=CARTESIAN_POINT('Ctrl Pts',(3.66053381502602,10.9948250488934,-79.6394419028623));
#1956=CARTESIAN_POINT('Ctrl Pts',(3.66056783546755,10.9897450136585,-79.6390897085513));
#1957=CARTESIAN_POINT('Ctrl Pts',(3.66064277613609,10.9846655821506,-79.6387375142403));
#1958=CARTESIAN_POINT('Ctrl Pts',(3.66571131052256,10.6411235006322,-79.6149172173202));
#1959=CARTESIAN_POINT('Ctrl Pts',(3.85796340486505,10.3003430787841,-79.5910969204));
#1960=CARTESIAN_POINT('Ctrl Pts',(4.14937973218522,10.1183447931177,-79.5672766234798));
#1961=CARTESIAN_POINT('Ctrl Pts',(4.44079605950538,9.93634650745125,-79.5434563265596));
#1962=CARTESIAN_POINT('Ctrl Pts',(4.83137661980322,9.91313035796649,-79.5196360296394));
#1963=CARTESIAN_POINT('Ctrl Pts',(5.14230079657815,10.0593254608984,-79.4958157327192));
#1964=CARTESIAN_POINT('Ctrl Pts',(5.45322497335308,10.2055205638304,-79.4719954357991));
#1965=CARTESIAN_POINT('Ctrl Pts',(5.6844927666051,10.5211269191791,-79.448175138879));
#1966=CARTESIAN_POINT('Ctrl Pts',(5.73022218012869,10.8616495653324,-79.4243548419588));
#1967=CARTESIAN_POINT('Ctrl Pts',(5.77595159365228,11.2021722114857,-79.4005345450387));
#1968=CARTESIAN_POINT('Ctrl Pts',(5.63614262744744,11.5676111484437,-79.3767142481185));
#1969=CARTESIAN_POINT('Ctrl Pts',(5.37480442106901,11.7906564211896,-79.3528939511983));
#1970=CARTESIAN_POINT('Ctrl Pts',(5.11346621469058,12.0137016939354,-79.3290736542781));
#1971=CARTESIAN_POINT('Ctrl Pts',(4.73059876813855,12.0943533024691,-79.3052533573579));
#1972=CARTESIAN_POINT('Ctrl Pts',(4.4014913807023,11.995686289668,-79.2814330604378));
#1973=CARTESIAN_POINT('Ctrl Pts',(4.07238399326604,11.8970192768668,-79.2576127635176));
#1974=CARTESIAN_POINT('Ctrl Pts',(3.79703666494557,11.6190336427309,-79.2337924665974));
#1975=CARTESIAN_POINT('Ctrl Pts',(3.70151245223672,11.2890003466865,-79.2099721696773));
#1976=CARTESIAN_POINT('Ctrl Pts',(3.6745397337412,11.1958104115285,-79.2032461455093));
#1977=CARTESIAN_POINT('Ctrl Pts',(3.6619043367344,11.0984707092008,-79.1965201213413));
#1978=CARTESIAN_POINT('Ctrl Pts',(3.66273737549998,11.0009194247088,-79.1897940971733));
#1979=CARTESIAN_POINT('Ctrl Pts',(3.6638666581986,10.9997191319353,-79.3108710487192));
#1980=CARTESIAN_POINT('Ctrl Pts',(3.66432829635507,11.1902763049056,-79.3239737415848));
#1981=CARTESIAN_POINT('Ctrl Pts',(3.71460186411489,11.3810600796798,-79.3370764344505));
#1982=CARTESIAN_POINT('Ctrl Pts',(3.81319866490673,11.5422934129518,-79.3501791273162));
#1983=CARTESIAN_POINT('Ctrl Pts',(3.99244464848567,11.8354107065754,-79.3739994242364));
#1984=CARTESIAN_POINT('Ctrl Pts',(4.3313995627817,12.0308633962723,-79.3978197211565));
#1985=CARTESIAN_POINT('Ctrl Pts',(4.6748787086379,12.0391668173868,-79.4216400180767));
#1986=CARTESIAN_POINT('Ctrl Pts',(5.01835785449409,12.0474702385014,-79.4454603149968));
#1987=CARTESIAN_POINT('Ctrl Pts',(5.36636123191046,11.8686243910336,-79.469280611917));
#1988=CARTESIAN_POINT('Ctrl Pts',(5.55956145792,11.5845107815203,-79.4931009088371));
#1989=CARTESIAN_POINT('Ctrl Pts',(5.75276168392954,11.3003971720071,-79.5169212057573));
#1990=CARTESIAN_POINT('Ctrl Pts',(5.79115875853225,10.9110158004483,-79.5407415026775));
#1991=CARTESIAN_POINT('Ctrl Pts',(5.65717323909837,10.5946382553774,-79.5645617995977));
#1992=CARTESIAN_POINT('Ctrl Pts',(5.52318771966449,10.2782607103064,-79.5883820965179));
#1993=CARTESIAN_POINT('Ctrl Pts',(5.21681960619403,10.0348869917233,-79.612202393438));
#1994=CARTESIAN_POINT('Ctrl Pts',(4.8783342895084,9.97594158622,-79.6360226903582));
#1995=CARTESIAN_POINT('Ctrl Pts',(4.53984897282278,9.91699618071671,-79.6598429872784));
#1996=CARTESIAN_POINT('Ctrl Pts',(4.169246452922,10.0424790882933,-79.6836632841985));
#1997=CARTESIAN_POINT('Ctrl Pts',(3.93620074289298,10.2949401099955,-79.7074835811187));
#1998=CARTESIAN_POINT('Ctrl Pts',(3.76209543632323,10.4835503340366,-79.7252794036522));
#1999=CARTESIAN_POINT('Ctrl Pts',(3.66476584770909,10.7430319012394,-79.7430752261857));
#2000=CARTESIAN_POINT('Ctrl Pts',(3.66244138405434,11.0009475918966,-79.7608710487192));
#2001=CARTESIAN_POINT('Origin',(4.69999999999997,11.,-79.6379937591554));
#2002=CARTESIAN_POINT('',(3.66062119189863,10.9997207518907,-80.2108710487192));
#2003=CARTESIAN_POINT('',(3.6630152992042,10.9991388940428,-80.0897940971733));
#2004=CARTESIAN_POINT('',(3.66224999999997,11.,-79.6379937591554));
#2005=CARTESIAN_POINT('Ctrl Pts',(3.6630152992042,10.9991388940428,-80.0897940971733));
#2006=CARTESIAN_POINT('Ctrl Pts',(3.66217017478656,10.8912983561812,-80.0823636843833));
#2007=CARTESIAN_POINT('Ctrl Pts',(3.67765126163091,10.7836944438934,-80.0749332715933));
#2008=CARTESIAN_POINT('Ctrl Pts',(3.71047286826728,10.6816689793183,-80.0675028588033));
#2009=CARTESIAN_POINT('Ctrl Pts',(3.81569184298243,10.354597398199,-80.0436825618831));
#2010=CARTESIAN_POINT('Ctrl Pts',(4.0991202022392,10.084855801733,-80.0198622649629));
#2011=CARTESIAN_POINT('Ctrl Pts',(4.43099512858447,9.99594075756567,-79.9960419680428));
#2012=CARTESIAN_POINT('Ctrl Pts',(4.76287005492974,9.90702571339837,-79.9722216711226));
#2013=CARTESIAN_POINT('Ctrl Pts',(5.14319154836351,9.99893722152978,-79.9484013742024));
#2014=CARTESIAN_POINT('Ctrl Pts',(5.39783593031294,10.2295951729594,-79.9245810772823));
#2015=CARTESIAN_POINT('Ctrl Pts',(5.65248031226238,10.4602531243891,-79.9007607803621));
#2016=CARTESIAN_POINT('Ctrl Pts',(5.78144758272748,10.829657519117,-79.876940483442));
#2017=CARTESIAN_POINT('Ctrl Pts',(5.72569228690981,11.1686828851358,-79.8531201865218));
#2018=CARTESIAN_POINT('Ctrl Pts',(5.66993699109215,11.5077082511545,-79.8292998896017));
#2019=CARTESIAN_POINT('Ctrl Pts',(5.42945912899173,11.8163545884642,-79.8054795926815));
#2020=CARTESIAN_POINT('Ctrl Pts',(5.11435736894109,11.9533134604977,-79.7816592957612));
#2021=CARTESIAN_POINT('Ctrl Pts',(4.79925560889045,12.0902723325312,-79.7578389988411));
#2022=CARTESIAN_POINT('Ctrl Pts',(4.4095299508896,12.0555437392887,-79.7340187019209));
#2023=CARTESIAN_POINT('Ctrl Pts',(4.12360960910439,11.8650275720731,-79.7101984050008));
#2024=CARTESIAN_POINT('Ctrl Pts',(3.84191673426126,11.6773282761364,-79.6867303023916));
#2025=CARTESIAN_POINT('Ctrl Pts',(3.66098224753018,11.3384141348175,-79.6632621997825));
#2026=CARTESIAN_POINT('Ctrl Pts',(3.66054044531184,10.9999051753836,-79.6397940971734));
#2027=CARTESIAN_POINT('Ctrl Pts',(3.66244138405434,11.0009475918966,-79.7608710487192));
#2028=CARTESIAN_POINT('Ctrl Pts',(3.66165447624356,11.0882605817492,-79.7668955231059));
#2029=CARTESIAN_POINT('Ctrl Pts',(3.67175559635159,11.1753941148877,-79.7729199974925));
#2030=CARTESIAN_POINT('Ctrl Pts',(3.69345199905833,11.2595378112144,-79.7789444718792));
#2031=CARTESIAN_POINT('Ctrl Pts',(3.77923786540996,11.592235354903,-79.8027647687994));
#2032=CARTESIAN_POINT('Ctrl Pts',(4.0462984982705,11.8781913064522,-79.8265850657195));
#2033=CARTESIAN_POINT('Ctrl Pts',(4.3723647632403,11.9864856335918,-79.8504053626397));
#2034=CARTESIAN_POINT('Ctrl Pts',(4.69843102821009,12.0947799607313,-79.8742256595598));
#2035=CARTESIAN_POINT('Ctrl Pts',(5.08350292528915,12.0254126634611,-79.89804595648));
#2036=CARTESIAN_POINT('Ctrl Pts',(5.35128188499789,11.8101423701568,-79.9218662534002));
#2037=CARTESIAN_POINT('Ctrl Pts',(5.61906084470662,11.5948720768526,-79.9456865503204));
#2038=CARTESIAN_POINT('Ctrl Pts',(5.76954686704504,11.2336987875143,-79.9695068472405));
#2039=CARTESIAN_POINT('Ctrl Pts',(5.73384250541646,10.8919795035944,-79.9933271441607));
#2040=CARTESIAN_POINT('Ctrl Pts',(5.69813814378788,10.5502602196746,-80.0171474410809));
#2041=CARTESIAN_POINT('Ctrl Pts',(5.47624339819229,10.2279949411731,-80.040967738001));
#2042=CARTESIAN_POINT('Ctrl Pts',(5.16974897550869,10.0727273035088,-80.0647880349212));
#2043=CARTESIAN_POINT('Ctrl Pts',(4.86325455282508,9.91745966584459,-80.0886083318413));
#2044=CARTESIAN_POINT('Ctrl Pts',(4.47216045305346,9.92918966901756,-80.1124286287615));
#2045=CARTESIAN_POINT('Ctrl Pts',(4.17552240797952,10.1025469320806,-80.1362489256817));
#2046=CARTESIAN_POINT('Ctrl Pts',(3.87888436290557,10.2759041951436,-80.1600692226019));
#2047=CARTESIAN_POINT('Ctrl Pts',(3.67670237252929,10.6108887180967,-80.1838895195221));
#2048=CARTESIAN_POINT('Ctrl Pts',(3.66154199655062,10.9541335774059,-80.2077098164422));
#2049=CARTESIAN_POINT('Ctrl Pts',(3.66087134342323,10.9693177811935,-80.2087635605345));
#2050=CARTESIAN_POINT('Ctrl Pts',(3.66056667907105,10.9845181499062,-80.2098173046269));
#2051=CARTESIAN_POINT('Ctrl Pts',(3.66062119189863,10.9997207518907,-80.2108710487192));
#2052=CARTESIAN_POINT('Origin',(4.69999999999997,11.,-79.6379937591554));
#2053=CARTESIAN_POINT('',(3.66326553434444,10.9992244478407,-80.6608710487192));
#2054=CARTESIAN_POINT('',(3.66360974364181,11.0005788315978,-80.5397940971733));
#2055=CARTESIAN_POINT('',(3.66224999999997,11.,-79.6379937591554));
#2056=CARTESIAN_POINT('Ctrl Pts',(3.66360974364181,11.0005788315978,-80.5397940971733));
#2057=CARTESIAN_POINT('Ctrl Pts',(3.6646785123381,10.7897054142736,-80.5252854659043));
#2058=CARTESIAN_POINT('Ctrl Pts',(3.72715908081659,10.5782501193574,-80.5107768346353));
#2059=CARTESIAN_POINT('Ctrl Pts',(3.84665429331864,10.4064516127123,-80.4962682033663));
#2060=CARTESIAN_POINT('Ctrl Pts',(4.04284174819023,10.1243925154171,-80.4724479064461));
#2061=CARTESIAN_POINT('Ctrl Pts',(4.39271292563194,9.94922881229758,-80.448627609526));
#2062=CARTESIAN_POINT('Ctrl Pts',(4.73608530245018,9.96115620321904,-80.4248073126058));
#2063=CARTESIAN_POINT('Ctrl Pts',(5.07945767926841,9.97308359414049,-80.4009870156856));
#2064=CARTESIAN_POINT('Ctrl Pts',(5.41633125546316,10.1721020791029,-80.3771667187655));
#2065=CARTESIAN_POINT('Ctrl Pts',(5.59247423684469,10.4670944551502,-80.3533464218453));
#2066=CARTESIAN_POINT('Ctrl Pts',(5.76861721822621,10.7620868311975,-80.3295261249251));
#2067=CARTESIAN_POINT('Ctrl Pts',(5.78402960479451,11.1530530983296,-80.3057058280049));
#2068=CARTESIAN_POINT('Ctrl Pts',(5.63165509946617,11.4609960507444,-80.2818855310848));
#2069=CARTESIAN_POINT('Ctrl Pts',(5.47928059413783,11.7689390031592,-80.2580652341646));
#2070=CARTESIAN_POINT('Ctrl Pts',(5.15911919691284,11.9938586408566,-80.2342449372445));
#2071=CARTESIAN_POINT('Ctrl Pts',(4.81775131721987,12.0327793619435,-80.2104246403243));
#2072=CARTESIAN_POINT('Ctrl Pts',(4.47638343752691,12.0717000830303,-80.1866043434042));
#2073=CARTESIAN_POINT('Ctrl Pts',(4.11380907536597,11.9246218875065,-80.162784046484));
#2074=CARTESIAN_POINT('Ctrl Pts',(3.89602668937227,11.6588820068583,-80.1389637495638));
#2075=CARTESIAN_POINT('Ctrl Pts',(3.74617851224885,11.4760360134947,-80.1225738654337));
#2076=CARTESIAN_POINT('Ctrl Pts',(3.66487946095028,11.2370118050151,-80.1061839813035));
#2077=CARTESIAN_POINT('Ctrl Pts',(3.6630152992042,10.9991388940428,-80.0897940971733));
#2078=CARTESIAN_POINT('Ctrl Pts',(3.66062119189863,10.9997207518907,-80.2108710487192));
#2079=CARTESIAN_POINT('Ctrl Pts',(3.66179896283731,11.3281789076434,-80.233637601547));
#2080=CARTESIAN_POINT('Ctrl Pts',(3.83063809397539,11.6576795388124,-80.2564041543748));
#2081=CARTESIAN_POINT('Ctrl Pts',(4.09844198881429,11.8477185339651,-80.2791707072027));
#2082=CARTESIAN_POINT('Ctrl Pts',(4.37864111863768,12.0465534355499,-80.3029910041228));
#2083=CARTESIAN_POINT('Ctrl Pts',(4.7671781398655,12.092718043054,-80.326811301043));
#2084=CARTESIAN_POINT('Ctrl Pts',(5.08616803530523,11.9650766820093,-80.3506315979632));
#2085=CARTESIAN_POINT('Ctrl Pts',(5.40515793074496,11.8374353209646,-80.3744518948834));
#2086=CARTESIAN_POINT('Ctrl Pts',(5.65460070039659,11.535987991371,-80.3982721918035));
#2087=CARTESIAN_POINT('Ctrl Pts',(5.72029324663043,11.1987471874766,-80.4220924887237));
#2088=CARTESIAN_POINT('Ctrl Pts',(5.78598579286427,10.8615063835823,-80.4459127856439));
#2089=CARTESIAN_POINT('Ctrl Pts',(5.66792811568031,10.4884721053872,-80.4697330825641));
#2090=CARTESIAN_POINT('Ctrl Pts',(5.42017089953898,10.2504317048416,-80.4935533794842));
#2091=CARTESIAN_POINT('Ctrl Pts',(5.17241368339766,10.012391304296,-80.5173736764044));
#2092=CARTESIAN_POINT('Ctrl Pts',(4.79495692829896,9.90934478139995,-80.5411939733245));
#2093=CARTESIAN_POINT('Ctrl Pts',(4.46061274145983,9.9884702208545,-80.5650142702446));
#2094=CARTESIAN_POINT('Ctrl Pts',(4.12626855462069,10.067595660309,-80.5888345671648));
#2095=CARTESIAN_POINT('Ctrl Pts',(3.83503693604112,10.3288930621142,-80.6126548640851));
#2096=CARTESIAN_POINT('Ctrl Pts',(3.72025329173807,10.6527318884499,-80.6364751610053));
#2097=CARTESIAN_POINT('Ctrl Pts',(3.68106753757218,10.76328656473,-80.6446071235766));
#2098=CARTESIAN_POINT('Ctrl Pts',(3.66244604300021,10.8811301775631,-80.6527390861479));
#2099=CARTESIAN_POINT('Ctrl Pts',(3.66326553434444,10.9992244478407,-80.6608710487192));
#2100=CARTESIAN_POINT('Origin',(4.69999999999997,11.,-79.6379937591554));
#2101=CARTESIAN_POINT('',(3.6634176791755,11.0007031125286,-81.1108710487191));
#2102=CARTESIAN_POINT('',(3.66090448153835,11.0005578715784,-80.9897940971734));
#2103=CARTESIAN_POINT('',(3.66224999999997,11.,-79.6379937591554));
#2104=CARTESIAN_POINT('Ctrl Pts',(3.66090448153835,11.0005578715784,-80.9897940971734));
#2105=CARTESIAN_POINT('Ctrl Pts',(3.66292931441161,10.6888943925434,-80.9682072474254));
#2106=CARTESIAN_POINT('Ctrl Pts',(3.81258673052379,10.3755448640625,-80.9466203976773));
#2107=CARTESIAN_POINT('Ctrl Pts',(4.05730314513649,10.1830303947442,-80.9250335479293));
#2108=CARTESIAN_POINT('Ctrl Pts',(4.32733873279095,9.97059773902454,-80.9012132510091));
#2109=CARTESIAN_POINT('Ctrl Pts',(4.71312113251253,9.90529763366438,-80.8773929540889));
#2110=CARTESIAN_POINT('Ctrl Pts',(5.03802648336207,10.0170266129192,-80.8535726571688));
#2111=CARTESIAN_POINT('Ctrl Pts',(5.36293183421163,10.1287555921741,-80.8297523602486));
#2112=CARTESIAN_POINT('Ctrl Pts',(5.62696013618915,10.4175136560439,-80.8059320633284));
#2113=CARTESIAN_POINT('Ctrl Pts',(5.70923055562746,10.7510978731487,-80.7821117664083));
#2114=CARTESIAN_POINT('Ctrl Pts',(5.79150097506576,11.0846820902535,-80.7582914694881));
#2115=CARTESIAN_POINT('Ctrl Pts',(5.69201351196485,11.4630924605934,-80.734471172568));
#2116=CARTESIAN_POINT('Ctrl Pts',(5.45631679648671,11.7130802805543,-80.7106508756478));
#2117=CARTESIAN_POINT('Ctrl Pts',(5.22062008100857,11.9630681005152,-80.6868305787276));
#2118=CARTESIAN_POINT('Ctrl Pts',(4.8487141131532,12.0846333700972,-80.6630102818075));
#2119=CARTESIAN_POINT('Ctrl Pts',(4.51086966731656,12.0221195137666,-80.6391899848873));
#2120=CARTESIAN_POINT('Ctrl Pts',(4.17302522147991,11.959605657436,-80.6153696879671));
#2121=CARTESIAN_POINT('Ctrl Pts',(3.86924229766199,11.7130126751927,-80.591549391047));
#2122=CARTESIAN_POINT('Ctrl Pts',(3.73860270190377,11.3952389383356,-80.5677290941268));
#2123=CARTESIAN_POINT('Ctrl Pts',(3.68753397507052,11.2710170279098,-80.5584174284757));
#2124=CARTESIAN_POINT('Ctrl Pts',(3.66292380596969,11.1359177702221,-80.5491057628245));
#2125=CARTESIAN_POINT('Ctrl Pts',(3.66360974364181,11.0005788315978,-80.5397940971733));
#2126=CARTESIAN_POINT('Ctrl Pts',(3.66326553434444,10.9992244478407,-80.6608710487192));
#2127=CARTESIAN_POINT('Ctrl Pts',(3.66484651237913,11.2270541237092,-80.676559383068));
#2128=CARTESIAN_POINT('Ctrl Pts',(3.73878460106198,11.4558167177192,-80.6922477174168));
#2129=CARTESIAN_POINT('Ctrl Pts',(3.87701432486113,11.634975064208,-80.7079360517656));
#2130=CARTESIAN_POINT('Ctrl Pts',(4.08689467231374,11.9069991627639,-80.7317563486858));
#2131=CARTESIAN_POINT('Ctrl Pts',(4.44499103724546,12.0646671090094,-80.7555766456061));
#2132=CARTESIAN_POINT('Ctrl Pts',(4.78735513531736,12.0357933355565,-80.7793969425263));
#2133=CARTESIAN_POINT('Ctrl Pts',(5.12971923338927,12.0069195621036,-80.8032172394464));
#2134=CARTESIAN_POINT('Ctrl Pts',(5.45635106460136,11.7915040689523,-80.8270375363666));
#2135=CARTESIAN_POINT('Ctrl Pts',(5.61770784220146,11.4881711482784,-80.8508578332867));
#2136=CARTESIAN_POINT('Ctrl Pts',(5.77906461980157,11.1848382276046,-80.8746781302069));
#2137=CARTESIAN_POINT('Ctrl Pts',(5.7751463437897,10.7935878794084,-80.898498427127));
#2138=CARTESIAN_POINT('Ctrl Pts',(5.60774692969425,10.4935473711391,-80.9223187240472));
#2139=CARTESIAN_POINT('Ctrl Pts',(5.4403475155988,10.1935068628698,-80.9461390209674));
#2140=CARTESIAN_POINT('Ctrl Pts',(5.10946696341977,9.98467619452743,-80.9699593178875));
#2141=CARTESIAN_POINT('Ctrl Pts',(4.76659326399788,9.96266490908693,-80.9937796148077));
#2142=CARTESIAN_POINT('Ctrl Pts',(4.42371956457598,9.94065362364643,-81.0175999117279));
#2143=CARTESIAN_POINT('Ctrl Pts',(4.06885271791122,10.1054617211078,-81.0414202086481));
#2144=CARTESIAN_POINT('Ctrl Pts',(3.86446242874509,10.3816346382024,-81.0652405055683));
#2145=CARTESIAN_POINT('Ctrl Pts',(3.73395132245774,10.5579817292687,-81.0804506866185));
#2146=CARTESIAN_POINT('Ctrl Pts',(3.66479427141034,10.7797357821178,-81.0956608676688));
#2147=CARTESIAN_POINT('Ctrl Pts',(3.6634176791755,11.0007031125286,-81.1108710487191));
#2148=CARTESIAN_POINT('Origin',(4.69999999999997,11.,-79.6379937591554));
#2149=CARTESIAN_POINT('',(3.66071615728832,11.0003982325851,-81.5608710487192));
#2150=CARTESIAN_POINT('',(3.66192422051226,10.9990764930116,-81.4397940971733));
#2151=CARTESIAN_POINT('',(3.66224999999997,11.,-79.6379937591554));
#2152=CARTESIAN_POINT('Ctrl Pts',(3.66192422051226,10.9990764930116,-81.4397940971733));
#2153=CARTESIAN_POINT('Ctrl Pts',(3.661277691415,10.9289505152093,-81.4349493258665));
#2154=CARTESIAN_POINT('Ctrl Pts',(3.6677767091098,10.8589436824105,-81.4301045545596));
#2155=CARTESIAN_POINT('Ctrl Pts',(3.68186084278478,10.7904976379411,-81.4252597832528));
#2156=CARTESIAN_POINT('Ctrl Pts',(3.75110833141802,10.45396883214,-81.4014394863327));
#2157=CARTESIAN_POINT('Ctrl Pts',(4.00371810165644,10.1551704591941,-81.3776191894125));
#2158=CARTESIAN_POINT('Ctrl Pts',(4.32403709892167,10.0309022339433,-81.3537988924923));
#2159=CARTESIAN_POINT('Ctrl Pts',(4.64435609618691,9.9066340086925,-81.3299785955721));
#2160=CARTESIAN_POINT('Ctrl Pts',(5.03238432047896,9.95689593113681,-81.3061582986519));
#2161=CARTESIAN_POINT('Ctrl Pts',(5.31046969856347,10.1586764413741,-81.2823380017318));
#2162=CARTESIAN_POINT('Ctrl Pts',(5.58855507664798,10.3604569516113,-81.2585177048116));
#2163=CARTESIAN_POINT('Ctrl Pts',(5.75669760852496,10.7137560496415,-81.2346974078915));
#2164=CARTESIAN_POINT('Ctrl Pts',(5.7379161172677,11.0568217975706,-81.2108771109713));
#2165=CARTESIAN_POINT('Ctrl Pts',(5.71913462601044,11.3998875454997,-81.1870568140512));
#2166=CARTESIAN_POINT('Ctrl Pts',(5.51342911161895,11.7327199433277,-81.163236517131));
#2167=CARTESIAN_POINT('Ctrl Pts',(5.21497831888435,11.9029373811303,-81.1394162202108));
#2168=CARTESIAN_POINT('Ctrl Pts',(4.91652752614975,12.0731548189329,-81.1155959232906));
#2169=CARTESIAN_POINT('Ctrl Pts',(4.52533145507204,12.0807572967101,-81.0917756263704));
#2170=CARTESIAN_POINT('Ctrl Pts',(4.22049252325202,11.9222641502879,-81.0679553294502));
#2171=CARTESIAN_POINT('Ctrl Pts',(3.915653591432,11.7637710038656,-81.0441350325301));
#2172=CARTESIAN_POINT('Ctrl Pts',(3.69717179886966,11.4391822332439,-81.02031473561));
#2173=CARTESIAN_POINT('Ctrl Pts',(3.66507529038217,11.0971052448934,-80.9964944386898));
#2174=CARTESIAN_POINT('Ctrl Pts',(3.66206584611043,11.0650313003557,-80.9942609915177));
#2175=CARTESIAN_POINT('Ctrl Pts',(3.66069498560412,11.0328036102591,-80.9920275443455));
#2176=CARTESIAN_POINT('Ctrl Pts',(3.66090448153835,11.0005578715784,-80.9897940971734));
#2177=CARTESIAN_POINT('Ctrl Pts',(3.6634176791755,11.0007031125286,-81.1108710487191));
#2178=CARTESIAN_POINT('Ctrl Pts',(3.66263842358293,11.1257873776004,-81.119481164589));
#2179=CARTESIAN_POINT('Ctrl Pts',(3.68357886332526,11.2506195438819,-81.1280912804588));
#2180=CARTESIAN_POINT('Ctrl Pts',(3.72740471191996,11.3668203364784,-81.1367013963287));
#2181=CARTESIAN_POINT('Ctrl Pts',(3.84865101592847,11.6882953809318,-81.1605216932488));
#2182=CARTESIAN_POINT('Ctrl Pts',(4.14505735561302,11.9437077331105,-81.1843419901691));
#2183=CARTESIAN_POINT('Ctrl Pts',(4.48091916757279,12.0161212243196,-81.2081622870893));
#2184=CARTESIAN_POINT('Ctrl Pts',(4.81678097953257,12.0885347155287,-81.2319825840094));
#2185=CARTESIAN_POINT('Ctrl Pts',(5.19209826376759,11.977949345768,-81.2558028809296));
#2186=CARTESIAN_POINT('Ctrl Pts',(5.43503843313386,11.7349947315903,-81.2796231778497));
#2187=CARTESIAN_POINT('Ctrl Pts',(5.67797860250014,11.4920401174126,-81.3034434747698));
#2188=CARTESIAN_POINT('Ctrl Pts',(5.78854165699768,11.1167162588178,-81.32726377169));
#2189=CARTESIAN_POINT('Ctrl Pts',(5.716108196735,10.7808587529072,-81.3510840686102));
#2190=CARTESIAN_POINT('Ctrl Pts',(5.64367473647232,10.4450012469966,-81.3749043655304));
#2191=CARTESIAN_POINT('Ctrl Pts',(5.38824476144943,10.1486100937701,-81.3987246624505));
#2192=CARTESIAN_POINT('Ctrl Pts',(5.06676250867853,10.0273829037704,-81.4225449593707));
#2193=CARTESIAN_POINT('Ctrl Pts',(4.74528025590762,9.90615571377072,-81.4463652562909));
#2194=CARTESIAN_POINT('Ctrl Pts',(4.35774572538868,9.9600924869978,-81.4701855532111));
#2195=CARTESIAN_POINT('Ctrl Pts',(4.08158496112166,10.1644991960882,-81.4940058501313));
#2196=CARTESIAN_POINT('Ctrl Pts',(3.82318425902566,10.3557603887572,-81.5162942496606));
#2197=CARTESIAN_POINT('Ctrl Pts',(3.66229292299065,10.6787602174717,-81.5385826491899));
#2198=CARTESIAN_POINT('Ctrl Pts',(3.66071615728832,11.0003982325851,-81.5608710487192));
#2199=CARTESIAN_POINT('Origin',(4.69999999999997,11.,-79.6379937591554));
#2200=CARTESIAN_POINT('',(3.66223298571411,10.9990511980583,-82.0108710487192));
#2201=CARTESIAN_POINT('',(3.66393716347366,11.0000030687775,-81.8897940971733));
#2202=CARTESIAN_POINT('',(3.66224999999997,11.,-79.6379937591554));
#2203=CARTESIAN_POINT('Ctrl Pts',(3.66393716347366,11.0000030687775,-81.8897940971733));
#2204=CARTESIAN_POINT('Ctrl Pts',(3.66394173580021,10.826573345456,-81.8778711073875));
#2205=CARTESIAN_POINT('Ctrl Pts',(3.70513156373367,10.6531415807216,-81.8659481176016));
#2206=CARTESIAN_POINT('Ctrl Pts',(3.78749456368194,10.5021723070769,-81.8540251278158));
#2207=CARTESIAN_POINT('Ctrl Pts',(3.95204315000491,10.200558954333,-81.8302048308956));
#2208=CARTESIAN_POINT('Ctrl Pts',(4.28092986003487,9.98860212934329,-81.8063845339755));
#2209=CARTESIAN_POINT('Ctrl Pts',(4.62357954940655,9.96334263235154,-81.7825642370553));
#2210=CARTESIAN_POINT('Ctrl Pts',(4.96622923877823,9.9380831353598,-81.7587439401352));
#2211=CARTESIAN_POINT('Ctrl Pts',(5.32264190749163,10.099520966366,-81.734923643215));
#2212=CARTESIAN_POINT('Ctrl Pts',(5.52964012266248,10.3737445808363,-81.7111033462948));
#2213=CARTESIAN_POINT('Ctrl Pts',(5.73663833783334,10.6479681953067,-81.6872830493746));
#2214=CARTESIAN_POINT('Ctrl Pts',(5.79422209946165,11.0349775932411,-81.6634627524545));
#2215=CARTESIAN_POINT('Ctrl Pts',(5.67602766904569,11.357587153599,-81.6396424555343));
#2216=CARTESIAN_POINT('Ctrl Pts',(5.55783323862974,11.680196713957,-81.6158221586142));
#2217=CARTESIAN_POINT('Ctrl Pts',(5.26386061616952,11.9384064367385,-81.592001861694));
#2218=CARTESIAN_POINT('Ctrl Pts',(4.92870012933709,12.0139994250518,-81.5681815647739));
#2219=CARTESIAN_POINT('Ctrl Pts',(4.59353964250467,12.089592413365,-81.5443612678537));
#2220=CARTESIAN_POINT('Ctrl Pts',(4.21719129130005,11.98256866721,-81.5205409709334));
#2221=CARTESIAN_POINT('Ctrl Pts',(3.97195971921176,11.7419271748043,-81.4967206740133));
#2222=CARTESIAN_POINT('Ctrl Pts',(3.77660539625967,11.5502293627209,-81.4777451483999));
#2223=CARTESIAN_POINT('Ctrl Pts',(3.66445648234008,11.2737390526391,-81.4587696227866));
#2224=CARTESIAN_POINT('Ctrl Pts',(3.66192422051226,10.9990764930116,-81.4397940971733));
#2225=CARTESIAN_POINT('Ctrl Pts',(3.66071615728832,11.0003982325851,-81.5608710487192));
#2226=CARTESIAN_POINT('Ctrl Pts',(3.66060778507154,11.0225046397993,-81.56240294611));
#2227=CARTESIAN_POINT('Ctrl Pts',(3.66125200049466,11.0446046139291,-81.5639348435008));
#2228=CARTESIAN_POINT('Ctrl Pts',(3.66266887032539,11.0666549402349,-81.5654667408917));
#2229=CARTESIAN_POINT('Ctrl Pts',(3.68470054181124,11.4095273303374,-81.5892870378118));
#2230=CARTESIAN_POINT('Ctrl Pts',(3.89355088279805,11.7403954655887,-81.613107334732));
#2231=CARTESIAN_POINT('Ctrl Pts',(4.19360134352685,11.9077770400144,-81.6369276316522));
#2232=CARTESIAN_POINT('Ctrl Pts',(4.49365180425566,12.0751586144401,-81.6607479285724));
#2233=CARTESIAN_POINT('Ctrl Pts',(4.88490238472645,12.0790536280402,-81.6845682254925));
#2234=CARTESIAN_POINT('Ctrl Pts',(5.1882257111488,11.9176788156053,-81.7083885224127));
#2235=CARTESIAN_POINT('Ctrl Pts',(5.49154903757115,11.7563040031704,-81.7322088193329));
#2236=CARTESIAN_POINT('Ctrl Pts',(5.70694510994505,11.4296593647006,-81.756029116253));
#2237=CARTESIAN_POINT('Ctrl Pts',(5.73579852756089,11.0872935504868,-81.7798494131732));
#2238=CARTESIAN_POINT('Ctrl Pts',(5.76465194517673,10.744927736273,-81.8036697100934));
#2239=CARTESIAN_POINT('Ctrl Pts',(5.60696270803451,10.3868407463151,-81.8274900070136));
#2240=CARTESIAN_POINT('Ctrl Pts',(5.33492613120201,10.17697657287,-81.8513103039337));
#2241=CARTESIAN_POINT('Ctrl Pts',(5.06288955436951,9.96711239942497,-81.8751306008539));
#2242=CARTESIAN_POINT('Ctrl Pts',(4.67650563784673,9.90547104249274,-81.8989508977741));
#2243=CARTESIAN_POINT('Ctrl Pts',(4.35267363671769,10.0202739408803,-81.9227711946942));
#2244=CARTESIAN_POINT('Ctrl Pts',(4.02884163558865,10.1350768392678,-81.9465914916144));
#2245=CARTESIAN_POINT('Ctrl Pts',(3.76756154985334,10.4263239929751,-81.9704117885346));
#2246=CARTESIAN_POINT('Ctrl Pts',(3.68845598949569,10.7606728838458,-81.9942320854548));
#2247=CARTESIAN_POINT('Ctrl Pts',(3.67003704035024,10.8385227238562,-81.9997784065429));
#2248=CARTESIAN_POINT('Ctrl Pts',(3.66149459697431,10.9187093041705,-82.005324727631));
#2249=CARTESIAN_POINT('Ctrl Pts',(3.66223298571411,10.9990511980583,-82.0108710487192));
#2250=CARTESIAN_POINT('Origin',(4.69999999999997,11.,-79.6379937591554));
#2251=CARTESIAN_POINT('',(3.66391172550965,11.0001698460756,-82.4608710487192));
#2252=CARTESIAN_POINT('',(3.66191294785914,11.0009219664971,-82.3397940971734));
#2253=CARTESIAN_POINT('',(3.66224999999997,11.,-79.6379937591554));
#2254=CARTESIAN_POINT('Ctrl Pts',(3.66191294785914,11.0009219664971,-82.3397940971734));
#2255=CARTESIAN_POINT('Ctrl Pts',(3.66444733599762,10.7258953420646,-82.3207928889085));
#2256=CARTESIAN_POINT('Ctrl Pts',(3.77693317948868,10.4490367461426,-82.3017916806437));
#2257=CARTESIAN_POINT('Ctrl Pts',(3.972758300202,10.2572900347897,-82.2827904723788));
#2258=CARTESIAN_POINT('Ctrl Pts',(4.21824861086033,10.0169125001492,-82.2589701754587));
#2259=CARTESIAN_POINT('Ctrl Pts',(4.59471187910855,9.91029368792168,-82.2351498785385));
#2260=CARTESIAN_POINT('Ctrl Pts',(4.92979084952891,9.98624719536969,-82.2113295816183));
#2261=CARTESIAN_POINT('Ctrl Pts',(5.26486981994928,10.0622007028177,-82.1875092846981));
#2262=CARTESIAN_POINT('Ctrl Pts',(5.5585644925418,10.3207265299413,-82.163688987778));
#2263=CARTESIAN_POINT('Ctrl Pts',(5.67641179377981,10.6434630563388,-82.1398686908578));
#2264=CARTESIAN_POINT('Ctrl Pts',(5.79425909501782,10.9661995827363,-82.1160483939376));
#2265=CARTESIAN_POINT('Ctrl Pts',(5.73625902490132,11.3531468084077,-82.0922280970175));
#2266=CARTESIAN_POINT('Ctrl Pts',(5.52896592186255,11.6271475770926,-82.0684078000973));
#2267=CARTESIAN_POINT('Ctrl Pts',(5.32167281882377,11.9011483457775,-82.0445875031772));
#2268=CARTESIAN_POINT('Ctrl Pts',(4.96508668286272,12.0622026574759,-82.020767206257));
#2269=CARTESIAN_POINT('Ctrl Pts',(4.62246436575308,12.0365745552655,-81.9969469093368));
#2270=CARTESIAN_POINT('Ctrl Pts',(4.27984204864345,12.0109464530551,-81.9731266124166));
#2271=CARTESIAN_POINT('Ctrl Pts',(3.95118355038523,11.798635936936,-81.9493063154965));
#2272=CARTESIAN_POINT('Ctrl Pts',(3.78695953256411,11.4968457386274,-81.9254860185763));
#2273=CARTESIAN_POINT('Ctrl Pts',(3.70493605546812,11.3461133320819,-81.913588711442));
#2274=CARTESIAN_POINT('Ctrl Pts',(3.66393260099611,11.1730592167436,-81.9016914043077));
#2275=CARTESIAN_POINT('Ctrl Pts',(3.66393716347366,11.0000030687775,-81.8897940971733));
#2276=CARTESIAN_POINT('Ctrl Pts',(3.66223298571411,10.9990511980583,-82.0108710487192));
#2277=CARTESIAN_POINT('Ctrl Pts',(3.66466582322411,11.2637610487628,-82.0291450245512));
#2278=CARTESIAN_POINT('Ctrl Pts',(3.7678481823488,11.530156930207,-82.0474190003832));
#2279=CARTESIAN_POINT('Ctrl Pts',(3.95047452505353,11.7202154652009,-82.0656929762152));
#2280=CARTESIAN_POINT('Ctrl Pts',(4.18852965594902,11.9679585276513,-82.0895132731354));
#2281=CARTESIAN_POINT('Ctrl Pts',(4.56157095271998,12.0859940245179,-82.1133335700555));
#2282=CARTESIAN_POINT('Ctrl Pts',(4.89880785019931,12.0202814276151,-82.1371538669757));
#2283=CARTESIAN_POINT('Ctrl Pts',(5.23604474767864,11.9545688307123,-82.1609741638959));
#2284=CARTESIAN_POINT('Ctrl Pts',(5.53747724586633,11.7051081400401,-82.1847944608161));
#2285=CARTESIAN_POINT('Ctrl Pts',(5.66509964058479,11.3861106552811,-82.2086147577362));
#2286=CARTESIAN_POINT('Ctrl Pts',(5.79272203530324,11.0671131705221,-82.2324350546564));
#2287=CARTESIAN_POINT('Ctrl Pts',(5.74653432655245,10.6785788916763,-82.2562553515765));
#2288=CARTESIAN_POINT('Ctrl Pts',(5.54768276577731,10.3983915859146,-82.2800756484967));
#2289=CARTESIAN_POINT('Ctrl Pts',(5.34883120500218,10.1182042801529,-82.3038959454169));
#2290=CARTESIAN_POINT('Ctrl Pts',(4.99731579220269,9.94636394747529,-82.3277162423371));
#2291=CARTESIAN_POINT('Ctrl Pts',(4.65407183462665,9.96154472853242,-82.3515365392572));
#2292=CARTESIAN_POINT('Ctrl Pts',(4.31082787705062,9.97672550958956,-82.3753568361774));
#2293=CARTESIAN_POINT('Ctrl Pts',(3.97585537469805,10.1789274043814,-82.3991771330975));
#2294=CARTESIAN_POINT('Ctrl Pts',(3.80251574952504,10.4755757622175,-82.4229974300177));
#2295=CARTESIAN_POINT('Ctrl Pts',(3.71064733311168,10.6327966794707,-82.4356219695849));
#2296=CARTESIAN_POINT('Ctrl Pts',(3.66418002535045,10.8165466928168,-82.448246509152));
#2297=CARTESIAN_POINT('Ctrl Pts',(3.66391172550965,11.0001698460756,-82.4608710487192));
#2298=CARTESIAN_POINT('Origin',(4.69999999999997,11.,-79.6379937591554));
#2299=CARTESIAN_POINT('',(3.66160952924627,11.0008642606435,-82.9108710487192));
#2300=CARTESIAN_POINT('',(3.66091232067062,10.9994366596472,-82.7897940971733));
#2301=CARTESIAN_POINT('',(3.66224999999997,11.,-79.6379937591554));
#2302=CARTESIAN_POINT('Ctrl Pts',(3.66091232067062,10.9994366596472,-82.7897940971733));
#2303=CARTESIAN_POINT('Ctrl Pts',(3.66069874517674,10.9668194680284,-82.7875349673496));
#2304=CARTESIAN_POINT('Ctrl Pts',(3.66210137691879,10.9342208854277,-82.785275837526));
#2305=CARTESIAN_POINT('Ctrl Pts',(3.66518032421336,10.9017814090743,-82.7830167077023));
#2306=CARTESIAN_POINT('Ctrl Pts',(3.69764478818081,10.5597391100548,-82.7591964107822));
#2307=CARTESIAN_POINT('Ctrl Pts',(3.91647570438698,10.2353856446283,-82.735376113862));
#2308=CARTESIAN_POINT('Ctrl Pts',(4.22148498042055,10.0772205522527,-82.7115558169419));
#2309=CARTESIAN_POINT('Ctrl Pts',(4.52649425645413,9.91905545987706,-82.6877355200217));
#2310=CARTESIAN_POINT('Ctrl Pts',(4.91768189231512,9.92707874055238,-82.6639152231015));
#2311=CARTESIAN_POINT('Ctrl Pts',(5.21594938625682,10.097617141341,-82.6400949261813));
#2312=CARTESIAN_POINT('Ctrl Pts',(5.51421688019852,10.2681555421296,-82.6162746292611));
#2313=CARTESIAN_POINT('Ctrl Pts',(5.71956423222094,10.6012090630316,-82.592454332341));
#2314=CARTESIAN_POINT('Ctrl Pts',(5.73797664892986,10.9442948222193,-82.5686340354208));
#2315=CARTESIAN_POINT('Ctrl Pts',(5.75638906563877,11.287380581407,-82.5448137385007));
#2316=CARTESIAN_POINT('Ctrl Pts',(5.58786654703419,11.6404985788805,-82.5209934415805));
#2317=CARTESIAN_POINT('Ctrl Pts',(5.3095642540776,11.8419798078675,-82.4971731446604));
#2318=CARTESIAN_POINT('Ctrl Pts',(5.03126196112101,12.0434610368546,-82.4733528477402));
#2319=CARTESIAN_POINT('Ctrl Pts',(4.6431798938124,12.0933054973553,-82.44953255082));
#2320=CARTESIAN_POINT('Ctrl Pts',(4.32299476964193,11.9686927485524,-82.4257122538998));
#2321=CARTESIAN_POINT('Ctrl Pts',(4.00280964547145,11.8440799997496,-82.4018919569797));
#2322=CARTESIAN_POINT('Ctrl Pts',(3.75052146443911,11.5450100416432,-82.3780716600595));
#2323=CARTESIAN_POINT('Ctrl Pts',(3.68163605045717,11.2084069340633,-82.3542513631393));
#2324=CARTESIAN_POINT('Ctrl Pts',(3.66769982967241,11.1403086973989,-82.349432274484));
#2325=CARTESIAN_POINT('Ctrl Pts',(3.66127017604399,11.0706742510489,-82.3446131858287));
#2326=CARTESIAN_POINT('Ctrl Pts',(3.66191294785914,11.0009219664971,-82.3397940971734));
#2327=CARTESIAN_POINT('Ctrl Pts',(3.66391172550965,11.0001698460756,-82.4608710487192));
#2328=CARTESIAN_POINT('Ctrl Pts',(3.66367379050224,11.1630114497116,-82.4720668060722));
#2329=CARTESIAN_POINT('Ctrl Pts',(3.69976946202368,11.3257532831425,-82.4832625634252));
#2330=CARTESIAN_POINT('Ctrl Pts',(3.77275523582853,11.4698041193327,-82.4944583207783));
#2331=CARTESIAN_POINT('Ctrl Pts',(3.92804109529846,11.7762892977316,-82.5182786176984));
#2332=CARTESIAN_POINT('Ctrl Pts',(4.25031956223177,11.9981648336492,-82.5420989146185));
#2333=CARTESIAN_POINT('Ctrl Pts',(4.59204097043145,12.033848901781,-82.5659192115387));
#2334=CARTESIAN_POINT('Ctrl Pts',(4.93376237863114,12.0695329699128,-82.5897395084588));
#2335=CARTESIAN_POINT('Ctrl Pts',(5.2949267280972,11.9190255702588,-82.6135598053791));
#2336=CARTESIAN_POINT('Ctrl Pts',(5.51018109577843,11.6512337640089,-82.6373801022993));
#2337=CARTESIAN_POINT('Ctrl Pts',(5.72543546345967,11.383441957759,-82.6612003992194));
#2338=CARTESIAN_POINT('Ctrl Pts',(5.79477984935608,10.9983657449132,-82.6850206961396));
#2339=CARTESIAN_POINT('Ctrl Pts',(5.68646614365946,10.6723060144265,-82.7088409930597));
#2340=CARTESIAN_POINT('Ctrl Pts',(5.57815243796284,10.3462462839399,-82.7326612899799));
#2341=CARTESIAN_POINT('Ctrl Pts',(5.29218064067319,10.0792030358126,-82.7564815869001));
#2342=CARTESIAN_POINT('Ctrl Pts',(4.959477981074,9.99343676139984,-82.7803018838202));
#2343=CARTESIAN_POINT('Ctrl Pts',(4.62677532147482,9.9076704869871,-82.8041221807404));
#2344=CARTESIAN_POINT('Ctrl Pts',(4.24734179956611,10.003181186289,-82.8279424776605));
#2345=CARTESIAN_POINT('Ctrl Pts',(3.99489466617893,10.2362422830028,-82.8517627745807));
#2346=CARTESIAN_POINT('Ctrl Pts',(3.78608514523796,10.4290168069271,-82.8714655326269));
#2347=CARTESIAN_POINT('Ctrl Pts',(3.66415503751875,10.7158982501418,-82.8911682906731));
#2348=CARTESIAN_POINT('Ctrl Pts',(3.66160952924627,11.0008642606435,-82.9108710487192));
#2349=CARTESIAN_POINT('Origin',(4.69999999999997,11.,-79.6379937591554));
#2350=CARTESIAN_POINT('',(3.66115109661592,10.9993246289547,-83.3608710487192));
#2351=CARTESIAN_POINT('',(3.66361787689413,10.9994284510699,-83.2397940971733));
#2352=CARTESIAN_POINT('',(3.66224999999997,11.,-79.6379937591554));
#2353=CARTESIAN_POINT('',(5.47639749747358,10.3114275721345,-83.6378325729463));
#2354=CARTESIAN_POINT('Ctrl Pts',(3.66115109661592,10.9993246289547,-83.3608710487192));
#2355=CARTESIAN_POINT('Ctrl Pts',(3.66347923321408,11.3006091129892,-83.3817306660344));
#2356=CARTESIAN_POINT('Ctrl Pts',(3.8020071234587,11.6036954572191,-83.4025902833496));
#2357=CARTESIAN_POINT('Ctrl Pts',(4.0327101708232,11.7969226158282,-83.4234499006648));
#2358=CARTESIAN_POINT('Ctrl Pts',(4.29615772144574,12.017575191643,-83.4472701975849));
#2359=CARTESIAN_POINT('Ctrl Pts',(4.67980280518006,12.0949700447275,-83.4710904945051));
#2360=CARTESIAN_POINT('Ctrl Pts',(5.00794968139117,11.9929899167388,-83.4949107914253));
#2361=CARTESIAN_POINT('Ctrl Pts',(5.33609655760228,11.8910097887501,-83.5187310883454));
#2362=CARTESIAN_POINT('Ctrl Pts',(5.6087452262902,11.6096546796883,-83.5425513852656));
#2363=CARTESIAN_POINT('Ctrl Pts',(5.7010742409332,11.2793154299431,-83.5663716821857));
#2364=CARTESIAN_POINT('Ctrl Pts',(5.7934032555762,10.9489761801979,-83.5901919791059));
#2365=CARTESIAN_POINT('Ctrl Pts',(5.7054126161743,10.5696527897692,-83.6140122760261));
#2366=CARTESIAN_POINT('Ctrl Pts',(5.47639749747358,10.3114275721345,-83.6378325729463));
#2367=CARTESIAN_POINT('',(3.9220863115807,10.3103611745054,-83.6378325729463));
#2368=CARTESIAN_POINT('Origin',(4.69999999999997,11.,-83.6378325729463));
#2369=CARTESIAN_POINT('Ctrl Pts',(3.92208150795315,10.3103577959223,-83.6378325729463));
#2370=CARTESIAN_POINT('Ctrl Pts',(4.14211976699311,10.0635954003387,-83.6149172173201));
#2371=CARTESIAN_POINT('Ctrl Pts',(4.49050605816712,9.92955428944433,-83.592001861694));
#2372=CARTESIAN_POINT('Ctrl Pts',(4.81892036679031,9.96742120694013,-83.5690865060678));
#2373=CARTESIAN_POINT('Ctrl Pts',(5.16030395567572,10.0067835119778,-83.5452662091477));
#2374=CARTESIAN_POINT('Ctrl Pts',(5.48010700413186,10.2318994419922,-83.5214459122275));
#2375=CARTESIAN_POINT('Ctrl Pts',(5.63212122812742,10.5399692847266,-83.4976256153074));
#2376=CARTESIAN_POINT('Ctrl Pts',(5.78413545212297,10.848039127461,-83.4738053183872));
#2377=CARTESIAN_POINT('Ctrl Pts',(5.76836085165794,11.2390628829152,-83.4499850214671));
#2378=CARTESIAN_POINT('Ctrl Pts',(5.59191514130581,11.533884076613,-83.4261647245469));
#2379=CARTESIAN_POINT('Ctrl Pts',(5.41546943095368,11.8287052703107,-83.4023444276267));
#2380=CARTESIAN_POINT('Ctrl Pts',(5.07835261071445,12.0273239022519,-83.3785241307065));
#2381=CARTESIAN_POINT('Ctrl Pts',(4.73496030480349,12.0388726037836,-83.3547038337863));
#2382=CARTESIAN_POINT('Ctrl Pts',(4.39156799889253,12.0504213053153,-83.3308835368661));
#2383=CARTESIAN_POINT('Ctrl Pts',(4.04190020730984,11.8749000764375,-83.307063239946));
#2384=CARTESIAN_POINT('Ctrl Pts',(3.84601996986712,11.5926347516762,-83.2832429430258));
#2385=CARTESIAN_POINT('Ctrl Pts',(3.72692307432572,11.4210149683997,-83.2687599944084));
#2386=CARTESIAN_POINT('Ctrl Pts',(3.66467753485914,11.2099346017365,-83.2542770457908));
#2387=CARTESIAN_POINT('Ctrl Pts',(3.66361787689413,10.9994284510699,-83.2397940971733));
#2388=CARTESIAN_POINT('Origin',(4.69999999999997,11.,-84.6315076541223));
#2389=CARTESIAN_POINT('',(3.40923923136019,11.0010933389373,-77.6941574917702));
#2390=CARTESIAN_POINT('',(3.41190669756821,11.0001362387186,-77.6565076541223));
#2391=CARTESIAN_POINT('',(3.40999999999997,10.9999999999999,-84.6315076541223));
#2392=CARTESIAN_POINT('',(3.45360710959423,10.6674270565034,-77.6378325729463));
#2393=CARTESIAN_POINT('Ctrl Pts',(3.41190669756821,11.0001362387186,-77.6565076541223));
#2394=CARTESIAN_POINT('Ctrl Pts',(3.4111044669412,10.8879184596672,-77.6502826270636));
#2395=CARTESIAN_POINT('Ctrl Pts',(3.42470060946675,10.7757607527644,-77.6440576000049));
#2396=CARTESIAN_POINT('Ctrl Pts',(3.45360710959423,10.6674270565034,-77.6378325729463));
#2397=CARTESIAN_POINT('',(3.78735279988032,10.08507503275,-77.6378325729463));
#2398=CARTESIAN_POINT('Origin',(4.69999999999997,11.,-77.6378325729463));
#2399=CARTESIAN_POINT('Ctrl Pts',(3.40923923136019,11.0010933389373,-77.6941574917703));
#2400=CARTESIAN_POINT('Ctrl Pts',(3.41212517284013,10.6634392480085,-77.6753825188289));
#2401=CARTESIAN_POINT('Ctrl Pts',(3.54963904800625,10.323561978195,-77.6566075458876));
#2402=CARTESIAN_POINT('Ctrl Pts',(3.78734825621705,10.08506931876,-77.6378325729463));
#2403=CARTESIAN_POINT('Origin',(4.69999999999997,11.,-84.6315076541223));
#2404=CARTESIAN_POINT('',(3.40862309072638,10.9991369547866,-78.1441574917702));
#2405=CARTESIAN_POINT('',(3.41198150406434,11.0004145774879,-78.1065076541223));
#2406=CARTESIAN_POINT('',(3.40999999999997,10.9999999999999,-84.6315076541223));
#2407=CARTESIAN_POINT('Ctrl Pts',(3.41198150406434,11.0004145774879,-78.1065076541223));
#2408=CARTESIAN_POINT('Ctrl Pts',(3.41266235145552,10.7599342865067,-78.0932044085846));
#2409=CARTESIAN_POINT('Ctrl Pts',(3.59277713949203,10.087910177703,-78.0560808661267));
#2410=CARTESIAN_POINT('Ctrl Pts',(4.67591192637339,9.47523332293853,-77.9951370267488));
#2411=CARTESIAN_POINT('Ctrl Pts',(5.96817589053918,10.1533946709713,-77.9236761359883));
#2412=CARTESIAN_POINT('Ctrl Pts',(6.09890279113737,11.6059849368536,-77.8522152452277));
#2413=CARTESIAN_POINT('Ctrl Pts',(4.94932925360629,12.505250974764,-77.7807543544673));
#2414=CARTESIAN_POINT('Ctrl Pts',(3.69027525618242,12.0650468278001,-77.7155184907654));
#2415=CARTESIAN_POINT('Ctrl Pts',(3.41417423218939,11.3173239532549,-77.6741029239838));
#2416=CARTESIAN_POINT('Ctrl Pts',(3.41190669756821,11.0001362387186,-77.6565076541223));
#2417=CARTESIAN_POINT('Ctrl Pts',(3.40862309072638,10.9991369547866,-78.1441574917703));
#2418=CARTESIAN_POINT('Ctrl Pts',(3.40821622668404,10.9463798516858,-78.1412196559761));
#2419=CARTESIAN_POINT('Ctrl Pts',(3.43510997270856,10.4662800836301,-78.1144615232617));
#2420=CARTESIAN_POINT('Ctrl Pts',(4.03679466581567,9.62691722786755,-78.0638830936271));
#2421=CARTESIAN_POINT('Ctrl Pts',(5.49421697360708,9.69831958828749,-77.9924222028667));
#2422=CARTESIAN_POINT('Ctrl Pts',(6.22431459459411,10.9615653499437,-77.9209613121062));
#2423=CARTESIAN_POINT('Ctrl Pts',(5.55882353771094,12.2601252626187,-77.8495004213457));
#2424=CARTESIAN_POINT('Ctrl Pts',(4.10659102066554,12.4045911699566,-77.7780395305851));
#2425=CARTESIAN_POINT('Ctrl Pts',(3.44851941099135,11.5776772173131,-77.72625855406));
#2426=CARTESIAN_POINT('Ctrl Pts',(3.40860280423083,11.075555078824,-77.6982978744551));
#2427=CARTESIAN_POINT('Ctrl Pts',(3.40923923136019,11.0010933389373,-77.6941574917703));
#2428=CARTESIAN_POINT('Origin',(4.69999999999997,11.,-84.6315076541223));
#2429=CARTESIAN_POINT('',(3.4118783149948,10.9994577819755,-78.5941574917702));
#2430=CARTESIAN_POINT('',(3.40885748393421,11.0009656148825,-78.5565076541223));
#2431=CARTESIAN_POINT('',(3.40999999999997,10.9999999999999,-84.6315076541223));
#2432=CARTESIAN_POINT('Ctrl Pts',(3.40885748393421,11.0009656148825,-78.5565076541223));
#2433=CARTESIAN_POINT('Ctrl Pts',(3.41191498745284,10.6347845314585,-78.5361261901056));
#2434=CARTESIAN_POINT('Ctrl Pts',(3.76646659278788,9.83546281364133,-78.4919244291687));
#2435=CARTESIAN_POINT('Ctrl Pts',(5.12245835428916,9.53484070866737,-78.4239023713118));
#2436=CARTESIAN_POINT('Ctrl Pts',(6.16017371765485,10.5606231940408,-78.3524414805512));
#2437=CARTESIAN_POINT('Ctrl Pts',(5.86085303976539,11.9887154376957,-78.2809805897908));
#2438=CARTESIAN_POINT('Ctrl Pts',(4.49858899066849,12.5114997652557,-78.2095196990302));
#2439=CARTESIAN_POINT('Ctrl Pts',(3.54000185576487,11.8105454505898,-78.1513620538075));
#2440=CARTESIAN_POINT('Ctrl Pts',(3.41144325142694,11.1905293558378,-78.1170247055048));
#2441=CARTESIAN_POINT('Ctrl Pts',(3.41198150406434,11.0004145774879,-78.1065076541223));
#2442=CARTESIAN_POINT('Ctrl Pts',(3.4118783149948,10.9994577819755,-78.5941574917702));
#2443=CARTESIAN_POINT('Ctrl Pts',(3.41119306164534,10.8184290001763,-78.5841414374971));
#2444=CARTESIAN_POINT('Ctrl Pts',(3.53138539612112,10.2077446766565,-78.5503050863037));
#2445=CARTESIAN_POINT('Ctrl Pts',(4.46691032464422,9.49307346158297,-78.4926484381902));
#2446=CARTESIAN_POINT('Ctrl Pts',(5.83985299397964,9.98713605166955,-78.4211875474297));
#2447=CARTESIAN_POINT('Ctrl Pts',(6.16906993304689,11.4086424675485,-78.3497266566691));
#2448=CARTESIAN_POINT('Ctrl Pts',(5.15311268551205,12.4559709284435,-78.2782657659087));
#2449=CARTESIAN_POINT('Ctrl Pts',(3.78107443758151,12.1818647746987,-78.2097427109423));
#2450=CARTESIAN_POINT('Ctrl Pts',(3.41151512525212,11.3741402673618,-78.1650399528962));
#2451=CARTESIAN_POINT('Ctrl Pts',(3.40862309072638,10.9991369547866,-78.1441574917703));
#2452=CARTESIAN_POINT('Origin',(4.69999999999997,11.,-84.6315076541223));
#2453=CARTESIAN_POINT('',(3.41060584379185,11.0011429129119,-79.0441574917702));
#2454=CARTESIAN_POINT('',(3.40895716432004,10.9989989144747,-79.0065076541223));
#2455=CARTESIAN_POINT('',(3.40999999999997,10.9999999999999,-84.6315076541223));
#2456=CARTESIAN_POINT('Ctrl Pts',(3.40895716432004,10.9989989144747,-79.0065076541223));
#2457=CARTESIAN_POINT('Ctrl Pts',(3.40839767776235,10.9335991758001,-79.0028682685468));
#2458=CARTESIAN_POINT('Ctrl Pts',(3.44265276054227,10.4407366693383,-78.9754085860511));
#2459=CARTESIAN_POINT('Ctrl Pts',(4.0774372089052,9.60803240933698,-78.9241286066353));
#2460=CARTESIAN_POINT('Ctrl Pts',(5.53209645027223,9.72219962435535,-78.8526677158747));
#2461=CARTESIAN_POINT('Ctrl Pts',(6.22483353029765,11.0064049518514,-78.7812068251143));
#2462=CARTESIAN_POINT('Ctrl Pts',(5.52133272510244,12.2847452828226,-78.7097459343537));
#2463=CARTESIAN_POINT('Ctrl Pts',(4.06576585281325,12.3866887903944,-78.6382850435933));
#2464=CARTESIAN_POINT('Ctrl Pts',(3.44045401594774,11.5519582231344,-78.5872056168494));
#2465=CARTESIAN_POINT('Ctrl Pts',(3.40834161109535,11.0627489861501,-78.5599464870258));
#2466=CARTESIAN_POINT('Ctrl Pts',(3.40885748393421,11.0009656148825,-78.5565076541223));
#2467=CARTESIAN_POINT('Ctrl Pts',(3.41060584379185,11.0011429129119,-79.0441574917702));
#2468=CARTESIAN_POINT('Ctrl Pts',(3.41323765290109,10.6929503416295,-79.027063219018));
#2469=CARTESIAN_POINT('Ctrl Pts',(3.67837352587892,9.95123554656125,-78.9861486493456));
#2470=CARTESIAN_POINT('Ctrl Pts',(4.91735470349472,9.4907237428742,-78.9214137827533));
#2471=CARTESIAN_POINT('Ctrl Pts',(6.08604315308773,10.3643568045526,-78.8499528919926));
#2472=CARTESIAN_POINT('Ctrl Pts',(5.98557936721257,11.8200265397458,-78.7784920012322));
#2473=CARTESIAN_POINT('Ctrl Pts',(4.70795465936765,12.5248261078529,-78.7070311104717));
#2474=CARTESIAN_POINT('Ctrl Pts',(3.60314056597357,11.9303065719839,-78.6455862739843));
#2475=CARTESIAN_POINT('Ctrl Pts',(3.41282273914153,11.2489537573254,-78.6079617344172));
#2476=CARTESIAN_POINT('Ctrl Pts',(3.4118783149948,10.9994577819755,-78.5941574917702));
#2477=CARTESIAN_POINT('Origin',(4.69999999999997,11.,-84.6315076541223));
#2478=CARTESIAN_POINT('',(3.40787489708724,10.9998821259886,-79.4941574917702));
#2479=CARTESIAN_POINT('',(3.41200962570581,10.9996508602232,-79.4565076541222));
#2480=CARTESIAN_POINT('',(3.40999999999997,10.9999999999999,-84.6315076541223));
#2481=CARTESIAN_POINT('Ctrl Pts',(3.41200962570581,10.9996508602232,-79.4565076541222));
#2482=CARTESIAN_POINT('Ctrl Pts',(3.41154023356488,10.8058929610213,-79.4457900500677));
#2483=CARTESIAN_POINT('Ctrl Pts',(3.54353423720489,10.1821078447325,-79.4112521490931));
#2484=CARTESIAN_POINT('Ctrl Pts',(4.51128798614351,9.4868754102439,-79.3528939511983));
#2485=CARTESIAN_POINT('Ctrl Pts',(5.86912075868871,10.0210644040104,-79.2814330604378));
#2486=CARTESIAN_POINT('Ctrl Pts',(6.15642972129935,11.4516311745434,-79.2099721696773));
#2487=CARTESIAN_POINT('Ctrl Pts',(5.11013590162359,12.4686547536194,-79.1385112789168));
#2488=CARTESIAN_POINT('Ctrl Pts',(3.76070672854847,12.1575744667285,-79.0706897737318));
#2489=CARTESIAN_POINT('Ctrl Pts',(3.41205959696565,11.3616497797865,-79.0266885654669));
#2490=CARTESIAN_POINT('Ctrl Pts',(3.40895716432004,10.9989989144747,-79.0065076541223));
#2491=CARTESIAN_POINT('Ctrl Pts',(3.40787489708724,10.9998821259886,-79.4941574917702));
#2492=CARTESIAN_POINT('Ctrl Pts',(3.4078666551516,10.9935671530449,-79.4938052974592));
#2493=CARTESIAN_POINT('Ctrl Pts',(3.41076918028322,10.5601533207558,-79.469632806228));
#2494=CARTESIAN_POINT('Ctrl Pts',(3.89226980869934,9.70665943382071,-79.4216400180767));
#2495=CARTESIAN_POINT('Ctrl Pts',(5.34883137781776,9.62008126132638,-79.3501791273162));
#2496=CARTESIAN_POINT('Ctrl Pts',(6.21128029122206,10.797047385344,-79.2787182365556));
#2497=CARTESIAN_POINT('Ctrl Pts',(5.68990163623509,12.1598502627495,-79.2072573457952));
#2498=CARTESIAN_POINT('Ctrl Pts',(4.26210397961611,12.4606180054864,-79.1357964550346));
#2499=CARTESIAN_POINT('Ctrl Pts',(3.48090263503258,11.6719313947011,-79.0814298370264));
#2500=CARTESIAN_POINT('Ctrl Pts',(3.40957031499627,11.1224063742413,-79.0508835159382));
#2501=CARTESIAN_POINT('Ctrl Pts',(3.41060584379185,11.0011429129119,-79.0441574917702));
#2502=CARTESIAN_POINT('Origin',(4.69999999999997,11.,-84.6315076541223));
#2503=CARTESIAN_POINT('',(3.4109513235109,10.9989295816094,-79.9441574917702));
#2504=CARTESIAN_POINT('',(3.41023790453395,11.0011779268095,-79.9065076541223));
#2505=CARTESIAN_POINT('',(3.40999999999997,10.9999999999999,-84.6315076541223));
#2506=CARTESIAN_POINT('Ctrl Pts',(3.41023790453395,11.0011779268095,-79.9065076541223));
#2507=CARTESIAN_POINT('Ctrl Pts',(3.41312738476968,10.6805696483728,-79.8887118315888));
#2508=CARTESIAN_POINT('Ctrl Pts',(3.69606153577142,9.92626463216455,-79.8470957121351));
#2509=CARTESIAN_POINT('Ctrl Pts',(4.96160677004422,9.49776162115228,-79.7816592957613));
#2510=CARTESIAN_POINT('Ctrl Pts',(6.10412144037012,10.4053562161094,-79.7101984050008));
#2511=CARTESIAN_POINT('Ctrl Pts',(5.96093022985461,11.8574457443506,-79.6387375142402));
#2512=CARTESIAN_POINT('Ctrl Pts',(4.66314842248158,12.5244015908458,-79.5672766234798));
#2513=CARTESIAN_POINT('Ctrl Pts',(3.58868899816185,11.9048325107231,-79.5065333367737));
#2514=CARTESIAN_POINT('Ctrl Pts',(3.41258347607618,11.2365275194683,-79.4696103469879));
#2515=CARTESIAN_POINT('Ctrl Pts',(3.41200962570581,10.9996508602232,-79.4565076541222));
#2516=CARTESIAN_POINT('Ctrl Pts',(3.4109513235109,10.9989295816094,-79.9441574917702));
#2517=CARTESIAN_POINT('Ctrl Pts',(3.40990077135599,10.864875817368,-79.9367270789802));
#2518=CARTESIAN_POINT('Ctrl Pts',(3.49083744628903,10.3023117701586,-79.90547636927));
#2519=CARTESIAN_POINT('Ctrl Pts',(4.30538438383984,9.52709932526561,-79.8504053626397));
#2520=CARTESIAN_POINT('Ctrl Pts',(5.72368761639943,9.86985773188429,-79.7789444718791));
#2521=CARTESIAN_POINT('Ctrl Pts',(6.20463518247981,11.2474486811466,-79.7074835811187));
#2522=CARTESIAN_POINT('Ctrl Pts',(5.30783987886272,12.398459353648,-79.6360226903582));
#2523=CARTESIAN_POINT('Ctrl Pts',(3.86162936711791,12.269587015955,-79.5649139939087));
#2524=CARTESIAN_POINT('Ctrl Pts',(3.40842408991943,11.4206737980385,-79.5176255943794));
#2525=CARTESIAN_POINT('Ctrl Pts',(3.40787489708724,10.9998821259886,-79.4941574917702));
#2526=CARTESIAN_POINT('Origin',(4.69999999999997,11.,-84.6315076541223));
#2527=CARTESIAN_POINT('',(3.41169026191081,11.0007195304853,-80.3941574917702));
#2528=CARTESIAN_POINT('',(3.40797527106648,10.9996528739475,-80.3565076541223));
#2529=CARTESIAN_POINT('',(3.40999999999997,10.9999999999999,-84.6315076541223));
#2530=CARTESIAN_POINT('Ctrl Pts',(3.40797527106648,10.9996528739475,-80.3565076541223));
#2531=CARTESIAN_POINT('Ctrl Pts',(3.40790750759014,10.9807549153255,-80.35545391003));
#2532=CARTESIAN_POINT('Ctrl Pts',(3.41684734876607,10.5347267497891,-80.3305798690175));
#2533=CARTESIAN_POINT('Ctrl Pts',(3.93061970198371,9.68348482498269,-80.2818855310847));
#2534=CARTESIAN_POINT('Ctrl Pts',(5.38909637374103,9.63974104056503,-80.2104246403244));
#2535=CARTESIAN_POINT('Ctrl Pts',(6.21659111279661,10.8415397664631,-80.1389637495638));
#2536=CARTESIAN_POINT('Ctrl Pts',(5.65539534652371,12.1884350974572,-80.0675028588033));
#2537=CARTESIAN_POINT('Ctrl Pts',(4.21937680477866,12.4471211397947,-79.9960419680428));
#2538=CARTESIAN_POINT('Ctrl Pts',(3.47146333087929,11.6462906062391,-79.9423768998158));
#2539=CARTESIAN_POINT('Ctrl Pts',(3.40925971992696,11.1097144306976,-79.912532128509));
#2540=CARTESIAN_POINT('Ctrl Pts',(3.41023790453395,11.0011779268095,-79.9065076541223));
#2541=CARTESIAN_POINT('Ctrl Pts',(3.41169026191081,11.0007195304853,-80.3941574917702));
#2542=CARTESIAN_POINT('Ctrl Pts',(3.41301882044439,10.7385882769577,-80.3796488605012));
#2543=CARTESIAN_POINT('Ctrl Pts',(3.6182021968828,10.0441785999455,-80.341319932312));
#2544=CARTESIAN_POINT('Ctrl Pts',(4.75293518955916,9.47607226291469,-80.2791707072027));
#2545=CARTESIAN_POINT('Ctrl Pts',(6.00921149876051,10.218256350416,-80.2077098164422));
#2546=CARTESIAN_POINT('Ctrl Pts',(6.06668770788536,11.6762563058981,-80.1362489256816));
#2547=CARTESIAN_POINT('Ctrl Pts',(4.87273482206442,12.515031538747,-80.0647880349212));
#2548=CARTESIAN_POINT('Ctrl Pts',(3.66120632761332,12.0235753206971,-80.0007575569507));
#2549=CARTESIAN_POINT('Ctrl Pts',(3.4132686144311,11.2946232025724,-79.9605473759004));
#2550=CARTESIAN_POINT('Ctrl Pts',(3.4109513235109,10.9989295816094,-79.9441574917702));
#2551=CARTESIAN_POINT('Origin',(4.69999999999997,11.,-84.6315076541223));
#2552=CARTESIAN_POINT('',(3.40832742104021,11.0006934756307,-80.8441574917703));
#2553=CARTESIAN_POINT('',(3.41126238429712,10.9990359313076,-80.8065076541223));
#2554=CARTESIAN_POINT('',(3.40999999999997,10.9999999999999,-84.6315076541223));
#2555=CARTESIAN_POINT('Ctrl Pts',(3.41126238429712,10.9990359313076,-80.8065076541222));
#2556=CARTESIAN_POINT('Ctrl Pts',(3.41024369594824,10.8522360193267,-80.7983756915509));
#2557=CARTESIAN_POINT('Ctrl Pts',(3.5011968379545,10.276651346941,-80.7664234320595));
#2558=CARTESIAN_POINT('Ctrl Pts',(4.34883182214248,9.51614045142859,-80.7106508756478));
#2559=CARTESIAN_POINT('Ctrl Pts',(5.75645180983888,9.90042379867767,-80.6391899848873));
#2560=CARTESIAN_POINT('Ctrl Pts',(6.19671508201611,11.2915513887668,-80.5677290941267));
#2561=CARTESIAN_POINT('Ctrl Pts',(5.26648764905843,12.4157153642208,-80.4962682033664));
#2562=CARTESIAN_POINT('Ctrl Pts',(3.83891260188538,12.2460958990608,-80.425861056698));
#2563=CARTESIAN_POINT('Ctrl Pts',(3.40943932744895,11.4079506536834,-80.3792742069502));
#2564=CARTESIAN_POINT('Ctrl Pts',(3.40797527106648,10.9996528739475,-80.3565076541223));
#2565=CARTESIAN_POINT('Ctrl Pts',(3.40832742104021,11.0006934756307,-80.8441574917703));
#2566=CARTESIAN_POINT('Ctrl Pts',(3.41084443805454,10.613272721157,-80.8225706420223));
#2567=CARTESIAN_POINT('Ctrl Pts',(3.80216273472532,9.79393875874409,-80.777163495354));
#2568=CARTESIAN_POINT('Ctrl Pts',(5.1958665927073,9.55803113612377,-80.7079360517657));
#2569=CARTESIAN_POINT('Ctrl Pts',(6.18048671186222,10.6348740242724,-80.6364751610052));
#2570=CARTESIAN_POINT('Ctrl Pts',(5.80947588825294,12.0460502547857,-80.5650142702446));
#2571=CARTESIAN_POINT('Ctrl Pts',(4.42255601776363,12.4993941172596,-80.4935533794843));
#2572=CARTESIAN_POINT('Ctrl Pts',(3.51968832280439,11.7664996060312,-80.4366011199928));
#2573=CARTESIAN_POINT('Ctrl Pts',(3.41083759065373,11.1689558406038,-80.4034691574214));
#2574=CARTESIAN_POINT('Ctrl Pts',(3.41169026191081,11.0007195304853,-80.3941574917702));
#2575=CARTESIAN_POINT('Origin',(4.69999999999997,11.,-84.6315076541223));
#2576=CARTESIAN_POINT('',(3.40959503200272,10.9988520125123,-81.2941574917702));
#2577=CARTESIAN_POINT('',(3.41145151157448,11.0008740208739,-81.2565076541222));
#2578=CARTESIAN_POINT('',(3.40999999999997,10.9999999999999,-84.6315076541223));
#2579=CARTESIAN_POINT('Ctrl Pts',(3.41145151157448,11.0008740208739,-81.2565076541222));
#2580=CARTESIAN_POINT('Ctrl Pts',(3.4131627175325,10.7261952868532,-81.2412974730719));
#2581=CARTESIAN_POINT('Ctrl Pts',(3.63376140313909,10.0188393217626,-81.2022669951015));
#2582=CARTESIAN_POINT('Ctrl Pts',(4.79768872127251,9.47828545293063,-81.1394162202109));
#2583=CARTESIAN_POINT('Ctrl Pts',(6.03161571422154,10.2570613493265,-81.0679553294503));
#2584=CARTESIAN_POINT('Ctrl Pts',(6.04622783483434,11.7161207061269,-80.9964944386898));
#2585=CARTESIAN_POINT('Ctrl Pts',(4.82814526505284,12.5194528752387,-80.9250335479294));
#2586=CARTESIAN_POINT('Ctrl Pts',(3.64468999507681,11.9983837436764,-80.8617046197401));
#2587=CARTESIAN_POINT('Ctrl Pts',(3.41322765692035,11.2822450682581,-80.8221959884711));
#2588=CARTESIAN_POINT('Ctrl Pts',(3.41126238429712,10.9990359313076,-80.8065076541222));
#2589=CARTESIAN_POINT('Ctrl Pts',(3.40959503200272,10.9988520125123,-81.2941574917702));
#2590=CARTESIAN_POINT('Ctrl Pts',(3.4087913485188,10.9116802357213,-81.2893127204634));
#2591=CARTESIAN_POINT('Ctrl Pts',(3.45659096213863,10.3967871063791,-81.2606476522364));
#2592=CARTESIAN_POINT('Ctrl Pts',(4.14848273162551,9.57838592267902,-81.2081622870893));
#2593=CARTESIAN_POINT('Ctrl Pts',(5.59552607348072,9.76582378330006,-81.1367013963286));
#2594=CARTESIAN_POINT('Ctrl Pts',(6.22256688134762,11.0833545078261,-81.0652405055682));
#2595=CARTESIAN_POINT('Ctrl Pts',(5.45544537742562,12.3245603662643,-80.9937796148078));
#2596=CARTESIAN_POINT('Ctrl Pts',(3.99658843204306,12.3529116926896,-80.922318724047));
#2597=CARTESIAN_POINT('Ctrl Pts',(3.42794555160156,11.5081040255581,-80.8724446830347));
#2598=CARTESIAN_POINT('Ctrl Pts',(3.40806700210004,11.0407773136439,-80.8463909389424));
#2599=CARTESIAN_POINT('Ctrl Pts',(3.40832742104021,11.0006934756307,-80.8441574917703));
#2600=CARTESIAN_POINT('Origin',(4.69999999999997,11.,-84.6315076541223));
#2601=CARTESIAN_POINT('',(3.41209726897714,11.000003814717,-81.7441574917702));
#2602=CARTESIAN_POINT('',(3.40809332006932,11.0004950325554,-81.7065076541223));
#2603=CARTESIAN_POINT('',(3.40999999999997,10.9999999999999,-84.6315076541223));
#2604=CARTESIAN_POINT('Ctrl Pts',(3.40809332006932,11.0004950325554,-81.7065076541223));
#2605=CARTESIAN_POINT('Ctrl Pts',(3.410053356452,10.6006751920388,-81.684219254593));
#2606=CARTESIAN_POINT('Ctrl Pts',(3.82379914537519,9.77005359210125,-81.6381105581434));
#2607=CARTESIAN_POINT('Ctrl Pts',(5.23802078967983,9.57322325540956,-81.5681815647739));
#2608=CARTESIAN_POINT('Ctrl Pts',(6.19057583987361,10.6785316273551,-81.4967206740133));
#2609=CARTESIAN_POINT('Ctrl Pts',(5.7782616785578,12.0781975707536,-81.4252597832527));
#2610=CARTESIAN_POINT('Ctrl Pts',(4.37862025240555,12.4905949506366,-81.3537988924924));
#2611=CARTESIAN_POINT('Ctrl Pts',(3.50852801883476,11.7408393812204,-81.2975481827821));
#2612=CARTESIAN_POINT('Ctrl Pts',(3.41048283924066,11.1563630133506,-81.2651177699921));
#2613=CARTESIAN_POINT('Ctrl Pts',(3.41145151157448,11.0008740208739,-81.2565076541222));
#2614=CARTESIAN_POINT('Ctrl Pts',(3.41209726897714,11.000003814717,-81.7441574917702));
#2615=CARTESIAN_POINT('Ctrl Pts',(3.41210295271725,10.7844178420988,-81.7322345019844));
#2616=CARTESIAN_POINT('Ctrl Pts',(3.56559866864746,10.1381166986238,-81.6964912152785));
#2617=CARTESIAN_POINT('Ctrl Pts',(4.58789532679705,9.47927963634411,-81.6369276316523));
#2618=CARTESIAN_POINT('Ctrl Pts',(5.91703724722187,10.0813171270636,-81.5654667408917));
#2619=CARTESIAN_POINT('Ctrl Pts',(6.1317798706876,11.5245610393797,-81.4940058501313));
#2620=CARTESIAN_POINT('Ctrl Pts',(5.03549073657915,12.4874823857199,-81.4225449593707));
#2621=CARTESIAN_POINT('Ctrl Pts',(3.72715517591501,12.1154255599576,-81.3559288399171));
#2622=CARTESIAN_POINT('Ctrl Pts',(3.41274282073584,11.3402778876455,-81.3131330173835));
#2623=CARTESIAN_POINT('Ctrl Pts',(3.40959503200272,10.9988520125123,-81.2941574917702));
#2624=CARTESIAN_POINT('Origin',(4.69999999999997,11.,-84.6315076541223));
#2625=CARTESIAN_POINT('',(3.40958101926118,11.0011460725428,-82.1941574917703));
#2626=CARTESIAN_POINT('',(3.4099788499843,10.9988205690149,-82.1565076541223));
#2627=CARTESIAN_POINT('',(3.40999999999997,10.9999999999999,-84.6315076541223));
#2628=CARTESIAN_POINT('Ctrl Pts',(3.4099788499843,10.9988205690149,-82.1565076541223));
#2629=CARTESIAN_POINT('Ctrl Pts',(3.40906097817091,10.8989496529799,-82.1509613330341));
#2630=CARTESIAN_POINT('Ctrl Pts',(3.46528578899847,10.3711761447847,-82.1215947150258));
#2631=CARTESIAN_POINT('Ctrl Pts',(4.19049098579418,9.56279479101232,-82.0684078000973));
#2632=CARTESIAN_POINT('Ctrl Pts',(5.63140233914822,9.79266908764229,-81.9969469093368));
#2633=CARTESIAN_POINT('Ctrl Pts',(6.21946049163233,11.1280549234765,-81.9254860185763));
#2634=CARTESIAN_POINT('Ctrl Pts',(5.41620074690865,12.3461852543637,-81.8540251278158));
#2635=CARTESIAN_POINT('Ctrl Pts',(3.95714052390506,12.3316598844458,-81.7825642370553));
#2636=CARTESIAN_POINT('Ctrl Pts',(3.42121159826831,11.4826222270743,-81.7333917458242));
#2637=CARTESIAN_POINT('Ctrl Pts',(3.40795860538886,11.0279749316703,-81.7080395515132));
#2638=CARTESIAN_POINT('Ctrl Pts',(3.40809332006932,11.0004950325554,-81.7065076541223));
#2639=CARTESIAN_POINT('Ctrl Pts',(3.40958101926118,11.0011460725428,-82.1941574917703));
#2640=CARTESIAN_POINT('Ctrl Pts',(3.41273145115581,10.6592676379314,-82.1751562835055));
#2641=CARTESIAN_POINT('Ctrl Pts',(3.72785114669093,9.88367140514715,-82.1323347783203));
#2642=CARTESIAN_POINT('Ctrl Pts',(5.03709076375835,9.51287939257568,-82.0656929762152));
#2643=CARTESIAN_POINT('Ctrl Pts',(6.13234336114022,10.4769795621428,-81.9942320854548));
#2644=CARTESIAN_POINT('Ctrl Pts',(5.91604823095392,11.9199916202959,-81.9227711946941));
#2645=CARTESIAN_POINT('Ctrl Pts',(4.58625941267469,12.5205988824233,-81.8513103039338));
#2646=CARTESIAN_POINT('Ctrl Pts',(3.56511260618027,11.8609469742293,-81.791772402959));
#2647=CARTESIAN_POINT('Ctrl Pts',(3.41209159748007,11.2151254055399,-81.7560547989045));
#2648=CARTESIAN_POINT('Ctrl Pts',(3.41209726897714,11.000003814717,-81.7441574917702));
#2649=CARTESIAN_POINT('Origin',(4.69999999999997,11.,-84.6315076541223));
#2650=CARTESIAN_POINT('',(3.40833716566139,10.9992997262778,-82.6441574917703));
#2651=CARTESIAN_POINT('',(3.41206564770653,11.0002111312335,-82.6065076541223));
#2652=CARTESIAN_POINT('',(3.40999999999997,10.9999999999999,-84.6315076541223));
#2653=CARTESIAN_POINT('Ctrl Pts',(3.41206564770653,11.0002111312335,-82.6065076541223));
#2654=CARTESIAN_POINT('Ctrl Pts',(3.41239916425159,10.7719539713165,-82.5938831145552));
#2655=CARTESIAN_POINT('Ctrl Pts',(3.57914881670432,10.112560252595,-82.5574382780679));
#2656=CARTESIAN_POINT('Ctrl Pts',(4.63262586309817,9.47664221931006,-82.4971731446602));
#2657=CARTESIAN_POINT('Ctrl Pts',(5.94350482964506,10.1174729468093,-82.4257122538999));
#2658=CARTESIAN_POINT('Ctrl Pts',(6.11574904343985,11.5664034783759,-82.3542513631393));
#2659=CARTESIAN_POINT('Ctrl Pts',(4.99164037758932,12.4966977427954,-82.2827904723788));
#2660=CARTESIAN_POINT('Ctrl Pts',(3.70845875585588,12.090681085652,-82.2168759027065));
#2661=CARTESIAN_POINT('Ctrl Pts',(3.41300304693723,11.3278744908735,-82.1747816299543));
#2662=CARTESIAN_POINT('Ctrl Pts',(3.4099788499843,10.9988205690149,-82.1565076541223));
#2663=CARTESIAN_POINT('Ctrl Pts',(3.40833716566139,10.9992997262778,-82.6441574917703));
#2664=CARTESIAN_POINT('Ctrl Pts',(3.40807167552686,10.9587541447908,-82.6418983619466));
#2665=CARTESIAN_POINT('Ctrl Pts',(3.42819952996982,10.4909624173087,-82.6158189352028));
#2666=CARTESIAN_POINT('Ctrl Pts',(3.99804436575782,9.64633246077593,-82.5659192115387));
#2667=CARTESIAN_POINT('Ctrl Pts',(5.45686985434563,9.67625305457359,-82.4944583207782));
#2668=CARTESIAN_POINT('Ctrl Pts',(6.22265569132637,10.9182835300161,-82.4229974300176));
#2669=CARTESIAN_POINT('Ctrl Pts',(5.59419782864293,12.2351388903846,-82.3515365392573));
#2670=CARTESIAN_POINT('Ctrl Pts',(4.14695369423262,12.4210199427937,-82.2800756484967));
#2671=CARTESIAN_POINT('Ctrl Pts',(3.4562808816695,11.6022757262662,-82.2276159660011));
#2672=CARTESIAN_POINT('Ctrl Pts',(3.40878200635678,11.0878533209858,-82.1989765804256));
#2673=CARTESIAN_POINT('Ctrl Pts',(3.40958101926118,11.0011460725428,-82.1941574917703));
#2674=CARTESIAN_POINT('Origin',(4.69999999999997,11.,-84.6315076541223));
#2675=CARTESIAN_POINT('',(3.41170037214497,10.9992895224092,-83.0941574917702));
#2676=CARTESIAN_POINT('',(3.40920384748513,11.001074339899,-83.0565076541223));
#2677=CARTESIAN_POINT('',(3.40999999999997,10.9999999999999,-84.6315076541223));
#2678=CARTESIAN_POINT('Ctrl Pts',(3.40920384748513,11.001074339899,-83.0565076541223));
#2679=CARTESIAN_POINT('Ctrl Pts',(3.41236810252874,10.6468405133056,-83.0368048960761));
#2680=CARTESIAN_POINT('Ctrl Pts',(3.74717953060735,9.85908441689385,-82.9932818411098));
#2681=CARTESIAN_POINT('Ctrl Pts',(5.08064023894461,9.52342676570841,-82.9259384892233));
#2682=CARTESIAN_POINT('Ctrl Pts',(6.14709252081495,10.519290287995,-82.8544775984629));
#2683=CARTESIAN_POINT('Ctrl Pts',(5.88849192007382,11.955324924192,-82.7830167077023));
#2684=CARTESIAN_POINT('Ctrl Pts',(4.54162992784674,12.5166004112176,-82.7115558169419));
#2685=CARTESIAN_POINT('Ctrl Pts',(3.55210482016657,11.8353528688063,-82.6527194657484));
#2686=CARTESIAN_POINT('Ctrl Pts',(3.41176987689511,11.2026352880058,-82.6177034114753));
#2687=CARTESIAN_POINT('Ctrl Pts',(3.41206564770653,11.0002111312335,-82.6065076541223));
#2688=CARTESIAN_POINT('Ctrl Pts',(3.41170037214497,10.9992895224092,-83.0941574917702));
#2689=CARTESIAN_POINT('Ctrl Pts',(3.41085113448604,10.8305843774621,-83.0848201434676));
#2690=CARTESIAN_POINT('Ctrl Pts',(3.52009966819698,10.2325529487991,-83.0516624982447));
#2691=CARTESIAN_POINT('Ctrl Pts',(4.4241738598441,9.50031418921883,-82.9946845561018));
#2692=CARTESIAN_POINT('Ctrl Pts',(5.81059824442887,9.95514094533843,-82.9232236653412));
#2693=CARTESIAN_POINT('Ctrl Pts',(6.18009422874867,11.3667199534649,-82.8517627745808));
#2694=CARTESIAN_POINT('Ctrl Pts',(5.19431445728118,12.442500728523,-82.7803018838202));
#2695=CARTESIAN_POINT('Ctrl Pts',(3.80138300633406,12.2051830739276,-82.7111001228833));
#2696=CARTESIAN_POINT('Ctrl Pts',(3.41087100727287,11.386267331374,-82.6657186588668));
#2697=CARTESIAN_POINT('Ctrl Pts',(3.40833716566139,10.9992997262778,-82.6441574917703));
#2698=CARTESIAN_POINT('Origin',(4.69999999999997,11.,-84.6315076541223));
#2699=CARTESIAN_POINT('',(3.41128027322698,11.0014740827977,-83.5441574917702));
#2700=CARTESIAN_POINT('',(3.40863398182081,10.9991604638416,-83.5065076541223));
#2701=CARTESIAN_POINT('',(3.40999999999997,10.9999999999999,-84.6315076541223));
#2702=CARTESIAN_POINT('',(4.36482017247652,12.245694377936,-83.6378325729463));
#2703=CARTESIAN_POINT('Ctrl Pts',(4.36482017247653,12.245694377936,-83.6378325729463));
#2704=CARTESIAN_POINT('Ctrl Pts',(3.95050958686081,12.1342155488689,-83.6140122760261));
#2705=CARTESIAN_POINT('Ctrl Pts',(3.49077638604859,11.6968869300008,-83.5827872489675));
#2706=CARTESIAN_POINT('Ctrl Pts',(3.41026213057111,11.1350735420348,-83.5515622219088));
#2707=CARTESIAN_POINT('Ctrl Pts',(3.41128027322698,11.0014740827977,-83.5441574917702));
#2708=CARTESIAN_POINT('',(5.03602479865348,12.2478381018086,-83.6378325729463));
#2709=CARTESIAN_POINT('Origin',(4.69999999999997,11.,-83.6378325729463));
#2710=CARTESIAN_POINT('Ctrl Pts',(5.0360274786156,12.247844900974,-83.6378325729463));
#2711=CARTESIAN_POINT('Ctrl Pts',(4.63887390680964,12.3535618164945,-83.6149172173201));
#2712=CARTESIAN_POINT('Ctrl Pts',(3.772899394216,12.1643268328861,-83.5711422443787));
#2713=CARTESIAN_POINT('Ctrl Pts',(3.41152802779684,11.3736793599191,-83.5273672714375));
#2714=CARTESIAN_POINT('Ctrl Pts',(3.40863398182081,10.9991604638416,-83.5065076541223));
#2715=CARTESIAN_POINT('Origin',(-30.4120869454131,29.0761611983675,-74.6378325729463));
#2716=CARTESIAN_POINT('',(-26.4083517210681,29.0773774674005,-76.6485803414498));
#2717=CARTESIAN_POINT('',(-27.1828019396017,29.001689745879,-74.6378325729463));
#2718=CARTESIAN_POINT('Ctrl Pts',(-26.4083517210681,29.0773774674005,-76.6485803414498));
#2719=CARTESIAN_POINT('Ctrl Pts',(-26.5920366195671,29.0773774674006,-76.4451945417835));
#2720=CARTESIAN_POINT('Ctrl Pts',(-26.747476713823,29.0648816819085,-76.2170248391078));
#2721=CARTESIAN_POINT('Ctrl Pts',(-27.0431532988357,29.0305332188879,-75.6210565053402));
#2722=CARTESIAN_POINT('Ctrl Pts',(-27.147912168376,29.0085144986831,-75.2392988335725));
#2723=CARTESIAN_POINT('Ctrl Pts',(-27.1803626300347,29.0021735235669,-74.777291740072));
#2724=CARTESIAN_POINT('Ctrl Pts',(-27.1828019396017,29.001689745879,-74.7075127931252));
#2725=CARTESIAN_POINT('Ctrl Pts',(-27.1828019396017,29.001689745879,-74.6378325729463));
#2726=CARTESIAN_POINT('',(-30.3336193639245,25.8469708223367,-74.6378325729463));
#2727=CARTESIAN_POINT('Origin',(-30.4120869454131,29.0761611983675,-74.6378325729463));
#2728=CARTESIAN_POINT('',(-30.4083517210703,25.0773774672984,-76.6430859090043));
#2729=CARTESIAN_POINT('Ctrl Pts',(-30.3336193639245,25.8469708223367,-74.6378325729463));
#2730=CARTESIAN_POINT('Ctrl Pts',(-30.3336193639245,25.8469708223367,-74.9493182461001));
#2731=CARTESIAN_POINT('Ctrl Pts',(-30.3440517627926,25.79826062748,-75.2588319194766));
#2732=CARTESIAN_POINT('Ctrl Pts',(-30.3781435493876,25.5827825042859,-75.9273215487469));
#2733=CARTESIAN_POINT('Ctrl Pts',(-30.4038994126549,25.3918993789782,-76.2721560367651));
#2734=CARTESIAN_POINT('Ctrl Pts',(-30.408181167948,25.1196765698668,-76.5952560327357));
#2735=CARTESIAN_POINT('Ctrl Pts',(-30.4083517210709,25.0987039773218,-76.6193547127066));
#2736=CARTESIAN_POINT('Ctrl Pts',(-30.4083517210703,25.0773774672984,-76.6430859090043));
#2737=CARTESIAN_POINT('',(-30.4083517210703,22.8460187228177,-77.6378325729463));
#2738=CARTESIAN_POINT('Ctrl Pts',(-30.4083517210703,25.0773774673027,-76.6430859089994));
#2739=CARTESIAN_POINT('Ctrl Pts',(-30.4083517210703,25.0410273246935,-76.6835347385906));
#2740=CARTESIAN_POINT('Ctrl Pts',(-30.4083517210703,25.0041987165242,-76.7222938546606));
#2741=CARTESIAN_POINT('Ctrl Pts',(-30.4083517210703,24.7055399961018,-77.0209524923302));
#2742=CARTESIAN_POINT('Ctrl Pts',(-30.4083517210703,24.3361272332476,-77.2677861501201));
#2743=CARTESIAN_POINT('Ctrl Pts',(-30.4083517210703,23.6520114948245,-77.5511561153047));
#2744=CARTESIAN_POINT('Ctrl Pts',(-30.4083517210703,23.2162594760839,-77.6378325729463));
#2745=CARTESIAN_POINT('Ctrl Pts',(-30.4083517210703,22.8460187228177,-77.6378325729463));
#2746=CARTESIAN_POINT('',(-24.1819434688759,29.0773774674005,-77.6378325729463));
#2747=CARTESIAN_POINT('Origin',(-30.4120869454131,29.0761611983675,-77.6378325729463));
#2748=CARTESIAN_POINT('Ctrl Pts',(-24.1819434688759,29.0773774674005,-77.6378325729463));
#2749=CARTESIAN_POINT('Ctrl Pts',(-24.5521841277448,29.0773774674005,-77.6378325729463));
#2750=CARTESIAN_POINT('Ctrl Pts',(-24.9879360340175,29.0773774674005,-77.5511561305272));
#2751=CARTESIAN_POINT('Ctrl Pts',(-25.6720515708989,29.0773774674005,-77.267786202424));
#2752=CARTESIAN_POINT('Ctrl Pts',(-26.0414642036633,29.0773774674005,-77.020952578881));
#2753=CARTESIAN_POINT('Ctrl Pts',(-26.3384512444772,29.0773774674005,-76.7239655467923));
#2754=CARTESIAN_POINT('Ctrl Pts',(-26.3736107730263,29.0773774674005,-76.6870473877687));
#2755=CARTESIAN_POINT('Ctrl Pts',(-26.4083517210681,29.0773774674005,-76.6485803414498));
#2756=CARTESIAN_POINT('Origin',(-6.05982109533843,11.7062762079556,-77.6378325729463));
#2757=CARTESIAN_POINT('',(-30.4083517210703,0.624265022856962,-77.6378325729463));
#2758=CARTESIAN_POINT('',(-30.4083517210703,25.0773774674005,-77.6378325729463));
#2759=CARTESIAN_POINT('',(-24.093668560731,-5.66482505148934,-77.6378325729463));
#2760=CARTESIAN_POINT('Origin',(-30.3281914957537,-5.60998377958154,-77.6378325729463));
#2761=CARTESIAN_POINT('',(11.9632627025193,-5.66482505148934,-77.6378325729463));
#2762=CARTESIAN_POINT('',(-26.4083517210703,-5.66482505148934,-77.6378325729463));
#2763=CARTESIAN_POINT('',(18.2887095303935,0.555513793293696,-77.6378325729463));
#2764=CARTESIAN_POINT('Origin',(18.1789390696745,-5.6591957603447,-77.6378325729463));
#2765=CARTESIAN_POINT('',(18.2887095303935,22.8448584739658,-77.6378325729463));
#2766=CARTESIAN_POINT('',(18.2887095303935,-1.66482505148935,-77.6378325729463));
#2767=CARTESIAN_POINT('',(11.9041891133803,29.0773774674005,-77.6378325729463));
#2768=CARTESIAN_POINT('Origin',(18.1375537072989,29.0763901518645,-77.6378325729463));
#2769=CARTESIAN_POINT('',(14.2887095303935,29.0773774674005,-77.6378325729463));
#2770=CARTESIAN_POINT('Ctrl Pts',(3.45360710959423,10.6674270565034,-77.6378325729463));
#2771=CARTESIAN_POINT('Ctrl Pts',(3.44499991104794,10.7191540078953,-77.6378325729463));
#2772=CARTESIAN_POINT('Ctrl Pts',(3.43984154479923,10.7712508313396,-77.6378325729463));
#2773=CARTESIAN_POINT('Ctrl Pts',(3.43798580186493,10.8234284069919,-77.6378325729463));
#2774=CARTESIAN_POINT('Ctrl Pts',(3.43610839637432,10.8762150646726,-77.6378325729463));
#2775=CARTESIAN_POINT('Ctrl Pts',(3.43761159432942,10.9290855200042,-77.6378325729463));
#2776=CARTESIAN_POINT('Ctrl Pts',(3.44239766107088,10.9817330166173,-77.6378325729463));
#2777=CARTESIAN_POINT('Ctrl Pts',(3.44585780882918,11.0197951931866,-77.6378325729463));
#2778=CARTESIAN_POINT('Ctrl Pts',(3.45103497379387,11.0577407313301,-77.6378325729463));
#2779=CARTESIAN_POINT('Ctrl Pts',(3.4579074552166,11.0954462186434,-77.6378325729463));
#2780=CARTESIAN_POINT('Ctrl Pts',(3.4608439027002,11.1115568745373,-77.6378325729463));
#2781=CARTESIAN_POINT('Ctrl Pts',(3.46409000343392,11.1276236030679,-77.6378325729463));
#2782=CARTESIAN_POINT('Ctrl Pts',(3.46764469751846,11.1436362533259,-77.6378325729463));
#2783=CARTESIAN_POINT('Ctrl Pts',(3.46986434556769,11.1536349893812,-77.6378325729463));
#2784=CARTESIAN_POINT('Ctrl Pts',(3.47220473549703,11.1636138368938,-77.6378325729463));
#2785=CARTESIAN_POINT('Ctrl Pts',(3.47466111501316,11.1735531634158,-77.6378325729463));
#2786=CARTESIAN_POINT('Ctrl Pts',(3.48702896231188,11.2235975771025,-77.6378325729463));
#2787=CARTESIAN_POINT('Ctrl Pts',(3.50235460972104,11.2727424150608,-77.6378325729463));
#2788=CARTESIAN_POINT('Ctrl Pts',(3.52053871055428,11.3207028393524,-77.6378325729463));
#2789=CARTESIAN_POINT('Ctrl Pts',(3.53830841076104,11.3675702852198,-77.6378325729463));
#2790=CARTESIAN_POINT('Ctrl Pts',(3.55880840943875,11.4133075476147,-77.6378325729463));
#2791=CARTESIAN_POINT('Ctrl Pts',(3.58198593413588,11.4576212296249,-77.6378325729463));
#2792=CARTESIAN_POINT('Ctrl Pts',(3.59809620290679,11.4884228504512,-77.6378325729463));
#2793=CARTESIAN_POINT('Ctrl Pts',(3.6155009099718,11.5185361220795,-77.6378325729463));
#2794=CARTESIAN_POINT('Ctrl Pts',(3.63419175894084,11.5478511409445,-77.6378325729463));
#2795=CARTESIAN_POINT('Ctrl Pts',(3.64067314510437,11.5580166480315,-77.6378325729463));
#2796=CARTESIAN_POINT('Ctrl Pts',(3.647309248965,11.568086071746,-77.6378325729463));
#2797=CARTESIAN_POINT('Ctrl Pts',(3.65409991272813,11.5780545092402,-77.6378325729463));
#2798=CARTESIAN_POINT('Ctrl Pts',(3.65925530824772,11.5856224348198,-77.6378325729463));
#2799=CARTESIAN_POINT('Ctrl Pts',(3.66449956898941,11.5931316446957,-77.6378325729463));
#2800=CARTESIAN_POINT('Ctrl Pts',(3.66982466461994,11.6005693558272,-77.6378325729463));
#2801=CARTESIAN_POINT('Ctrl Pts',(3.69798336006577,11.639899399285,-77.6378325729463));
#2802=CARTESIAN_POINT('Ctrl Pts',(3.72845372897614,11.6773137093271,-77.6378325729463));
#2803=CARTESIAN_POINT('Ctrl Pts',(3.76117869866044,11.7125483745533,-77.6378325729463));
#2804=CARTESIAN_POINT('Ctrl Pts',(3.78463582293959,11.737804438321,-77.6378325729463));
#2805=CARTESIAN_POINT('Ctrl Pts',(3.80925215104297,11.7619399976008,-77.6378325729463));
#2806=CARTESIAN_POINT('Ctrl Pts',(3.83501649060387,11.7848444975658,-77.6378325729463));
#2807=CARTESIAN_POINT('Ctrl Pts',(3.86929168891771,11.8153151516543,-77.6378325729463));
#2808=CARTESIAN_POINT('Ctrl Pts',(3.90559899342183,11.8436083574295,-77.6378325729463));
#2809=CARTESIAN_POINT('Ctrl Pts',(3.94368556257682,11.8696324298542,-77.6378325729463));
#2810=CARTESIAN_POINT('Ctrl Pts',(3.95359904425577,11.8764061868745,-77.6378325729463));
#2811=CARTESIAN_POINT('Ctrl Pts',(3.96363310357735,11.8830260087503,-77.6378325729463));
#2812=CARTESIAN_POINT('Ctrl Pts',(3.97378331775787,11.8894898478643,-77.6378325729463));
#2813=CARTESIAN_POINT('Ctrl Pts',(3.98171030844211,11.8945378982335,-77.6378325729463));
#2814=CARTESIAN_POINT('Ctrl Pts',(3.98970871415645,11.8994910175432,-77.6378325729463));
#2815=CARTESIAN_POINT('Ctrl Pts',(3.99776277542368,11.9043403433059,-77.6378325729463));
#2816=CARTESIAN_POINT('Ctrl Pts',(4.03908857802178,11.9292224832045,-77.6378325729463));
#2817=CARTESIAN_POINT('Ctrl Pts',(4.08196186737907,11.9514305109059,-77.6378325729463));
#2818=CARTESIAN_POINT('Ctrl Pts',(4.12607010895145,11.9709036422939,-77.6378325729463));
#2819=CARTESIAN_POINT('Ctrl Pts',(4.17005965267232,11.9903243703492,-77.6378325729463));
#2820=CARTESIAN_POINT('Ctrl Pts',(4.21527880068571,12.0070250298578,-77.6378325729463));
#2821=CARTESIAN_POINT('Ctrl Pts',(4.26142601137486,12.0208947742344,-77.6378325729463));
#2822=CARTESIAN_POINT('Ctrl Pts',(4.28612070925528,12.0283168728173,-77.6378325729463));
#2823=CARTESIAN_POINT('Ctrl Pts',(4.31108119725426,12.0349274293421,-77.6378325729463));
#2824=CARTESIAN_POINT('Ctrl Pts',(4.33626034538469,12.0407032924353,-77.6378325729463));
#2825=CARTESIAN_POINT('Ctrl Pts',(4.34922489466297,12.0436772398187,-77.6378325729463));
#2826=CARTESIAN_POINT('Ctrl Pts',(4.36224739487055,12.0464298274247,-77.6378325729463));
#2827=CARTESIAN_POINT('Ctrl Pts',(4.37532125232326,12.048957439413,-77.6378325729463));
#2828=CARTESIAN_POINT('Ctrl Pts',(4.38560978380536,12.0509465551434,-77.6378325729463));
#2829=CARTESIAN_POINT('Ctrl Pts',(4.3959308425141,12.0527963293649,-77.6378325729463));
#2830=CARTESIAN_POINT('Ctrl Pts',(4.40626534481624,12.0545026377537,-77.6378325729463));
#2831=CARTESIAN_POINT('Ctrl Pts',(4.45195580392966,12.0620464953481,-77.6378325729463));
#2832=CARTESIAN_POINT('Ctrl Pts',(4.49798324484068,12.0668050081424,-77.6378325729463));
#2833=CARTESIAN_POINT('Ctrl Pts',(4.5440679127156,12.0686686345944,-77.6378325729463));
#2834=CARTESIAN_POINT('Ctrl Pts',(4.57504122564984,12.0699211701545,-77.6378325729463));
#2835=CARTESIAN_POINT('Ctrl Pts',(4.60604032290128,12.0698650471991,-77.6378325729463));
#2836=CARTESIAN_POINT('Ctrl Pts',(4.63697593676774,12.0684544154425,-77.6378325729463));
#2837=CARTESIAN_POINT('Ctrl Pts',(4.65048472951434,12.0678384285697,-77.6378325729463));
#2838=CARTESIAN_POINT('Ctrl Pts',(4.66398368431822,12.0669636211633,-77.6378325729463));
#2839=CARTESIAN_POINT('Ctrl Pts',(4.6774421059962,12.0658281192958,-77.6378325729463));
#2840=CARTESIAN_POINT('Ctrl Pts',(4.72137805027031,12.0621211952622,-77.6378325729463));
#2841=CARTESIAN_POINT('Ctrl Pts',(4.76493701098556,12.0556381261165,-77.6378325729463));
#2842=CARTESIAN_POINT('Ctrl Pts',(4.80785961790636,12.0462578961451,-77.6378325729463));
#2843=CARTESIAN_POINT('Ctrl Pts',(4.82892328402735,12.0416546801145,-77.6378325729463));
#2844=CARTESIAN_POINT('Ctrl Pts',(4.84983339774897,12.0363530672109,-77.6378325729463));
#2845=CARTESIAN_POINT('Ctrl Pts',(4.87055701602843,12.0303347016529,-77.6378325729463));
#2846=CARTESIAN_POINT('Ctrl Pts',(4.88320570695085,12.0266613833754,-77.6378325729463));
#2847=CARTESIAN_POINT('Ctrl Pts',(4.89578488754545,12.0227209903849,-77.6378325729463));
#2848=CARTESIAN_POINT('Ctrl Pts',(4.90828831063228,12.0185183030698,-77.6378325729463));
#2849=CARTESIAN_POINT('Ctrl Pts',(5.68451996361391,10.6719062576861,-77.6378325729463));
#2850=CARTESIAN_POINT('Ctrl Pts',(5.67577312034399,10.6293484664921,-77.6378325729463));
#2851=CARTESIAN_POINT('Ctrl Pts',(5.66417572227879,10.587573325555,-77.6378325729463));
#2852=CARTESIAN_POINT('Ctrl Pts',(5.6499876399205,10.5467386253712,-77.6378325729463));
#2853=CARTESIAN_POINT('Ctrl Pts',(5.63515005179369,10.5040345835346,-77.6378325729463));
#2854=CARTESIAN_POINT('Ctrl Pts',(5.61747909760565,10.4623582537159,-77.6378325729463));
#2855=CARTESIAN_POINT('Ctrl Pts',(5.59721505768091,10.4218872571623,-77.6378325729463));
#2856=CARTESIAN_POINT('Ctrl Pts',(5.58161113680128,10.3907233712597,-77.6378325729463));
#2857=CARTESIAN_POINT('Ctrl Pts',(5.56446841019748,10.3602739993898,-77.6378325729463));
#2858=CARTESIAN_POINT('Ctrl Pts',(5.54587594219025,10.3306240267213,-77.6378325729463));
#2859=CARTESIAN_POINT('Ctrl Pts',(5.54006060710089,10.3213501354664,-77.6378325729463));
#2860=CARTESIAN_POINT('Ctrl Pts',(5.5341033206709,10.3121544914952,-77.6378325729463));
#2861=CARTESIAN_POINT('Ctrl Pts',(5.52800648613061,10.3030398246104,-77.6378325729463));
#2862=CARTESIAN_POINT('Ctrl Pts',(5.52315089385283,10.295780794396,-77.6378325729463));
#2863=CARTESIAN_POINT('Ctrl Pts',(5.51820747800526,10.2885743333778,-77.6378325729463));
#2864=CARTESIAN_POINT('Ctrl Pts',(5.51318487415572,10.2814318313634,-77.6378325729463));
#2865=CARTESIAN_POINT('Ctrl Pts',(5.48614646545725,10.2429812797414,-77.6378325729463));
#2866=CARTESIAN_POINT('Ctrl Pts',(5.45676420350249,10.2063032474109,-77.6378325729463));
#2867=CARTESIAN_POINT('Ctrl Pts',(5.42529549542995,10.1715813674672,-77.6378325729463));
#2868=CARTESIAN_POINT('Ctrl Pts',(5.39320017906896,10.136168101728,-77.6378325729463));
#2869=CARTESIAN_POINT('Ctrl Pts',(5.35893401103606,10.102788615848,-77.6378325729463));
#2870=CARTESIAN_POINT('Ctrl Pts',(5.32271912542462,10.0716539713423,-77.6378325729463));
#2871=CARTESIAN_POINT('Ctrl Pts',(5.298031547526,10.0504295784276,-77.6378325729463));
#2872=CARTESIAN_POINT('Ctrl Pts',(5.27243731191613,10.0302487252809,-77.6378325729463));
#2873=CARTESIAN_POINT('Ctrl Pts',(5.24599553047029,10.011186387536,-77.6378325729463));
#2874=CARTESIAN_POINT('Ctrl Pts',(5.2385733521171,10.0058356107413,-77.6378325729463));
#2875=CARTESIAN_POINT('Ctrl Pts',(5.23108434533203,10.0005730136011,-77.6378325729463));
#2876=CARTESIAN_POINT('Ctrl Pts',(5.22352970849147,9.99540037866531,-77.6378325729463));
#2877=CARTESIAN_POINT('Ctrl Pts',(5.21611062730024,9.99032055823561,-77.6378325729463));
#2878=CARTESIAN_POINT('Ctrl Pts',(5.2086354961193,9.98533248950127,-77.6378325729463));
#2879=CARTESIAN_POINT('Ctrl Pts',(5.20110812451006,9.98043884890728,-77.6378325729463));
#2880=CARTESIAN_POINT('Ctrl Pts',(5.15980983375658,9.95359030168722,-77.6378325729463));
#2881=CARTESIAN_POINT('Ctrl Pts',(5.11692150761321,9.92956746922613,-77.6378325729463));
#2882=CARTESIAN_POINT('Ctrl Pts',(5.07268711867943,9.90858132502045,-77.6378325729463));
#2883=CARTESIAN_POINT('Ctrl Pts',(5.04545029671054,9.89565934537245,-77.6378325729463));
#2884=CARTESIAN_POINT('Ctrl Pts',(5.01770219947404,9.88388912299954,-77.6378325729463));
#2885=CARTESIAN_POINT('Ctrl Pts',(4.98949223403685,9.8733262358521,-77.6378325729463));
#2886=CARTESIAN_POINT('Ctrl Pts',(4.94487176598215,9.8566186305352,-77.6378325729463));
#2887=CARTESIAN_POINT('Ctrl Pts',(4.89909677149598,9.84292893638288,-77.6378325729463));
#2888=CARTESIAN_POINT('Ctrl Pts',(4.85244051821909,9.83217190562581,-77.6378325729463));
#2889=CARTESIAN_POINT('Ctrl Pts',(4.83998084601265,9.82929921294832,-77.6378325729463));
#2890=CARTESIAN_POINT('Ctrl Pts',(4.82745820302748,9.82663592878913,-77.6378325729463));
#2891=CARTESIAN_POINT('Ctrl Pts',(4.81487756607214,9.82418099840282,-77.6378325729463));
#2892=CARTESIAN_POINT('Ctrl Pts',(4.80605819634341,9.82246002522698,-77.6378325729463));
#2893=CARTESIAN_POINT('Ctrl Pts',(4.79721941154318,9.82084323418294,-77.6378325729463));
#2894=CARTESIAN_POINT('Ctrl Pts',(4.78836450292572,9.81932991198707,-77.6378325729463));
#2895=CARTESIAN_POINT('Ctrl Pts',(4.73982540898692,9.81103448044754,-77.6378325729463));
#2896=CARTESIAN_POINT('Ctrl Pts',(4.69079143951907,9.80584183070341,-77.6378325729463));
#2897=CARTESIAN_POINT('Ctrl Pts',(4.64157122493584,9.80362011938069,-77.6378325729463));
#2898=CARTESIAN_POINT('Ctrl Pts',(4.59114504703411,9.8013439730584,-77.6378325729463));
#2899=CARTESIAN_POINT('Ctrl Pts',(4.5405223887334,9.80218594865937,-77.6378325729463));
#2900=CARTESIAN_POINT('Ctrl Pts',(4.49001140096305,9.80605458803988,-77.6378325729463));
#2901=CARTESIAN_POINT('Ctrl Pts',(4.46016261439414,9.80834070827388,-77.6378325729463));
#2902=CARTESIAN_POINT('Ctrl Pts',(4.43035244783295,9.8116847204166,-77.6378325729463));
#2903=CARTESIAN_POINT('Ctrl Pts',(4.40064300253198,9.81607607826399,-77.6378325729463));
#2904=CARTESIAN_POINT('Ctrl Pts',(4.38706399684187,9.81808319326035,-77.6378325729463));
#2905=CARTESIAN_POINT('Ctrl Pts',(4.37350602833944,9.82030918808739,-77.6378325729463));
#2906=CARTESIAN_POINT('Ctrl Pts',(4.35997504208406,9.82275348527353,-77.6378325729463));
#2907=CARTESIAN_POINT('Ctrl Pts',(4.34973672787017,9.82460297962312,-77.6378325729463));
#2908=CARTESIAN_POINT('Ctrl Pts',(4.3395139766797,9.82657756293585,-77.6378325729463));
#2909=CARTESIAN_POINT('Ctrl Pts',(4.32932363021516,9.82867378869295,-77.6378325729463));
#2910=CARTESIAN_POINT('Ctrl Pts',(4.27777302308927,9.83927811022679,-77.6378325729463));
#2911=CARTESIAN_POINT('Ctrl Pts',(4.22696065979574,9.85300702644789,-77.6378325729463));
#2912=CARTESIAN_POINT('Ctrl Pts',(4.17721810255632,9.86976732888603,-77.6378325729463));
#2913=CARTESIAN_POINT('Ctrl Pts',(4.14341705154783,9.8811562857284,-77.6378325729463));
#2914=CARTESIAN_POINT('Ctrl Pts',(4.11010964226066,9.89394607054777,-77.6378325729463));
#2915=CARTESIAN_POINT('Ctrl Pts',(4.07740003042532,9.90812116795297,-77.6378325729463));
#2916=CARTESIAN_POINT('Ctrl Pts',(4.06216843706979,9.91472195919861,-77.6378325729463));
#2917=CARTESIAN_POINT('Ctrl Pts',(4.04706196848593,9.92162570708976,-77.6378325729463));
#2918=CARTESIAN_POINT('Ctrl Pts',(4.0321190217273,9.9288176497652,-77.6378325729463));
#2919=CARTESIAN_POINT('Ctrl Pts',(3.98424857984026,9.95185738078079,-77.6378325729463));
#2920=CARTESIAN_POINT('Ctrl Pts',(3.93800660996467,9.97787003270073,-77.6378325729463));
#2921=CARTESIAN_POINT('Ctrl Pts',(3.89372717549778,10.0067853545515,-77.6378325729463));
#2922=CARTESIAN_POINT('Ctrl Pts',(3.87046430549507,10.0219764558245,-77.6378325729463));
#2923=CARTESIAN_POINT('Ctrl Pts',(3.84774319679782,10.0379695681534,-77.6378325729463));
#2924=CARTESIAN_POINT('Ctrl Pts',(3.82561390349782,10.0547600814964,-77.6378325729463));
#2925=CARTESIAN_POINT('Ctrl Pts',(3.81265494913048,10.0645926366198,-77.6378325729463));
#2926=CARTESIAN_POINT('Ctrl Pts',(3.79989897415324,10.0746987154485,-77.6378325729463));
#2927=CARTESIAN_POINT('Ctrl Pts',(3.78734825621709,10.08506931876,-77.6378325729463));
#2928=CARTESIAN_POINT('Origin',(-30.3281914957537,-5.60998377958154,-74.6378325729463));
#2929=CARTESIAN_POINT('',(-30.4083517210703,-1.6648250449723,-76.5772745695435));
#2930=CARTESIAN_POINT('',(-30.34475607764,-2.37526205895693,-74.6378325729463));
#2931=CARTESIAN_POINT('Ctrl Pts',(-30.4083517210703,-1.66482504497229,-76.5772745695435));
#2932=CARTESIAN_POINT('Ctrl Pts',(-30.4083517212575,-1.77969386144309,-76.441742559719));
#2933=CARTESIAN_POINT('Ctrl Pts',(-30.403428734334,-1.88259537867298,-76.29580428927));
#2934=CARTESIAN_POINT('Ctrl Pts',(-30.3816461125164,-2.16528733679538,-75.8069045075607));
#2935=CARTESIAN_POINT('Ctrl Pts',(-30.3591492015314,-2.29265750417021,-75.4380312537971));
#2936=CARTESIAN_POINT('Ctrl Pts',(-30.3465241747862,-2.36566752351273,-74.915206635338));
#2937=CARTESIAN_POINT('Ctrl Pts',(-30.34475607764,-2.37526205895693,-74.776445335201));
#2938=CARTESIAN_POINT('Ctrl Pts',(-30.34475607764,-2.37526205895693,-74.6378325729463));
#2939=CARTESIAN_POINT('',(-27.0934301705325,-5.60572184258684,-74.6378325729463));
#2940=CARTESIAN_POINT('Origin',(-30.3281914957537,-5.60998377958154,-74.6378325729463));
#2941=CARTESIAN_POINT('',(-26.4083517210702,-5.66482505148934,-76.5464711316409));
#2942=CARTESIAN_POINT('Ctrl Pts',(-27.0934301705325,-5.60572184258684,-74.6378325729462));
#2943=CARTESIAN_POINT('Ctrl Pts',(-27.0934301705325,-5.60572184258684,-74.8840865209873));
#2944=CARTESIAN_POINT('Ctrl Pts',(-27.0631361504243,-5.61134132946793,-75.1298718299553));
#2945=CARTESIAN_POINT('Ctrl Pts',(-26.9076889147237,-5.63469857826731,-75.7477822682386));
#2946=CARTESIAN_POINT('Ctrl Pts',(-26.7403061362021,-5.65770202132002,-76.1031619106426));
#2947=CARTESIAN_POINT('Ctrl Pts',(-26.4769863700357,-5.66436921358413,-76.4608804584212));
#2948=CARTESIAN_POINT('Ctrl Pts',(-26.4432214699178,-5.66482505148935,-76.5041899169027));
#2949=CARTESIAN_POINT('Ctrl Pts',(-26.4083517210702,-5.66482505148934,-76.5464711316409));
#2950=CARTESIAN_POINT('Ctrl Pts',(-26.4083517210702,-5.66482505148934,-76.5464711316409));
#2951=CARTESIAN_POINT('Ctrl Pts',(-26.3456420271776,-5.66482505148934,-76.6225095925206));
#2952=CARTESIAN_POINT('Ctrl Pts',(-26.2804421920567,-5.66482505148934,-76.6938279185778));
#2953=CARTESIAN_POINT('Ctrl Pts',(-25.9533188524747,-5.66482505148934,-77.0209317623049));
#2954=CARTESIAN_POINT('Ctrl Pts',(-25.5838749290235,-5.66482505148934,-77.2677736199142));
#2955=CARTESIAN_POINT('Ctrl Pts',(-24.8997109060989,-5.66482505148934,-77.5511524684976));
#2956=CARTESIAN_POINT('Ctrl Pts',(-24.463931935336,-5.66482505148934,-77.6378325729463));
#2957=CARTESIAN_POINT('Ctrl Pts',(-24.093668560731,-5.66482505148934,-77.6378325729463));
#2958=CARTESIAN_POINT('Ctrl Pts',(-30.4083517210703,0.624265022856962,-77.6378325729463));
#2959=CARTESIAN_POINT('Ctrl Pts',(-30.4083517210703,0.253975815040328,-77.6378325729463));
#2960=CARTESIAN_POINT('Ctrl Pts',(-30.4083517210703,-0.181833934495763,
-77.5511483038891));
#2961=CARTESIAN_POINT('Ctrl Pts',(-30.4083517210703,-0.866053101829141,
-77.2677593106081));
#2962=CARTESIAN_POINT('Ctrl Pts',(-30.4083517210703,-1.2355326148676,-77.0209080875845));
#2963=CARTESIAN_POINT('Ctrl Pts',(-30.4083517210703,-1.55379061823717,-76.7026906119774));
#2964=CARTESIAN_POINT('Ctrl Pts',(-30.4083517210703,-1.61012391297415,-76.6418156224369));
#2965=CARTESIAN_POINT('Ctrl Pts',(-30.4083517210703,-1.6648250449723,-76.5772745695435));
#2966=CARTESIAN_POINT('Origin',(18.1789390696745,-5.6591957603447,-74.6378325729463));
#2967=CARTESIAN_POINT('',(14.2887095043146,-5.66482505148934,-76.5331700782247));
#2968=CARTESIAN_POINT('',(14.9636762570584,-5.6074662877541,-74.6378325729463));
#2969=CARTESIAN_POINT('Ctrl Pts',(14.2887095043165,-5.66482505148934,-76.5331700782223));
#2970=CARTESIAN_POINT('Ctrl Pts',(14.4039971561744,-5.66482505224093,-76.3917204186254));
#2971=CARTESIAN_POINT('Ctrl Pts',(14.5065167586505,-5.65987091135582,-76.2395717302898));
#2972=CARTESIAN_POINT('Ctrl Pts',(14.780660825923,-5.63883427362918,-75.7388631628947));
#2973=CARTESIAN_POINT('Ctrl Pts',(14.9002685534442,-5.61805162553322,-75.3642355573799));
#2974=CARTESIAN_POINT('Ctrl Pts',(14.9572821930662,-5.60857708899672,-74.8638430695063));
#2975=CARTESIAN_POINT('Ctrl Pts',(14.9636762570584,-5.6074662877541,-74.7507631126018));
#2976=CARTESIAN_POINT('Ctrl Pts',(14.9636762570584,-5.6074662877541,-74.6378325729463));
#2977=CARTESIAN_POINT('',(18.2121483274367,-2.44368832951432,-74.6378325729463));
#2978=CARTESIAN_POINT('Origin',(18.1789390696745,-5.6591957603447,-74.6378325729463));
#2979=CARTESIAN_POINT('',(18.2887095303935,-1.66482505148929,-76.6558730042698));
#2980=CARTESIAN_POINT('Ctrl Pts',(18.2121483274367,-2.44368832951432,-74.6378325729463));
#2981=CARTESIAN_POINT('Ctrl Pts',(18.2121483274367,-2.44368832951432,-74.9086543910434));
#2982=CARTESIAN_POINT('Ctrl Pts',(18.2199183773966,-2.40713951820861,-75.1786173034445));
#2983=CARTESIAN_POINT('Ctrl Pts',(18.2499232485454,-2.23043924640003,-75.8162889008382));
#2984=CARTESIAN_POINT('Ctrl Pts',(18.2768287784198,-2.05462015773026,-76.1678634273712));
#2985=CARTESIAN_POINT('Ctrl Pts',(18.2876723456631,-1.76785364238649,-76.538014710351));
#2986=CARTESIAN_POINT('Ctrl Pts',(18.2887095303935,-1.71742562666583,-76.5980353622331));
#2987=CARTESIAN_POINT('Ctrl Pts',(18.2887095303935,-1.66482505148929,-76.6558730042698));
#2988=CARTESIAN_POINT('Ctrl Pts',(18.2887095303935,-1.66482505149601,-76.6558730042625));
#2989=CARTESIAN_POINT('Ctrl Pts',(18.2887095303935,-1.63226645740216,-76.6916732270568));
#2990=CARTESIAN_POINT('Ctrl Pts',(18.2887095303935,-1.59936263324589,-76.7261071946593));
#2991=CARTESIAN_POINT('Ctrl Pts',(18.2887095303935,-1.30453037859197,-77.0208683647495));
#2992=CARTESIAN_POINT('Ctrl Pts',(18.2887095303935,-0.93499116752924,-77.267735354676));
#2993=CARTESIAN_POINT('Ctrl Pts',(18.2887095303935,-0.250679677644782,-77.5511413321858));
#2994=CARTESIAN_POINT('Ctrl Pts',(18.2887095303935,0.185181455287348,-77.6378325729463));
#2995=CARTESIAN_POINT('Ctrl Pts',(18.2887095303935,0.555513793293696,-77.6378325729463));
#2996=CARTESIAN_POINT('Ctrl Pts',(11.9632627025193,-5.66482505148934,-77.6378325729463));
#2997=CARTESIAN_POINT('Ctrl Pts',(12.3335035912557,-5.66482505148934,-77.6378325729463));
#2998=CARTESIAN_POINT('Ctrl Pts',(12.7692557713928,-5.66482505148934,-77.5511560934217));
#2999=CARTESIAN_POINT('Ctrl Pts',(13.4533717995397,-5.66482505148934,-77.2677860749271));
#3000=CARTESIAN_POINT('Ctrl Pts',(13.8227847496214,-5.66482505148934,-77.0209523677349));
#3001=CARTESIAN_POINT('Ctrl Pts',(14.1536784596207,-5.66482505148934,-76.6900588674771));
#3002=CARTESIAN_POINT('Ctrl Pts',(14.2226592525017,-5.66482505148934,-76.6142089881577));
#3003=CARTESIAN_POINT('Ctrl Pts',(14.2887095043146,-5.66482505148934,-76.5331700782247));
#3004=CARTESIAN_POINT('Origin',(18.1375537072989,29.0763901518645,-74.6378325729463));
#3005=CARTESIAN_POINT('',(18.2887095303935,25.0773774674005,-76.6429321464592));
#3006=CARTESIAN_POINT('',(18.2145696317923,25.8439428359405,-74.6378325729463));
#3007=CARTESIAN_POINT('Ctrl Pts',(18.2887095303935,25.0773774673995,-76.6429321464603));
#3008=CARTESIAN_POINT('Ctrl Pts',(18.2887095303935,25.2104762476704,-76.4949108235382));
#3009=CARTESIAN_POINT('Ctrl Pts',(18.2821042304884,25.3287476858335,-76.3334802791748));
#3010=CARTESIAN_POINT('Ctrl Pts',(18.2558294427849,25.6254059496421,-75.8286656347806));
#3011=CARTESIAN_POINT('Ctrl Pts',(18.2313137232106,25.7550133472033,-75.4614333959725));
#3012=CARTESIAN_POINT('Ctrl Pts',(18.2167122378384,25.8332055514824,-74.9317710273576));
#3013=CARTESIAN_POINT('Ctrl Pts',(18.2145696317923,25.8439428359405,-74.7847306659537));
#3014=CARTESIAN_POINT('Ctrl Pts',(18.2145696317923,25.8439428359405,-74.6378325729463));
#3015=CARTESIAN_POINT('',(14.9045263112554,29.0296894101005,-74.6378325729463));
#3016=CARTESIAN_POINT('Origin',(18.1375537072989,29.0763901518645,-74.6378325729463));
#3017=CARTESIAN_POINT('',(14.2887095303489,29.0773774674005,-76.4582892772065));
#3018=CARTESIAN_POINT('Ctrl Pts',(14.9045263112554,29.0296894101005,-74.6378325729463));
#3019=CARTESIAN_POINT('Ctrl Pts',(14.9045263112554,29.0296894101005,-74.8761865288712));
#3020=CARTESIAN_POINT('Ctrl Pts',(14.8760787889013,29.0344315903156,-75.1141660442797));
#3021=CARTESIAN_POINT('Ctrl Pts',(14.7270864594984,29.0543717981146,-75.7255983802752));
#3022=CARTESIAN_POINT('Ctrl Pts',(14.5622327172731,29.0745327378067,-76.0821838404782));
#3023=CARTESIAN_POINT('Ctrl Pts',(14.3191934132128,29.0772889735053,-76.4178319316431));
#3024=CARTESIAN_POINT('Ctrl Pts',(14.3040718449938,29.0773774674007,-76.4381669909211));
#3025=CARTESIAN_POINT('Ctrl Pts',(14.2887095303489,29.0773774674005,-76.4582892772065));
#3026=CARTESIAN_POINT('Ctrl Pts',(14.2887095303461,29.0773774674005,-76.4582892772102));
#3027=CARTESIAN_POINT('Ctrl Pts',(14.2052150553571,29.0773774674005,-76.5676542894367));
#3028=CARTESIAN_POINT('Ctrl Pts',(14.1154795535198,29.0773774674005,-76.6691828620024));
#3029=CARTESIAN_POINT('Ctrl Pts',(13.7637098263308,29.0773774674005,-77.0209525823923));
#3030=CARTESIAN_POINT('Ctrl Pts',(13.3942971988437,29.0773774674005,-77.2677862045453));
#3031=CARTESIAN_POINT('Ctrl Pts',(12.710181670136,29.0773774674005,-77.5511561311446));
#3032=CARTESIAN_POINT('Ctrl Pts',(12.2744297684225,29.0773774674005,-77.6378325729463));
#3033=CARTESIAN_POINT('Ctrl Pts',(11.9041891133803,29.0773774674005,-77.6378325729463));
#3034=CARTESIAN_POINT('Ctrl Pts',(18.2887095303935,22.8448584739658,-77.6378325729463));
#3035=CARTESIAN_POINT('Ctrl Pts',(18.2887095303935,23.2152719444456,-77.6378325729463));
#3036=CARTESIAN_POINT('Ctrl Pts',(18.2887095303935,23.6512297450906,-77.551128268674));
#3037=CARTESIAN_POINT('Ctrl Pts',(18.2887095303935,24.3357142638598,-77.2676904712629));
#3038=CARTESIAN_POINT('Ctrl Pts',(18.2887095303935,24.7053650749906,-77.020794161718));
#3039=CARTESIAN_POINT('Ctrl Pts',(18.2887095303935,25.0042118989412,-76.7220828085092));
#3040=CARTESIAN_POINT('Ctrl Pts',(18.2887095303935,25.0410330800136,-76.6833513320509));
#3041=CARTESIAN_POINT('Ctrl Pts',(18.2887095303935,25.0773774674005,-76.6429321464592));
#3042=CARTESIAN_POINT('Origin',(4.69999999999997,11.,-80.6378325729463));
#3043=CARTESIAN_POINT('',(7.19999999999997,11.,-80.6378325729463));
#3044=CARTESIAN_POINT('',(2.19999999999997,11.,-80.6378325729463));
#3045=CARTESIAN_POINT('Origin',(4.69999999999997,11.,-80.6378325729463));
#3046=CARTESIAN_POINT('',(1.19999999999997,11.,-79.6378325729463));
#3047=CARTESIAN_POINT('Origin',(1.19999999999997,11.,-80.6378325729463));
#3048=CARTESIAN_POINT('Origin',(4.69999999999997,11.,-79.6378325729463));
#3049=CARTESIAN_POINT('Origin',(4.69999999999997,11.,-80.6378325729463));
#3050=CARTESIAN_POINT('Origin',(4.69999999999997,11.,-79.6378325729463));
#3051=CARTESIAN_POINT('',(7.19999999999997,11.,-83.6378325729463));
#3052=CARTESIAN_POINT('Origin',(4.69999999999997,11.,-83.6378325729463));
#3053=CARTESIAN_POINT('',(7.19999999999997,11.,-79.6378325729463));
#3054=CARTESIAN_POINT('Origin',(-30.4120869454131,29.0761611983675,-79.6378325729463));
#3055=CARTESIAN_POINT('',(-30.3336193639245,25.8469708223367,-79.6378325729463));
#3056=CARTESIAN_POINT('',(-27.1819433501538,29.0761611983675,-79.6378325729463));
#3057=CARTESIAN_POINT('Origin',(-30.4120869454131,29.0761611983675,-79.6378325729463));
#3058=CARTESIAN_POINT('',(-27.1828019396017,29.001689745879,-79.6378325729463));
#3059=CARTESIAN_POINT('Origin',(-30.4120869454131,29.0761611983675,-79.6378325729463));
#3060=CARTESIAN_POINT('',(-26.4083517210703,29.0773774674005,-79.6378325729463));
#3061=CARTESIAN_POINT('Origin',(-26.4083517210703,25.0773774674005,-79.6378325729463));
#3062=CARTESIAN_POINT('',(14.2887095303935,29.0773774674005,-79.6378325729463));
#3063=CARTESIAN_POINT('',(14.2887095303935,29.0773774674005,-79.6378325729463));
#3064=CARTESIAN_POINT('',(14.9045263112554,29.0296894101005,-79.6378325729463));
#3065=CARTESIAN_POINT('Origin',(14.2887095303935,25.0773774674005,-79.6378325729463));
#3066=CARTESIAN_POINT('',(21.370918379409,29.0763901518645,-79.6378325729463));
#3067=CARTESIAN_POINT('Origin',(18.1375537072989,29.0763901518645,-79.6378325729463));
#3068=CARTESIAN_POINT('',(18.2145696317923,25.8439428359405,-79.6378325729463));
#3069=CARTESIAN_POINT('Origin',(18.1375537072989,29.0763901518645,-79.6378325729463));
#3070=CARTESIAN_POINT('',(18.2887095303935,25.0773774674005,-79.6378325729463));
#3071=CARTESIAN_POINT('Origin',(14.2887095303935,25.0773774674005,-79.6378325729463));
#3072=CARTESIAN_POINT('',(18.2887095303935,-1.66482505148935,-79.6378325729463));
#3073=CARTESIAN_POINT('',(18.2887095303935,-1.66482505148935,-79.6378325729463));
#3074=CARTESIAN_POINT('',(18.2121483274367,-2.44368832951432,-79.6378325729463));
#3075=CARTESIAN_POINT('Origin',(14.2887095303935,-1.66482505148935,-79.6378325729463));
#3076=CARTESIAN_POINT('',(21.3946179859419,-5.6591957603447,-79.6378325729463));
#3077=CARTESIAN_POINT('Origin',(18.1789390696745,-5.6591957603447,-79.6378325729463));
#3078=CARTESIAN_POINT('',(14.9636762570584,-5.6074662877541,-79.6378325729463));
#3079=CARTESIAN_POINT('Origin',(18.1789390696745,-5.6591957603447,-79.6378325729463));
#3080=CARTESIAN_POINT('',(14.2887095303935,-5.66482505148934,-79.6378325729463));
#3081=CARTESIAN_POINT('Origin',(14.2887095303935,-1.66482505148935,-79.6378325729463));
#3082=CARTESIAN_POINT('',(-26.4083517210703,-5.66482505148934,-79.6378325729463));
#3083=CARTESIAN_POINT('',(-26.4083517210703,-5.66482505148934,-79.6378325729463));
#3084=CARTESIAN_POINT('',(-27.0934301705325,-5.60572184258684,-79.6378325729463));
#3085=CARTESIAN_POINT('Origin',(-26.4083517210703,-1.66482505148935,-79.6378325729463));
#3086=CARTESIAN_POINT('',(-27.0934273628912,-5.60998377958154,-79.6378325729463));
#3087=CARTESIAN_POINT('Origin',(-30.3281914957537,-5.60998377958154,-79.6378325729463));
#3088=CARTESIAN_POINT('',(-30.34475607764,-2.37526205895693,-79.6378325729463));
#3089=CARTESIAN_POINT('Origin',(-30.3281914957537,-5.60998377958154,-79.6378325729463));
#3090=CARTESIAN_POINT('',(-30.4083517210703,-1.66482505148935,-79.6378325729463));
#3091=CARTESIAN_POINT('Origin',(-26.4083517210703,-1.66482505148935,-79.6378325729463));
#3092=CARTESIAN_POINT('',(-30.4083517210703,25.0773774674005,-79.6378325729463));
#3093=CARTESIAN_POINT('',(-30.4083517210703,25.0773774674005,-79.6378325729463));
#3094=CARTESIAN_POINT('Origin',(-26.4083517210703,25.0773774674005,-79.6378325729463));
#3095=CARTESIAN_POINT('',(-28.8120869454131,29.0761611983675,-79.6378325729463));
#3096=CARTESIAN_POINT('Origin',(-30.4120869454131,29.0761611983675,-79.6378325729463));
#3097=CARTESIAN_POINT('',(17.2945645250931,27.71647499323,-79.6378325729463));
#3098=CARTESIAN_POINT('',(19.7375537072989,29.0763901518645,-79.6378325729463));
#3099=CARTESIAN_POINT('Origin',(18.1375537072989,29.0763901518645,-79.6378325729463));
#3100=CARTESIAN_POINT('',(16.8108833799555,28.1819932363138,-79.6378325729463));
#3101=CARTESIAN_POINT('Origin',(18.1375537072989,29.0763901518645,-79.6378325729463));
#3102=CARTESIAN_POINT('Origin',(14.2887095303935,25.0773774674005,-79.6378325729463));
#3103=CARTESIAN_POINT('',(16.9063699631612,-4.68936697692569,-79.6378325729463));
#3104=CARTESIAN_POINT('',(19.7789390696745,-5.6591957603447,-79.6378325729463));
#3105=CARTESIAN_POINT('Origin',(18.1789390696745,-5.6591957603447,-79.6378325729463));
#3106=CARTESIAN_POINT('',(17.2430593758415,-4.36145572525636,-79.6378325729463));
#3107=CARTESIAN_POINT('Origin',(18.1789390696745,-5.6591957603447,-79.6378325729463));
#3108=CARTESIAN_POINT('Origin',(14.2887095303935,-1.66482505148935,-79.6378325729463));
#3109=CARTESIAN_POINT('',(-29.4298854166915,-4.28595727368374,-79.6378325729463));
#3110=CARTESIAN_POINT('',(-28.7281914957537,-5.60998377958154,-79.6378325729463));
#3111=CARTESIAN_POINT('Origin',(-30.3281914957537,-5.60998377958154,-79.6378325729463));
#3112=CARTESIAN_POINT('',(-29.009976014449,-4.70317181183481,-79.6378325729463));
#3113=CARTESIAN_POINT('Origin',(-30.3281914957537,-5.60998377958154,-79.6378325729463));
#3114=CARTESIAN_POINT('Origin',(-26.4083517210703,-1.66482505148935,-79.6378325729463));
#3115=CARTESIAN_POINT('Origin',(4.69999999999997,11.,-84.6315076541223));
#3116=CARTESIAN_POINT('Ctrl Pts',(3.40863398182081,10.9991604638416,-83.5065076541223));
#3117=CARTESIAN_POINT('Ctrl Pts',(3.40822321959216,10.946003666162,-83.5035469745173));
#3118=CARTESIAN_POINT('Ctrl Pts',(3.43535930213277,10.4655793279266,-83.4767659979922));
#3119=CARTESIAN_POINT('Ctrl Pts',(4.03811117216403,9.6261743799324,-83.4261647245467));
#3120=CARTESIAN_POINT('Ctrl Pts',(5.49544277024978,9.69912198978287,-83.3547038337864));
#3121=CARTESIAN_POINT('Ctrl Pts',(6.22439689812988,10.963028167911,-83.2832429430258));
#3122=CARTESIAN_POINT('Ctrl Pts',(5.55752196909619,12.260894130197,-83.2117820522653));
#3123=CARTESIAN_POINT('Ctrl Pts',(4.10543907037742,12.4041493145804,-83.1403211615048));
#3124=CARTESIAN_POINT('Ctrl Pts',(3.44803237179627,11.576688998731,-83.0885630287905));
#3125=CARTESIAN_POINT('Ctrl Pts',(3.40854257239264,11.0751031407437,-83.0606251929963));
#3126=CARTESIAN_POINT('Ctrl Pts',(3.40920384748513,11.001074339899,-83.0565076541223));
#3127=CARTESIAN_POINT('Ctrl Pts',(3.41128027322698,11.0014740827977,-83.5441574917702));
#3128=CARTESIAN_POINT('Ctrl Pts',(3.41353739650469,10.7052970710659,-83.5277419249886));
#3129=CARTESIAN_POINT('Ctrl Pts',(3.66133566524714,9.97487995086021,-83.4875060612867));
#3130=CARTESIAN_POINT('Ctrl Pts',(4.8746530188516,9.48552269885098,-83.4234499006648));
#3131=CARTESIAN_POINT('Ctrl Pts',(6.0672695426052,10.3250299493025,-83.3519890099042));
#3132=CARTESIAN_POINT('Ctrl Pts',(6.00844255749347,11.7832442914928,-83.2805281191438));
#3133=CARTESIAN_POINT('Ctrl Pts',(4.75125913728071,12.5239372383609,-83.2090672283832));
#3134=CARTESIAN_POINT('Ctrl Pts',(3.61765442992295,11.9549065867346,-83.1469436859255));
#3135=CARTESIAN_POINT('Ctrl Pts',(3.41301760536574,11.260964236319,-83.1086404403877));
#3136=CARTESIAN_POINT('Ctrl Pts',(3.41170037214497,10.9992895224092,-83.0941574917702));
#3137=CARTESIAN_POINT('Ctrl Pts',(5.47639749747358,10.3114275721344,-83.6378325729463));
#3138=CARTESIAN_POINT('Ctrl Pts',(5.7054126161743,10.5696527897692,-83.6140122760261));
#3139=CARTESIAN_POINT('Ctrl Pts',(5.88139389497811,11.3282995706266,-83.5663716821857));
#3140=CARTESIAN_POINT('Ctrl Pts',(5.06344788891437,12.1723648978119,-83.4949107914253));
#3141=CARTESIAN_POINT('Ctrl Pts',(3.91251263771143,11.9401803385585,-83.4234499006647));
#3142=CARTESIAN_POINT('Ctrl Pts',(3.48276258517908,10.848449442923,-83.3519890099043));
#3143=CARTESIAN_POINT('Ctrl Pts',(4.16753865807226,9.89481586261617,-83.2805281191437));
#3144=CARTESIAN_POINT('Ctrl Pts',(5.3398997944393,9.95349910457146,-83.2090672283832));
#3145=CARTESIAN_POINT('Ctrl Pts',(5.92631231087928,10.9702577374028,-83.1376063376228));
#3146=CARTESIAN_POINT('Ctrl Pts',(5.38983986312369,12.0143355686914,-83.0661454468622));
#3147=CARTESIAN_POINT('Ctrl Pts',(4.22170108161563,12.1295782567487,-82.9946845561017));
#3148=CARTESIAN_POINT('Ctrl Pts',(3.49152604306045,11.2105263679678,-82.9232236653414));
#3149=CARTESIAN_POINT('Ctrl Pts',(3.8679082776574,10.0986918855909,-82.8517627745806));
#3150=CARTESIAN_POINT('Ctrl Pts',(5.00620884338353,9.81215978768521,-82.7803018838203));
#3151=CARTESIAN_POINT('Ctrl Pts',(5.86412423525248,10.6132895320673,-82.7088409930597));
#3152=CARTESIAN_POINT('Ctrl Pts',(5.65609107756326,11.7685181706048,-82.6373801022993));
#3153=CARTESIAN_POINT('Ctrl Pts',(4.57259802916507,12.2200403695667,-82.5659192115386));
#3154=CARTESIAN_POINT('Ctrl Pts',(3.60576262836516,11.5544137618141,-82.4944583207783));
#3155=CARTESIAN_POINT('Ctrl Pts',(3.64088287234548,10.3811292991733,-82.4229974300177));
#3156=CARTESIAN_POINT('Ctrl Pts',(4.6458003794032,9.7745236147977,-82.3515365392572));
#3157=CARTESIAN_POINT('Ctrl Pts',(5.70034661780166,10.2900446128305,-82.2800756484967));
#3158=CARTESIAN_POINT('Ctrl Pts',(5.83890974405403,11.4556474493679,-82.2086147577362));
#3159=CARTESIAN_POINT('Ctrl Pts',(4.93461224949094,12.2040295213845,-82.1371538669757));
#3160=CARTESIAN_POINT('Ctrl Pts',(3.81548835917806,11.8499230307847,-82.0656929762152));
#3161=CARTESIAN_POINT('Ctrl Pts',(3.50628146411803,10.7175711466823,-81.9942320854548));
#3162=CARTESIAN_POINT('Ctrl Pts',(4.29012172132396,9.84382968556049,-81.9227711946942));
#3163=CARTESIAN_POINT('Ctrl Pts',(5.44927347089229,10.0287537563572,-81.8513103039337));
#3164=CARTESIAN_POINT('Ctrl Pts',(5.92234118231895,11.1030147262308,-81.7798494131732));
#3165=CARTESIAN_POINT('Ctrl Pts',(5.27615296519724,12.0829486416402,-81.7083885224127));
#3166=CARTESIAN_POINT('Ctrl Pts',(4.10240122378486,12.0712636008401,-81.6369276316522));
#3167=CARTESIAN_POINT('Ctrl Pts',(3.47585020082443,11.078659195086,-81.5654667408917));
#3168=CARTESIAN_POINT('Ctrl Pts',(3.97021119486976,10.0140292602249,-81.4940058501313));
#3169=CARTESIAN_POINT('Ctrl Pts',(5.13281478642654,9.85221894054364,-81.4225449593707));
#3170=CARTESIAN_POINT('Ctrl Pts',(5.89910471149521,10.741392400223,-81.3510840686102));
#3171=CARTESIAN_POINT('Ctrl Pts',(5.56741554800259,11.8673639760074,-81.2796231778497));
#3172=CARTESIAN_POINT('Ctrl Pts',(4.44146369529756,12.1991200852893,-81.2081622870893));
#3173=CARTESIAN_POINT('Ctrl Pts',(3.55224467624393,11.4328830287531,-81.1367013963286));
#3174=CARTESIAN_POINT('Ctrl Pts',(3.71398587124647,10.2702698185691,-81.0652405055683));
#3175=CARTESIAN_POINT('Ctrl Pts',(4.77858641124073,9.77584552618509,-80.9937796148077));
#3176=CARTESIAN_POINT('Ctrl Pts',(5.77122806777783,10.4023375312121,-80.9223187240472));
#3177=CARTESIAN_POINT('Ctrl Pts',(5.78298289581344,11.5760885758009,-80.8508578332867));
#3178=CARTESIAN_POINT('Ctrl Pts',(4.80308740217719,12.222335055255,-80.7793969425263));
#3179=CARTESIAN_POINT('Ctrl Pts',(3.72879830738201,11.7493312165183,-80.7079360517656));
#3180=CARTESIAN_POINT('Ctrl Pts',(3.54380531746154,10.5901904639194,-80.6364751610053));
#3181=CARTESIAN_POINT('Ctrl Pts',(4.41750017320027,9.8062982585039,-80.5650142702445));
#3182=CARTESIAN_POINT('Ctrl Pts',(5.54987043849636,10.1154378271921,-80.4935533794843));
#3183=CARTESIAN_POINT('Ctrl Pts',(5.90404347004822,11.2345406617774,-80.4220924887237));
#3184=CARTESIAN_POINT('Ctrl Pts',(5.15571516109332,12.1388826505582,-80.3506315979632));
#3185=CARTESIAN_POINT('Ctrl Pts',(3.99010409740985,12.0003888280457,-80.2791707072026));
#3186=CARTESIAN_POINT('Ctrl Pts',(3.47452038215301,10.9458732410498,-80.2077098164423));
#3187=CARTESIAN_POINT('Ctrl Pts',(4.08106635328185,9.94091967219054,-80.1362489256817));
#3188=CARTESIAN_POINT('Ctrl Pts',(5.25434865259671,9.90572966267161,-80.0647880349212));
#3189=CARTESIAN_POINT('Ctrl Pts',(5.92003288938346,10.872525498176,-79.9933271441607));
#3190=CARTESIAN_POINT('Ctrl Pts',(5.4685748223682,11.9560453661908,-79.9218662534002));
#3191=CARTESIAN_POINT('Ctrl Pts',(4.31335913113104,12.1641472580015,-79.8504053626397));
#3192=CARTESIAN_POINT('Ctrl Pts',(3.51217723254943,11.3062794033537,-79.7789444718792));
#3193=CARTESIAN_POINT('Ctrl Pts',(3.79864393302123,10.1679619958698,-79.7074835811187));
#3194=CARTESIAN_POINT('Ctrl Pts',(4.91045149272354,9.79151327314015,-79.6360226903582));
#3195=CARTESIAN_POINT('Ctrl Pts',(5.82955583313496,10.5216344288896,-79.5645617995977));
#3196=CARTESIAN_POINT('Ctrl Pts',(5.71436460932682,11.6897785435658,-79.4931009088371));
#3197=CARTESIAN_POINT('Ctrl Pts',(4.67035447707772,12.2263160859692,-79.4216400180767));
#3198=CARTESIAN_POINT('Ctrl Pts',(3.65348973418964,11.6399580168785,-79.3501791273162));
#3199=CARTESIAN_POINT('Ctrl Pts',(3.59487857560411,10.4676123242274,-79.2787182365556));
#3200=CARTESIAN_POINT('Ctrl Pts',(4.54818923071349,9.78275578060514,-79.2072573457952));
#3201=CARTESIAN_POINT('Ctrl Pts',(5.64050780413116,10.2124880505905,-79.1357964550347));
#3202=CARTESIAN_POINT('Ctrl Pts',(5.87163561494449,11.3633180243275,-79.0643355642742));
#3203=CARTESIAN_POINT('Ctrl Pts',(5.02993684644176,12.1814701322237,-78.9928746735137));
#3204=CARTESIAN_POINT('Ctrl Pts',(3.88612621733753,11.9177905366213,-78.9214137827532));
#3205=CARTESIAN_POINT('Ctrl Pts',(3.4875519137714,10.8137215908404,-78.8499528919927));
#3206=CARTESIAN_POINT('Ctrl Pts',(4.19917477793904,9.88022142076703,-78.7784920012321));
#3207=CARTESIAN_POINT('Ctrl Pts',(5.36938611726356,9.97206407765485,-78.7070311104717));
#3208=CARTESIAN_POINT('Ctrl Pts',(5.92666356284215,11.0051525106851,-78.6355702197112));
#3209=CARTESIAN_POINT('Ctrl Pts',(5.36072715928299,12.0335228040691,-78.5641093289507));
#3210=CARTESIAN_POINT('Ctrl Pts',(4.18978566957903,12.1155320094821,-78.4926484381901));
#3211=CARTESIAN_POINT('Ctrl Pts',(3.48602969914465,11.1760861429877,-78.4211875474297));
#3212=CARTESIAN_POINT('Ctrl Pts',(3.89386523945393,10.0754055085618,-78.3497266566692));
#3213=CARTESIAN_POINT('Ctrl Pts',(5.03984973423532,9.82134181815472,-78.2782657659086));
#3214=CARTESIAN_POINT('Ctrl Pts',(5.87464750038475,10.6465400927254,-78.2068048751482));
#3215=CARTESIAN_POINT('Ctrl Pts',(5.63385677675699,11.795379415092,-78.1353439843876));
#3216=CARTESIAN_POINT('Ctrl Pts',(4.53797343028389,12.2159371173597,-78.0638830936272));
#3217=CARTESIAN_POINT('Ctrl Pts',(3.59043629538991,11.523062970789,-77.9924222028667));
#3218=CARTESIAN_POINT('Ctrl Pts',(3.65892039023306,10.3513173987351,-77.9209613121062));
#3219=CARTESIAN_POINT('Ctrl Pts',(4.68062217177827,9.77339021773601,-77.8495004213456));
#3220=CARTESIAN_POINT('Ctrl Pts',(5.72019343442405,10.3189421083725,-77.7780395305851));
#3221=CARTESIAN_POINT('Ctrl Pts',(5.82535765232776,11.4874890451316,-77.7065786398247));
#3222=CARTESIAN_POINT('Ctrl Pts',(4.90057475420924,12.2109102318305,-77.6351177490642));
#3223=CARTESIAN_POINT('Ctrl Pts',(3.7910694145465,11.8229929124801,-77.5636568583036));
#3224=CARTESIAN_POINT('Ctrl Pts',(3.60834758749935,11.0659413405807,-77.5160162644633));
#3225=CARTESIAN_POINT('Ctrl Pts',(3.6973300604507,10.7324592464236,-77.4921959675432));
#3226=CARTESIAN_POINT('Ctrl Pts',(5.53930483505897,10.2556362303119,-83.6863781080806));
#3227=CARTESIAN_POINT('Ctrl Pts',(5.78687582421412,10.5347840565223,-83.6625578111604));
#3228=CARTESIAN_POINT('Ctrl Pts',(5.97711592501367,11.3548999293162,-83.6149172173202));
#3229=CARTESIAN_POINT('Ctrl Pts',(5.09289612788608,12.267355356488,-83.5434563265596));
#3230=CARTESIAN_POINT('Ctrl Pts',(3.84870674768099,12.01635812396,-83.4719954357992));
#3231=CARTESIAN_POINT('Ctrl Pts',(3.38413634639691,10.8361701116703,-83.4005345450386));
#3232=CARTESIAN_POINT('Ctrl Pts',(4.12439616276952,9.80526870172157,-83.3290736542781));
#3233=CARTESIAN_POINT('Ctrl Pts',(5.39174745304279,9.86870673297526,-83.2576127635176));
#3234=CARTESIAN_POINT('Ctrl Pts',(6.02567383996282,10.9678478809055,-83.1861518727572));
#3235=CARTESIAN_POINT('Ctrl Pts',(5.44573389844786,12.0965217558599,-83.1146909819965));
#3236=CARTESIAN_POINT('Ctrl Pts',(4.18294707786956,12.2211019426927,-83.0432300912361));
#3237=CARTESIAN_POINT('Ctrl Pts',(3.39360986040952,11.2275841938153,-82.9717692004757));
#3238=CARTESIAN_POINT('Ctrl Pts',(3.80048833484494,10.0256637086505,-82.9003083097151));
#3239=CARTESIAN_POINT('Ctrl Pts',(5.03101930857055,9.71591544702626,-82.8288474189546));
#3240=CARTESIAN_POINT('Ctrl Pts',(5.95844699710665,10.5819564507099,-82.7573865281941));
#3241=CARTESIAN_POINT('Ctrl Pts',(5.73355802506677,11.8307870884672,-82.6859256374337));
#3242=CARTESIAN_POINT('Ctrl Pts',(4.56227532872563,12.3188937167837,-82.614464746673));
#3243=CARTESIAN_POINT('Ctrl Pts',(3.51710242536351,11.5993349443139,-82.5430038559126));
#3244=CARTESIAN_POINT('Ctrl Pts',(3.55506827491487,10.3309855155762,-82.4715429651521));
#3245=CARTESIAN_POINT('Ctrl Pts',(4.64140887396818,9.67522981630181,-82.4000820743915));
#3246=CARTESIAN_POINT('Ctrl Pts',(5.7813993550828,10.2325207241567,-82.3286211836311));
#3247=CARTESIAN_POINT('Ctrl Pts',(5.93118951051596,11.4925661257039,-82.2571602928706));
#3248=CARTESIAN_POINT('Ctrl Pts',(4.95362162552374,12.3015855951881,-82.1856994021101));
#3249=CARTESIAN_POINT('Ctrl Pts',(3.74382111067654,11.9187877491708,-82.1142385113496));
#3250=CARTESIAN_POINT('Ctrl Pts',(3.40956083433365,10.6946874469315,-82.0427776205891));
#3251=CARTESIAN_POINT('Ctrl Pts',(4.25691147614736,9.75015138737776,-81.9713167298285));
#3252=CARTESIAN_POINT('Ctrl Pts',(5.50998309364427,9.95005886678558,-81.8998558390681));
#3253=CARTESIAN_POINT('Ctrl Pts',(6.02138095209008,11.1113614586461,-81.8283949483075));
#3254=CARTESIAN_POINT('Ctrl Pts',(5.32283555910104,12.1706941792147,-81.7569340575471));
#3255=CARTESIAN_POINT('Ctrl Pts',(4.0539809904916,12.158062362042,-81.6854731667865));
#3256=CARTESIAN_POINT('Ctrl Pts',(3.37666388850064,11.0850325290491,-81.6140122760261));
#3257=CARTESIAN_POINT('Ctrl Pts',(3.91108031039402,9.93414132346803,-81.5425513852655));
#3258=CARTESIAN_POINT('Ctrl Pts',(5.16788345417764,9.75922037883228,-81.4710904945051));
#3259=CARTESIAN_POINT('Ctrl Pts',(5.99626175428802,10.720438809267,-81.3996296037446));
#3260=CARTESIAN_POINT('Ctrl Pts',(5.63769759152099,11.9376418409228,-81.328168712984));
#3261=CARTESIAN_POINT('Ctrl Pts',(4.42051588100022,12.2962783737384,-81.2567078222236));
#3262=CARTESIAN_POINT('Ctrl Pts',(3.45924819975877,11.467957225815,-81.185246931463));
#3263=CARTESIAN_POINT('Ctrl Pts',(3.63409441891271,10.2111436840583,-81.1137860407026));
#3264=CARTESIAN_POINT('Ctrl Pts',(4.78495384791799,9.67665883510027,-81.0423251499421));
#3265=CARTESIAN_POINT('Ctrl Pts',(5.85802394992573,10.3539121372502,-80.9708642591815));
#3266=CARTESIAN_POINT('Ctrl Pts',(5.8707312088204,11.6227659525762,-80.8994033684212));
#3267=CARTESIAN_POINT('Ctrl Pts',(4.81144002313574,12.3213743285829,-80.8279424776606));
#3268=CARTESIAN_POINT('Ctrl Pts',(3.65010702754168,11.8100455180896,-80.7564815869001));
#3269=CARTESIAN_POINT('Ctrl Pts',(3.45012504486207,10.5569857885877,-80.6850206961396));
#3270=CARTESIAN_POINT('Ctrl Pts',(4.39461072284767,9.70957898947879,-80.6135598053791));
#3271=CARTESIAN_POINT('Ctrl Pts',(5.61873089561054,10.0437664843539,-80.5420989146185));
#3272=CARTESIAN_POINT('Ctrl Pts',(6.00160067403752,11.2535442374405,-80.4706380238581));
#3273=CARTESIAN_POINT('Ctrl Pts',(5.19263932374836,12.2311602217791,-80.3991771330975));
#3274=CARTESIAN_POINT('Ctrl Pts',(3.9325850284535,12.0814449853972,-80.3277162423371));
#3275=CARTESIAN_POINT('Ctrl Pts',(3.37522632173323,10.9414876392044,-80.2562553515765));
#3276=CARTESIAN_POINT('Ctrl Pts',(4.0309174695158,9.85510805645459,-80.1847944608161));
#3277=CARTESIAN_POINT('Ctrl Pts',(5.29926455964482,9.81706678863608,-80.1133335700555));
#3278=CARTESIAN_POINT('Ctrl Pts',(6.01888563052117,10.8621969209384,-80.0418726792951));
#3279=CARTESIAN_POINT('Ctrl Pts',(5.53084833042004,12.0335086099463,-79.9704117885345));
#3280=CARTESIAN_POINT('Ctrl Pts',(4.28203168901357,12.2584718852659,-79.8989508977741));
#3281=CARTESIAN_POINT('Ctrl Pts',(3.41593430535457,11.3310955856378,-79.8274900070135));
#3282=CARTESIAN_POINT('Ctrl Pts',(3.72561187074053,10.1005464055569,-79.7560291162531));
#3283=CARTESIAN_POINT('Ctrl Pts',(4.92750325183044,9.69359605581085,-79.6845682254925));
#3284=CARTESIAN_POINT('Ctrl Pts',(5.92107770221335,10.4828750246295,-79.6131073347321));
#3285=CARTESIAN_POINT('Ctrl Pts',(5.79655314950276,11.7456676104941,-79.5416464439715));
#3286=CARTESIAN_POINT('Ctrl Pts',(4.667952458879,12.325677920928,-79.470185553211));
#3287=CARTESIAN_POINT('Ctrl Pts',(3.56869660336153,11.6918103929349,-79.3987246624506));
#3288=CARTESIAN_POINT('Ctrl Pts',(3.50533649600759,10.4244757976993,-79.32726377169));
#3289=CARTESIAN_POINT('Ctrl Pts',(4.53588881585683,9.68412899048472,-79.2558028809296));
#3290=CARTESIAN_POINT('Ctrl Pts',(5.71671212231702,10.1486801683971,-79.1843419901691));
#3291=CARTESIAN_POINT('Ctrl Pts',(5.96656698372944,11.3927557410661,-79.1128810994085));
#3292=CARTESIAN_POINT('Ctrl Pts',(5.05666986483571,12.2771983393556,-79.0414202086481));
#3293=CARTESIAN_POINT('Ctrl Pts',(3.82018237676045,11.992154196097,-78.9699593178875));
#3294=CARTESIAN_POINT('Ctrl Pts',(3.38931372867508,10.7986284474338,-78.8984984271271));
#3295=CARTESIAN_POINT('Ctrl Pts',(4.15859558826109,9.78949175029036,-78.8270375363665));
#3296=CARTESIAN_POINT('Ctrl Pts',(5.42362289493312,9.88877592655501,-78.7555766456061));
#3297=CARTESIAN_POINT('Ctrl Pts',(6.02605355199398,11.0055699910739,-78.6841157548456));
#3298=CARTESIAN_POINT('Ctrl Pts',(5.41426234788947,12.1172636303203,-78.612654864085));
#3299=CARTESIAN_POINT('Ctrl Pts',(4.14844573065711,12.2059176031195,-78.5411939733245));
#3300=CARTESIAN_POINT('Ctrl Pts',(3.38766817713686,11.1903534615675,-78.4697330825641));
#3301=CARTESIAN_POINT('Ctrl Pts',(3.82854845045602,10.0004905610102,-78.3982721918035));
#3302=CARTESIAN_POINT('Ctrl Pts',(5.06738594091993,9.7258414483256,-78.326811301043));
#3303=CARTESIAN_POINT('Ctrl Pts',(5.96982290614145,10.6179011264972,-78.2553504102825));
#3304=CARTESIAN_POINT('Ctrl Pts',(5.70952219775979,11.8598247559599,-78.183889519522));
#3305=CARTESIAN_POINT('Ctrl Pts',(4.52484528374543,12.3144579999917,-78.1124286287615));
#3306=CARTESIAN_POINT('Ctrl Pts',(3.50053428158187,11.5654439663344,-78.0409677380011));
#3307=CARTESIAN_POINT('Ctrl Pts',(3.57456727642475,10.2987581162589,-77.9695068472405));
#3308=CARTESIAN_POINT('Ctrl Pts',(4.67905208997665,9.67400458613685,-77.8980459564801));
#3309=CARTESIAN_POINT('Ctrl Pts',(5.80285425312909,10.2637596292387,-77.8265850657195));
#3310=CARTESIAN_POINT('Ctrl Pts',(5.9165393652643,11.5269876757056,-77.7551241749591));
#3311=CARTESIAN_POINT('Ctrl Pts',(4.91682625400825,12.3090238128084,-77.6836632841985));
#3312=CARTESIAN_POINT('Ctrl Pts',(3.71742362953706,11.8896756273835,-77.6122023934381));
#3313=CARTESIAN_POINT('Ctrl Pts',(3.51989682991378,11.0712842147995,-77.5645617995977));
#3314=CARTESIAN_POINT('Ctrl Pts',(3.61608907683188,10.7107818497835,-77.5407415026775));
#3315=CARTESIAN_POINT('Ctrl Pts',(5.60221217264436,10.1998448884893,-83.734923643215));
#3316=CARTESIAN_POINT('Ctrl Pts',(5.86833903225394,10.4999153232755,-83.7111033462948));
#3317=CARTESIAN_POINT('Ctrl Pts',(6.07283795504924,11.3815002880058,-83.6634627524546));
#3318=CARTESIAN_POINT('Ctrl Pts',(5.12234436685779,12.3623458151639,-83.5920018616939));
#3319=CARTESIAN_POINT('Ctrl Pts',(3.78490085765054,12.0925359093616,-83.5205409709335));
#3320=CARTESIAN_POINT('Ctrl Pts',(3.28551010761475,10.8238907804175,-83.449080080173));
#3321=CARTESIAN_POINT('Ctrl Pts',(4.08125366746678,9.715721540827,-83.3776191894125));
#3322=CARTESIAN_POINT('Ctrl Pts',(5.44359511164629,9.78391436137906,-83.3061582986519));
#3323=CARTESIAN_POINT('Ctrl Pts',(6.12503536904634,10.9654380244083,-83.2346974078915));
#3324=CARTESIAN_POINT('Ctrl Pts',(5.50162793377202,12.1787079430284,-83.163236517131));
#3325=CARTESIAN_POINT('Ctrl Pts',(4.14419307412349,12.3126256286365,-83.0917756263704));
#3326=CARTESIAN_POINT('Ctrl Pts',(3.29569367775859,11.2446420196629,-83.02031473561));
#3327=CARTESIAN_POINT('Ctrl Pts',(3.73306839203247,9.9526355317101,-82.9488538448494));
#3328=CARTESIAN_POINT('Ctrl Pts',(5.05582977375759,9.61967110636733,-82.877392954089));
#3329=CARTESIAN_POINT('Ctrl Pts',(6.05276975896079,10.5506233693525,-82.8059320633285));
#3330=CARTESIAN_POINT('Ctrl Pts',(5.8110249725703,11.8930560063296,-82.734471172568));
#3331=CARTESIAN_POINT('Ctrl Pts',(4.55195262828619,12.4177470640007,-82.6630102818074));
#3332=CARTESIAN_POINT('Ctrl Pts',(3.42844222236186,11.6442561268137,-82.591549391047));
#3333=CARTESIAN_POINT('Ctrl Pts',(3.46925367748426,10.2808417319792,-82.5200885002865));
#3334=CARTESIAN_POINT('Ctrl Pts',(4.63701736853318,9.57593601780594,-82.4486276095259));
#3335=CARTESIAN_POINT('Ctrl Pts',(5.86245209236393,10.174996835483,-82.3771667187655));
#3336=CARTESIAN_POINT('Ctrl Pts',(6.02346927697791,11.5294848020399,-82.3057058280049));
#3337=CARTESIAN_POINT('Ctrl Pts',(4.97263100155653,12.3991416689918,-82.2342449372445));
#3338=CARTESIAN_POINT('Ctrl Pts',(3.67215386217503,11.9876524675568,-82.1627840464839));
#3339=CARTESIAN_POINT('Ctrl Pts',(3.31284020454927,10.6718037471806,-82.0913231557235));
#3340=CARTESIAN_POINT('Ctrl Pts',(4.22370123097077,9.65647308919503,-82.0198622649629));
#3341=CARTESIAN_POINT('Ctrl Pts',(5.57069271639625,9.87136397721395,-81.9484013742025));
#3342=CARTESIAN_POINT('Ctrl Pts',(6.12042072186121,11.1197081910613,-81.8769404834419));
#3343=CARTESIAN_POINT('Ctrl Pts',(5.36951815300485,12.2584397167892,-81.8054795926815));
#3344=CARTESIAN_POINT('Ctrl Pts',(4.00556075719833,12.2448611232439,-81.7340187019208));
#3345=CARTESIAN_POINT('Ctrl Pts',(3.27747757617685,11.0914058630121,-81.6625578111607));
#3346=CARTESIAN_POINT('Ctrl Pts',(3.85194942591828,9.85425338671118,-81.5910969203997));
#3347=CARTESIAN_POINT('Ctrl Pts',(5.20295212192873,9.66622181712092,-81.5196360296396));
#3348=CARTESIAN_POINT('Ctrl Pts',(6.09341879708081,10.6994852183111,-81.4481751388788));
#3349=CARTESIAN_POINT('Ctrl Pts',(5.70797963503939,12.0079197058382,-81.3767142481185));
#3350=CARTESIAN_POINT('Ctrl Pts',(4.39956806670288,12.3934366621875,-81.3052533573579));
#3351=CARTESIAN_POINT('Ctrl Pts',(3.3662517232736,11.5030314228769,-81.2337924665974));
#3352=CARTESIAN_POINT('Ctrl Pts',(3.55420296657896,10.1520175495474,-81.162331575837));
#3353=CARTESIAN_POINT('Ctrl Pts',(4.79132128459525,9.57747214401545,-81.0908706850765));
#3354=CARTESIAN_POINT('Ctrl Pts',(5.94481983207364,10.3054867432884,-81.0194097943159));
#3355=CARTESIAN_POINT('Ctrl Pts',(5.95847952182737,11.6694433293515,-80.9479489035554));
#3356=CARTESIAN_POINT('Ctrl Pts',(4.81979264409429,12.4204136019108,-80.876488012795));
#3357=CARTESIAN_POINT('Ctrl Pts',(3.57141574770136,11.8707598196609,-80.8050271220343));
#3358=CARTESIAN_POINT('Ctrl Pts',(3.35644477226259,10.523781113256,-80.733566231274));
#3359=CARTESIAN_POINT('Ctrl Pts',(4.37172127249507,9.61285972045369,-80.6621053405134));
#3360=CARTESIAN_POINT('Ctrl Pts',(5.68759135272471,9.97209514151581,-80.5906444497529));
#3361=CARTESIAN_POINT('Ctrl Pts',(6.09915787802681,11.2725478131037,-80.5191835589925));
#3362=CARTESIAN_POINT('Ctrl Pts',(5.2295634864034,12.3234377929999,-80.4477226682319));
#3363=CARTESIAN_POINT('Ctrl Pts',(3.87506595949715,12.1625011427487,-80.3762617774714));
#3364=CARTESIAN_POINT('Ctrl Pts',(3.27593226131344,10.9371020373589,-80.304800886711));
#3365=CARTESIAN_POINT('Ctrl Pts',(3.98076858574975,9.76929644071865,-80.2333399959504));
#3366=CARTESIAN_POINT('Ctrl Pts',(5.34418046669293,9.72840391460054,-80.16187910519));
#3367=CARTESIAN_POINT('Ctrl Pts',(6.11773837165889,10.8518683437008,-80.0904182144295));
#3368=CARTESIAN_POINT('Ctrl Pts',(5.59312183847187,12.1109718537017,-80.0189573236689));
#3369=CARTESIAN_POINT('Ctrl Pts',(4.25070424689612,12.3527965125303,-79.9474964329085));
#3370=CARTESIAN_POINT('Ctrl Pts',(3.31969137815971,11.3559117679219,-79.8760355421479));
#3371=CARTESIAN_POINT('Ctrl Pts',(3.65257980845983,10.0331308152439,-79.8045746513874));
#3372=CARTESIAN_POINT('Ctrl Pts',(4.94455501093733,9.59567883848157,-79.7331137606269));
#3373=CARTESIAN_POINT('Ctrl Pts',(6.01259957129174,10.4441156203695,-79.6616528698665));
#3374=CARTESIAN_POINT('Ctrl Pts',(5.87874168967868,11.8015566774223,-79.5901919791059));
#3375=CARTESIAN_POINT('Ctrl Pts',(4.66555044068029,12.4250397558869,-79.5187310883454));
#3376=CARTESIAN_POINT('Ctrl Pts',(3.48390347253341,11.7436627689913,-79.447270197585));
#3377=CARTESIAN_POINT('Ctrl Pts',(3.41579441641106,10.3813392711712,-79.3758093068243));
#3378=CARTESIAN_POINT('Ctrl Pts',(4.52358840100017,9.58550220036431,-79.304348416064));
#3379=CARTESIAN_POINT('Ctrl Pts',(5.79291644050286,10.0848722862038,-79.2328875253034));
#3380=CARTESIAN_POINT('Ctrl Pts',(6.0614983525144,11.4221934578048,-79.1614266345428));
#3381=CARTESIAN_POINT('Ctrl Pts',(5.08340288322965,12.3729265464875,-79.0899657437825));
#3382=CARTESIAN_POINT('Ctrl Pts',(3.75423853618337,12.0665178555727,-79.0185048530219));
#3383=CARTESIAN_POINT('Ctrl Pts',(3.29107554357874,10.7835353040272,-78.9470439622614));
#3384=CARTESIAN_POINT('Ctrl Pts',(4.11801639858315,9.69876207981367,-78.8755830715009));
#3385=CARTESIAN_POINT('Ctrl Pts',(5.47785967260268,9.80548777545518,-78.8041221807404));
#3386=CARTESIAN_POINT('Ctrl Pts',(6.12544354114581,11.0059874714626,-78.7326612899799));
#3387=CARTESIAN_POINT('Ctrl Pts',(5.46779753649596,12.2010044565715,-78.6612003992194));
#3388=CARTESIAN_POINT('Ctrl Pts',(4.10710579173518,12.296303196757,-78.5897395084589));
#3389=CARTESIAN_POINT('Ctrl Pts',(3.28930665512907,11.2046207801473,-78.5182786176984));
#3390=CARTESIAN_POINT('Ctrl Pts',(3.76323166145811,9.92557561345848,-78.4468177269379));
#3391=CARTESIAN_POINT('Ctrl Pts',(5.09492214760454,9.63034107849649,-78.3753568361774));
#3392=CARTESIAN_POINT('Ctrl Pts',(6.06499831189816,10.589262160269,-78.3038959454169));
#3393=CARTESIAN_POINT('Ctrl Pts',(5.78518761876258,11.9242700968278,-78.2324350546565));
#3394=CARTESIAN_POINT('Ctrl Pts',(4.51171713720696,12.4129788826237,-78.1609741638958));
#3395=CARTESIAN_POINT('Ctrl Pts',(3.41063226777383,11.6078249618797,-78.0895132731354));
#3396=CARTESIAN_POINT('Ctrl Pts',(3.49021416261645,10.2461988337827,-78.0180523823749));
#3397=CARTESIAN_POINT('Ctrl Pts',(4.67748200817501,9.57461895453767,-77.9465914916144));
#3398=CARTESIAN_POINT('Ctrl Pts',(5.88551507183414,10.208577150105,-77.8751306008539));
#3399=CARTESIAN_POINT('Ctrl Pts',(6.00772107820083,11.5664863062796,-77.8036697100934));
#3400=CARTESIAN_POINT('Ctrl Pts',(4.93307775380728,12.4071373937862,-77.7322088193329));
#3401=CARTESIAN_POINT('Ctrl Pts',(3.64377784452761,11.9563583422869,-77.6607479285724));
#3402=CARTESIAN_POINT('Ctrl Pts',(3.4314460723282,11.0766270890182,-77.6131073347321));
#3403=CARTESIAN_POINT('Ctrl Pts',(3.53484809321305,10.6891044531434,-77.5892870378119));
#3404=CARTESIAN_POINT('Ctrl Pts',(5.66511951022975,10.1440535466668,-83.7834691783493));
#3405=CARTESIAN_POINT('Ctrl Pts',(5.94980224029376,10.4650465900286,-83.7596488814292));
#3406=CARTESIAN_POINT('Ctrl Pts',(6.16855998508481,11.4081006466955,-83.7120082875889));
#3407=CARTESIAN_POINT('Ctrl Pts',(5.15179260582949,12.4573362738399,-83.6405473968284));
#3408=CARTESIAN_POINT('Ctrl Pts',(3.72109496762009,12.1687136947631,-83.5690865060677));
#3409=CARTESIAN_POINT('Ctrl Pts',(3.18688386883259,10.8116114491648,-83.4976256153075));
#3410=CARTESIAN_POINT('Ctrl Pts',(4.03811117216403,9.6261743799324,-83.4261647245467));
#3411=CARTESIAN_POINT('Ctrl Pts',(5.49544277024978,9.69912198978287,-83.3547038337864));
#3412=CARTESIAN_POINT('Ctrl Pts',(6.22439689812988,10.963028167911,-83.2832429430258));
#3413=CARTESIAN_POINT('Ctrl Pts',(5.55752196909619,12.260894130197,-83.2117820522653));
#3414=CARTESIAN_POINT('Ctrl Pts',(4.10543907037742,12.4041493145804,-83.1403211615048));
#3415=CARTESIAN_POINT('Ctrl Pts',(3.19777749510767,11.2616998455105,-83.0688602707444));
#3416=CARTESIAN_POINT('Ctrl Pts',(3.66564844922001,9.87960735476969,-82.9973993799838));
#3417=CARTESIAN_POINT('Ctrl Pts',(5.08064023894461,9.52342676570841,-82.9259384892233));
#3418=CARTESIAN_POINT('Ctrl Pts',(6.14709252081495,10.519290287995,-82.8544775984629));
#3419=CARTESIAN_POINT('Ctrl Pts',(5.88849192007382,11.955324924192,-82.7830167077023));
#3420=CARTESIAN_POINT('Ctrl Pts',(4.54162992784674,12.5166004112176,-82.7115558169419));
#3421=CARTESIAN_POINT('Ctrl Pts',(3.33978201936021,11.6891773093136,-82.6400949261813));
#3422=CARTESIAN_POINT('Ctrl Pts',(3.38343908005365,10.2306979483821,-82.5686340354209));
#3423=CARTESIAN_POINT('Ctrl Pts',(4.63262586309817,9.47664221931006,-82.4971731446602));
#3424=CARTESIAN_POINT('Ctrl Pts',(5.94350482964506,10.1174729468093,-82.4257122538999));
#3425=CARTESIAN_POINT('Ctrl Pts',(6.11574904343985,11.5664034783759,-82.3542513631393));
#3426=CARTESIAN_POINT('Ctrl Pts',(4.99164037758932,12.4966977427954,-82.2827904723788));
#3427=CARTESIAN_POINT('Ctrl Pts',(3.60048661367352,12.0565171859429,-82.2113295816183));
#3428=CARTESIAN_POINT('Ctrl Pts',(3.21611957476489,10.6489200474297,-82.1398686908578));
#3429=CARTESIAN_POINT('Ctrl Pts',(4.19049098579418,9.56279479101232,-82.0684078000973));
#3430=CARTESIAN_POINT('Ctrl Pts',(5.63140233914822,9.79266908764229,-81.9969469093368));
#3431=CARTESIAN_POINT('Ctrl Pts',(6.21946049163233,11.1280549234765,-81.9254860185763));
#3432=CARTESIAN_POINT('Ctrl Pts',(5.41620074690865,12.3461852543637,-81.8540251278158));
#3433=CARTESIAN_POINT('Ctrl Pts',(3.95714052390506,12.3316598844458,-81.7825642370553));
#3434=CARTESIAN_POINT('Ctrl Pts',(3.17829126385307,11.0977791969752,-81.7111033462949));
#3435=CARTESIAN_POINT('Ctrl Pts',(3.79281854144254,9.77436544995432,-81.6396424555342));
#3436=CARTESIAN_POINT('Ctrl Pts',(5.23802078967983,9.57322325540956,-81.5681815647739));
#3437=CARTESIAN_POINT('Ctrl Pts',(6.19057583987361,10.6785316273551,-81.4967206740133));
#3438=CARTESIAN_POINT('Ctrl Pts',(5.7782616785578,12.0781975707536,-81.4252597832527));
#3439=CARTESIAN_POINT('Ctrl Pts',(4.37862025240555,12.4905949506366,-81.3537988924924));
#3440=CARTESIAN_POINT('Ctrl Pts',(3.27325524678842,11.5381056199388,-81.2823380017317));
#3441=CARTESIAN_POINT('Ctrl Pts',(3.4743115142452,10.0928914150365,-81.2108771109713));
#3442=CARTESIAN_POINT('Ctrl Pts',(4.79768872127251,9.47828545293063,-81.1394162202109));
#3443=CARTESIAN_POINT('Ctrl Pts',(6.03161571422154,10.2570613493265,-81.0679553294503));
#3444=CARTESIAN_POINT('Ctrl Pts',(6.04622783483434,11.7161207061269,-80.9964944386898));
#3445=CARTESIAN_POINT('Ctrl Pts',(4.82814526505284,12.5194528752387,-80.9250335479294));
#3446=CARTESIAN_POINT('Ctrl Pts',(3.49272446786104,11.9314741212321,-80.8535726571687));
#3447=CARTESIAN_POINT('Ctrl Pts',(3.26276449966311,10.4905764379243,-80.7821117664083));
#3448=CARTESIAN_POINT('Ctrl Pts',(4.34883182214248,9.51614045142859,-80.7106508756478));
#3449=CARTESIAN_POINT('Ctrl Pts',(5.75645180983888,9.90042379867767,-80.6391899848873));
#3450=CARTESIAN_POINT('Ctrl Pts',(6.19671508201611,11.2915513887668,-80.5677290941267));
#3451=CARTESIAN_POINT('Ctrl Pts',(5.26648764905843,12.4157153642208,-80.4962682033664));
#3452=CARTESIAN_POINT('Ctrl Pts',(3.8175468905408,12.2435573001001,-80.4248073126057));
#3453=CARTESIAN_POINT('Ctrl Pts',(3.17663820089366,10.9327164355136,-80.3533464218454));
#3454=CARTESIAN_POINT('Ctrl Pts',(3.93061970198371,9.68348482498269,-80.2818855310847));
#3455=CARTESIAN_POINT('Ctrl Pts',(5.38909637374103,9.63974104056503,-80.2104246403244));
#3456=CARTESIAN_POINT('Ctrl Pts',(6.21659111279661,10.8415397664631,-80.1389637495638));
#3457=CARTESIAN_POINT('Ctrl Pts',(5.65539534652371,12.1884350974572,-80.0675028588033));
#3458=CARTESIAN_POINT('Ctrl Pts',(4.21937680477866,12.4471211397947,-79.9960419680428));
#3459=CARTESIAN_POINT('Ctrl Pts',(3.22344845096485,11.380727950206,-79.9245810772823));
#3460=CARTESIAN_POINT('Ctrl Pts',(3.57954774617913,9.96571522493094,-79.8531201865217));
#3461=CARTESIAN_POINT('Ctrl Pts',(4.96160677004422,9.49776162115228,-79.7816592957613));
#3462=CARTESIAN_POINT('Ctrl Pts',(6.10412144037012,10.4053562161094,-79.7101984050008));
#3463=CARTESIAN_POINT('Ctrl Pts',(5.96093022985461,11.8574457443506,-79.6387375142402));
#3464=CARTESIAN_POINT('Ctrl Pts',(4.66314842248158,12.5244015908458,-79.5672766234798));
#3465=CARTESIAN_POINT('Ctrl Pts',(3.39911034170529,11.7955151450477,-79.4958157327192));
#3466=CARTESIAN_POINT('Ctrl Pts',(3.32625233681455,10.3382027446431,-79.4243548419588));
#3467=CARTESIAN_POINT('Ctrl Pts',(4.51128798614351,9.4868754102439,-79.3528939511983));
#3468=CARTESIAN_POINT('Ctrl Pts',(5.86912075868871,10.0210644040104,-79.2814330604378));
#3469=CARTESIAN_POINT('Ctrl Pts',(6.15642972129935,11.4516311745434,-79.2099721696773));
#3470=CARTESIAN_POINT('Ctrl Pts',(5.11013590162359,12.4686547536194,-79.1385112789168));
#3471=CARTESIAN_POINT('Ctrl Pts',(3.68829469560629,12.1408815150483,-79.0670503881563));
#3472=CARTESIAN_POINT('Ctrl Pts',(3.19283735848241,10.7684421606207,-78.9955894973957));
#3473=CARTESIAN_POINT('Ctrl Pts',(4.0774372089052,9.60803240933698,-78.9241286066353));
#3474=CARTESIAN_POINT('Ctrl Pts',(5.53209645027223,9.72219962435535,-78.8526677158747));
#3475=CARTESIAN_POINT('Ctrl Pts',(6.22483353029765,11.0064049518514,-78.7812068251143));
#3476=CARTESIAN_POINT('Ctrl Pts',(5.52133272510244,12.2847452828226,-78.7097459343537));
#3477=CARTESIAN_POINT('Ctrl Pts',(4.06576585281325,12.3866887903944,-78.6382850435933));
#3478=CARTESIAN_POINT('Ctrl Pts',(3.19094513312129,11.2188880987271,-78.5668241528328));
#3479=CARTESIAN_POINT('Ctrl Pts',(3.6979148724602,9.8506606659068,-78.4953632620722));
#3480=CARTESIAN_POINT('Ctrl Pts',(5.12245835428916,9.53484070866737,-78.4239023713118));
#3481=CARTESIAN_POINT('Ctrl Pts',(6.16017371765485,10.5606231940408,-78.3524414805512));
#3482=CARTESIAN_POINT('Ctrl Pts',(5.86085303976539,11.9887154376957,-78.2809805897908));
#3483=CARTESIAN_POINT('Ctrl Pts',(4.49858899066849,12.5114997652557,-78.2095196990302));
#3484=CARTESIAN_POINT('Ctrl Pts',(3.32073025396579,11.650205957425,-78.1380588082698));
#3485=CARTESIAN_POINT('Ctrl Pts',(3.40586104880814,10.1936395513064,-78.0665979175092));
#3486=CARTESIAN_POINT('Ctrl Pts',(4.67591192637339,9.47523332293853,-77.9951370267488));
#3487=CARTESIAN_POINT('Ctrl Pts',(5.96817589053918,10.1533946709713,-77.9236761359883));
#3488=CARTESIAN_POINT('Ctrl Pts',(6.09890279113737,11.6059849368536,-77.8522152452277));
#3489=CARTESIAN_POINT('Ctrl Pts',(4.94932925360629,12.505250974764,-77.7807543544673));
#3490=CARTESIAN_POINT('Ctrl Pts',(3.57013205951818,12.0230410571903,-77.7092934637068));
#3491=CARTESIAN_POINT('Ctrl Pts',(3.34299531474263,11.081969963237,-77.6616528698664));
#3492=CARTESIAN_POINT('Ctrl Pts',(3.45360710959423,10.6674270565034,-77.6378325729463));
#3493=CARTESIAN_POINT('Ctrl Pts',(5.47639749747358,10.3114275721344,-83.6378325729463));
#3494=CARTESIAN_POINT('Ctrl Pts',(5.50888017122309,10.3402814269652,-83.6378325729463));
#3495=CARTESIAN_POINT('Ctrl Pts',(5.53925977048897,10.371212612271,-83.6378325729463));
#3496=CARTESIAN_POINT('Ctrl Pts',(5.5675295815847,10.4039171775238,-83.6378325729463));
#3497=CARTESIAN_POINT('Ctrl Pts',(5.59709354497661,10.4381189118972,-83.6378325729463));
#3498=CARTESIAN_POINT('Ctrl Pts',(5.62435079866272,10.4742605605779,-83.6378325729462));
#3499=CARTESIAN_POINT('Ctrl Pts',(5.64926766009478,10.5120452228281,-83.6378325729462));
#3500=CARTESIAN_POINT('Ctrl Pts',(5.66845441212396,10.5411405784803,-83.6378325729462));
#3501=CARTESIAN_POINT('Ctrl Pts',(5.6862529712171,10.5712113250776,-83.6378325729463));
#3502=CARTESIAN_POINT('Ctrl Pts',(5.70263435756035,10.6021378871663,-83.6378325729463));
#3503=CARTESIAN_POINT('Ctrl Pts',(5.70775812259108,10.6118110878363,-83.6378325729463));
#3504=CARTESIAN_POINT('Ctrl Pts',(5.71274314707362,10.6215680988761,-83.6378325729462));
#3505=CARTESIAN_POINT('Ctrl Pts',(5.7175882685597,10.6314054740788,-83.6378325729462));
#3506=CARTESIAN_POINT('Ctrl Pts',(5.7214469738737,10.6392400623506,-83.6378325729462));
#3507=CARTESIAN_POINT('Ctrl Pts',(5.72521624108451,10.6471244236839,-83.6378325729463));
#3508=CARTESIAN_POINT('Ctrl Pts',(5.72889052406745,10.655045384408,-83.6378325729463));
#3509=CARTESIAN_POINT('Ctrl Pts',(5.7486704381262,10.6976866080461,-83.6378325729463));
#3510=CARTESIAN_POINT('Ctrl Pts',(5.76574338105324,10.7414714089887,-83.6378325729463));
#3511=CARTESIAN_POINT('Ctrl Pts',(5.78007902734873,10.7860850482896,-83.6378325729463));
#3512=CARTESIAN_POINT('Ctrl Pts',(5.79470013738645,10.8315870728203,-83.6378325729463));
#3513=CARTESIAN_POINT('Ctrl Pts',(5.80647451660308,10.877952220571,-83.6378325729463));
#3514=CARTESIAN_POINT('Ctrl Pts',(5.81533044925824,10.9248825850105,-83.6378325729463));
#3515=CARTESIAN_POINT('Ctrl Pts',(5.82136751460126,10.9568748875409,-83.6378325729463));
#3516=CARTESIAN_POINT('Ctrl Pts',(5.82604751873007,10.9891306083282,-83.6378325729463));
#3517=CARTESIAN_POINT('Ctrl Pts',(5.82933508731304,11.021561066416,-83.6378325729463));
#3518=CARTESIAN_POINT('Ctrl Pts',(5.83025788894007,11.0306641098153,-83.6378325729463));
#3519=CARTESIAN_POINT('Ctrl Pts',(5.8310709141518,11.039780937957,-83.6378325729463));
#3520=CARTESIAN_POINT('Ctrl Pts',(5.83177321846202,11.0489096218204,-83.6378325729463));
#3521=CARTESIAN_POINT('Ctrl Pts',(5.83246294474899,11.0578748141655,-83.6378325729463));
#3522=CARTESIAN_POINT('Ctrl Pts',(5.83304518298643,11.0668426722194,-83.6378325729463));
#3523=CARTESIAN_POINT('Ctrl Pts',(5.83351951998283,11.0758085571386,-83.6378325729463));
#3524=CARTESIAN_POINT('Ctrl Pts',(5.83612188231513,11.1249982289676,-83.6378325729463));
#3525=CARTESIAN_POINT('Ctrl Pts',(5.83548208995224,11.1741520501953,-83.6378325729463));
#3526=CARTESIAN_POINT('Ctrl Pts',(5.83153942264153,11.2229532455276,-83.6378325729463));
#3527=CARTESIAN_POINT('Ctrl Pts',(5.82911176813718,11.253002050646,-83.6378325729463));
#3528=CARTESIAN_POINT('Ctrl Pts',(5.82543102506541,11.2829177518816,-83.6378325729463));
#3529=CARTESIAN_POINT('Ctrl Pts',(5.82047376541811,11.3126297718299,-83.6378325729463));
#3530=CARTESIAN_POINT('Ctrl Pts',(5.81263273662233,11.3596260602172,-83.6378325729463));
#3531=CARTESIAN_POINT('Ctrl Pts',(5.80160086085181,11.4061132345053,-83.6378325729463));
#3532=CARTESIAN_POINT('Ctrl Pts',(5.78758859750667,11.4518972630644,-83.6378325729463));
#3533=CARTESIAN_POINT('Ctrl Pts',(5.78384655894434,11.4641240958171,-83.6378325729463));
#3534=CARTESIAN_POINT('Ctrl Pts',(5.77989167895046,11.4763007573964,-83.6378325729463));
#3535=CARTESIAN_POINT('Ctrl Pts',(5.77572735941821,11.4884234650699,-83.6378325729463));
#3536=CARTESIAN_POINT('Ctrl Pts',(5.77280811333074,11.4969216522698,-83.6378325729463));
#3537=CARTESIAN_POINT('Ctrl Pts',(5.76978893793924,11.5053845624313,-83.6378325729463));
#3538=CARTESIAN_POINT('Ctrl Pts',(5.76667209625677,11.5138097027082,-83.6378325729463));
#3539=CARTESIAN_POINT('Ctrl Pts',(5.74958660784446,11.5599935167216,-83.6378325729463));
#3540=CARTESIAN_POINT('Ctrl Pts',(5.72956659589652,11.605054508036,-83.6378325729463));
#3541=CARTESIAN_POINT('Ctrl Pts',(5.70688055412979,11.6487913178741,-83.6378325729463));
#3542=CARTESIAN_POINT('Ctrl Pts',(5.68363867984239,11.6935997267821,-83.6378325729463));
#3543=CARTESIAN_POINT('Ctrl Pts',(5.65759819514187,11.7370192270369,-83.6378325729463));
#3544=CARTESIAN_POINT('Ctrl Pts',(5.62899237908226,11.7788286826472,-83.6378325729463));
#3545=CARTESIAN_POINT('Ctrl Pts',(5.61208816635807,11.8035354041771,-83.6378325729463));
#3546=CARTESIAN_POINT('Ctrl Pts',(5.5942871036282,11.8276797332593,-83.6378325729463));
#3547=CARTESIAN_POINT('Ctrl Pts',(5.5756293744392,11.8512131620928,-83.6378325729463));
#3548=CARTESIAN_POINT('Ctrl Pts',(5.56710159784157,11.8619694455417,-83.6378325729463));
#3549=CARTESIAN_POINT('Ctrl Pts',(5.55839478156174,11.8725980681713,-83.6378325729463));
#3550=CARTESIAN_POINT('Ctrl Pts',(5.54951239828627,11.8830941700577,-83.6378325729463));
#3551=CARTESIAN_POINT('Ctrl Pts',(5.54279158394401,11.8910359971448,-83.6378325729463));
#3552=CARTESIAN_POINT('Ctrl Pts',(5.53597022258689,11.898901802573,-83.6378325729463));
#3553=CARTESIAN_POINT('Ctrl Pts',(5.52905971945201,11.9066787247172,-83.6378325729463));
#3554=CARTESIAN_POINT('Ctrl Pts',(5.49410082898863,11.9460206603295,-83.6378325729463));
#3555=CARTESIAN_POINT('Ctrl Pts',(5.4568050825728,11.9831609597263,-83.6378325729463));
#3556=CARTESIAN_POINT('Ctrl Pts',(5.41741898047547,12.0178590875074,-83.6378325729463));
#3557=CARTESIAN_POINT('Ctrl Pts',(5.39065531601997,12.0414371772324,-83.6378325729463));
#3558=CARTESIAN_POINT('Ctrl Pts',(5.36292531711664,12.0638873445433,-83.6378325729463));
#3559=CARTESIAN_POINT('Ctrl Pts',(5.33429449802722,12.0851271458601,-83.6378325729463));
#3560=CARTESIAN_POINT('Ctrl Pts',(5.32096236685914,12.0950176004872,-83.6378325729463));
#3561=CARTESIAN_POINT('Ctrl Pts',(5.30743043313733,12.1046482200561,-83.6378325729463));
#3562=CARTESIAN_POINT('Ctrl Pts',(5.29373067887731,12.1139931332561,-83.6378325729463));
#3563=CARTESIAN_POINT('Ctrl Pts',(5.24984249525065,12.1439302590403,-83.6378325729463));
#3564=CARTESIAN_POINT('Ctrl Pts',(5.20419391928047,12.170970629554,-83.6378325729463));
#3565=CARTESIAN_POINT('Ctrl Pts',(5.15701282011465,12.1948600646302,-83.6378325729463));
#3566=CARTESIAN_POINT('Ctrl Pts',(5.13222550977152,12.207410743856,-83.6378325729463));
#3567=CARTESIAN_POINT('Ctrl Pts',(5.10701451651516,12.2190912394064,-83.6378325729463));
#3568=CARTESIAN_POINT('Ctrl Pts',(5.08140885958183,12.2298605084072,-83.6378325729463));
#3569=CARTESIAN_POINT('Ctrl Pts',(5.06641414446195,12.2361670101751,-83.6378325729463));
#3570=CARTESIAN_POINT('Ctrl Pts',(5.05128404000281,12.2421609653394,-83.6378325729463));
#3571=CARTESIAN_POINT('Ctrl Pts',(5.03602747861585,12.2478449009739,-83.6378325729463));
#3572=CARTESIAN_POINT('Ctrl Pts',(3.66160952924627,11.0008642606435,-82.9108710487192));
#3573=CARTESIAN_POINT('Ctrl Pts',(3.66107756162826,11.0604172746564,-82.9149885875932));
#3574=CARTESIAN_POINT('Ctrl Pts',(3.66575957777432,11.1198866343696,-82.9191061264673));
#3575=CARTESIAN_POINT('Ctrl Pts',(3.67595225525247,11.1783959357018,-82.9232236653413));
#3576=CARTESIAN_POINT('Ctrl Pts',(3.73491772257884,11.5168769975615,-82.9470439622614));
#3577=CARTESIAN_POINT('Ctrl Pts',(3.97830940209723,11.8232276271551,-82.9708642591816));
#3578=CARTESIAN_POINT('Ctrl Pts',(4.29469503877444,11.9571958272757,-82.9946845561017));
#3579=CARTESIAN_POINT('Ctrl Pts',(4.61108067545165,12.0911640273963,-83.0185048530219));
#3580=CARTESIAN_POINT('Ctrl Pts',(5.00046026928767,12.0527497980438,-83.042325149942));
#3581=CARTESIAN_POINT('Ctrl Pts',(5.28456214083161,11.8595297114862,-83.0661454468622));
#3582=CARTESIAN_POINT('Ctrl Pts',(5.56866401237555,11.6663096249285,-83.0899657437824));
#3583=CARTESIAN_POINT('Ctrl Pts',(5.74748816162742,11.3182836811657,-83.1137860407026));
#3584=CARTESIAN_POINT('Ctrl Pts',(5.73916481684669,10.9748109371457,-83.1376063376228));
#3585=CARTESIAN_POINT('Ctrl Pts',(5.73084147206595,10.6313381931257,-83.1614266345429));
#3586=CARTESIAN_POINT('Ctrl Pts',(5.53537063325263,10.2924186488486,-83.1852469314631));
#3587=CARTESIAN_POINT('Ctrl Pts',(5.24224169111813,10.1131783363841,-83.2090672283832));
#3588=CARTESIAN_POINT('Ctrl Pts',(4.94911274898362,9.9339380239197,-83.2328875253034));
#3589=CARTESIAN_POINT('Ctrl Pts',(4.55832570352794,9.91437694326794,-83.2567078222235));
#3590=CARTESIAN_POINT('Ctrl Pts',(4.2488028353179,10.0635353329932,-83.2805281191437));
#3591=CARTESIAN_POINT('Ctrl Pts',(3.93927996710786,10.2126937227185,-83.3043484160639));
#3592=CARTESIAN_POINT('Ctrl Pts',(3.71102127614347,10.5305715828207,-83.3281687129841));
#3593=CARTESIAN_POINT('Ctrl Pts',(3.66851693941666,10.8714656621445,-83.3519890099043));
#3594=CARTESIAN_POINT('Ctrl Pts',(3.66323397744134,10.9138361729527,-83.3549496895093));
#3595=CARTESIAN_POINT('Ctrl Pts',(3.66082065591609,10.9565622515966,-83.3579103691142));
#3596=CARTESIAN_POINT('Ctrl Pts',(3.66115109661592,10.9993246289547,-83.3608710487192));
#3597=CARTESIAN_POINT('Ctrl Pts',(4.36482017247653,12.245694377936,-83.6378325729463));
#3598=CARTESIAN_POINT('Ctrl Pts',(3.95050958686081,12.1342155488689,-83.6140122760261));
#3599=CARTESIAN_POINT('Ctrl Pts',(3.24908624930341,11.466975291011,-83.5663716821858));
#3600=CARTESIAN_POINT('Ctrl Pts',(3.52107924824426,10.0314484113683,-83.4949107914252));
#3601=CARTESIAN_POINT('Ctrl Pts',(4.8746530188516,9.48552269885098,-83.4234499006648));
#3602=CARTESIAN_POINT('Ctrl Pts',(6.0672695426052,10.3250299493025,-83.3519890099042));
#3603=CARTESIAN_POINT('Ctrl Pts',(6.00844255749347,11.7832442914928,-83.2805281191438));
#3604=CARTESIAN_POINT('Ctrl Pts',(4.75125913728071,12.5239372383609,-83.2090672283832));
#3605=CARTESIAN_POINT('Ctrl Pts',(3.44727036019082,11.8693796322352,-83.1376063376228));
#3606=CARTESIAN_POINT('Ctrl Pts',(3.2902974048725,10.4186771914776,-83.0661454468622));
#3607=CARTESIAN_POINT('Ctrl Pts',(4.4241738598441,9.50031418921883,-82.9946845561018));
#3608=CARTESIAN_POINT('Ctrl Pts',(5.81059824442887,9.95514094533843,-82.9232236653412));
#3609=CARTESIAN_POINT('Ctrl Pts',(6.18009422874867,11.3667199534649,-82.8517627745808));
#3610=CARTESIAN_POINT('Ctrl Pts',(5.19431445728118,12.442500728523,-82.7803018838202));
#3611=CARTESIAN_POINT('Ctrl Pts',(3.75590998743164,12.1974357076189,-82.7088409930597));
#3612=CARTESIAN_POINT('Ctrl Pts',(3.18197532628021,10.8559184990324,-82.6373801022993));
#3613=CARTESIAN_POINT('Ctrl Pts',(3.99804436575782,9.64633246077593,-82.5659192115387));
#3614=CARTESIAN_POINT('Ctrl Pts',(5.45686985434563,9.67625305457359,-82.4944583207782));
#3615=CARTESIAN_POINT('Ctrl Pts',(6.22265569132637,10.9182835300161,-82.4229974300176));
#3616=CARTESIAN_POINT('Ctrl Pts',(5.59419782864293,12.2351388903846,-82.3515365392573));
#3617=CARTESIAN_POINT('Ctrl Pts',(4.14695369423262,12.4210199427937,-82.2800756484967));
#3618=CARTESIAN_POINT('Ctrl Pts',(3.20611509091278,11.3057217130932,-82.2086147577363));
#3619=CARTESIAN_POINT('Ctrl Pts',(3.63317570895654,9.91048459934093,-82.1371538669757));
#3620=CARTESIAN_POINT('Ctrl Pts',(5.03709076375835,9.51287939257568,-82.0656929762152));
#3621=CARTESIAN_POINT('Ctrl Pts',(6.13234336114022,10.4769795621428,-81.9942320854548));
#3622=CARTESIAN_POINT('Ctrl Pts',(5.91604823095392,11.9199916202959,-81.9227711946941));
#3623=CARTESIAN_POINT('Ctrl Pts',(4.58625941267469,12.5205988824233,-81.8513103039338));
#3624=CARTESIAN_POINT('Ctrl Pts',(3.36061895181292,11.7288458615792,-81.7798494131731));
#3625=CARTESIAN_POINT('Ctrl Pts',(3.36140381360412,10.2697136644917,-81.7083885224128));
#3626=CARTESIAN_POINT('Ctrl Pts',(4.58789532679705,9.47927963634411,-81.6369276316523));
#3627=CARTESIAN_POINT('Ctrl Pts',(5.91703724722187,10.0813171270636,-81.5654667408917));
#3628=CARTESIAN_POINT('Ctrl Pts',(6.1317798706876,11.5245610393797,-81.4940058501313));
#3629=CARTESIAN_POINT('Ctrl Pts',(5.03549073657915,12.4874823857199,-81.4225449593707));
#3630=CARTESIAN_POINT('Ctrl Pts',(3.63200423292997,12.0883670904948,-81.3510840686102));
#3631=CARTESIAN_POINT('Ctrl Pts',(3.20644485080385,10.6926713510583,-81.2796231778497));
#3632=CARTESIAN_POINT('Ctrl Pts',(4.14848273162551,9.57838592267902,-81.2081622870893));
#3633=CARTESIAN_POINT('Ctrl Pts',(5.59552607348072,9.76582378330006,-81.1367013963286));
#3634=CARTESIAN_POINT('Ctrl Pts',(6.22256688134762,11.0833545078261,-81.0652405055682));
#3635=CARTESIAN_POINT('Ctrl Pts',(5.45544537742562,12.3245603662643,-80.9937796148078));
#3636=CARTESIAN_POINT('Ctrl Pts',(3.99658843204306,12.3529116926896,-80.922318724047));
#3637=CARTESIAN_POINT('Ctrl Pts',(3.18182135209488,11.1424481491521,-80.8508578332868));
#3638=CARTESIAN_POINT('Ctrl Pts',(3.75719842896604,9.80154971742351,-80.7793969425262));
#3639=CARTESIAN_POINT('Ctrl Pts',(5.1958665927073,9.55803113612377,-80.7079360517657));
#3640=CARTESIAN_POINT('Ctrl Pts',(6.18048671186222,10.6348740242724,-80.6364751610052));
#3641=CARTESIAN_POINT('Ctrl Pts',(5.80947588825294,12.0460502547857,-80.5650142702446));
#3642=CARTESIAN_POINT('Ctrl Pts',(4.42255601776363,12.4993941172596,-80.4935533794843));
#3643=CARTESIAN_POINT('Ctrl Pts',(3.28968209323909,11.5797941738423,-80.4220924887237));
#3644=CARTESIAN_POINT('Ctrl Pts',(3.44818794147493,10.1292965761621,-80.3506315979631));
#3645=CARTESIAN_POINT('Ctrl Pts',(4.75293518955916,9.47607226291469,-80.2791707072027));
#3646=CARTESIAN_POINT('Ctrl Pts',(6.00921149876051,10.218256350416,-80.2077098164422));
#3647=CARTESIAN_POINT('Ctrl Pts',(6.06668770788536,11.6762563058981,-80.1362489256816));
#3648=CARTESIAN_POINT('Ctrl Pts',(4.87273482206442,12.515031538747,-80.0647880349212));
#3649=CARTESIAN_POINT('Ctrl Pts',(3.52061457965261,11.966544314775,-79.9933271441607));
#3650=CARTESIAN_POINT('Ctrl Pts',(3.24841714671754,10.533025587201,-79.9218662534002));
#3651=CARTESIAN_POINT('Ctrl Pts',(4.30538438383984,9.52709932526561,-79.8504053626397));
#3652=CARTESIAN_POINT('Ctrl Pts',(5.72368761639943,9.86985773188429,-79.7789444718791));
#3653=CARTESIAN_POINT('Ctrl Pts',(6.20463518247981,11.2474486811466,-79.7074835811187));
#3654=CARTESIAN_POINT('Ctrl Pts',(5.30783987886272,12.398459353648,-79.6360226903582));
#3655=CARTESIAN_POINT('Ctrl Pts',(3.85446643009057,12.268948724066,-79.5645617995977));
#3656=CARTESIAN_POINT('Ctrl Pts',(3.17531909310748,10.9775052372919,-79.4931009088371));
#3657=CARTESIAN_POINT('Ctrl Pts',(3.89226980869934,9.70665943382071,-79.4216400180767));
#3658=CARTESIAN_POINT('Ctrl Pts',(5.34883137781776,9.62008126132638,-79.3501791273162));
#3659=CARTESIAN_POINT('Ctrl Pts',(6.21128029122206,10.797047385344,-79.2787182365556));
#3660=CARTESIAN_POINT('Ctrl Pts',(5.68990163623509,12.1598502627495,-79.2072573457952));
#3661=CARTESIAN_POINT('Ctrl Pts',(4.26210397961611,12.4606180054864,-79.1357964550346));
#3662=CARTESIAN_POINT('Ctrl Pts',(3.23527269982789,11.4239478979404,-79.0643355642742));
#3663=CARTESIAN_POINT('Ctrl Pts',(3.54964201250795,9.9990832318085,-78.9928746735136));
#3664=CARTESIAN_POINT('Ctrl Pts',(4.91735470349472,9.4907237428742,-78.9214137827533));
#3665=CARTESIAN_POINT('Ctrl Pts',(6.08604315308773,10.3643568045526,-78.8499528919926));
#3666=CARTESIAN_POINT('Ctrl Pts',(5.98557936721257,11.8200265397458,-78.7784920012322));
#3667=CARTESIAN_POINT('Ctrl Pts',(4.70795465936765,12.5248261078529,-78.7070311104717));
#3668=CARTESIAN_POINT('Ctrl Pts',(3.42304605268606,11.8333946054437,-78.6355702197111));
#3669=CARTESIAN_POINT('Ctrl Pts',(3.3074005905839,10.3788523492057,-78.5641093289507));
#3670=CARTESIAN_POINT('Ctrl Pts',(4.46691032464422,9.49307346158297,-78.4926484381902));
#3671=CARTESIAN_POINT('Ctrl Pts',(5.83985299397964,9.98713605166955,-78.4211875474297));
#3672=CARTESIAN_POINT('Ctrl Pts',(6.16906993304689,11.4086424675485,-78.3497266566691));
#3673=CARTESIAN_POINT('Ctrl Pts',(5.15311268551205,12.4559709284435,-78.2782657659087));
#3674=CARTESIAN_POINT('Ctrl Pts',(3.72225010352716,12.1701128341252,-78.2068048751481));
#3675=CARTESIAN_POINT('Ctrl Pts',(3.18669068992933,10.8128302302581,-78.1353439843877));
#3676=CARTESIAN_POINT('Ctrl Pts',(4.03679466581567,9.62691722786755,-78.0638830936271));
#3677=CARTESIAN_POINT('Ctrl Pts',(5.49421697360708,9.69831958828749,-77.9924222028667));
#3678=CARTESIAN_POINT('Ctrl Pts',(6.22431459459411,10.9615653499437,-77.9209613121062));
#3679=CARTESIAN_POINT('Ctrl Pts',(5.55882353771094,12.2601252626187,-77.8495004213457));
#3680=CARTESIAN_POINT('Ctrl Pts',(4.10659102066554,12.4045911699566,-77.7780395305851));
#3681=CARTESIAN_POINT('Ctrl Pts',(3.19841225372634,11.2633997208248,-77.7065786398247));
#3682=CARTESIAN_POINT('Ctrl Pts',(3.66380544732286,9.88006823075533,-77.6351177490642));
#3683=CARTESIAN_POINT('Ctrl Pts',(5.08085592900416,9.52413910014618,-77.5636568583037));
#3684=CARTESIAN_POINT('Ctrl Pts',(5.78818436302324,10.1851162151847,-77.5160162644633));
#3685=CARTESIAN_POINT('Ctrl Pts',(5.92383112798069,10.5921552131197,-77.4921959675432));
#3686=CARTESIAN_POINT('Ctrl Pts',(4.38666748810775,12.1644989239737,-83.6863781080806));
#3687=CARTESIAN_POINT('Ctrl Pts',(3.99936203045625,12.0602863829252,-83.6625578111604));
#3688=CARTESIAN_POINT('Ctrl Pts',(3.3436580822784,11.4365374312804,-83.6149172173201));
#3689=CARTESIAN_POINT('Ctrl Pts',(3.59792233858803,10.0945794548392,-83.5434563265596));
#3690=CARTESIAN_POINT('Ctrl Pts',(4.86326898164092,9.58423765988843,-83.4719954357991));
#3691=CARTESIAN_POINT('Ctrl Pts',(5.97814971259947,10.3690250902039,-83.4005345450385));
#3692=CARTESIAN_POINT('Ctrl Pts',(5.92315712205994,11.7321917404517,-83.3290736542782));
#3693=CARTESIAN_POINT('Ctrl Pts',(4.74791802167888,12.4246056703049,-83.2576127635174));
#3694=CARTESIAN_POINT('Ctrl Pts',(3.52892437870293,11.8127127040101,-83.1861518727573));
#3695=CARTESIAN_POINT('Ctrl Pts',(3.38218305852131,10.45656832286,-83.1146909819965));
#3696=CARTESIAN_POINT('Ctrl Pts',(4.44215244998734,9.59806502791898,-83.0432300912362));
#3697=CARTESIAN_POINT('Ctrl Pts',(5.7382084751376,10.0232457764853,-82.9717692004755));
#3698=CARTESIAN_POINT('Ctrl Pts',(6.08362038657765,11.3428168247151,-82.9003083097152));
#3699=CARTESIAN_POINT('Ctrl Pts',(5.16209460667415,12.3484772637246,-82.8288474189545));
#3700=CARTESIAN_POINT('Ctrl Pts',(3.81744660388393,12.1193857961856,-82.7573865281941));
#3701=CARTESIAN_POINT('Ctrl Pts',(3.28092150817835,10.8653098578487,-82.6859256374336));
#3702=CARTESIAN_POINT('Ctrl Pts',(4.04379845070292,9.73456570025121,-82.6144647466731));
#3703=CARTESIAN_POINT('Ctrl Pts',(5.40753641228914,9.76253604345828,-82.5430038559126));
#3704=CARTESIAN_POINT('Ctrl Pts',(6.12340765563202,10.9236098813219,-82.4715429651521));
#3705=CARTESIAN_POINT('Ctrl Pts',(5.53591322857184,12.1546314523744,-82.4000820743917));
#3706=CARTESIAN_POINT('Ctrl Pts',(4.18300173832301,12.3283966144811,-82.328621183631));
#3707=CARTESIAN_POINT('Ctrl Pts',(3.30348782174412,11.2857945032411,-82.2571602928707));
#3708=CARTESIAN_POINT('Ctrl Pts',(3.7027122535084,9.98150017035288,-82.18569940211));
#3709=CARTESIAN_POINT('Ctrl Pts',(5.01511889162448,9.60981122028183,-82.1142385113496));
#3710=CARTESIAN_POINT('Ctrl Pts',(6.03898196247159,10.5110704937835,-82.0427776205891));
#3711=CARTESIAN_POINT('Ctrl Pts',(5.83678513889755,11.8600257582237,-81.9713167298285));
#3712=CARTESIAN_POINT('Ctrl Pts',(4.59367312408368,12.4214849113403,-81.8998558390682));
#3713=CARTESIAN_POINT('Ctrl Pts',(3.44792098525095,11.6813390479917,-81.8283949483074));
#3714=CARTESIAN_POINT('Ctrl Pts',(3.44865468906106,10.3173143694354,-81.7569340575472));
#3715=CARTESIAN_POINT('Ctrl Pts',(4.5952024078863,9.5784015256806,-81.6854731667865));
#3716=CARTESIAN_POINT('Ctrl Pts',(5.83770969021626,10.1411976838331,-81.6140122760262));
#3717=CARTESIAN_POINT('Ctrl Pts',(6.03845520082172,11.4903696899783,-81.5425513852656));
#3718=CARTESIAN_POINT('Ctrl Pts',(5.01362315562253,12.3905269769866,-81.4710904945051));
#3719=CARTESIAN_POINT('Ctrl Pts',(3.70161713531845,12.0174263673482,-81.3996296037446));
#3720=CARTESIAN_POINT('Ctrl Pts',(3.30379608759576,10.7127033024008,-81.328168712984));
#3721=CARTESIAN_POINT('Ctrl Pts',(4.1844311117153,9.67104797720209,-81.2567078222237));
#3722=CARTESIAN_POINT('Ctrl Pts',(5.53715489724414,9.84626847339374,-81.185246931463));
#3723=CARTESIAN_POINT('Ctrl Pts',(6.12332463436573,11.0779213877746,-81.1137860407026));
#3724=CARTESIAN_POINT('Ctrl Pts',(5.40620478402623,12.2382243578947,-81.0423251499421));
#3725=CARTESIAN_POINT('Ctrl Pts',(4.04243741602682,12.2647277199555,-80.9708642591816));
#3726=CARTESIAN_POINT('Ctrl Pts',(3.28077757016569,11.1331632536421,-80.899403368421));
#3727=CARTESIAN_POINT('Ctrl Pts',(3.81865106366716,9.8796657597439,-80.8279424776606));
#3728=CARTESIAN_POINT('Ctrl Pts',(5.16354557254957,9.65201993351726,-80.7564815869001));
#3729=CARTESIAN_POINT('Ctrl Pts',(6.08398728729703,10.6586732561528,-80.6850206961395));
#3730=CARTESIAN_POINT('Ctrl Pts',(5.73715927512328,11.9778677801682,-80.6135598053791));
#3731=CARTESIAN_POINT('Ctrl Pts',(4.44064006027502,12.4016622913995,-80.5420989146185));
#3732=CARTESIAN_POINT('Ctrl Pts',(3.38160785344075,11.5420026802113,-80.4706380238582));
#3733=CARTESIAN_POINT('Ctrl Pts',(3.52978215123279,10.1860497902869,-80.3991771330975));
#3734=CARTESIAN_POINT('Ctrl Pts',(4.74948482739733,9.57540321166915,-80.3277162423371));
#3735=CARTESIAN_POINT('Ctrl Pts',(5.92387594305964,10.2692110882991,-80.2562553515766));
#3736=CARTESIAN_POINT('Ctrl Pts',(5.97760580237785,11.6321773257526,-80.184794460816));
#3737=CARTESIAN_POINT('Ctrl Pts',(4.86147581460556,12.416280452016,-80.1133335700556));
#3738=CARTESIAN_POINT('Ctrl Pts',(3.59748795750341,11.9035441071776,-80.0418726792951));
#3739=CARTESIAN_POINT('Ctrl Pts',(3.34303259238692,10.563463389689,-79.9704117885345));
#3740=CARTESIAN_POINT('Ctrl Pts',(4.33110577639188,9.62310428526605,-79.8989508977741));
#3741=CARTESIAN_POINT('Ctrl Pts',(5.65696275819871,9.94352139780993,-79.8274900070135));
#3742=CARTESIAN_POINT('Ctrl Pts',(6.10656173938407,11.2313197587127,-79.7560291162531));
#3743=CARTESIAN_POINT('Ctrl Pts',(5.26822034153891,12.3073065443566,-79.6845682254926));
#3744=CARTESIAN_POINT('Ctrl Pts',(3.9095790510233,12.1862375313927,-79.6131073347321));
#3745=CARTESIAN_POINT('Ctrl Pts',(3.27469913413167,10.978971465688,-79.5416464439715));
#3746=CARTESIAN_POINT('Ctrl Pts',(3.94491837220208,9.79096050819247,-79.4701855532111));
#3747=CARTESIAN_POINT('Ctrl Pts',(5.30653997857886,9.71002557704484,-79.3987246624506));
#3748=CARTESIAN_POINT('Ctrl Pts',(6.11277371410042,10.8102760150719,-79.32726377169));
#3749=CARTESIAN_POINT('Ctrl Pts',(5.62537897790426,12.0842502036336,-79.2558028809296));
#3750=CARTESIAN_POINT('Ctrl Pts',(4.29064642693958,12.3654136406585,-79.1843419901691));
#3751=CARTESIAN_POINT('Ctrl Pts',(3.33074491209363,11.3963146014919,-79.1128810994085));
#3752=CARTESIAN_POINT('Ctrl Pts',(3.62462335678311,10.0643238661176,-79.041420208648));
#3753=CARTESIAN_POINT('Ctrl Pts',(4.90318733296331,9.58909969529281,-78.9699593178876));
#3754=CARTESIAN_POINT('Ctrl Pts',(5.99569964265713,10.4057885864781,-78.898498427127));
#3755=CARTESIAN_POINT('Ctrl Pts',(5.90178417460807,11.7665764894484,-78.8270375363665));
#3756=CARTESIAN_POINT('Ctrl Pts',(4.70743616768148,12.4254366025025,-78.755576645606));
#3757=CARTESIAN_POINT('Ctrl Pts',(3.50627903284366,11.7790732128795,-78.6841157548455));
#3758=CARTESIAN_POINT('Ctrl Pts',(3.39817144356199,10.4193392987956,-78.612654864085));
#3759=CARTESIAN_POINT('Ctrl Pts',(4.48210331446554,9.59129625727177,-78.5411939733246));
#3760=CARTESIAN_POINT('Ctrl Pts',(5.76555637441081,10.0531554136764,-78.469733082564));
#3761=CARTESIAN_POINT('Ctrl Pts',(6.07331466415514,11.3820067924997,-78.3982721918036));
#3762=CARTESIAN_POINT('Ctrl Pts',(5.12357840258687,12.36106946418,-78.326811301043));
#3763=CARTESIAN_POINT('Ctrl Pts',(3.78598070078434,12.0938438515908,-78.2553504102826));
#3764=CARTESIAN_POINT('Ctrl Pts',(3.28532952028212,10.8250301202884,-78.183889519522));
#3765=CARTESIAN_POINT('Ctrl Pts',(4.08002297215882,9.71641596928109,-78.1124286287616));
#3766=CARTESIAN_POINT('Ctrl Pts',(5.44244921350568,9.78316426111811,-78.040967738001));
#3767=CARTESIAN_POINT('Ctrl Pts',(6.12495843012735,10.9640705542013,-77.9695068472406));
#3768=CARTESIAN_POINT('Ctrl Pts',(5.50284466500096,12.1779891909144,-77.89804595648));
#3769=CARTESIAN_POINT('Ctrl Pts',(4.14526993927978,12.3130386834911,-77.8265850657196));
#3770=CARTESIAN_POINT('Ctrl Pts',(3.29628706225283,11.2462310956108,-77.755124174959));
#3771=CARTESIAN_POINT('Ctrl Pts',(3.73134551861815,9.9530663673941,-77.6836632841986));
#3772=CARTESIAN_POINT('Ctrl Pts',(5.05603140494956,9.62033701022063,-77.612202393438));
#3773=CARTESIAN_POINT('Ctrl Pts',(5.71725555021378,10.2382310561975,-77.5645617995977));
#3774=CARTESIAN_POINT('Ctrl Pts',(5.84406073985843,10.6187388946419,-77.5407415026775));
#3775=CARTESIAN_POINT('Ctrl Pts',(4.40851480373896,12.0833034700113,-83.734923643215));
#3776=CARTESIAN_POINT('Ctrl Pts',(4.04821447405169,11.9863572169815,-83.7111033462948));
#3777=CARTESIAN_POINT('Ctrl Pts',(3.43822991525339,11.4060995715497,-83.6634627524544));
#3778=CARTESIAN_POINT('Ctrl Pts',(3.6747654289318,10.1577104983101,-83.592001861694));
#3779=CARTESIAN_POINT('Ctrl Pts',(4.85188494443025,9.68295262092585,-83.5205409709335));
#3780=CARTESIAN_POINT('Ctrl Pts',(5.88902988259374,10.4130202311053,-83.449080080173));
#3781=CARTESIAN_POINT('Ctrl Pts',(5.83787168662643,11.6811391894106,-83.3776191894126));
#3782=CARTESIAN_POINT('Ctrl Pts',(4.74457690607705,12.325274102249,-83.3061582986518));
#3783=CARTESIAN_POINT('Ctrl Pts',(3.61057839721504,11.756045775785,-83.2346974078916));
#3784=CARTESIAN_POINT('Ctrl Pts',(3.47406871217012,10.4944594542423,-83.1632365171309));
#3785=CARTESIAN_POINT('Ctrl Pts',(4.46013104013057,9.69581586661914,-83.0917756263705));
#3786=CARTESIAN_POINT('Ctrl Pts',(5.66581870584634,10.0913506076322,-83.0203147356099));
#3787=CARTESIAN_POINT('Ctrl Pts',(5.98714654440661,11.3189136959654,-82.9488538448495));
#3788=CARTESIAN_POINT('Ctrl Pts',(5.12987475606714,12.2544537989262,-82.877392954089));
#3789=CARTESIAN_POINT('Ctrl Pts',(3.87898322033621,12.0413358847523,-82.8059320633284));
#3790=CARTESIAN_POINT('Ctrl Pts',(3.37986769007649,10.874701216665,-82.734471172568));
#3791=CARTESIAN_POINT('Ctrl Pts',(4.08955253564804,9.82279893972648,-82.6630102818074));
#3792=CARTESIAN_POINT('Ctrl Pts',(5.35820297023261,9.848819032343,-82.591549391047));
#3793=CARTESIAN_POINT('Ctrl Pts',(6.0241596199377,10.9289362326277,-82.5200885002864));
#3794=CARTESIAN_POINT('Ctrl Pts',(5.47762862850072,12.0741240143642,-82.4486276095261));
#3795=CARTESIAN_POINT('Ctrl Pts',(4.21904978241341,12.2357732861685,-82.3771667187653));
#3796=CARTESIAN_POINT('Ctrl Pts',(3.40086055257545,11.265867293389,-82.3057058280051));
#3797=CARTESIAN_POINT('Ctrl Pts',(3.77224879806026,10.0525157413649,-82.2342449372444));
#3798=CARTESIAN_POINT('Ctrl Pts',(4.99314701949062,9.70674304798797,-82.162784046484));
#3799=CARTESIAN_POINT('Ctrl Pts',(5.94562056380296,10.5451614254242,-82.0913231557235));
#3800=CARTESIAN_POINT('Ctrl Pts',(5.75752204684118,11.8000598961514,-82.0198622649629));
#3801=CARTESIAN_POINT('Ctrl Pts',(4.60108683549268,12.3223709402573,-81.9484013742025));
#3802=CARTESIAN_POINT('Ctrl Pts',(3.53522301868898,11.6338322344043,-81.8769404834419));
#3803=CARTESIAN_POINT('Ctrl Pts',(3.53590556451801,10.3649150743791,-81.8054795926815));
#3804=CARTESIAN_POINT('Ctrl Pts',(4.60250948897556,9.67752341501708,-81.7340187019209));
#3805=CARTESIAN_POINT('Ctrl Pts',(5.75838213321065,10.2010782406027,-81.6625578111606));
#3806=CARTESIAN_POINT('Ctrl Pts',(5.94513053095583,11.4561783405769,-81.5910969203998));
#3807=CARTESIAN_POINT('Ctrl Pts',(4.99175557466592,12.2935715682533,-81.5196360296396));
#3808=CARTESIAN_POINT('Ctrl Pts',(3.77123003770693,11.9464856442016,-81.4481751388789));
#3809=CARTESIAN_POINT('Ctrl Pts',(3.40114732438769,10.7327352537433,-81.3767142481185));
#3810=CARTESIAN_POINT('Ctrl Pts',(4.22037949180507,9.76371003172513,-81.3052533573579));
#3811=CARTESIAN_POINT('Ctrl Pts',(5.47878372100758,9.92671316348744,-81.2337924665974));
#3812=CARTESIAN_POINT('Ctrl Pts',(6.02408238738383,11.0724882677232,-81.162331575837));
#3813=CARTESIAN_POINT('Ctrl Pts',(5.35696419062685,12.1518883495252,-81.0908706850765));
#3814=CARTESIAN_POINT('Ctrl Pts',(4.08828640001058,12.1765437472214,-81.0194097943159));
#3815=CARTESIAN_POINT('Ctrl Pts',(3.37973378823651,11.1238783581321,-80.9479489035556));
#3816=CARTESIAN_POINT('Ctrl Pts',(3.88010369836827,9.9577818020643,-80.8764880127949));
#3817=CARTESIAN_POINT('Ctrl Pts',(5.13122455239183,9.74600873091074,-80.8050271220345));
#3818=CARTESIAN_POINT('Ctrl Pts',(5.98748786273186,10.6824724880333,-80.7335662312739));
#3819=CARTESIAN_POINT('Ctrl Pts',(5.6648426619936,11.9096853055507,-80.6621053405134));
#3820=CARTESIAN_POINT('Ctrl Pts',(4.45872410278643,12.3039304655393,-80.5906444497529));
#3821=CARTESIAN_POINT('Ctrl Pts',(3.47353361364241,11.5042111865804,-80.5191835589925));
#3822=CARTESIAN_POINT('Ctrl Pts',(3.61137636099066,10.2428030044118,-80.4477226682318));
#3823=CARTESIAN_POINT('Ctrl Pts',(4.74603446523549,9.67473416042362,-80.3762617774715));
#3824=CARTESIAN_POINT('Ctrl Pts',(5.83854038735878,10.3201658261822,-80.3048008867109));
#3825=CARTESIAN_POINT('Ctrl Pts',(5.88852389687033,11.5880983456072,-80.2333399959504));
#3826=CARTESIAN_POINT('Ctrl Pts',(4.85021680714671,12.317529365285,-80.16187910519));
#3827=CARTESIAN_POINT('Ctrl Pts',(3.67436133535422,11.8405438995802,-80.0904182144295));
#3828=CARTESIAN_POINT('Ctrl Pts',(3.4376480380563,10.593901192177,-80.0189573236689));
#3829=CARTESIAN_POINT('Ctrl Pts',(4.35682716894392,9.71910924526651,-79.9474964329084));
#3830=CARTESIAN_POINT('Ctrl Pts',(5.590237899998,10.0171850637356,-79.8760355421479));
#3831=CARTESIAN_POINT('Ctrl Pts',(6.00848829628831,11.2151908362788,-79.8045746513875));
#3832=CARTESIAN_POINT('Ctrl Pts',(5.22860080421511,12.2161537350652,-79.7331137606268));
#3833=CARTESIAN_POINT('Ctrl Pts',(3.96469167195601,12.1035263387194,-79.6616528698664));
#3834=CARTESIAN_POINT('Ctrl Pts',(3.37407917515587,10.9804376940842,-79.5901919791059));
#3835=CARTESIAN_POINT('Ctrl Pts',(3.99756693570481,9.87526158256424,-79.5187310883455));
#3836=CARTESIAN_POINT('Ctrl Pts',(5.26424857933996,9.79996989276329,-79.4472701975848));
#3837=CARTESIAN_POINT('Ctrl Pts',(6.01426713697878,10.8235046447998,-79.3758093068245));
#3838=CARTESIAN_POINT('Ctrl Pts',(5.56085631957343,12.0086501445176,-79.3043484160639));
#3839=CARTESIAN_POINT('Ctrl Pts',(4.31918887426305,12.2702092758306,-79.2328875253034));
#3840=CARTESIAN_POINT('Ctrl Pts',(3.42621712435936,11.3686813050435,-79.1614266345429));
#3841=CARTESIAN_POINT('Ctrl Pts',(3.69960470105827,10.1295645004267,-79.0899657437824));
#3842=CARTESIAN_POINT('Ctrl Pts',(4.8890199624319,9.68747564771141,-79.0185048530219));
#3843=CARTESIAN_POINT('Ctrl Pts',(5.90535613222655,10.4472203684036,-78.9470439622614));
#3844=CARTESIAN_POINT('Ctrl Pts',(5.81798898200358,11.713126439151,-78.8755830715009));
#3845=CARTESIAN_POINT('Ctrl Pts',(4.7069176759953,12.3260470971522,-78.8041221807404));
#3846=CARTESIAN_POINT('Ctrl Pts',(3.58951201300127,11.7247518203154,-78.7326612899798));
#3847=CARTESIAN_POINT('Ctrl Pts',(3.48894229654007,10.4598262483855,-78.6612003992195));
#3848=CARTESIAN_POINT('Ctrl Pts',(4.49729630428685,9.68951905296061,-78.5897395084589));
#3849=CARTESIAN_POINT('Ctrl Pts',(5.69125975484198,10.1191747756832,-78.5182786176984));
#3850=CARTESIAN_POINT('Ctrl Pts',(5.97755939526339,11.3553711174508,-78.4468177269379));
#3851=CARTESIAN_POINT('Ctrl Pts',(5.0940441196617,12.2661679999164,-78.3753568361774));
#3852=CARTESIAN_POINT('Ctrl Pts',(3.84971129804151,12.0175748690564,-78.3038959454168));
#3853=CARTESIAN_POINT('Ctrl Pts',(3.38396835063492,10.8372300103187,-78.2324350546564));
#3854=CARTESIAN_POINT('Ctrl Pts',(4.12325127850197,9.80591471069464,-78.1609741638959));
#3855=CARTESIAN_POINT('Ctrl Pts',(5.39068145340429,9.86800893394872,-78.0895132731354));
#3856=CARTESIAN_POINT('Ctrl Pts',(6.02560226566057,10.9665757584588,-78.0180523823749));
#3857=CARTESIAN_POINT('Ctrl Pts',(5.44686579229099,12.0958531192101,-77.9465914916144));
#3858=CARTESIAN_POINT('Ctrl Pts',(4.18394885789402,12.2214861970255,-77.8751306008539));
#3859=CARTESIAN_POINT('Ctrl Pts',(3.39416187077933,11.2290624703969,-77.8036697100934));
#3860=CARTESIAN_POINT('Ctrl Pts',(3.79888558991345,10.0260645040328,-77.7322088193328));
#3861=CARTESIAN_POINT('Ctrl Pts',(5.03120688089496,9.71653492029509,-77.6607479285725));
#3862=CARTESIAN_POINT('Ctrl Pts',(5.64632673740432,10.2913458972103,-77.6131073347321));
#3863=CARTESIAN_POINT('Ctrl Pts',(5.76429035173617,10.645322576164,-77.5892870378119));
#3864=CARTESIAN_POINT('Ctrl Pts',(4.43036211937017,12.0021080160489,-83.7834691783493));
#3865=CARTESIAN_POINT('Ctrl Pts',(4.09706691764713,11.9124280510378,-83.7596488814292));
#3866=CARTESIAN_POINT('Ctrl Pts',(3.53280174822838,11.3756617118191,-83.7120082875889));
#3867=CARTESIAN_POINT('Ctrl Pts',(3.75160851927556,10.220841541781,-83.6405473968283));
#3868=CARTESIAN_POINT('Ctrl Pts',(4.84050090721957,9.78166758196328,-83.5690865060678));
#3869=CARTESIAN_POINT('Ctrl Pts',(5.79991005258801,10.4570153720067,-83.4976256153074));
#3870=CARTESIAN_POINT('Ctrl Pts',(5.7525862511929,11.6300866383695,-83.4261647245469));
#3871=CARTESIAN_POINT('Ctrl Pts',(4.74123579047523,12.225942534193,-83.3547038337862));
#3872=CARTESIAN_POINT('Ctrl Pts',(3.69223241572714,11.6993788475598,-83.2832429430259));
#3873=CARTESIAN_POINT('Ctrl Pts',(3.56595436581894,10.5323505856247,-83.2117820522652));
#3874=CARTESIAN_POINT('Ctrl Pts',(4.4781096302738,9.79356670531927,-83.1403211615049));
#3875=CARTESIAN_POINT('Ctrl Pts',(5.59342893655508,10.159455438779,-83.0688602707442));
#3876=CARTESIAN_POINT('Ctrl Pts',(5.89067270223559,11.2950105672157,-82.997399379984));
#3877=CARTESIAN_POINT('Ctrl Pts',(5.09765490546011,12.1604303341277,-82.9259384892232));
#3878=CARTESIAN_POINT('Ctrl Pts',(3.9405198367885,11.963285973319,-82.8544775984629));
#3879=CARTESIAN_POINT('Ctrl Pts',(3.47881387197464,10.8840925754813,-82.7830167077023));
#3880=CARTESIAN_POINT('Ctrl Pts',(4.13530662059315,9.91103217920173,-82.7115558169419));
#3881=CARTESIAN_POINT('Ctrl Pts',(5.30886952817611,9.9351020212277,-82.6400949261813));
#3882=CARTESIAN_POINT('Ctrl Pts',(5.92491158424335,10.9342625839335,-82.5686340354209));
#3883=CARTESIAN_POINT('Ctrl Pts',(5.41934402842961,11.9936165763539,-82.4971731446604));
#3884=CARTESIAN_POINT('Ctrl Pts',(4.2550978265038,12.1431499578559,-82.4257122538998));
#3885=CARTESIAN_POINT('Ctrl Pts',(3.49823328340677,11.2459400835368,-82.3542513631393));
#3886=CARTESIAN_POINT('Ctrl Pts',(3.84178534261212,10.1235313123768,-82.2827904723789));
#3887=CARTESIAN_POINT('Ctrl Pts',(4.97117514735676,9.80367487569412,-82.2113295816183));
#3888=CARTESIAN_POINT('Ctrl Pts',(5.85225916513431,10.5792523570648,-82.1398686908578));
#3889=CARTESIAN_POINT('Ctrl Pts',(5.67825895478483,11.7400940340792,-82.0684078000973));
#3890=CARTESIAN_POINT('Ctrl Pts',(4.60850054690167,12.2232569691743,-81.9969469093368));
#3891=CARTESIAN_POINT('Ctrl Pts',(3.62252505212701,11.5863254208169,-81.9254860185764));
#3892=CARTESIAN_POINT('Ctrl Pts',(3.62315643997494,10.4125157793227,-81.8540251278158));
#3893=CARTESIAN_POINT('Ctrl Pts',(4.60981657006483,9.77664530435357,-81.7825642370554));
#3894=CARTESIAN_POINT('Ctrl Pts',(5.67905457620503,10.2609587973723,-81.7111033462948));
#3895=CARTESIAN_POINT('Ctrl Pts',(5.85180586108996,11.4219869911755,-81.6396424555343));
#3896=CARTESIAN_POINT('Ctrl Pts',(4.9698879937093,12.19661615952,-81.5681815647739));
#3897=CARTESIAN_POINT('Ctrl Pts',(3.84084294009541,11.875544921055,-81.4967206740132));
#3898=CARTESIAN_POINT('Ctrl Pts',(3.4984985611796,10.7527672050858,-81.4252597832528));
#3899=CARTESIAN_POINT('Ctrl Pts',(4.25632787189486,9.85637208624819,-81.3537988924924));
#3900=CARTESIAN_POINT('Ctrl Pts',(5.42041254477101,10.0071578535811,-81.2823380017317));
#3901=CARTESIAN_POINT('Ctrl Pts',(5.92484014040194,11.0670551476717,-81.2108771109713));
#3902=CARTESIAN_POINT('Ctrl Pts',(5.30772359722745,12.0655523411556,-81.1394162202108));
#3903=CARTESIAN_POINT('Ctrl Pts',(4.13413538399433,12.0883597744873,-81.0679553294502));
#3904=CARTESIAN_POINT('Ctrl Pts',(3.47869000630732,11.1145934626221,-80.9964944386899));
#3905=CARTESIAN_POINT('Ctrl Pts',(3.94155633306938,10.0358978443847,-80.9250335479293));
#3906=CARTESIAN_POINT('Ctrl Pts',(5.0989035322341,9.83999752830422,-80.8535726571688));
#3907=CARTESIAN_POINT('Ctrl Pts',(5.89098843816667,10.7062717199137,-80.7821117664083));
#3908=CARTESIAN_POINT('Ctrl Pts',(5.59252604886394,11.8415028309332,-80.7106508756478));
#3909=CARTESIAN_POINT('Ctrl Pts',(4.47680814529783,12.2061986396792,-80.6391899848873));
#3910=CARTESIAN_POINT('Ctrl Pts',(3.56545937384407,11.4664196929495,-80.5677290941268));
#3911=CARTESIAN_POINT('Ctrl Pts',(3.69297057074853,10.2995562185366,-80.4962682033662));
#3912=CARTESIAN_POINT('Ctrl Pts',(4.74258410307365,9.77406510917807,-80.4248073126058));
#3913=CARTESIAN_POINT('Ctrl Pts',(5.75320483165792,10.3711205640653,-80.3533464218452));
#3914=CARTESIAN_POINT('Ctrl Pts',(5.79944199136281,11.5440193654618,-80.2818855310848));
#3915=CARTESIAN_POINT('Ctrl Pts',(4.83895779968786,12.2187782785541,-80.2104246403243));
#3916=CARTESIAN_POINT('Ctrl Pts',(3.75123471320502,11.7775436919827,-80.1389637495639));
#3917=CARTESIAN_POINT('Ctrl Pts',(3.53226348372568,10.624338994665,-80.0675028588032));
#3918=CARTESIAN_POINT('Ctrl Pts',(4.38254856149596,9.81511420526697,-79.9960419680428));
#3919=CARTESIAN_POINT('Ctrl Pts',(5.52351304179729,10.0908487296612,-79.9245810772822));
#3920=CARTESIAN_POINT('Ctrl Pts',(5.91041485319257,11.1990619138449,-79.8531201865219));
#3921=CARTESIAN_POINT('Ctrl Pts',(5.18898126689131,12.1250009257738,-79.7816592957612));
#3922=CARTESIAN_POINT('Ctrl Pts',(4.01980429288874,12.0208151460461,-79.7101984050007));
#3923=CARTESIAN_POINT('Ctrl Pts',(3.47345921618007,10.9819039224804,-79.6387375142403));
#3924=CARTESIAN_POINT('Ctrl Pts',(4.05021549920754,9.95956265693601,-79.5672766234798));
#3925=CARTESIAN_POINT('Ctrl Pts',(5.22195718010107,9.88991420848174,-79.4958157327192));
#3926=CARTESIAN_POINT('Ctrl Pts',(5.91576055985712,10.8367332745277,-79.4243548419588));
#3927=CARTESIAN_POINT('Ctrl Pts',(5.49633366124261,11.9330500854017,-79.3528939511983));
#3928=CARTESIAN_POINT('Ctrl Pts',(4.34773132158651,12.1750049110027,-79.2814330604377));
#3929=CARTESIAN_POINT('Ctrl Pts',(3.5216893366251,11.341048008595,-79.2099721696773));
#3930=CARTESIAN_POINT('Ctrl Pts',(3.77458604533343,10.1948051347359,-79.1385112789167));
#3931=CARTESIAN_POINT('Ctrl Pts',(4.87485259190049,9.78585160012999,-79.0670503881564));
#3932=CARTESIAN_POINT('Ctrl Pts',(5.81501262179595,10.4886521503291,-78.9955894973957));
#3933=CARTESIAN_POINT('Ctrl Pts',(5.73419378939909,11.6596763888536,-78.9241286066353));
#3934=CARTESIAN_POINT('Ctrl Pts',(4.70639918430913,12.2266575918018,-78.8526677158747));
#3935=CARTESIAN_POINT('Ctrl Pts',(3.67274499315887,11.6704304277513,-78.7812068251143));
#3936=CARTESIAN_POINT('Ctrl Pts',(3.57971314951817,10.5003131979753,-78.7097459343538));
#3937=CARTESIAN_POINT('Ctrl Pts',(4.51248929410816,9.78774184864942,-78.6382850435932));
#3938=CARTESIAN_POINT('Ctrl Pts',(5.61696313527315,10.18519413769,-78.5668241528328));
#3939=CARTESIAN_POINT('Ctrl Pts',(5.88180412637163,11.3287354424019,-78.4953632620723));
#3940=CARTESIAN_POINT('Ctrl Pts',(5.06450983673653,12.1712665356529,-78.4239023713118));
#3941=CARTESIAN_POINT('Ctrl Pts',(3.91344189529869,11.941305886522,-78.3524414805512));
#3942=CARTESIAN_POINT('Ctrl Pts',(3.48260718098772,10.8494299003491,-78.2809805897908));
#3943=CARTESIAN_POINT('Ctrl Pts',(4.16647958484512,9.8954134521082,-78.2095196990304));
#3944=CARTESIAN_POINT('Ctrl Pts',(5.33891369330289,9.95285360677932,-78.1380588082696));
#3945=CARTESIAN_POINT('Ctrl Pts',(5.92624610119382,10.9690809627164,-78.0665979175093));
#3946=CARTESIAN_POINT('Ctrl Pts',(5.39088691958102,12.0137170475059,-77.9951370267488));
#3947=CARTESIAN_POINT('Ctrl Pts',(4.22262777650826,12.12993371056,-77.9236761359883));
#3948=CARTESIAN_POINT('Ctrl Pts',(3.49203667930581,11.2118938451829,-77.8522152452277));
#3949=CARTESIAN_POINT('Ctrl Pts',(3.86642566120875,10.0990626406716,-77.7807543544673));
#3950=CARTESIAN_POINT('Ctrl Pts',(5.00638235684036,9.81273283036954,-77.7092934637068));
#3951=CARTESIAN_POINT('Ctrl Pts',(5.57539792459485,10.3444607382232,-77.6616528698664));
#3952=CARTESIAN_POINT('Ctrl Pts',(5.68451996361391,10.6719062576861,-77.6378325729463));
#3953=CARTESIAN_POINT('Ctrl Pts',(3.66361787689413,10.9994284510699,-83.2397940971733));
#3954=CARTESIAN_POINT('Ctrl Pts',(3.66293470140533,10.863712354815,-83.2304567488706));
#3955=CARTESIAN_POINT('Ctrl Pts',(3.68768375107721,10.7282349343812,-83.221119400568));
#3956=CARTESIAN_POINT('Ctrl Pts',(3.73902658487945,10.6037246492297,-83.2117820522653));
#3957=CARTESIAN_POINT('Ctrl Pts',(3.87000612063722,10.2860892921896,-83.1879617553451));
#3958=CARTESIAN_POINT('Ctrl Pts',(4.17405787545551,10.0398279987544,-83.164141458425));
#3959=CARTESIAN_POINT('Ctrl Pts',(4.51197030391154,9.97767880761347,-83.1403211615049));
#3960=CARTESIAN_POINT('Ctrl Pts',(4.84988273236756,9.91552961647253,-83.1165008645847));
#3961=CARTESIAN_POINT('Ctrl Pts',(5.22165583446132,10.0374925276258,-83.0926805676645));
#3962=CARTESIAN_POINT('Ctrl Pts',(5.45708301312162,10.2877331712752,-83.0688602707443));
#3963=CARTESIAN_POINT('Ctrl Pts',(5.69251019178192,10.5379738149246,-83.0450399738241));
#3964=CARTESIAN_POINT('Ctrl Pts',(5.79159144700875,10.9164921910701,-83.0212196769041));
#3965=CARTESIAN_POINT('Ctrl Pts',(5.70896244182626,11.2499880069616,-82.9973993799839));
#3966=CARTESIAN_POINT('Ctrl Pts',(5.62633343664377,11.583483822853,-82.9735790830637));
#3967=CARTESIAN_POINT('Ctrl Pts',(5.36199417105194,11.8719570784904,-82.9497587861435));
#3968=CARTESIAN_POINT('Ctrl Pts',(5.03696869347743,11.9833363128409,-82.9259384892233));
#3969=CARTESIAN_POINT('Ctrl Pts',(4.71194321590291,12.0947155471915,-82.9021181923031));
#3970=CARTESIAN_POINT('Ctrl Pts',(4.3262315263457,12.0290007602553,-82.878297895383));
#3971=CARTESIAN_POINT('Ctrl Pts',(4.05642468743146,11.8162778004809,-82.8544775984628));
#3972=CARTESIAN_POINT('Ctrl Pts',(3.8122064748246,11.623729601089,-82.8329164313663));
#3973=CARTESIAN_POINT('Ctrl Pts',(3.66295068821506,11.3107355993282,-82.8113552642698));
#3974=CARTESIAN_POINT('Ctrl Pts',(3.66091232067062,10.9994366596472,-82.7897940971733));
#3975=CARTESIAN_POINT('Ctrl Pts',(4.36482017247653,12.245694377936,-83.6378325729463));
#3976=CARTESIAN_POINT('Ctrl Pts',(4.31571969693828,12.2272849464758,-83.6378325729463));
#3977=CARTESIAN_POINT('Ctrl Pts',(4.26802331848568,12.2057038106685,-83.6378325729463));
#3978=CARTESIAN_POINT('Ctrl Pts',(4.22190831847549,12.1812221487315,-83.6378325729463));
#3979=CARTESIAN_POINT('Ctrl Pts',(4.17525502709308,12.1564547171447,-83.6378325729463));
#3980=CARTESIAN_POINT('Ctrl Pts',(4.13021946535924,12.1287177067006,-83.6378325729463));
#3981=CARTESIAN_POINT('Ctrl Pts',(4.08701842524847,12.0982491335269,-83.6378325729463));
#3982=CARTESIAN_POINT('Ctrl Pts',(4.05578568725026,12.0762214934359,-83.6378325729463));
#3983=CARTESIAN_POINT('Ctrl Pts',(4.02551246916376,12.0527651952668,-83.6378325729463));
#3984=CARTESIAN_POINT('Ctrl Pts',(3.99629479905563,12.0279607375594,-83.6378325729463));
#3985=CARTESIAN_POINT('Ctrl Pts',(3.98381075218422,12.0173623561179,-83.6378325729463));
#3986=CARTESIAN_POINT('Ctrl Pts',(3.97151957510071,12.0065177698735,-83.6378325729462));
#3987=CARTESIAN_POINT('Ctrl Pts',(3.95942952887946,11.9954329721439,-83.6378325729462));
#3988=CARTESIAN_POINT('Ctrl Pts',(3.95188024763063,11.9885113893711,-83.6378325729462));
#3989=CARTESIAN_POINT('Ctrl Pts',(3.94440856023675,11.9814951868601,-83.6378325729462));
#3990=CARTESIAN_POINT('Ctrl Pts',(3.93702909248907,11.9743982961577,-83.6378325729462));
#3991=CARTESIAN_POINT('Ctrl Pts',(3.8998732763046,11.9386652629042,-83.6378325729462));
#3992=CARTESIAN_POINT('Ctrl Pts',(3.86497541525831,11.9008204893955,-83.6378325729463));
#3993=CARTESIAN_POINT('Ctrl Pts',(3.83253251332291,11.8610924287151,-83.6378325729463));
#3994=CARTESIAN_POINT('Ctrl Pts',(3.80082896464092,11.8222697454567,-83.6378325729463));
#3995=CARTESIAN_POINT('Ctrl Pts',(3.77146933192753,11.7816476461331,-83.6378325729463));
#3996=CARTESIAN_POINT('Ctrl Pts',(3.74468131839503,11.7394185288572,-83.6378325729463));
#3997=CARTESIAN_POINT('Ctrl Pts',(3.72606145830461,11.7100658389137,-83.6378325729463));
#3998=CARTESIAN_POINT('Ctrl Pts',(3.70868494593421,11.6799363052605,-83.6378325729463));
#3999=CARTESIAN_POINT('Ctrl Pts',(3.69264281255777,11.6490920637165,-83.6378325729463));
#4000=CARTESIAN_POINT('Ctrl Pts',(3.68707996264796,11.6383963612021,-83.6378325729463));
#4001=CARTESIAN_POINT('Ctrl Pts',(3.68167767963434,11.6276147120361,-83.6378325729462));
#4002=CARTESIAN_POINT('Ctrl Pts',(3.67644013051292,11.6167497041945,-83.6378325729462));
#4003=CARTESIAN_POINT('Ctrl Pts',(3.67246378798853,11.6085010001333,-83.6378325729462));
#4004=CARTESIAN_POINT('Ctrl Pts',(3.66858272830024,11.600204693441,-83.6378325729462));
#4005=CARTESIAN_POINT('Ctrl Pts',(3.66480400692904,11.5918741304743,-83.6378325729462));
#4006=CARTESIAN_POINT('Ctrl Pts',(3.64482253106912,11.5478230014105,-83.6378325729462));
#4007=CARTESIAN_POINT('Ctrl Pts',(3.62765596548519,11.5027277653156,-83.6378325729463));
#4008=CARTESIAN_POINT('Ctrl Pts',(3.61350432801585,11.4567698018547,-83.6378325729463));
#4009=CARTESIAN_POINT('Ctrl Pts',(3.60336046759537,11.4238272418459,-83.6378325729463));
#4010=CARTESIAN_POINT('Ctrl Pts',(3.59476660192963,11.3904410277379,-83.6378325729462));
#4011=CARTESIAN_POINT('Ctrl Pts',(3.58781287886657,11.3566761293403,-83.6378325729462));
#4012=CARTESIAN_POINT('Ctrl Pts',(3.57856211945053,11.3117576088656,-83.6378325729462));
#4013=CARTESIAN_POINT('Ctrl Pts',(3.57221314035196,11.2661679477979,-83.6378325729463));
#4014=CARTESIAN_POINT('Ctrl Pts',(3.56871892201713,11.2201719577022,-83.6378325729463));
#4015=CARTESIAN_POINT('Ctrl Pts',(3.56780941901564,11.2081997547544,-83.6378325729463));
#4016=CARTESIAN_POINT('Ctrl Pts',(3.56709351644116,11.1962000956139,-83.6378325729463));
#4017=CARTESIAN_POINT('Ctrl Pts',(3.56657077618489,11.1841778343563,-83.6378325729463));
#4018=CARTESIAN_POINT('Ctrl Pts',(3.56616253243045,11.1747888251614,-83.6378325729463));
#4019=CARTESIAN_POINT('Ctrl Pts',(3.56587220906161,11.1653854339553,-83.6378325729463));
#4020=CARTESIAN_POINT('Ctrl Pts',(3.56569960147447,11.1559857401431,-83.6378325729463));
#4021=CARTESIAN_POINT('Ctrl Pts',(3.56481394345499,11.1077554488612,-83.6378325729463));
#4022=CARTESIAN_POINT('Ctrl Pts',(3.56701787932988,11.0595220439701,-83.6378325729463));
#4023=CARTESIAN_POINT('Ctrl Pts',(3.57220778196728,11.0115865826949,-83.6378325729463));
#4024=CARTESIAN_POINT('Ctrl Pts',(3.57738371779332,10.9637801229815,-83.6378325729463));
#4025=CARTESIAN_POINT('Ctrl Pts',(3.58553010464317,10.9162688244,-83.6378325729462));
#4026=CARTESIAN_POINT('Ctrl Pts',(3.59659216724688,10.8693692551146,-83.6378325729462));
#4027=CARTESIAN_POINT('Ctrl Pts',(3.60251179513312,10.84427194658,-83.6378325729462));
#4028=CARTESIAN_POINT('Ctrl Pts',(3.6092671342462,10.819350227415,-83.6378325729463));
#4029=CARTESIAN_POINT('Ctrl Pts',(3.61685466920253,10.7946564894229,-83.6378325729463));
#4030=CARTESIAN_POINT('Ctrl Pts',(3.62076142574014,10.7819418959623,-83.6378325729463));
#4031=CARTESIAN_POINT('Ctrl Pts',(3.62488886018969,10.769287795122,-83.6378325729463));
#4032=CARTESIAN_POINT('Ctrl Pts',(3.62923680711012,10.7567017051301,-83.6378325729463));
#4033=CARTESIAN_POINT('Ctrl Pts',(3.63265845579459,10.7467969893984,-83.6378325729463));
#4034=CARTESIAN_POINT('Ctrl Pts',(3.63621704189453,10.7369337751021,-83.6378325729463));
#4035=CARTESIAN_POINT('Ctrl Pts',(3.63990659532228,10.7271306514605,-83.6378325729463));
#4036=CARTESIAN_POINT('Ctrl Pts',(3.65621865634738,10.6837895929258,-83.6378325729463));
#4037=CARTESIAN_POINT('Ctrl Pts',(3.67511138601988,10.6415493715781,-83.6378325729463));
#4038=CARTESIAN_POINT('Ctrl Pts',(3.69653977230897,10.6007070348003,-83.6378325729463));
#4039=CARTESIAN_POINT('Ctrl Pts',(3.71094169866961,10.5732570757258,-83.6378325729463));
#4040=CARTESIAN_POINT('Ctrl Pts',(3.7264898473952,10.5464391164387,-83.6378325729463));
#4041=CARTESIAN_POINT('Ctrl Pts',(3.74317929202095,10.5203533906897,-83.6378325729463));
#4042=CARTESIAN_POINT('Ctrl Pts',(3.75046716051881,10.5089623981677,-83.6378325729463));
#4043=CARTESIAN_POINT('Ctrl Pts',(3.757974255802,10.4977093364924,-83.6378325729463));
#4044=CARTESIAN_POINT('Ctrl Pts',(3.76568685307869,10.4866217256296,-83.6378325729463));
#4045=CARTESIAN_POINT('Ctrl Pts',(3.79086510817682,10.4504255280693,-83.6378325729463));
#4046=CARTESIAN_POINT('Ctrl Pts',(3.81825908056472,10.415943882786,-83.6378325729463));
#4047=CARTESIAN_POINT('Ctrl Pts',(3.84784388745432,10.3834619203352,-83.6378325729463));
#4048=CARTESIAN_POINT('Ctrl Pts',(3.86236224753153,10.367521818761,-83.6378325729463));
#4049=CARTESIAN_POINT('Ctrl Pts',(3.87740866232302,10.35206389895,-83.6378325729463));
#4050=CARTESIAN_POINT('Ctrl Pts',(3.89298255682954,10.3371258687364,-83.6378325729463));
#4051=CARTESIAN_POINT('Ctrl Pts',(3.90248809018805,10.3280084354287,-83.6378325729463));
#4052=CARTESIAN_POINT('Ctrl Pts',(3.91219016173647,10.3190847378288,-83.6378325729463));
#4053=CARTESIAN_POINT('Ctrl Pts',(3.92208150795293,10.3103577959226,-83.6378325729463));
#4054=CARTESIAN_POINT('Origin',(4.69999999999997,11.,-83.6378325729463));
#4055=CARTESIAN_POINT('Origin',(4.69999999999997,11.,-79.6379937591554));
#4056=CARTESIAN_POINT('Origin',(18.1375537072989,29.0763901518645,-58.4428325729463));
#4057=CARTESIAN_POINT('',(21.370918379409,29.0763901518645,-58.4428325729463));
#4058=CARTESIAN_POINT('Origin',(18.1375537072989,29.0763901518645,-58.4428325729463));
#4059=CARTESIAN_POINT('',(19.7375537072989,29.0763901518645,-58.4428325729463));
#4060=CARTESIAN_POINT('Origin',(18.1375537072989,29.0763901518645,-58.4428325729463));
#4061=CARTESIAN_POINT('Origin',(-30.3281914957537,-5.60998377958154,-58.4428325729463));
#4062=CARTESIAN_POINT('',(-27.0934273628912,-5.60998377958154,-58.4428325729463));
#4063=CARTESIAN_POINT('Origin',(-30.3281914957537,-5.60998377958154,-58.4428325729463));
#4064=CARTESIAN_POINT('',(-28.7281914957537,-5.60998377958154,-58.4428325729463));
#4065=CARTESIAN_POINT('Origin',(-30.3281914957537,-5.60998377958154,-58.4428325729463));
#4066=CARTESIAN_POINT('Origin',(-30.4120869454131,29.0761611983675,-58.4428325729463));
#4067=CARTESIAN_POINT('',(-27.1819433501538,29.0761611983675,-58.4428325729463));
#4068=CARTESIAN_POINT('Origin',(-30.4120869454131,29.0761611983675,-58.4428325729463));
#4069=CARTESIAN_POINT('',(-28.8120869454131,29.0761611983675,-58.4428325729463));
#4070=CARTESIAN_POINT('Origin',(-30.4120869454131,29.0761611983675,-58.4428325729463));
#4071=CARTESIAN_POINT('Origin',(18.1789390696745,-5.6591957603447,-58.4428325729463));
#4072=CARTESIAN_POINT('',(21.3946179859419,-5.6591957603447,-58.4428325729463));
#4073=CARTESIAN_POINT('Origin',(18.1789390696745,-5.6591957603447,-58.4428325729463));
#4074=CARTESIAN_POINT('',(19.7789390696745,-5.6591957603447,-58.4428325729463));
#4075=CARTESIAN_POINT('Origin',(18.1789390696745,-5.6591957603447,-58.4428325729463));
#4076=CARTESIAN_POINT('Origin',(-26.4083517210703,25.0773774674005,-79.6378325729463));
#4077=CARTESIAN_POINT('',(-27.1828019396017,29.001689745879,-56.7428325729463));
#4078=CARTESIAN_POINT('',(-26.4083517210703,29.0773774674005,-79.6378325729463));
#4079=CARTESIAN_POINT('Origin',(-26.4083517210703,-1.66482505148935,-79.6378325729463));
#4080=CARTESIAN_POINT('',(-30.34475607764,-2.37526205895693,-56.7428325729463));
#4081=CARTESIAN_POINT('',(-30.4083517210703,-1.66482505148935,-79.6378325729463));
#4082=CARTESIAN_POINT('Origin',(-26.4083517210703,-1.66482505148935,-79.6378325729463));
#4083=CARTESIAN_POINT('',(-27.0934301705325,-5.60572184258684,-56.7428325729463));
#4084=CARTESIAN_POINT('',(-26.4083517210703,-5.66482505148934,-79.6378325729463));
#4085=CARTESIAN_POINT('Origin',(14.2887095303935,25.0773774674005,-79.6378325729463));
#4086=CARTESIAN_POINT('',(18.2145696317923,25.8439428359405,-56.7428325729463));
#4087=CARTESIAN_POINT('',(18.2887095303935,25.0773774674005,-79.6378325729463));
#4088=CARTESIAN_POINT('Origin',(14.2887095303935,25.0773774674005,-79.6378325729463));
#4089=CARTESIAN_POINT('',(14.9045263112554,29.0296894101005,-56.7428325729463));
#4090=CARTESIAN_POINT('',(14.2887095303935,29.0773774674005,-79.6378325729463));
#4091=CARTESIAN_POINT('Origin',(-6.05982109533843,11.7062762079556,-77.6378325729463));
#4092=CARTESIAN_POINT('',(16.9063699631612,-4.68936697692569,-77.6378325729463));
#4093=CARTESIAN_POINT('',(17.2430593758415,-4.36145572525636,-77.6378325729463));
#4094=CARTESIAN_POINT('Origin',(18.1789390696745,-5.6591957603447,-77.6378325729463));
#4095=CARTESIAN_POINT('Origin',(14.2887095303935,-1.66482505148935,-77.6378325729463));
#4096=CARTESIAN_POINT('Origin',(-6.05982109533843,11.7062762079556,-77.6378325729463));
#4097=CARTESIAN_POINT('',(17.2945645250931,27.71647499323,-77.6378325729463));
#4098=CARTESIAN_POINT('',(16.8108833799555,28.1819932363138,-77.6378325729463));
#4099=CARTESIAN_POINT('Origin',(18.1375537072989,29.0763901518645,-77.6378325729463));
#4100=CARTESIAN_POINT('Origin',(14.2887095303935,25.0773774674005,-77.6378325729463));
#4101=CARTESIAN_POINT('Origin',(-6.05982109533843,11.7062762079556,-77.6378325729463));
#4102=CARTESIAN_POINT('',(-29.4298854166915,-4.28595727368374,-77.6378325729463));
#4103=CARTESIAN_POINT('',(-29.009976014449,-4.70317181183481,-77.6378325729463));
#4104=CARTESIAN_POINT('Origin',(-30.3281914957537,-5.60998377958154,-77.6378325729463));
#4105=CARTESIAN_POINT('Origin',(-26.4083517210703,-1.66482505148935,-77.6378325729463));
#4106=CARTESIAN_POINT('Origin',(14.2887095303935,-1.66482505148935,-79.6378325729463));
#4107=CARTESIAN_POINT('',(14.9636762570584,-5.6074662877541,-56.7428325729463));
#4108=CARTESIAN_POINT('',(14.2887095303935,-5.66482505148934,-79.6378325729463));
#4109=CARTESIAN_POINT('Origin',(14.2887095303935,-1.66482505148935,-79.6378325729463));
#4110=CARTESIAN_POINT('',(18.2121483274367,-2.44368832951432,-56.7428325729463));
#4111=CARTESIAN_POINT('',(18.2887095303935,-1.66482505148935,-79.6378325729463));
#4112=CARTESIAN_POINT('Origin',(18.2887095303935,-1.66482505148935,-79.6378325729463));
#4113=CARTESIAN_POINT('Origin',(14.2887095303935,-1.66482505148935,-79.6378325729463));
#4114=CARTESIAN_POINT('',(17.2430593758415,-4.36145572525636,-79.6378325729463));
#4115=CARTESIAN_POINT('',(16.9063699631612,-4.68936697692569,-79.6378325729463));
#4116=CARTESIAN_POINT('Origin',(-26.4083517210703,-5.66482505148934,-79.6378325729463));
#4117=CARTESIAN_POINT('Origin',(-26.4083517210703,-1.66482505148935,-79.6378325729463));
#4118=CARTESIAN_POINT('',(-29.009976014449,-4.70317181183481,-79.6378325729463));
#4119=CARTESIAN_POINT('',(-29.4298854166915,-4.28595727368374,-79.6378325729463));
#4120=CARTESIAN_POINT('Origin',(-30.4083517210703,25.0773774674005,-79.6378325729463));
#4121=CARTESIAN_POINT('',(-30.4083517210703,25.0773774674005,-79.6378325729463));
#4122=CARTESIAN_POINT('Origin',(-26.4083517210703,25.0773774674005,-79.6378325729463));
#4123=CARTESIAN_POINT('',(-30.3336193639245,25.8469708223367,-56.7428325729463));
#4124=CARTESIAN_POINT('Origin',(14.2887095303935,29.0773774674005,-79.6378325729463));
#4125=CARTESIAN_POINT('Origin',(14.2887095303935,25.0773774674005,-79.6378325729463));
#4126=CARTESIAN_POINT('',(16.8108833799555,28.1819932363138,-79.6378325729463));
#4127=CARTESIAN_POINT('',(17.2945645250931,27.71647499323,-79.6378325729463));
#4128=CARTESIAN_POINT('Origin',(18.1789390696745,-5.6591957603447,-56.7428325729463));
#4129=CARTESIAN_POINT('',(21.3946179859419,-5.6591957603447,-56.7428325729463));
#4130=CARTESIAN_POINT('Origin',(18.1789390696745,-5.6591957603447,-56.7428325729463));
#4131=CARTESIAN_POINT('',(19.7789390696745,-5.6591957603447,-56.7428325729463));
#4132=CARTESIAN_POINT('Origin',(18.1375537072989,29.0763901518645,-56.7428325729463));
#4133=CARTESIAN_POINT('',(21.370918379409,29.0763901518645,-56.7428325729463));
#4134=CARTESIAN_POINT('Origin',(18.1375537072989,29.0763901518645,-56.7428325729463));
#4135=CARTESIAN_POINT('',(19.7375537072989,29.0763901518645,-56.7428325729463));
#4136=CARTESIAN_POINT('Origin',(-30.3281914957537,-5.60998377958154,-56.7428325729463));
#4137=CARTESIAN_POINT('',(-27.0934273628912,-5.60998377958154,-56.7428325729463));
#4138=CARTESIAN_POINT('Origin',(-30.3281914957537,-5.60998377958154,-56.7428325729463));
#4139=CARTESIAN_POINT('',(-28.7281914957537,-5.60998377958154,-56.7428325729463));
#4140=CARTESIAN_POINT('Origin',(-30.4120869454131,29.0761611983675,-56.7428325729463));
#4141=CARTESIAN_POINT('',(-27.1819433501538,29.0761611983675,-56.7428325729463));
#4142=CARTESIAN_POINT('Origin',(-30.4120869454131,29.0761611983675,-56.7428325729463));
#4143=CARTESIAN_POINT('',(-28.8120869454131,29.0761611983675,-56.7428325729463));
#4144=UNCERTAINTY_MEASURE_WITH_UNIT(LENGTH_MEASURE(0.01),#4148,
'DISTANCE_ACCURACY_VALUE',
'Maximum model space distance between geometric entities at asserted c
onnectivities');
#4145=UNCERTAINTY_MEASURE_WITH_UNIT(LENGTH_MEASURE(0.01),#4148,
'DISTANCE_ACCURACY_VALUE',
'Maximum model space distance between geometric entities at asserted c
onnectivities');
#4146=(
GEOMETRIC_REPRESENTATION_CONTEXT(3)
GLOBAL_UNCERTAINTY_ASSIGNED_CONTEXT((#4144))
GLOBAL_UNIT_ASSIGNED_CONTEXT((#4148,#4149,#4150))
REPRESENTATION_CONTEXT('','3D')
);
#4147=(
GEOMETRIC_REPRESENTATION_CONTEXT(3)
GLOBAL_UNCERTAINTY_ASSIGNED_CONTEXT((#4145))
GLOBAL_UNIT_ASSIGNED_CONTEXT((#4148,#4149,#4150))
REPRESENTATION_CONTEXT('','3D')
);
#4148=(
LENGTH_UNIT()
NAMED_UNIT(*)
SI_UNIT(.MILLI.,.METRE.)
);
#4149=(
NAMED_UNIT(*)
PLANE_ANGLE_UNIT()
SI_UNIT($,.RADIAN.)
);
#4150=(
NAMED_UNIT(*)
SI_UNIT($,.STERADIAN.)
SOLID_ANGLE_UNIT()
);
#4151=SHAPE_DEFINITION_REPRESENTATION(#4152,#4153);
#4152=PRODUCT_DEFINITION_SHAPE('',$,#4155);
#4153=SHAPE_REPRESENTATION('',(#1322),#4146);
#4154=PRODUCT_DEFINITION_CONTEXT('part definition',#4159,'design');
#4155=PRODUCT_DEFINITION('Robot chat','Robot chat v25',#4156,#4154);
#4156=PRODUCT_DEFINITION_FORMATION('',$,#4161);
#4157=PRODUCT_RELATED_PRODUCT_CATEGORY('Robot chat v25',
'Robot chat v25',(#4161));
#4158=APPLICATION_PROTOCOL_DEFINITION('international standard',
'automotive_design',2009,#4159);
#4159=APPLICATION_CONTEXT(
'Core Data for Automotive Mechanical Design Process');
#4160=PRODUCT_CONTEXT('part definition',#4159,'mechanical');
#4161=PRODUCT('Robot chat','Robot chat v25',$,(#4160));
#4162=PRESENTATION_STYLE_ASSIGNMENT((#4165));
#4163=PRESENTATION_STYLE_ASSIGNMENT((#4166));
#4164=PRESENTATION_STYLE_ASSIGNMENT((#4167));
#4165=SURFACE_STYLE_USAGE(.BOTH.,#4168);
#4166=SURFACE_STYLE_USAGE(.BOTH.,#4169);
#4167=SURFACE_STYLE_USAGE(.BOTH.,#4170);
#4168=SURFACE_SIDE_STYLE('',(#4171));
#4169=SURFACE_SIDE_STYLE('',(#4172));
#4170=SURFACE_SIDE_STYLE('',(#4173));
#4171=SURFACE_STYLE_FILL_AREA(#4174);
#4172=SURFACE_STYLE_FILL_AREA(#4175);
#4173=SURFACE_STYLE_FILL_AREA(#4176);
#4174=FILL_AREA_STYLE('Steel - Satin',(#4177));
#4175=FILL_AREA_STYLE('Plastic - Matte (Black)',(#4178));
#4176=FILL_AREA_STYLE('Plastic - Matte (Gray)',(#4179));
#4177=FILL_AREA_STYLE_COLOUR('Steel - Satin',#4180);
#4178=FILL_AREA_STYLE_COLOUR('Plastic - Matte (Black)',#4181);
#4179=FILL_AREA_STYLE_COLOUR('Plastic - Matte (Gray)',#4182);
#4180=COLOUR_RGB('Steel - Satin',0.627450980392157,0.627450980392157,0.627450980392157);
#4181=COLOUR_RGB('Plastic - Matte (Black)',0.0980392156862745,0.0980392156862745,
0.0980392156862745);
#4182=COLOUR_RGB('Plastic - Matte (Gray)',0.701960784313725,0.701960784313725,
0.701960784313725);
ENDSEC;
END-ISO-10303-21;
