ISO-10303-21;
HEADER;
FILE_DESCRIPTION(('KiCad electronic assembly'),'2;1');
FILE_NAME('vl53l0_breakout.step','2025-09-23T11:22:54',('Pcbnew'),(
    'Kicad'),'Open CASCADE STEP processor 7.8','KiCad to STEP converter'
  ,'Unknown');
FILE_SCHEMA(('AUTOMOTIVE_DESIGN { 1 0 10303 214 1 1 1 1 }'));
ENDSEC;
DATA;
#1 = APPLICATION_PROTOCOL_DEFINITION('international standard',
  'automotive_design',2000,#2);
#2 = APPLICATION_CONTEXT(
  'core data for automotive mechanical design processes');
#3 = SHAPE_DEFINITION_REPRESENTATION(#4,#10);
#4 = PRODUCT_DEFINITION_SHAPE('','',#5);
#5 = PRODUCT_DEFINITION('design','',#6,#9);
#6 = PRODUCT_DEFINITION_FORMATION('','',#7);
#7 = PRODUCT('vl53l0_breakout 1','vl53l0_breakout 1','',(#8));
#8 = PRODUCT_CONTEXT('',#2,'mechanical');
#9 = PRODUCT_DEFINITION_CONTEXT('part definition',#2,'design');
#10 = SHAPE_REPRESENTATION('',(#11,#15,#19,#23,#27,#31,#35,#39,#43,#47,
    #51,#55,#59,#63,#67,#71,#75),#79);
#11 = AXIS2_PLACEMENT_3D('',#12,#13,#14);
#12 = CARTESIAN_POINT('',(0.,0.,0.));
#13 = DIRECTION('',(0.,0.,1.));
#14 = DIRECTION('',(1.,0.,-0.));
#15 = AXIS2_PLACEMENT_3D('',#16,#17,#18);
#16 = CARTESIAN_POINT('',(151.3,-70.5,1.595));
#17 = DIRECTION('',(0.,0.,1.));
#18 = DIRECTION('',(-1.,1.224646799147E-16,0.));
#19 = AXIS2_PLACEMENT_3D('',#20,#21,#22);
#20 = CARTESIAN_POINT('',(145.748,-77.818,1.595));
#21 = DIRECTION('',(0.,0.,1.));
#22 = DIRECTION('',(1.,0.,0.));
#23 = AXIS2_PLACEMENT_3D('',#24,#25,#26);
#24 = CARTESIAN_POINT('',(143.,-67.65,1.595));
#25 = DIRECTION('',(0.,0.,1.));
#26 = DIRECTION('',(1.,0.,0.));
#27 = AXIS2_PLACEMENT_3D('',#28,#29,#30);
#28 = CARTESIAN_POINT('',(145.748,-72.738,1.595));
#29 = DIRECTION('',(0.,0.,1.));
#30 = DIRECTION('',(1.,0.,0.));
#31 = AXIS2_PLACEMENT_3D('',#32,#33,#34);
#32 = CARTESIAN_POINT('',(146.5,-66.8,1.595));
#33 = DIRECTION('',(0.,0.,1.));
#34 = DIRECTION('',(1.,0.,0.));
#35 = AXIS2_PLACEMENT_3D('',#36,#37,#38);
#36 = CARTESIAN_POINT('',(147.272,-74.77,1.595));
#37 = DIRECTION('',(0.,-0.,1.));
#38 = DIRECTION('',(1.110223024625E-16,1.,0.));
#39 = AXIS2_PLACEMENT_3D('',#40,#41,#42);
#40 = CARTESIAN_POINT('',(145.748,-75.278,1.595));
#41 = DIRECTION('',(0.,0.,1.));
#42 = DIRECTION('',(1.,0.,0.));
#43 = AXIS2_PLACEMENT_3D('',#44,#45,#46);
#44 = CARTESIAN_POINT('',(149.3,-70.5,1.595));
#45 = DIRECTION('',(0.,0.,1.));
#46 = DIRECTION('',(1.,0.,0.));
#47 = AXIS2_PLACEMENT_3D('',#48,#49,#50);
#48 = CARTESIAN_POINT('',(147.3,-68.9,1.595));
#49 = DIRECTION('',(0.,-0.,1.));
#50 = DIRECTION('',(1.110223024625E-16,1.,0.));
#51 = AXIS2_PLACEMENT_3D('',#52,#53,#54);
#52 = CARTESIAN_POINT('',(147.526,-78.072,1.595));
#53 = DIRECTION('',(0.,-0.,1.));
#54 = DIRECTION('',(1.110223024625E-16,1.,0.));
#55 = AXIS2_PLACEMENT_3D('',#56,#57,#58);
#56 = CARTESIAN_POINT('',(147.526,-80.104,1.595));
#57 = DIRECTION('',(-0.,0.,1.));
#58 = DIRECTION('',(1.110223024625E-16,-1.,0.));
#59 = AXIS2_PLACEMENT_3D('',#60,#61,#62);
#60 = CARTESIAN_POINT('',(147.272,-72.484,1.595));
#61 = DIRECTION('',(-0.,0.,1.));
#62 = DIRECTION('',(1.110223024625E-16,-1.,0.));
#63 = AXIS2_PLACEMENT_3D('',#64,#65,#66);
#64 = CARTESIAN_POINT('',(145.748,-80.358,1.595));
#65 = DIRECTION('',(0.,0.,1.));
#66 = DIRECTION('',(1.,0.,0.));
#67 = AXIS2_PLACEMENT_3D('',#68,#69,#70);
#68 = CARTESIAN_POINT('',(145.7,-68.9,1.595));
#69 = DIRECTION('',(-0.,0.,1.));
#70 = DIRECTION('',(1.110223024625E-16,-1.,0.));
#71 = AXIS2_PLACEMENT_3D('',#72,#73,#74);
#72 = CARTESIAN_POINT('',(150.,-74.,1.595));
#73 = DIRECTION('',(-0.,0.,1.));
#74 = DIRECTION('',(1.110223024625E-16,-1.,0.));
#75 = AXIS2_PLACEMENT_3D('',#76,#77,#78);
#76 = CARTESIAN_POINT('',(0.,0.,0.));
#77 = DIRECTION('',(0.,0.,1.));
#78 = DIRECTION('',(1.,0.,-0.));
#79 = ( GEOMETRIC_REPRESENTATION_CONTEXT(3) 
GLOBAL_UNCERTAINTY_ASSIGNED_CONTEXT((#83)) GLOBAL_UNIT_ASSIGNED_CONTEXT(
(#80,#81,#82)) REPRESENTATION_CONTEXT('Context #1',
  '3D Context with UNIT and UNCERTAINTY') );
#80 = ( LENGTH_UNIT() NAMED_UNIT(*) SI_UNIT(.MILLI.,.METRE.) );
#81 = ( NAMED_UNIT(*) PLANE_ANGLE_UNIT() SI_UNIT($,.RADIAN.) );
#82 = ( NAMED_UNIT(*) SI_UNIT($,.STERADIAN.) SOLID_ANGLE_UNIT() );
#83 = UNCERTAINTY_MEASURE_WITH_UNIT(LENGTH_MEASURE(1.E-07),#80,
  'distance_accuracy_value','confusion accuracy');
#84 = PRODUCT_RELATED_PRODUCT_CATEGORY('part',$,(#7));
#85 = SHAPE_DEFINITION_REPRESENTATION(#86,#92);
#86 = PRODUCT_DEFINITION_SHAPE('','',#87);
#87 = PRODUCT_DEFINITION('design','',#88,#91);
#88 = PRODUCT_DEFINITION_FORMATION('','',#89);
#89 = PRODUCT('C_0402_1005Metric','C_0402_1005Metric','',(#90));
#90 = PRODUCT_CONTEXT('',#2,'mechanical');
#91 = PRODUCT_DEFINITION_CONTEXT('part definition',#2,'design');
#92 = ADVANCED_BREP_SHAPE_REPRESENTATION('',(#11,#93),#947);
#93 = MANIFOLD_SOLID_BREP('',#94);
#94 = CLOSED_SHELL('',(#95,#171,#202,#227,#252,#276,#300,#325,#350,#367,
    #453,#485,#509,#534,#558,#583,#607,#632,#649,#735,#766,#791,#816,
    #840,#864,#889,#914,#931));
#95 = ADVANCED_FACE('',(#96),#166,.F.);
#96 = FACE_BOUND('',#97,.F.);
#97 = EDGE_LOOP('',(#98,#108,#117,#125,#134,#142,#151,#159));
#98 = ORIENTED_EDGE('',*,*,#99,.F.);
#99 = EDGE_CURVE('',#100,#102,#104,.T.);
#100 = VERTEX_POINT('',#101);
#101 = CARTESIAN_POINT('',(-0.5,-0.25,2.E-02));
#102 = VERTEX_POINT('',#103);
#103 = CARTESIAN_POINT('',(-0.5,-0.25,0.48));
#104 = LINE('',#105,#106);
#105 = CARTESIAN_POINT('',(-0.5,-0.25,0.));
#106 = VECTOR('',#107,1.);
#107 = DIRECTION('',(0.,0.,1.));
#108 = ORIENTED_EDGE('',*,*,#109,.T.);
#109 = EDGE_CURVE('',#100,#110,#112,.T.);
#110 = VERTEX_POINT('',#111);
#111 = CARTESIAN_POINT('',(-0.5,-0.23,0.));
#112 = CIRCLE('',#113,2.E-02);
#113 = AXIS2_PLACEMENT_3D('',#114,#115,#116);
#114 = CARTESIAN_POINT('',(-0.5,-0.23,2.E-02));
#115 = DIRECTION('',(1.,0.,-0.));
#116 = DIRECTION('',(0.,0.,1.));
#117 = ORIENTED_EDGE('',*,*,#118,.T.);
#118 = EDGE_CURVE('',#110,#119,#121,.T.);
#119 = VERTEX_POINT('',#120);
#120 = CARTESIAN_POINT('',(-0.5,0.23,0.));
#121 = LINE('',#122,#123);
#122 = CARTESIAN_POINT('',(-0.5,-0.25,0.));
#123 = VECTOR('',#124,1.);
#124 = DIRECTION('',(0.,1.,0.));
#125 = ORIENTED_EDGE('',*,*,#126,.F.);
#126 = EDGE_CURVE('',#127,#119,#129,.T.);
#127 = VERTEX_POINT('',#128);
#128 = CARTESIAN_POINT('',(-0.5,0.25,2.E-02));
#129 = CIRCLE('',#130,2.E-02);
#130 = AXIS2_PLACEMENT_3D('',#131,#132,#133);
#131 = CARTESIAN_POINT('',(-0.5,0.23,2.E-02));
#132 = DIRECTION('',(-1.,0.,0.));
#133 = DIRECTION('',(0.,0.,1.));
#134 = ORIENTED_EDGE('',*,*,#135,.T.);
#135 = EDGE_CURVE('',#127,#136,#138,.T.);
#136 = VERTEX_POINT('',#137);
#137 = CARTESIAN_POINT('',(-0.5,0.25,0.48));
#138 = LINE('',#139,#140);
#139 = CARTESIAN_POINT('',(-0.5,0.25,0.));
#140 = VECTOR('',#141,1.);
#141 = DIRECTION('',(0.,0.,1.));
#142 = ORIENTED_EDGE('',*,*,#143,.T.);
#143 = EDGE_CURVE('',#136,#144,#146,.T.);
#144 = VERTEX_POINT('',#145);
#145 = CARTESIAN_POINT('',(-0.5,0.23,0.5));
#146 = CIRCLE('',#147,2.E-02);
#147 = AXIS2_PLACEMENT_3D('',#148,#149,#150);
#148 = CARTESIAN_POINT('',(-0.5,0.23,0.48));
#149 = DIRECTION('',(1.,0.,-0.));
#150 = DIRECTION('',(0.,0.,1.));
#151 = ORIENTED_EDGE('',*,*,#152,.F.);
#152 = EDGE_CURVE('',#153,#144,#155,.T.);
#153 = VERTEX_POINT('',#154);
#154 = CARTESIAN_POINT('',(-0.5,-0.23,0.5));
#155 = LINE('',#156,#157);
#156 = CARTESIAN_POINT('',(-0.5,-0.25,0.5));
#157 = VECTOR('',#158,1.);
#158 = DIRECTION('',(0.,1.,0.));
#159 = ORIENTED_EDGE('',*,*,#160,.F.);
#160 = EDGE_CURVE('',#102,#153,#161,.T.);
#161 = CIRCLE('',#162,2.E-02);
#162 = AXIS2_PLACEMENT_3D('',#163,#164,#165);
#163 = CARTESIAN_POINT('',(-0.5,-0.23,0.48));
#164 = DIRECTION('',(-1.,0.,0.));
#165 = DIRECTION('',(0.,0.,1.));
#166 = PLANE('',#167);
#167 = AXIS2_PLACEMENT_3D('',#168,#169,#170);
#168 = CARTESIAN_POINT('',(-0.5,-0.25,0.));
#169 = DIRECTION('',(1.,0.,0.));
#170 = DIRECTION('',(0.,0.,1.));
#171 = ADVANCED_FACE('',(#172),#197,.F.);
#172 = FACE_BOUND('',#173,.F.);
#173 = EDGE_LOOP('',(#174,#184,#190,#191));
#174 = ORIENTED_EDGE('',*,*,#175,.F.);
#175 = EDGE_CURVE('',#176,#178,#180,.T.);
#176 = VERTEX_POINT('',#177);
#177 = CARTESIAN_POINT('',(-0.3,-0.25,2.E-02));
#178 = VERTEX_POINT('',#179);
#179 = CARTESIAN_POINT('',(-0.3,-0.25,0.48));
#180 = LINE('',#181,#182);
#181 = CARTESIAN_POINT('',(-0.3,-0.25,0.));
#182 = VECTOR('',#183,1.);
#183 = DIRECTION('',(0.,0.,1.));
#184 = ORIENTED_EDGE('',*,*,#185,.F.);
#185 = EDGE_CURVE('',#100,#176,#186,.T.);
#186 = LINE('',#187,#188);
#187 = CARTESIAN_POINT('',(-0.5,-0.25,2.E-02));
#188 = VECTOR('',#189,1.);
#189 = DIRECTION('',(1.,0.,0.));
#190 = ORIENTED_EDGE('',*,*,#99,.T.);
#191 = ORIENTED_EDGE('',*,*,#192,.T.);
#192 = EDGE_CURVE('',#102,#178,#193,.T.);
#193 = LINE('',#194,#195);
#194 = CARTESIAN_POINT('',(-0.5,-0.25,0.48));
#195 = VECTOR('',#196,1.);
#196 = DIRECTION('',(1.,0.,0.));
#197 = PLANE('',#198);
#198 = AXIS2_PLACEMENT_3D('',#199,#200,#201);
#199 = CARTESIAN_POINT('',(-0.5,-0.25,0.));
#200 = DIRECTION('',(0.,1.,0.));
#201 = DIRECTION('',(0.,-0.,1.));
#202 = ADVANCED_FACE('',(#203),#222,.T.);
#203 = FACE_BOUND('',#204,.T.);
#204 = EDGE_LOOP('',(#205,#206,#214,#221));
#205 = ORIENTED_EDGE('',*,*,#109,.T.);
#206 = ORIENTED_EDGE('',*,*,#207,.T.);
#207 = EDGE_CURVE('',#110,#208,#210,.T.);
#208 = VERTEX_POINT('',#209);
#209 = CARTESIAN_POINT('',(-0.3,-0.23,0.));
#210 = LINE('',#211,#212);
#211 = CARTESIAN_POINT('',(-0.5,-0.23,0.));
#212 = VECTOR('',#213,1.);
#213 = DIRECTION('',(1.,0.,0.));
#214 = ORIENTED_EDGE('',*,*,#215,.F.);
#215 = EDGE_CURVE('',#176,#208,#216,.T.);
#216 = CIRCLE('',#217,2.E-02);
#217 = AXIS2_PLACEMENT_3D('',#218,#219,#220);
#218 = CARTESIAN_POINT('',(-0.3,-0.23,2.E-02));
#219 = DIRECTION('',(1.,0.,-0.));
#220 = DIRECTION('',(0.,0.,1.));
#221 = ORIENTED_EDGE('',*,*,#185,.F.);
#222 = CYLINDRICAL_SURFACE('',#223,2.E-02);
#223 = AXIS2_PLACEMENT_3D('',#224,#225,#226);
#224 = CARTESIAN_POINT('',(-0.5,-0.23,2.E-02));
#225 = DIRECTION('',(1.,0.,0.));
#226 = DIRECTION('',(0.,-1.,0.));
#227 = ADVANCED_FACE('',(#228),#247,.T.);
#228 = FACE_BOUND('',#229,.T.);
#229 = EDGE_LOOP('',(#230,#231,#240,#246));
#230 = ORIENTED_EDGE('',*,*,#192,.T.);
#231 = ORIENTED_EDGE('',*,*,#232,.T.);
#232 = EDGE_CURVE('',#178,#233,#235,.T.);
#233 = VERTEX_POINT('',#234);
#234 = CARTESIAN_POINT('',(-0.3,-0.23,0.5));
#235 = CIRCLE('',#236,2.E-02);
#236 = AXIS2_PLACEMENT_3D('',#237,#238,#239);
#237 = CARTESIAN_POINT('',(-0.3,-0.23,0.48));
#238 = DIRECTION('',(-1.,0.,0.));
#239 = DIRECTION('',(0.,0.,1.));
#240 = ORIENTED_EDGE('',*,*,#241,.F.);
#241 = EDGE_CURVE('',#153,#233,#242,.T.);
#242 = LINE('',#243,#244);
#243 = CARTESIAN_POINT('',(-0.5,-0.23,0.5));
#244 = VECTOR('',#245,1.);
#245 = DIRECTION('',(1.,0.,0.));
#246 = ORIENTED_EDGE('',*,*,#160,.F.);
#247 = CYLINDRICAL_SURFACE('',#248,2.E-02);
#248 = AXIS2_PLACEMENT_3D('',#249,#250,#251);
#249 = CARTESIAN_POINT('',(-0.5,-0.23,0.48));
#250 = DIRECTION('',(1.,0.,0.));
#251 = DIRECTION('',(0.,-1.,0.));
#252 = ADVANCED_FACE('',(#253),#271,.F.);
#253 = FACE_BOUND('',#254,.F.);
#254 = EDGE_LOOP('',(#255,#256,#257,#265));
#255 = ORIENTED_EDGE('',*,*,#118,.F.);
#256 = ORIENTED_EDGE('',*,*,#207,.T.);
#257 = ORIENTED_EDGE('',*,*,#258,.T.);
#258 = EDGE_CURVE('',#208,#259,#261,.T.);
#259 = VERTEX_POINT('',#260);
#260 = CARTESIAN_POINT('',(-0.3,0.23,0.));
#261 = LINE('',#262,#263);
#262 = CARTESIAN_POINT('',(-0.3,-0.25,0.));
#263 = VECTOR('',#264,1.);
#264 = DIRECTION('',(0.,1.,0.));
#265 = ORIENTED_EDGE('',*,*,#266,.F.);
#266 = EDGE_CURVE('',#119,#259,#267,.T.);
#267 = LINE('',#268,#269);
#268 = CARTESIAN_POINT('',(-0.5,0.23,0.));
#269 = VECTOR('',#270,1.);
#270 = DIRECTION('',(1.,0.,0.));
#271 = PLANE('',#272);
#272 = AXIS2_PLACEMENT_3D('',#273,#274,#275);
#273 = CARTESIAN_POINT('',(-0.5,-0.25,0.));
#274 = DIRECTION('',(0.,0.,1.));
#275 = DIRECTION('',(1.,0.,-0.));
#276 = ADVANCED_FACE('',(#277),#295,.T.);
#277 = FACE_BOUND('',#278,.T.);
#278 = EDGE_LOOP('',(#279,#280,#281,#289));
#279 = ORIENTED_EDGE('',*,*,#152,.F.);
#280 = ORIENTED_EDGE('',*,*,#241,.T.);
#281 = ORIENTED_EDGE('',*,*,#282,.T.);
#282 = EDGE_CURVE('',#233,#283,#285,.T.);
#283 = VERTEX_POINT('',#284);
#284 = CARTESIAN_POINT('',(-0.3,0.23,0.5));
#285 = LINE('',#286,#287);
#286 = CARTESIAN_POINT('',(-0.3,-0.25,0.5));
#287 = VECTOR('',#288,1.);
#288 = DIRECTION('',(0.,1.,0.));
#289 = ORIENTED_EDGE('',*,*,#290,.F.);
#290 = EDGE_CURVE('',#144,#283,#291,.T.);
#291 = LINE('',#292,#293);
#292 = CARTESIAN_POINT('',(-0.5,0.23,0.5));
#293 = VECTOR('',#294,1.);
#294 = DIRECTION('',(1.,0.,0.));
#295 = PLANE('',#296);
#296 = AXIS2_PLACEMENT_3D('',#297,#298,#299);
#297 = CARTESIAN_POINT('',(-0.5,-0.25,0.5));
#298 = DIRECTION('',(0.,0.,1.));
#299 = DIRECTION('',(1.,0.,-0.));
#300 = ADVANCED_FACE('',(#301),#320,.T.);
#301 = FACE_BOUND('',#302,.T.);
#302 = EDGE_LOOP('',(#303,#311,#318,#319));
#303 = ORIENTED_EDGE('',*,*,#304,.T.);
#304 = EDGE_CURVE('',#127,#305,#307,.T.);
#305 = VERTEX_POINT('',#306);
#306 = CARTESIAN_POINT('',(-0.3,0.25,2.E-02));
#307 = LINE('',#308,#309);
#308 = CARTESIAN_POINT('',(-0.5,0.25,2.E-02));
#309 = VECTOR('',#310,1.);
#310 = DIRECTION('',(1.,0.,0.));
#311 = ORIENTED_EDGE('',*,*,#312,.T.);
#312 = EDGE_CURVE('',#305,#259,#313,.T.);
#313 = CIRCLE('',#314,2.E-02);
#314 = AXIS2_PLACEMENT_3D('',#315,#316,#317);
#315 = CARTESIAN_POINT('',(-0.3,0.23,2.E-02));
#316 = DIRECTION('',(-1.,0.,0.));
#317 = DIRECTION('',(0.,0.,1.));
#318 = ORIENTED_EDGE('',*,*,#266,.F.);
#319 = ORIENTED_EDGE('',*,*,#126,.F.);
#320 = CYLINDRICAL_SURFACE('',#321,2.E-02);
#321 = AXIS2_PLACEMENT_3D('',#322,#323,#324);
#322 = CARTESIAN_POINT('',(-0.5,0.23,2.E-02));
#323 = DIRECTION('',(1.,0.,0.));
#324 = DIRECTION('',(-0.,1.,0.));
#325 = ADVANCED_FACE('',(#326),#345,.T.);
#326 = FACE_BOUND('',#327,.T.);
#327 = EDGE_LOOP('',(#328,#329,#330,#339));
#328 = ORIENTED_EDGE('',*,*,#143,.T.);
#329 = ORIENTED_EDGE('',*,*,#290,.T.);
#330 = ORIENTED_EDGE('',*,*,#331,.F.);
#331 = EDGE_CURVE('',#332,#283,#334,.T.);
#332 = VERTEX_POINT('',#333);
#333 = CARTESIAN_POINT('',(-0.3,0.25,0.48));
#334 = CIRCLE('',#335,2.E-02);
#335 = AXIS2_PLACEMENT_3D('',#336,#337,#338);
#336 = CARTESIAN_POINT('',(-0.3,0.23,0.48));
#337 = DIRECTION('',(1.,0.,-0.));
#338 = DIRECTION('',(0.,0.,1.));
#339 = ORIENTED_EDGE('',*,*,#340,.F.);
#340 = EDGE_CURVE('',#136,#332,#341,.T.);
#341 = LINE('',#342,#343);
#342 = CARTESIAN_POINT('',(-0.5,0.25,0.48));
#343 = VECTOR('',#344,1.);
#344 = DIRECTION('',(1.,0.,0.));
#345 = CYLINDRICAL_SURFACE('',#346,2.E-02);
#346 = AXIS2_PLACEMENT_3D('',#347,#348,#349);
#347 = CARTESIAN_POINT('',(-0.5,0.23,0.48));
#348 = DIRECTION('',(1.,0.,0.));
#349 = DIRECTION('',(-0.,1.,0.));
#350 = ADVANCED_FACE('',(#351),#362,.T.);
#351 = FACE_BOUND('',#352,.T.);
#352 = EDGE_LOOP('',(#353,#359,#360,#361));
#353 = ORIENTED_EDGE('',*,*,#354,.F.);
#354 = EDGE_CURVE('',#305,#332,#355,.T.);
#355 = LINE('',#356,#357);
#356 = CARTESIAN_POINT('',(-0.3,0.25,0.));
#357 = VECTOR('',#358,1.);
#358 = DIRECTION('',(0.,0.,1.));
#359 = ORIENTED_EDGE('',*,*,#304,.F.);
#360 = ORIENTED_EDGE('',*,*,#135,.T.);
#361 = ORIENTED_EDGE('',*,*,#340,.T.);
#362 = PLANE('',#363);
#363 = AXIS2_PLACEMENT_3D('',#364,#365,#366);
#364 = CARTESIAN_POINT('',(-0.5,0.25,0.));
#365 = DIRECTION('',(0.,1.,0.));
#366 = DIRECTION('',(0.,-0.,1.));
#367 = ADVANCED_FACE('',(#368,#378),#448,.T.);
#368 = FACE_BOUND('',#369,.T.);
#369 = EDGE_LOOP('',(#370,#371,#372,#373,#374,#375,#376,#377));
#370 = ORIENTED_EDGE('',*,*,#175,.F.);
#371 = ORIENTED_EDGE('',*,*,#215,.T.);
#372 = ORIENTED_EDGE('',*,*,#258,.T.);
#373 = ORIENTED_EDGE('',*,*,#312,.F.);
#374 = ORIENTED_EDGE('',*,*,#354,.T.);
#375 = ORIENTED_EDGE('',*,*,#331,.T.);
#376 = ORIENTED_EDGE('',*,*,#282,.F.);
#377 = ORIENTED_EDGE('',*,*,#232,.F.);
#378 = FACE_BOUND('',#379,.T.);
#379 = EDGE_LOOP('',(#380,#391,#399,#408,#416,#425,#433,#442));
#380 = ORIENTED_EDGE('',*,*,#381,.F.);
#381 = EDGE_CURVE('',#382,#384,#386,.T.);
#382 = VERTEX_POINT('',#383);
#383 = CARTESIAN_POINT('',(-0.3,-0.23,4.E-02));
#384 = VERTEX_POINT('',#385);
#385 = CARTESIAN_POINT('',(-0.3,-0.21,2.E-02));
#386 = CIRCLE('',#387,2.E-02);
#387 = AXIS2_PLACEMENT_3D('',#388,#389,#390);
#388 = CARTESIAN_POINT('',(-0.3,-0.21,4.E-02));
#389 = DIRECTION('',(1.,0.,-0.));
#390 = DIRECTION('',(0.,0.,1.));
#391 = ORIENTED_EDGE('',*,*,#392,.T.);
#392 = EDGE_CURVE('',#382,#393,#395,.T.);
#393 = VERTEX_POINT('',#394);
#394 = CARTESIAN_POINT('',(-0.3,-0.23,0.46));
#395 = LINE('',#396,#397);
#396 = CARTESIAN_POINT('',(-0.3,-0.23,2.E-02));
#397 = VECTOR('',#398,1.);
#398 = DIRECTION('',(0.,0.,1.));
#399 = ORIENTED_EDGE('',*,*,#400,.T.);
#400 = EDGE_CURVE('',#393,#401,#403,.T.);
#401 = VERTEX_POINT('',#402);
#402 = CARTESIAN_POINT('',(-0.3,-0.21,0.48));
#403 = CIRCLE('',#404,2.E-02);
#404 = AXIS2_PLACEMENT_3D('',#405,#406,#407);
#405 = CARTESIAN_POINT('',(-0.3,-0.21,0.46));
#406 = DIRECTION('',(-1.,0.,0.));
#407 = DIRECTION('',(0.,0.,1.));
#408 = ORIENTED_EDGE('',*,*,#409,.T.);
#409 = EDGE_CURVE('',#401,#410,#412,.T.);
#410 = VERTEX_POINT('',#411);
#411 = CARTESIAN_POINT('',(-0.3,0.21,0.48));
#412 = LINE('',#413,#414);
#413 = CARTESIAN_POINT('',(-0.3,-0.23,0.48));
#414 = VECTOR('',#415,1.);
#415 = DIRECTION('',(0.,1.,0.));
#416 = ORIENTED_EDGE('',*,*,#417,.F.);
#417 = EDGE_CURVE('',#418,#410,#420,.T.);
#418 = VERTEX_POINT('',#419);
#419 = CARTESIAN_POINT('',(-0.3,0.23,0.46));
#420 = CIRCLE('',#421,2.E-02);
#421 = AXIS2_PLACEMENT_3D('',#422,#423,#424);
#422 = CARTESIAN_POINT('',(-0.3,0.21,0.46));
#423 = DIRECTION('',(1.,0.,-0.));
#424 = DIRECTION('',(0.,0.,1.));
#425 = ORIENTED_EDGE('',*,*,#426,.F.);
#426 = EDGE_CURVE('',#427,#418,#429,.T.);
#427 = VERTEX_POINT('',#428);
#428 = CARTESIAN_POINT('',(-0.3,0.23,4.E-02));
#429 = LINE('',#430,#431);
#430 = CARTESIAN_POINT('',(-0.3,0.23,2.E-02));
#431 = VECTOR('',#432,1.);
#432 = DIRECTION('',(0.,0.,1.));
#433 = ORIENTED_EDGE('',*,*,#434,.T.);
#434 = EDGE_CURVE('',#427,#435,#437,.T.);
#435 = VERTEX_POINT('',#436);
#436 = CARTESIAN_POINT('',(-0.3,0.21,2.E-02));
#437 = CIRCLE('',#438,2.E-02);
#438 = AXIS2_PLACEMENT_3D('',#439,#440,#441);
#439 = CARTESIAN_POINT('',(-0.3,0.21,4.E-02));
#440 = DIRECTION('',(-1.,0.,0.));
#441 = DIRECTION('',(0.,0.,1.));
#442 = ORIENTED_EDGE('',*,*,#443,.F.);
#443 = EDGE_CURVE('',#384,#435,#444,.T.);
#444 = LINE('',#445,#446);
#445 = CARTESIAN_POINT('',(-0.3,-0.23,2.E-02));
#446 = VECTOR('',#447,1.);
#447 = DIRECTION('',(0.,1.,0.));
#448 = PLANE('',#449);
#449 = AXIS2_PLACEMENT_3D('',#450,#451,#452);
#450 = CARTESIAN_POINT('',(-0.3,-0.25,0.));
#451 = DIRECTION('',(1.,0.,0.));
#452 = DIRECTION('',(0.,0.,1.));
#453 = ADVANCED_FACE('',(#454),#480,.T.);
#454 = FACE_BOUND('',#455,.T.);
#455 = EDGE_LOOP('',(#456,#457,#465,#474));
#456 = ORIENTED_EDGE('',*,*,#381,.T.);
#457 = ORIENTED_EDGE('',*,*,#458,.T.);
#458 = EDGE_CURVE('',#384,#459,#461,.T.);
#459 = VERTEX_POINT('',#460);
#460 = CARTESIAN_POINT('',(0.3,-0.21,2.E-02));
#461 = LINE('',#462,#463);
#462 = CARTESIAN_POINT('',(-0.3,-0.21,2.E-02));
#463 = VECTOR('',#464,1.);
#464 = DIRECTION('',(1.,0.,0.));
#465 = ORIENTED_EDGE('',*,*,#466,.F.);
#466 = EDGE_CURVE('',#467,#459,#469,.T.);
#467 = VERTEX_POINT('',#468);
#468 = CARTESIAN_POINT('',(0.3,-0.23,4.E-02));
#469 = CIRCLE('',#470,2.E-02);
#470 = AXIS2_PLACEMENT_3D('',#471,#472,#473);
#471 = CARTESIAN_POINT('',(0.3,-0.21,4.E-02));
#472 = DIRECTION('',(1.,0.,-0.));
#473 = DIRECTION('',(0.,0.,1.));
#474 = ORIENTED_EDGE('',*,*,#475,.F.);
#475 = EDGE_CURVE('',#382,#467,#476,.T.);
#476 = LINE('',#477,#478);
#477 = CARTESIAN_POINT('',(-0.3,-0.23,4.E-02));
#478 = VECTOR('',#479,1.);
#479 = DIRECTION('',(1.,0.,0.));
#480 = CYLINDRICAL_SURFACE('',#481,2.E-02);
#481 = AXIS2_PLACEMENT_3D('',#482,#483,#484);
#482 = CARTESIAN_POINT('',(-0.3,-0.21,4.E-02));
#483 = DIRECTION('',(1.,0.,0.));
#484 = DIRECTION('',(0.,-1.,0.));
#485 = ADVANCED_FACE('',(#486),#504,.F.);
#486 = FACE_BOUND('',#487,.F.);
#487 = EDGE_LOOP('',(#488,#489,#490,#498));
#488 = ORIENTED_EDGE('',*,*,#443,.F.);
#489 = ORIENTED_EDGE('',*,*,#458,.T.);
#490 = ORIENTED_EDGE('',*,*,#491,.T.);
#491 = EDGE_CURVE('',#459,#492,#494,.T.);
#492 = VERTEX_POINT('',#493);
#493 = CARTESIAN_POINT('',(0.3,0.21,2.E-02));
#494 = LINE('',#495,#496);
#495 = CARTESIAN_POINT('',(0.3,-0.23,2.E-02));
#496 = VECTOR('',#497,1.);
#497 = DIRECTION('',(0.,1.,0.));
#498 = ORIENTED_EDGE('',*,*,#499,.F.);
#499 = EDGE_CURVE('',#435,#492,#500,.T.);
#500 = LINE('',#501,#502);
#501 = CARTESIAN_POINT('',(-0.3,0.21,2.E-02));
#502 = VECTOR('',#503,1.);
#503 = DIRECTION('',(1.,0.,0.));
#504 = PLANE('',#505);
#505 = AXIS2_PLACEMENT_3D('',#506,#507,#508);
#506 = CARTESIAN_POINT('',(-0.3,-0.23,2.E-02));
#507 = DIRECTION('',(0.,0.,1.));
#508 = DIRECTION('',(1.,0.,-0.));
#509 = ADVANCED_FACE('',(#510),#529,.T.);
#510 = FACE_BOUND('',#511,.T.);
#511 = EDGE_LOOP('',(#512,#520,#527,#528));
#512 = ORIENTED_EDGE('',*,*,#513,.T.);
#513 = EDGE_CURVE('',#427,#514,#516,.T.);
#514 = VERTEX_POINT('',#515);
#515 = CARTESIAN_POINT('',(0.3,0.23,4.E-02));
#516 = LINE('',#517,#518);
#517 = CARTESIAN_POINT('',(-0.3,0.23,4.E-02));
#518 = VECTOR('',#519,1.);
#519 = DIRECTION('',(1.,0.,0.));
#520 = ORIENTED_EDGE('',*,*,#521,.T.);
#521 = EDGE_CURVE('',#514,#492,#522,.T.);
#522 = CIRCLE('',#523,2.E-02);
#523 = AXIS2_PLACEMENT_3D('',#524,#525,#526);
#524 = CARTESIAN_POINT('',(0.3,0.21,4.E-02));
#525 = DIRECTION('',(-1.,0.,0.));
#526 = DIRECTION('',(0.,0.,1.));
#527 = ORIENTED_EDGE('',*,*,#499,.F.);
#528 = ORIENTED_EDGE('',*,*,#434,.F.);
#529 = CYLINDRICAL_SURFACE('',#530,2.E-02);
#530 = AXIS2_PLACEMENT_3D('',#531,#532,#533);
#531 = CARTESIAN_POINT('',(-0.3,0.21,4.E-02));
#532 = DIRECTION('',(1.,0.,0.));
#533 = DIRECTION('',(-0.,1.,0.));
#534 = ADVANCED_FACE('',(#535),#553,.T.);
#535 = FACE_BOUND('',#536,.T.);
#536 = EDGE_LOOP('',(#537,#545,#546,#547));
#537 = ORIENTED_EDGE('',*,*,#538,.F.);
#538 = EDGE_CURVE('',#514,#539,#541,.T.);
#539 = VERTEX_POINT('',#540);
#540 = CARTESIAN_POINT('',(0.3,0.23,0.46));
#541 = LINE('',#542,#543);
#542 = CARTESIAN_POINT('',(0.3,0.23,2.E-02));
#543 = VECTOR('',#544,1.);
#544 = DIRECTION('',(0.,0.,1.));
#545 = ORIENTED_EDGE('',*,*,#513,.F.);
#546 = ORIENTED_EDGE('',*,*,#426,.T.);
#547 = ORIENTED_EDGE('',*,*,#548,.T.);
#548 = EDGE_CURVE('',#418,#539,#549,.T.);
#549 = LINE('',#550,#551);
#550 = CARTESIAN_POINT('',(-0.3,0.23,0.46));
#551 = VECTOR('',#552,1.);
#552 = DIRECTION('',(1.,0.,0.));
#553 = PLANE('',#554);
#554 = AXIS2_PLACEMENT_3D('',#555,#556,#557);
#555 = CARTESIAN_POINT('',(-0.3,0.23,2.E-02));
#556 = DIRECTION('',(0.,1.,0.));
#557 = DIRECTION('',(0.,-0.,1.));
#558 = ADVANCED_FACE('',(#559),#578,.T.);
#559 = FACE_BOUND('',#560,.T.);
#560 = EDGE_LOOP('',(#561,#562,#570,#577));
#561 = ORIENTED_EDGE('',*,*,#417,.T.);
#562 = ORIENTED_EDGE('',*,*,#563,.T.);
#563 = EDGE_CURVE('',#410,#564,#566,.T.);
#564 = VERTEX_POINT('',#565);
#565 = CARTESIAN_POINT('',(0.3,0.21,0.48));
#566 = LINE('',#567,#568);
#567 = CARTESIAN_POINT('',(-0.3,0.21,0.48));
#568 = VECTOR('',#569,1.);
#569 = DIRECTION('',(1.,0.,0.));
#570 = ORIENTED_EDGE('',*,*,#571,.F.);
#571 = EDGE_CURVE('',#539,#564,#572,.T.);
#572 = CIRCLE('',#573,2.E-02);
#573 = AXIS2_PLACEMENT_3D('',#574,#575,#576);
#574 = CARTESIAN_POINT('',(0.3,0.21,0.46));
#575 = DIRECTION('',(1.,0.,-0.));
#576 = DIRECTION('',(0.,0.,1.));
#577 = ORIENTED_EDGE('',*,*,#548,.F.);
#578 = CYLINDRICAL_SURFACE('',#579,2.E-02);
#579 = AXIS2_PLACEMENT_3D('',#580,#581,#582);
#580 = CARTESIAN_POINT('',(-0.3,0.21,0.46));
#581 = DIRECTION('',(1.,0.,0.));
#582 = DIRECTION('',(-0.,1.,0.));
#583 = ADVANCED_FACE('',(#584),#602,.T.);
#584 = FACE_BOUND('',#585,.T.);
#585 = EDGE_LOOP('',(#586,#587,#595,#601));
#586 = ORIENTED_EDGE('',*,*,#409,.F.);
#587 = ORIENTED_EDGE('',*,*,#588,.T.);
#588 = EDGE_CURVE('',#401,#589,#591,.T.);
#589 = VERTEX_POINT('',#590);
#590 = CARTESIAN_POINT('',(0.3,-0.21,0.48));
#591 = LINE('',#592,#593);
#592 = CARTESIAN_POINT('',(-0.3,-0.21,0.48));
#593 = VECTOR('',#594,1.);
#594 = DIRECTION('',(1.,0.,0.));
#595 = ORIENTED_EDGE('',*,*,#596,.T.);
#596 = EDGE_CURVE('',#589,#564,#597,.T.);
#597 = LINE('',#598,#599);
#598 = CARTESIAN_POINT('',(0.3,-0.23,0.48));
#599 = VECTOR('',#600,1.);
#600 = DIRECTION('',(0.,1.,0.));
#601 = ORIENTED_EDGE('',*,*,#563,.F.);
#602 = PLANE('',#603);
#603 = AXIS2_PLACEMENT_3D('',#604,#605,#606);
#604 = CARTESIAN_POINT('',(-0.3,-0.23,0.48));
#605 = DIRECTION('',(0.,0.,1.));
#606 = DIRECTION('',(1.,0.,-0.));
#607 = ADVANCED_FACE('',(#608),#627,.T.);
#608 = FACE_BOUND('',#609,.T.);
#609 = EDGE_LOOP('',(#610,#618,#625,#626));
#610 = ORIENTED_EDGE('',*,*,#611,.T.);
#611 = EDGE_CURVE('',#393,#612,#614,.T.);
#612 = VERTEX_POINT('',#613);
#613 = CARTESIAN_POINT('',(0.3,-0.23,0.46));
#614 = LINE('',#615,#616);
#615 = CARTESIAN_POINT('',(-0.3,-0.23,0.46));
#616 = VECTOR('',#617,1.);
#617 = DIRECTION('',(1.,0.,0.));
#618 = ORIENTED_EDGE('',*,*,#619,.T.);
#619 = EDGE_CURVE('',#612,#589,#620,.T.);
#620 = CIRCLE('',#621,2.E-02);
#621 = AXIS2_PLACEMENT_3D('',#622,#623,#624);
#622 = CARTESIAN_POINT('',(0.3,-0.21,0.46));
#623 = DIRECTION('',(-1.,0.,0.));
#624 = DIRECTION('',(0.,0.,1.));
#625 = ORIENTED_EDGE('',*,*,#588,.F.);
#626 = ORIENTED_EDGE('',*,*,#400,.F.);
#627 = CYLINDRICAL_SURFACE('',#628,2.E-02);
#628 = AXIS2_PLACEMENT_3D('',#629,#630,#631);
#629 = CARTESIAN_POINT('',(-0.3,-0.21,0.46));
#630 = DIRECTION('',(1.,0.,0.));
#631 = DIRECTION('',(0.,-1.,0.));
#632 = ADVANCED_FACE('',(#633),#644,.F.);
#633 = FACE_BOUND('',#634,.F.);
#634 = EDGE_LOOP('',(#635,#641,#642,#643));
#635 = ORIENTED_EDGE('',*,*,#636,.F.);
#636 = EDGE_CURVE('',#467,#612,#637,.T.);
#637 = LINE('',#638,#639);
#638 = CARTESIAN_POINT('',(0.3,-0.23,2.E-02));
#639 = VECTOR('',#640,1.);
#640 = DIRECTION('',(0.,0.,1.));
#641 = ORIENTED_EDGE('',*,*,#475,.F.);
#642 = ORIENTED_EDGE('',*,*,#392,.T.);
#643 = ORIENTED_EDGE('',*,*,#611,.T.);
#644 = PLANE('',#645);
#645 = AXIS2_PLACEMENT_3D('',#646,#647,#648);
#646 = CARTESIAN_POINT('',(-0.3,-0.23,2.E-02));
#647 = DIRECTION('',(0.,1.,0.));
#648 = DIRECTION('',(0.,-0.,1.));
#649 = ADVANCED_FACE('',(#650,#720),#730,.F.);
#650 = FACE_BOUND('',#651,.F.);
#651 = EDGE_LOOP('',(#652,#662,#671,#679,#688,#696,#705,#713));
#652 = ORIENTED_EDGE('',*,*,#653,.F.);
#653 = EDGE_CURVE('',#654,#656,#658,.T.);
#654 = VERTEX_POINT('',#655);
#655 = CARTESIAN_POINT('',(0.3,-0.25,2.E-02));
#656 = VERTEX_POINT('',#657);
#657 = CARTESIAN_POINT('',(0.3,-0.25,0.48));
#658 = LINE('',#659,#660);
#659 = CARTESIAN_POINT('',(0.3,-0.25,0.));
#660 = VECTOR('',#661,1.);
#661 = DIRECTION('',(0.,0.,1.));
#662 = ORIENTED_EDGE('',*,*,#663,.T.);
#663 = EDGE_CURVE('',#654,#664,#666,.T.);
#664 = VERTEX_POINT('',#665);
#665 = CARTESIAN_POINT('',(0.3,-0.23,0.));
#666 = CIRCLE('',#667,2.E-02);
#667 = AXIS2_PLACEMENT_3D('',#668,#669,#670);
#668 = CARTESIAN_POINT('',(0.3,-0.23,2.E-02));
#669 = DIRECTION('',(1.,0.,-0.));
#670 = DIRECTION('',(0.,0.,1.));
#671 = ORIENTED_EDGE('',*,*,#672,.T.);
#672 = EDGE_CURVE('',#664,#673,#675,.T.);
#673 = VERTEX_POINT('',#674);
#674 = CARTESIAN_POINT('',(0.3,0.23,0.));
#675 = LINE('',#676,#677);
#676 = CARTESIAN_POINT('',(0.3,-0.25,0.));
#677 = VECTOR('',#678,1.);
#678 = DIRECTION('',(0.,1.,0.));
#679 = ORIENTED_EDGE('',*,*,#680,.F.);
#680 = EDGE_CURVE('',#681,#673,#683,.T.);
#681 = VERTEX_POINT('',#682);
#682 = CARTESIAN_POINT('',(0.3,0.25,2.E-02));
#683 = CIRCLE('',#684,2.E-02);
#684 = AXIS2_PLACEMENT_3D('',#685,#686,#687);
#685 = CARTESIAN_POINT('',(0.3,0.23,2.E-02));
#686 = DIRECTION('',(-1.,0.,0.));
#687 = DIRECTION('',(0.,0.,1.));
#688 = ORIENTED_EDGE('',*,*,#689,.T.);
#689 = EDGE_CURVE('',#681,#690,#692,.T.);
#690 = VERTEX_POINT('',#691);
#691 = CARTESIAN_POINT('',(0.3,0.25,0.48));
#692 = LINE('',#693,#694);
#693 = CARTESIAN_POINT('',(0.3,0.25,0.));
#694 = VECTOR('',#695,1.);
#695 = DIRECTION('',(0.,0.,1.));
#696 = ORIENTED_EDGE('',*,*,#697,.T.);
#697 = EDGE_CURVE('',#690,#698,#700,.T.);
#698 = VERTEX_POINT('',#699);
#699 = CARTESIAN_POINT('',(0.3,0.23,0.5));
#700 = CIRCLE('',#701,2.E-02);
#701 = AXIS2_PLACEMENT_3D('',#702,#703,#704);
#702 = CARTESIAN_POINT('',(0.3,0.23,0.48));
#703 = DIRECTION('',(1.,0.,-0.));
#704 = DIRECTION('',(0.,0.,1.));
#705 = ORIENTED_EDGE('',*,*,#706,.F.);
#706 = EDGE_CURVE('',#707,#698,#709,.T.);
#707 = VERTEX_POINT('',#708);
#708 = CARTESIAN_POINT('',(0.3,-0.23,0.5));
#709 = LINE('',#710,#711);
#710 = CARTESIAN_POINT('',(0.3,-0.25,0.5));
#711 = VECTOR('',#712,1.);
#712 = DIRECTION('',(0.,1.,0.));
#713 = ORIENTED_EDGE('',*,*,#714,.F.);
#714 = EDGE_CURVE('',#656,#707,#715,.T.);
#715 = CIRCLE('',#716,2.E-02);
#716 = AXIS2_PLACEMENT_3D('',#717,#718,#719);
#717 = CARTESIAN_POINT('',(0.3,-0.23,0.48));
#718 = DIRECTION('',(-1.,0.,0.));
#719 = DIRECTION('',(0.,0.,1.));
#720 = FACE_BOUND('',#721,.F.);
#721 = EDGE_LOOP('',(#722,#723,#724,#725,#726,#727,#728,#729));
#722 = ORIENTED_EDGE('',*,*,#466,.F.);
#723 = ORIENTED_EDGE('',*,*,#636,.T.);
#724 = ORIENTED_EDGE('',*,*,#619,.T.);
#725 = ORIENTED_EDGE('',*,*,#596,.T.);
#726 = ORIENTED_EDGE('',*,*,#571,.F.);
#727 = ORIENTED_EDGE('',*,*,#538,.F.);
#728 = ORIENTED_EDGE('',*,*,#521,.T.);
#729 = ORIENTED_EDGE('',*,*,#491,.F.);
#730 = PLANE('',#731);
#731 = AXIS2_PLACEMENT_3D('',#732,#733,#734);
#732 = CARTESIAN_POINT('',(0.3,-0.25,0.));
#733 = DIRECTION('',(1.,0.,0.));
#734 = DIRECTION('',(0.,0.,1.));
#735 = ADVANCED_FACE('',(#736),#761,.F.);
#736 = FACE_BOUND('',#737,.F.);
#737 = EDGE_LOOP('',(#738,#748,#754,#755));
#738 = ORIENTED_EDGE('',*,*,#739,.F.);
#739 = EDGE_CURVE('',#740,#742,#744,.T.);
#740 = VERTEX_POINT('',#741);
#741 = CARTESIAN_POINT('',(0.5,-0.25,2.E-02));
#742 = VERTEX_POINT('',#743);
#743 = CARTESIAN_POINT('',(0.5,-0.25,0.48));
#744 = LINE('',#745,#746);
#745 = CARTESIAN_POINT('',(0.5,-0.25,0.));
#746 = VECTOR('',#747,1.);
#747 = DIRECTION('',(0.,0.,1.));
#748 = ORIENTED_EDGE('',*,*,#749,.F.);
#749 = EDGE_CURVE('',#654,#740,#750,.T.);
#750 = LINE('',#751,#752);
#751 = CARTESIAN_POINT('',(0.3,-0.25,2.E-02));
#752 = VECTOR('',#753,1.);
#753 = DIRECTION('',(1.,0.,0.));
#754 = ORIENTED_EDGE('',*,*,#653,.T.);
#755 = ORIENTED_EDGE('',*,*,#756,.T.);
#756 = EDGE_CURVE('',#656,#742,#757,.T.);
#757 = LINE('',#758,#759);
#758 = CARTESIAN_POINT('',(0.3,-0.25,0.48));
#759 = VECTOR('',#760,1.);
#760 = DIRECTION('',(1.,0.,0.));
#761 = PLANE('',#762);
#762 = AXIS2_PLACEMENT_3D('',#763,#764,#765);
#763 = CARTESIAN_POINT('',(0.3,-0.25,0.));
#764 = DIRECTION('',(0.,1.,0.));
#765 = DIRECTION('',(0.,-0.,1.));
#766 = ADVANCED_FACE('',(#767),#786,.T.);
#767 = FACE_BOUND('',#768,.T.);
#768 = EDGE_LOOP('',(#769,#770,#778,#785));
#769 = ORIENTED_EDGE('',*,*,#663,.T.);
#770 = ORIENTED_EDGE('',*,*,#771,.T.);
#771 = EDGE_CURVE('',#664,#772,#774,.T.);
#772 = VERTEX_POINT('',#773);
#773 = CARTESIAN_POINT('',(0.5,-0.23,0.));
#774 = LINE('',#775,#776);
#775 = CARTESIAN_POINT('',(0.3,-0.23,0.));
#776 = VECTOR('',#777,1.);
#777 = DIRECTION('',(1.,0.,0.));
#778 = ORIENTED_EDGE('',*,*,#779,.F.);
#779 = EDGE_CURVE('',#740,#772,#780,.T.);
#780 = CIRCLE('',#781,2.E-02);
#781 = AXIS2_PLACEMENT_3D('',#782,#783,#784);
#782 = CARTESIAN_POINT('',(0.5,-0.23,2.E-02));
#783 = DIRECTION('',(1.,0.,-0.));
#784 = DIRECTION('',(0.,0.,1.));
#785 = ORIENTED_EDGE('',*,*,#749,.F.);
#786 = CYLINDRICAL_SURFACE('',#787,2.E-02);
#787 = AXIS2_PLACEMENT_3D('',#788,#789,#790);
#788 = CARTESIAN_POINT('',(0.3,-0.23,2.E-02));
#789 = DIRECTION('',(1.,0.,0.));
#790 = DIRECTION('',(0.,-1.,0.));
#791 = ADVANCED_FACE('',(#792),#811,.T.);
#792 = FACE_BOUND('',#793,.T.);
#793 = EDGE_LOOP('',(#794,#795,#804,#810));
#794 = ORIENTED_EDGE('',*,*,#756,.T.);
#795 = ORIENTED_EDGE('',*,*,#796,.T.);
#796 = EDGE_CURVE('',#742,#797,#799,.T.);
#797 = VERTEX_POINT('',#798);
#798 = CARTESIAN_POINT('',(0.5,-0.23,0.5));
#799 = CIRCLE('',#800,2.E-02);
#800 = AXIS2_PLACEMENT_3D('',#801,#802,#803);
#801 = CARTESIAN_POINT('',(0.5,-0.23,0.48));
#802 = DIRECTION('',(-1.,0.,0.));
#803 = DIRECTION('',(0.,0.,1.));
#804 = ORIENTED_EDGE('',*,*,#805,.F.);
#805 = EDGE_CURVE('',#707,#797,#806,.T.);
#806 = LINE('',#807,#808);
#807 = CARTESIAN_POINT('',(0.3,-0.23,0.5));
#808 = VECTOR('',#809,1.);
#809 = DIRECTION('',(1.,0.,0.));
#810 = ORIENTED_EDGE('',*,*,#714,.F.);
#811 = CYLINDRICAL_SURFACE('',#812,2.E-02);
#812 = AXIS2_PLACEMENT_3D('',#813,#814,#815);
#813 = CARTESIAN_POINT('',(0.3,-0.23,0.48));
#814 = DIRECTION('',(1.,0.,0.));
#815 = DIRECTION('',(0.,-1.,0.));
#816 = ADVANCED_FACE('',(#817),#835,.F.);
#817 = FACE_BOUND('',#818,.F.);
#818 = EDGE_LOOP('',(#819,#820,#821,#829));
#819 = ORIENTED_EDGE('',*,*,#672,.F.);
#820 = ORIENTED_EDGE('',*,*,#771,.T.);
#821 = ORIENTED_EDGE('',*,*,#822,.T.);
#822 = EDGE_CURVE('',#772,#823,#825,.T.);
#823 = VERTEX_POINT('',#824);
#824 = CARTESIAN_POINT('',(0.5,0.23,0.));
#825 = LINE('',#826,#827);
#826 = CARTESIAN_POINT('',(0.5,-0.25,0.));
#827 = VECTOR('',#828,1.);
#828 = DIRECTION('',(0.,1.,0.));
#829 = ORIENTED_EDGE('',*,*,#830,.F.);
#830 = EDGE_CURVE('',#673,#823,#831,.T.);
#831 = LINE('',#832,#833);
#832 = CARTESIAN_POINT('',(0.3,0.23,0.));
#833 = VECTOR('',#834,1.);
#834 = DIRECTION('',(1.,0.,0.));
#835 = PLANE('',#836);
#836 = AXIS2_PLACEMENT_3D('',#837,#838,#839);
#837 = CARTESIAN_POINT('',(0.3,-0.25,0.));
#838 = DIRECTION('',(0.,0.,1.));
#839 = DIRECTION('',(1.,0.,-0.));
#840 = ADVANCED_FACE('',(#841),#859,.T.);
#841 = FACE_BOUND('',#842,.T.);
#842 = EDGE_LOOP('',(#843,#844,#845,#853));
#843 = ORIENTED_EDGE('',*,*,#706,.F.);
#844 = ORIENTED_EDGE('',*,*,#805,.T.);
#845 = ORIENTED_EDGE('',*,*,#846,.T.);
#846 = EDGE_CURVE('',#797,#847,#849,.T.);
#847 = VERTEX_POINT('',#848);
#848 = CARTESIAN_POINT('',(0.5,0.23,0.5));
#849 = LINE('',#850,#851);
#850 = CARTESIAN_POINT('',(0.5,-0.25,0.5));
#851 = VECTOR('',#852,1.);
#852 = DIRECTION('',(0.,1.,0.));
#853 = ORIENTED_EDGE('',*,*,#854,.F.);
#854 = EDGE_CURVE('',#698,#847,#855,.T.);
#855 = LINE('',#856,#857);
#856 = CARTESIAN_POINT('',(0.3,0.23,0.5));
#857 = VECTOR('',#858,1.);
#858 = DIRECTION('',(1.,0.,0.));
#859 = PLANE('',#860);
#860 = AXIS2_PLACEMENT_3D('',#861,#862,#863);
#861 = CARTESIAN_POINT('',(0.3,-0.25,0.5));
#862 = DIRECTION('',(0.,0.,1.));
#863 = DIRECTION('',(1.,0.,-0.));
#864 = ADVANCED_FACE('',(#865),#884,.T.);
#865 = FACE_BOUND('',#866,.T.);
#866 = EDGE_LOOP('',(#867,#875,#882,#883));
#867 = ORIENTED_EDGE('',*,*,#868,.T.);
#868 = EDGE_CURVE('',#681,#869,#871,.T.);
#869 = VERTEX_POINT('',#870);
#870 = CARTESIAN_POINT('',(0.5,0.25,2.E-02));
#871 = LINE('',#872,#873);
#872 = CARTESIAN_POINT('',(0.3,0.25,2.E-02));
#873 = VECTOR('',#874,1.);
#874 = DIRECTION('',(1.,0.,0.));
#875 = ORIENTED_EDGE('',*,*,#876,.T.);
#876 = EDGE_CURVE('',#869,#823,#877,.T.);
#877 = CIRCLE('',#878,2.E-02);
#878 = AXIS2_PLACEMENT_3D('',#879,#880,#881);
#879 = CARTESIAN_POINT('',(0.5,0.23,2.E-02));
#880 = DIRECTION('',(-1.,0.,0.));
#881 = DIRECTION('',(0.,0.,1.));
#882 = ORIENTED_EDGE('',*,*,#830,.F.);
#883 = ORIENTED_EDGE('',*,*,#680,.F.);
#884 = CYLINDRICAL_SURFACE('',#885,2.E-02);
#885 = AXIS2_PLACEMENT_3D('',#886,#887,#888);
#886 = CARTESIAN_POINT('',(0.3,0.23,2.E-02));
#887 = DIRECTION('',(1.,0.,0.));
#888 = DIRECTION('',(-0.,1.,0.));
#889 = ADVANCED_FACE('',(#890),#909,.T.);
#890 = FACE_BOUND('',#891,.T.);
#891 = EDGE_LOOP('',(#892,#893,#894,#903));
#892 = ORIENTED_EDGE('',*,*,#697,.T.);
#893 = ORIENTED_EDGE('',*,*,#854,.T.);
#894 = ORIENTED_EDGE('',*,*,#895,.F.);
#895 = EDGE_CURVE('',#896,#847,#898,.T.);
#896 = VERTEX_POINT('',#897);
#897 = CARTESIAN_POINT('',(0.5,0.25,0.48));
#898 = CIRCLE('',#899,2.E-02);
#899 = AXIS2_PLACEMENT_3D('',#900,#901,#902);
#900 = CARTESIAN_POINT('',(0.5,0.23,0.48));
#901 = DIRECTION('',(1.,0.,-0.));
#902 = DIRECTION('',(0.,0.,1.));
#903 = ORIENTED_EDGE('',*,*,#904,.F.);
#904 = EDGE_CURVE('',#690,#896,#905,.T.);
#905 = LINE('',#906,#907);
#906 = CARTESIAN_POINT('',(0.3,0.25,0.48));
#907 = VECTOR('',#908,1.);
#908 = DIRECTION('',(1.,0.,0.));
#909 = CYLINDRICAL_SURFACE('',#910,2.E-02);
#910 = AXIS2_PLACEMENT_3D('',#911,#912,#913);
#911 = CARTESIAN_POINT('',(0.3,0.23,0.48));
#912 = DIRECTION('',(1.,0.,0.));
#913 = DIRECTION('',(-0.,1.,0.));
#914 = ADVANCED_FACE('',(#915),#926,.T.);
#915 = FACE_BOUND('',#916,.T.);
#916 = EDGE_LOOP('',(#917,#923,#924,#925));
#917 = ORIENTED_EDGE('',*,*,#918,.F.);
#918 = EDGE_CURVE('',#869,#896,#919,.T.);
#919 = LINE('',#920,#921);
#920 = CARTESIAN_POINT('',(0.5,0.25,0.));
#921 = VECTOR('',#922,1.);
#922 = DIRECTION('',(0.,0.,1.));
#923 = ORIENTED_EDGE('',*,*,#868,.F.);
#924 = ORIENTED_EDGE('',*,*,#689,.T.);
#925 = ORIENTED_EDGE('',*,*,#904,.T.);
#926 = PLANE('',#927);
#927 = AXIS2_PLACEMENT_3D('',#928,#929,#930);
#928 = CARTESIAN_POINT('',(0.3,0.25,0.));
#929 = DIRECTION('',(0.,1.,0.));
#930 = DIRECTION('',(0.,-0.,1.));
#931 = ADVANCED_FACE('',(#932),#942,.T.);
#932 = FACE_BOUND('',#933,.T.);
#933 = EDGE_LOOP('',(#934,#935,#936,#937,#938,#939,#940,#941));
#934 = ORIENTED_EDGE('',*,*,#739,.F.);
#935 = ORIENTED_EDGE('',*,*,#779,.T.);
#936 = ORIENTED_EDGE('',*,*,#822,.T.);
#937 = ORIENTED_EDGE('',*,*,#876,.F.);
#938 = ORIENTED_EDGE('',*,*,#918,.T.);
#939 = ORIENTED_EDGE('',*,*,#895,.T.);
#940 = ORIENTED_EDGE('',*,*,#846,.F.);
#941 = ORIENTED_EDGE('',*,*,#796,.F.);
#942 = PLANE('',#943);
#943 = AXIS2_PLACEMENT_3D('',#944,#945,#946);
#944 = CARTESIAN_POINT('',(0.5,-0.25,0.));
#945 = DIRECTION('',(1.,0.,0.));
#946 = DIRECTION('',(0.,0.,1.));
#947 = ( GEOMETRIC_REPRESENTATION_CONTEXT(3) 
GLOBAL_UNCERTAINTY_ASSIGNED_CONTEXT((#951)) GLOBAL_UNIT_ASSIGNED_CONTEXT
((#948,#949,#950)) REPRESENTATION_CONTEXT('Context #1',
  '3D Context with UNIT and UNCERTAINTY') );
#948 = ( LENGTH_UNIT() NAMED_UNIT(*) SI_UNIT(.MILLI.,.METRE.) );
#949 = ( NAMED_UNIT(*) PLANE_ANGLE_UNIT() SI_UNIT($,.RADIAN.) );
#950 = ( NAMED_UNIT(*) SI_UNIT($,.STERADIAN.) SOLID_ANGLE_UNIT() );
#951 = UNCERTAINTY_MEASURE_WITH_UNIT(LENGTH_MEASURE(1.E-07),#948,
  'distance_accuracy_value','confusion accuracy');
#952 = CONTEXT_DEPENDENT_SHAPE_REPRESENTATION(#953,#955);
#953 = ( REPRESENTATION_RELATIONSHIP('','',#92,#10) 
REPRESENTATION_RELATIONSHIP_WITH_TRANSFORMATION(#954) 
SHAPE_REPRESENTATION_RELATIONSHIP() );
#954 = ITEM_DEFINED_TRANSFORMATION('','',#11,#15);
#955 = PRODUCT_DEFINITION_SHAPE('Placement','Placement of an item',#956
  );
#956 = NEXT_ASSEMBLY_USAGE_OCCURRENCE('1','C2','',#5,#87,$);
#957 = PRODUCT_RELATED_PRODUCT_CATEGORY('part',$,(#89));
#958 = SHAPE_DEFINITION_REPRESENTATION(#959,#965);
#959 = PRODUCT_DEFINITION_SHAPE('','',#960);
#960 = PRODUCT_DEFINITION('design','',#961,#964);
#961 = PRODUCT_DEFINITION_FORMATION('','',#962);
#962 = PRODUCT('R_0402_1005Metric','R_0402_1005Metric','',(#963));
#963 = PRODUCT_CONTEXT('',#2,'mechanical');
#964 = PRODUCT_DEFINITION_CONTEXT('part definition',#2,'design');
#965 = ADVANCED_BREP_SHAPE_REPRESENTATION('',(#11,#966),#1756);
#966 = MANIFOLD_SOLID_BREP('',#967);
#967 = CLOSED_SHELL('',(#968,#1008,#1091,#1116,#1141,#1208,#1225,#1242,
    #1291,#1308,#1325,#1374,#1391,#1460,#1491,#1515,#1584,#1608,#1625,
    #1642,#1659,#1676,#1693,#1710,#1727,#1744));
#968 = ADVANCED_FACE('',(#969),#1003,.F.);
#969 = FACE_BOUND('',#970,.F.);
#970 = EDGE_LOOP('',(#971,#981,#989,#997));
#971 = ORIENTED_EDGE('',*,*,#972,.F.);
#972 = EDGE_CURVE('',#973,#975,#977,.T.);
#973 = VERTEX_POINT('',#974);
#974 = CARTESIAN_POINT('',(-0.5,-0.25,3.5E-02));
#975 = VERTEX_POINT('',#976);
#976 = CARTESIAN_POINT('',(-0.5,-0.25,0.315));
#977 = LINE('',#978,#979);
#978 = CARTESIAN_POINT('',(-0.5,-0.25,0.));
#979 = VECTOR('',#980,1.);
#980 = DIRECTION('',(0.,0.,1.));
#981 = ORIENTED_EDGE('',*,*,#982,.T.);
#982 = EDGE_CURVE('',#973,#983,#985,.T.);
#983 = VERTEX_POINT('',#984);
#984 = CARTESIAN_POINT('',(-0.5,0.25,3.5E-02));
#985 = LINE('',#986,#987);
#986 = CARTESIAN_POINT('',(-0.5,-0.25,3.5E-02));
#987 = VECTOR('',#988,1.);
#988 = DIRECTION('',(0.,1.,0.));
#989 = ORIENTED_EDGE('',*,*,#990,.T.);
#990 = EDGE_CURVE('',#983,#991,#993,.T.);
#991 = VERTEX_POINT('',#992);
#992 = CARTESIAN_POINT('',(-0.5,0.25,0.315));
#993 = LINE('',#994,#995);
#994 = CARTESIAN_POINT('',(-0.5,0.25,0.));
#995 = VECTOR('',#996,1.);
#996 = DIRECTION('',(0.,0.,1.));
#997 = ORIENTED_EDGE('',*,*,#998,.F.);
#998 = EDGE_CURVE('',#975,#991,#999,.T.);
#999 = LINE('',#1000,#1001);
#1000 = CARTESIAN_POINT('',(-0.5,-0.25,0.315));
#1001 = VECTOR('',#1002,1.);
#1002 = DIRECTION('',(0.,1.,0.));
#1003 = PLANE('',#1004);
#1004 = AXIS2_PLACEMENT_3D('',#1005,#1006,#1007);
#1005 = CARTESIAN_POINT('',(-0.5,-0.25,0.));
#1006 = DIRECTION('',(1.,0.,0.));
#1007 = DIRECTION('',(0.,0.,1.));
#1008 = ADVANCED_FACE('',(#1009),#1086,.F.);
#1009 = FACE_BOUND('',#1010,.F.);
#1010 = EDGE_LOOP('',(#1011,#1021,#1028,#1029,#1038,#1046,#1055,#1063,
    #1071,#1079));
#1011 = ORIENTED_EDGE('',*,*,#1012,.F.);
#1012 = EDGE_CURVE('',#1013,#1015,#1017,.T.);
#1013 = VERTEX_POINT('',#1014);
#1014 = CARTESIAN_POINT('',(-0.465,-0.25,-2.775557561563E-17));
#1015 = VERTEX_POINT('',#1016);
#1016 = CARTESIAN_POINT('',(-0.335,-0.25,-2.775557561563E-17));
#1017 = LINE('',#1018,#1019);
#1018 = CARTESIAN_POINT('',(-0.5,-0.25,0.));
#1019 = VECTOR('',#1020,1.);
#1020 = DIRECTION('',(1.,0.,0.));
#1021 = ORIENTED_EDGE('',*,*,#1022,.F.);
#1022 = EDGE_CURVE('',#973,#1013,#1023,.T.);
#1023 = CIRCLE('',#1024,3.5E-02);
#1024 = AXIS2_PLACEMENT_3D('',#1025,#1026,#1027);
#1025 = CARTESIAN_POINT('',(-0.465,-0.25,3.5E-02));
#1026 = DIRECTION('',(0.,-1.,0.));
#1027 = DIRECTION('',(0.,0.,1.));
#1028 = ORIENTED_EDGE('',*,*,#972,.T.);
#1029 = ORIENTED_EDGE('',*,*,#1030,.T.);
#1030 = EDGE_CURVE('',#975,#1031,#1033,.T.);
#1031 = VERTEX_POINT('',#1032);
#1032 = CARTESIAN_POINT('',(-0.465,-0.25,0.35));
#1033 = CIRCLE('',#1034,3.5E-02);
#1034 = AXIS2_PLACEMENT_3D('',#1035,#1036,#1037);
#1035 = CARTESIAN_POINT('',(-0.465,-0.25,0.315));
#1036 = DIRECTION('',(0.,1.,0.));
#1037 = DIRECTION('',(0.,-0.,1.));
#1038 = ORIENTED_EDGE('',*,*,#1039,.T.);
#1039 = EDGE_CURVE('',#1031,#1040,#1042,.T.);
#1040 = VERTEX_POINT('',#1041);
#1041 = CARTESIAN_POINT('',(-0.335,-0.25,0.35));
#1042 = LINE('',#1043,#1044);
#1043 = CARTESIAN_POINT('',(-0.5,-0.25,0.35));
#1044 = VECTOR('',#1045,1.);
#1045 = DIRECTION('',(1.,0.,0.));
#1046 = ORIENTED_EDGE('',*,*,#1047,.F.);
#1047 = EDGE_CURVE('',#1048,#1040,#1050,.T.);
#1048 = VERTEX_POINT('',#1049);
#1049 = CARTESIAN_POINT('',(-0.3,-0.25,0.315));
#1050 = CIRCLE('',#1051,3.5E-02);
#1051 = AXIS2_PLACEMENT_3D('',#1052,#1053,#1054);
#1052 = CARTESIAN_POINT('',(-0.335,-0.25,0.315));
#1053 = DIRECTION('',(0.,-1.,0.));
#1054 = DIRECTION('',(0.,0.,1.));
#1055 = ORIENTED_EDGE('',*,*,#1056,.F.);
#1056 = EDGE_CURVE('',#1057,#1048,#1059,.T.);
#1057 = VERTEX_POINT('',#1058);
#1058 = CARTESIAN_POINT('',(-0.465,-0.25,0.315));
#1059 = LINE('',#1060,#1061);
#1060 = CARTESIAN_POINT('',(-0.465,-0.25,0.315));
#1061 = VECTOR('',#1062,1.);
#1062 = DIRECTION('',(1.,0.,0.));
#1063 = ORIENTED_EDGE('',*,*,#1064,.F.);
#1064 = EDGE_CURVE('',#1065,#1057,#1067,.T.);
#1065 = VERTEX_POINT('',#1066);
#1066 = CARTESIAN_POINT('',(-0.465,-0.25,3.5E-02));
#1067 = LINE('',#1068,#1069);
#1068 = CARTESIAN_POINT('',(-0.465,-0.25,3.5E-02));
#1069 = VECTOR('',#1070,1.);
#1070 = DIRECTION('',(0.,0.,1.));
#1071 = ORIENTED_EDGE('',*,*,#1072,.T.);
#1072 = EDGE_CURVE('',#1065,#1073,#1075,.T.);
#1073 = VERTEX_POINT('',#1074);
#1074 = CARTESIAN_POINT('',(-0.3,-0.25,3.5E-02));
#1075 = LINE('',#1076,#1077);
#1076 = CARTESIAN_POINT('',(-0.465,-0.25,3.5E-02));
#1077 = VECTOR('',#1078,1.);
#1078 = DIRECTION('',(1.,0.,0.));
#1079 = ORIENTED_EDGE('',*,*,#1080,.T.);
#1080 = EDGE_CURVE('',#1073,#1015,#1081,.T.);
#1081 = CIRCLE('',#1082,3.5E-02);
#1082 = AXIS2_PLACEMENT_3D('',#1083,#1084,#1085);
#1083 = CARTESIAN_POINT('',(-0.335,-0.25,3.5E-02));
#1084 = DIRECTION('',(0.,1.,0.));
#1085 = DIRECTION('',(0.,-0.,1.));
#1086 = PLANE('',#1087);
#1087 = AXIS2_PLACEMENT_3D('',#1088,#1089,#1090);
#1088 = CARTESIAN_POINT('',(-0.5,-0.25,0.));
#1089 = DIRECTION('',(0.,1.,0.));
#1090 = DIRECTION('',(0.,-0.,1.));
#1091 = ADVANCED_FACE('',(#1092),#1111,.T.);
#1092 = FACE_BOUND('',#1093,.T.);
#1093 = EDGE_LOOP('',(#1094,#1095,#1104,#1110));
#1094 = ORIENTED_EDGE('',*,*,#982,.T.);
#1095 = ORIENTED_EDGE('',*,*,#1096,.T.);
#1096 = EDGE_CURVE('',#983,#1097,#1099,.T.);
#1097 = VERTEX_POINT('',#1098);
#1098 = CARTESIAN_POINT('',(-0.465,0.25,-2.775557561563E-17));
#1099 = CIRCLE('',#1100,3.5E-02);
#1100 = AXIS2_PLACEMENT_3D('',#1101,#1102,#1103);
#1101 = CARTESIAN_POINT('',(-0.465,0.25,3.5E-02));
#1102 = DIRECTION('',(0.,-1.,0.));
#1103 = DIRECTION('',(0.,0.,1.));
#1104 = ORIENTED_EDGE('',*,*,#1105,.F.);
#1105 = EDGE_CURVE('',#1013,#1097,#1106,.T.);
#1106 = LINE('',#1107,#1108);
#1107 = CARTESIAN_POINT('',(-0.465,-0.25,-2.775557561563E-17));
#1108 = VECTOR('',#1109,1.);
#1109 = DIRECTION('',(0.,1.,0.));
#1110 = ORIENTED_EDGE('',*,*,#1022,.F.);
#1111 = CYLINDRICAL_SURFACE('',#1112,3.5E-02);
#1112 = AXIS2_PLACEMENT_3D('',#1113,#1114,#1115);
#1113 = CARTESIAN_POINT('',(-0.465,-0.25,3.5E-02));
#1114 = DIRECTION('',(0.,1.,0.));
#1115 = DIRECTION('',(-1.,0.,0.));
#1116 = ADVANCED_FACE('',(#1117),#1136,.T.);
#1117 = FACE_BOUND('',#1118,.T.);
#1118 = EDGE_LOOP('',(#1119,#1120,#1128,#1135));
#1119 = ORIENTED_EDGE('',*,*,#1030,.T.);
#1120 = ORIENTED_EDGE('',*,*,#1121,.T.);
#1121 = EDGE_CURVE('',#1031,#1122,#1124,.T.);
#1122 = VERTEX_POINT('',#1123);
#1123 = CARTESIAN_POINT('',(-0.465,0.25,0.35));
#1124 = LINE('',#1125,#1126);
#1125 = CARTESIAN_POINT('',(-0.465,-0.25,0.35));
#1126 = VECTOR('',#1127,1.);
#1127 = DIRECTION('',(0.,1.,0.));
#1128 = ORIENTED_EDGE('',*,*,#1129,.F.);
#1129 = EDGE_CURVE('',#991,#1122,#1130,.T.);
#1130 = CIRCLE('',#1131,3.5E-02);
#1131 = AXIS2_PLACEMENT_3D('',#1132,#1133,#1134);
#1132 = CARTESIAN_POINT('',(-0.465,0.25,0.315));
#1133 = DIRECTION('',(0.,1.,0.));
#1134 = DIRECTION('',(0.,-0.,1.));
#1135 = ORIENTED_EDGE('',*,*,#998,.F.);
#1136 = CYLINDRICAL_SURFACE('',#1137,3.5E-02);
#1137 = AXIS2_PLACEMENT_3D('',#1138,#1139,#1140);
#1138 = CARTESIAN_POINT('',(-0.465,-0.25,0.315));
#1139 = DIRECTION('',(0.,1.,0.));
#1140 = DIRECTION('',(-1.,0.,0.));
#1141 = ADVANCED_FACE('',(#1142),#1203,.T.);
#1142 = FACE_BOUND('',#1143,.T.);
#1143 = EDGE_LOOP('',(#1144,#1152,#1153,#1154,#1155,#1163,#1172,#1180,
    #1188,#1196));
#1144 = ORIENTED_EDGE('',*,*,#1145,.F.);
#1145 = EDGE_CURVE('',#1097,#1146,#1148,.T.);
#1146 = VERTEX_POINT('',#1147);
#1147 = CARTESIAN_POINT('',(-0.335,0.25,-2.775557561563E-17));
#1148 = LINE('',#1149,#1150);
#1149 = CARTESIAN_POINT('',(-0.5,0.25,0.));
#1150 = VECTOR('',#1151,1.);
#1151 = DIRECTION('',(1.,0.,0.));
#1152 = ORIENTED_EDGE('',*,*,#1096,.F.);
#1153 = ORIENTED_EDGE('',*,*,#990,.T.);
#1154 = ORIENTED_EDGE('',*,*,#1129,.T.);
#1155 = ORIENTED_EDGE('',*,*,#1156,.T.);
#1156 = EDGE_CURVE('',#1122,#1157,#1159,.T.);
#1157 = VERTEX_POINT('',#1158);
#1158 = CARTESIAN_POINT('',(-0.335,0.25,0.35));
#1159 = LINE('',#1160,#1161);
#1160 = CARTESIAN_POINT('',(-0.5,0.25,0.35));
#1161 = VECTOR('',#1162,1.);
#1162 = DIRECTION('',(1.,0.,0.));
#1163 = ORIENTED_EDGE('',*,*,#1164,.F.);
#1164 = EDGE_CURVE('',#1165,#1157,#1167,.T.);
#1165 = VERTEX_POINT('',#1166);
#1166 = CARTESIAN_POINT('',(-0.3,0.25,0.315));
#1167 = CIRCLE('',#1168,3.5E-02);
#1168 = AXIS2_PLACEMENT_3D('',#1169,#1170,#1171);
#1169 = CARTESIAN_POINT('',(-0.335,0.25,0.315));
#1170 = DIRECTION('',(0.,-1.,0.));
#1171 = DIRECTION('',(0.,0.,1.));
#1172 = ORIENTED_EDGE('',*,*,#1173,.F.);
#1173 = EDGE_CURVE('',#1174,#1165,#1176,.T.);
#1174 = VERTEX_POINT('',#1175);
#1175 = CARTESIAN_POINT('',(-0.465,0.25,0.315));
#1176 = LINE('',#1177,#1178);
#1177 = CARTESIAN_POINT('',(-0.465,0.25,0.315));
#1178 = VECTOR('',#1179,1.);
#1179 = DIRECTION('',(1.,0.,0.));
#1180 = ORIENTED_EDGE('',*,*,#1181,.F.);
#1181 = EDGE_CURVE('',#1182,#1174,#1184,.T.);
#1182 = VERTEX_POINT('',#1183);
#1183 = CARTESIAN_POINT('',(-0.465,0.25,3.5E-02));
#1184 = LINE('',#1185,#1186);
#1185 = CARTESIAN_POINT('',(-0.465,0.25,3.5E-02));
#1186 = VECTOR('',#1187,1.);
#1187 = DIRECTION('',(0.,0.,1.));
#1188 = ORIENTED_EDGE('',*,*,#1189,.T.);
#1189 = EDGE_CURVE('',#1182,#1190,#1192,.T.);
#1190 = VERTEX_POINT('',#1191);
#1191 = CARTESIAN_POINT('',(-0.3,0.25,3.5E-02));
#1192 = LINE('',#1193,#1194);
#1193 = CARTESIAN_POINT('',(-0.465,0.25,3.5E-02));
#1194 = VECTOR('',#1195,1.);
#1195 = DIRECTION('',(1.,0.,0.));
#1196 = ORIENTED_EDGE('',*,*,#1197,.T.);
#1197 = EDGE_CURVE('',#1190,#1146,#1198,.T.);
#1198 = CIRCLE('',#1199,3.5E-02);
#1199 = AXIS2_PLACEMENT_3D('',#1200,#1201,#1202);
#1200 = CARTESIAN_POINT('',(-0.335,0.25,3.5E-02));
#1201 = DIRECTION('',(0.,1.,0.));
#1202 = DIRECTION('',(0.,-0.,1.));
#1203 = PLANE('',#1204);
#1204 = AXIS2_PLACEMENT_3D('',#1205,#1206,#1207);
#1205 = CARTESIAN_POINT('',(-0.5,0.25,0.));
#1206 = DIRECTION('',(0.,1.,0.));
#1207 = DIRECTION('',(0.,-0.,1.));
#1208 = ADVANCED_FACE('',(#1209),#1220,.F.);
#1209 = FACE_BOUND('',#1210,.F.);
#1210 = EDGE_LOOP('',(#1211,#1212,#1213,#1214));
#1211 = ORIENTED_EDGE('',*,*,#1145,.F.);
#1212 = ORIENTED_EDGE('',*,*,#1105,.F.);
#1213 = ORIENTED_EDGE('',*,*,#1012,.T.);
#1214 = ORIENTED_EDGE('',*,*,#1215,.T.);
#1215 = EDGE_CURVE('',#1015,#1146,#1216,.T.);
#1216 = LINE('',#1217,#1218);
#1217 = CARTESIAN_POINT('',(-0.335,-0.25,-2.775557561563E-17));
#1218 = VECTOR('',#1219,1.);
#1219 = DIRECTION('',(0.,1.,0.));
#1220 = PLANE('',#1221);
#1221 = AXIS2_PLACEMENT_3D('',#1222,#1223,#1224);
#1222 = CARTESIAN_POINT('',(-0.5,-0.25,0.));
#1223 = DIRECTION('',(0.,0.,1.));
#1224 = DIRECTION('',(1.,0.,-0.));
#1225 = ADVANCED_FACE('',(#1226),#1237,.T.);
#1226 = FACE_BOUND('',#1227,.T.);
#1227 = EDGE_LOOP('',(#1228,#1229,#1230,#1231));
#1228 = ORIENTED_EDGE('',*,*,#1080,.T.);
#1229 = ORIENTED_EDGE('',*,*,#1215,.T.);
#1230 = ORIENTED_EDGE('',*,*,#1197,.F.);
#1231 = ORIENTED_EDGE('',*,*,#1232,.F.);
#1232 = EDGE_CURVE('',#1073,#1190,#1233,.T.);
#1233 = LINE('',#1234,#1235);
#1234 = CARTESIAN_POINT('',(-0.3,-0.25,3.5E-02));
#1235 = VECTOR('',#1236,1.);
#1236 = DIRECTION('',(0.,1.,0.));
#1237 = CYLINDRICAL_SURFACE('',#1238,3.5E-02);
#1238 = AXIS2_PLACEMENT_3D('',#1239,#1240,#1241);
#1239 = CARTESIAN_POINT('',(-0.335,-0.25,3.5E-02));
#1240 = DIRECTION('',(0.,1.,0.));
#1241 = DIRECTION('',(1.,0.,0.));
#1242 = ADVANCED_FACE('',(#1243),#1286,.F.);
#1243 = FACE_BOUND('',#1244,.F.);
#1244 = EDGE_LOOP('',(#1245,#1246,#1247,#1248,#1256,#1264,#1272,#1280));
#1245 = ORIENTED_EDGE('',*,*,#1072,.F.);
#1246 = ORIENTED_EDGE('',*,*,#1064,.T.);
#1247 = ORIENTED_EDGE('',*,*,#1056,.T.);
#1248 = ORIENTED_EDGE('',*,*,#1249,.T.);
#1249 = EDGE_CURVE('',#1048,#1250,#1252,.T.);
#1250 = VERTEX_POINT('',#1251);
#1251 = CARTESIAN_POINT('',(0.3,-0.25,0.315));
#1252 = LINE('',#1253,#1254);
#1253 = CARTESIAN_POINT('',(-0.3,-0.25,0.315));
#1254 = VECTOR('',#1255,1.);
#1255 = DIRECTION('',(1.,0.,0.));
#1256 = ORIENTED_EDGE('',*,*,#1257,.T.);
#1257 = EDGE_CURVE('',#1250,#1258,#1260,.T.);
#1258 = VERTEX_POINT('',#1259);
#1259 = CARTESIAN_POINT('',(0.465,-0.25,0.315));
#1260 = LINE('',#1261,#1262);
#1261 = CARTESIAN_POINT('',(-0.465,-0.25,0.315));
#1262 = VECTOR('',#1263,1.);
#1263 = DIRECTION('',(1.,0.,0.));
#1264 = ORIENTED_EDGE('',*,*,#1265,.F.);
#1265 = EDGE_CURVE('',#1266,#1258,#1268,.T.);
#1266 = VERTEX_POINT('',#1267);
#1267 = CARTESIAN_POINT('',(0.465,-0.25,3.5E-02));
#1268 = LINE('',#1269,#1270);
#1269 = CARTESIAN_POINT('',(0.465,-0.25,3.5E-02));
#1270 = VECTOR('',#1271,1.);
#1271 = DIRECTION('',(0.,0.,1.));
#1272 = ORIENTED_EDGE('',*,*,#1273,.F.);
#1273 = EDGE_CURVE('',#1274,#1266,#1276,.T.);
#1274 = VERTEX_POINT('',#1275);
#1275 = CARTESIAN_POINT('',(0.3,-0.25,3.5E-02));
#1276 = LINE('',#1277,#1278);
#1277 = CARTESIAN_POINT('',(-0.465,-0.25,3.5E-02));
#1278 = VECTOR('',#1279,1.);
#1279 = DIRECTION('',(1.,0.,0.));
#1280 = ORIENTED_EDGE('',*,*,#1281,.F.);
#1281 = EDGE_CURVE('',#1073,#1274,#1282,.T.);
#1282 = LINE('',#1283,#1284);
#1283 = CARTESIAN_POINT('',(-0.465,-0.25,3.5E-02));
#1284 = VECTOR('',#1285,1.);
#1285 = DIRECTION('',(1.,0.,0.));
#1286 = PLANE('',#1287);
#1287 = AXIS2_PLACEMENT_3D('',#1288,#1289,#1290);
#1288 = CARTESIAN_POINT('',(-0.465,-0.25,3.5E-02));
#1289 = DIRECTION('',(0.,1.,0.));
#1290 = DIRECTION('',(0.,-0.,1.));
#1291 = ADVANCED_FACE('',(#1292),#1303,.T.);
#1292 = FACE_BOUND('',#1293,.T.);
#1293 = EDGE_LOOP('',(#1294,#1295,#1296,#1297));
#1294 = ORIENTED_EDGE('',*,*,#1156,.F.);
#1295 = ORIENTED_EDGE('',*,*,#1121,.F.);
#1296 = ORIENTED_EDGE('',*,*,#1039,.T.);
#1297 = ORIENTED_EDGE('',*,*,#1298,.T.);
#1298 = EDGE_CURVE('',#1040,#1157,#1299,.T.);
#1299 = LINE('',#1300,#1301);
#1300 = CARTESIAN_POINT('',(-0.335,-0.25,0.35));
#1301 = VECTOR('',#1302,1.);
#1302 = DIRECTION('',(0.,1.,0.));
#1303 = PLANE('',#1304);
#1304 = AXIS2_PLACEMENT_3D('',#1305,#1306,#1307);
#1305 = CARTESIAN_POINT('',(-0.5,-0.25,0.35));
#1306 = DIRECTION('',(0.,0.,1.));
#1307 = DIRECTION('',(1.,0.,-0.));
#1308 = ADVANCED_FACE('',(#1309),#1320,.T.);
#1309 = FACE_BOUND('',#1310,.T.);
#1310 = EDGE_LOOP('',(#1311,#1317,#1318,#1319));
#1311 = ORIENTED_EDGE('',*,*,#1312,.T.);
#1312 = EDGE_CURVE('',#1048,#1165,#1313,.T.);
#1313 = LINE('',#1314,#1315);
#1314 = CARTESIAN_POINT('',(-0.3,-0.25,0.315));
#1315 = VECTOR('',#1316,1.);
#1316 = DIRECTION('',(0.,1.,0.));
#1317 = ORIENTED_EDGE('',*,*,#1164,.T.);
#1318 = ORIENTED_EDGE('',*,*,#1298,.F.);
#1319 = ORIENTED_EDGE('',*,*,#1047,.F.);
#1320 = CYLINDRICAL_SURFACE('',#1321,3.5E-02);
#1321 = AXIS2_PLACEMENT_3D('',#1322,#1323,#1324);
#1322 = CARTESIAN_POINT('',(-0.335,-0.25,0.315));
#1323 = DIRECTION('',(0.,1.,0.));
#1324 = DIRECTION('',(1.,0.,0.));
#1325 = ADVANCED_FACE('',(#1326),#1369,.T.);
#1326 = FACE_BOUND('',#1327,.T.);
#1327 = EDGE_LOOP('',(#1328,#1329,#1330,#1331,#1339,#1347,#1355,#1363));
#1328 = ORIENTED_EDGE('',*,*,#1189,.F.);
#1329 = ORIENTED_EDGE('',*,*,#1181,.T.);
#1330 = ORIENTED_EDGE('',*,*,#1173,.T.);
#1331 = ORIENTED_EDGE('',*,*,#1332,.T.);
#1332 = EDGE_CURVE('',#1165,#1333,#1335,.T.);
#1333 = VERTEX_POINT('',#1334);
#1334 = CARTESIAN_POINT('',(0.3,0.25,0.315));
#1335 = LINE('',#1336,#1337);
#1336 = CARTESIAN_POINT('',(-0.3,0.25,0.315));
#1337 = VECTOR('',#1338,1.);
#1338 = DIRECTION('',(1.,0.,0.));
#1339 = ORIENTED_EDGE('',*,*,#1340,.T.);
#1340 = EDGE_CURVE('',#1333,#1341,#1343,.T.);
#1341 = VERTEX_POINT('',#1342);
#1342 = CARTESIAN_POINT('',(0.465,0.25,0.315));
#1343 = LINE('',#1344,#1345);
#1344 = CARTESIAN_POINT('',(-0.465,0.25,0.315));
#1345 = VECTOR('',#1346,1.);
#1346 = DIRECTION('',(1.,0.,0.));
#1347 = ORIENTED_EDGE('',*,*,#1348,.F.);
#1348 = EDGE_CURVE('',#1349,#1341,#1351,.T.);
#1349 = VERTEX_POINT('',#1350);
#1350 = CARTESIAN_POINT('',(0.465,0.25,3.5E-02));
#1351 = LINE('',#1352,#1353);
#1352 = CARTESIAN_POINT('',(0.465,0.25,3.5E-02));
#1353 = VECTOR('',#1354,1.);
#1354 = DIRECTION('',(0.,0.,1.));
#1355 = ORIENTED_EDGE('',*,*,#1356,.F.);
#1356 = EDGE_CURVE('',#1357,#1349,#1359,.T.);
#1357 = VERTEX_POINT('',#1358);
#1358 = CARTESIAN_POINT('',(0.3,0.25,3.5E-02));
#1359 = LINE('',#1360,#1361);
#1360 = CARTESIAN_POINT('',(-0.465,0.25,3.5E-02));
#1361 = VECTOR('',#1362,1.);
#1362 = DIRECTION('',(1.,0.,0.));
#1363 = ORIENTED_EDGE('',*,*,#1364,.F.);
#1364 = EDGE_CURVE('',#1190,#1357,#1365,.T.);
#1365 = LINE('',#1366,#1367);
#1366 = CARTESIAN_POINT('',(-0.465,0.25,3.5E-02));
#1367 = VECTOR('',#1368,1.);
#1368 = DIRECTION('',(1.,0.,0.));
#1369 = PLANE('',#1370);
#1370 = AXIS2_PLACEMENT_3D('',#1371,#1372,#1373);
#1371 = CARTESIAN_POINT('',(-0.465,0.25,3.5E-02));
#1372 = DIRECTION('',(0.,1.,0.));
#1373 = DIRECTION('',(0.,-0.,1.));
#1374 = ADVANCED_FACE('',(#1375),#1386,.F.);
#1375 = FACE_BOUND('',#1376,.F.);
#1376 = EDGE_LOOP('',(#1377,#1378,#1379,#1385));
#1377 = ORIENTED_EDGE('',*,*,#1232,.F.);
#1378 = ORIENTED_EDGE('',*,*,#1281,.T.);
#1379 = ORIENTED_EDGE('',*,*,#1380,.T.);
#1380 = EDGE_CURVE('',#1274,#1357,#1381,.T.);
#1381 = LINE('',#1382,#1383);
#1382 = CARTESIAN_POINT('',(0.3,-0.25,3.5E-02));
#1383 = VECTOR('',#1384,1.);
#1384 = DIRECTION('',(0.,1.,0.));
#1385 = ORIENTED_EDGE('',*,*,#1364,.F.);
#1386 = PLANE('',#1387);
#1387 = AXIS2_PLACEMENT_3D('',#1388,#1389,#1390);
#1388 = CARTESIAN_POINT('',(-0.465,-0.25,3.5E-02));
#1389 = DIRECTION('',(0.,0.,1.));
#1390 = DIRECTION('',(1.,0.,-0.));
#1391 = ADVANCED_FACE('',(#1392),#1455,.F.);
#1392 = FACE_BOUND('',#1393,.F.);
#1393 = EDGE_LOOP('',(#1394,#1404,#1411,#1412,#1413,#1414,#1423,#1431,
    #1440,#1448));
#1394 = ORIENTED_EDGE('',*,*,#1395,.F.);
#1395 = EDGE_CURVE('',#1396,#1398,#1400,.T.);
#1396 = VERTEX_POINT('',#1397);
#1397 = CARTESIAN_POINT('',(0.335,-0.25,-2.775557561563E-17));
#1398 = VERTEX_POINT('',#1399);
#1399 = CARTESIAN_POINT('',(0.465,-0.25,-2.775557561563E-17));
#1400 = LINE('',#1401,#1402);
#1401 = CARTESIAN_POINT('',(0.3,-0.25,0.));
#1402 = VECTOR('',#1403,1.);
#1403 = DIRECTION('',(1.,0.,0.));
#1404 = ORIENTED_EDGE('',*,*,#1405,.F.);
#1405 = EDGE_CURVE('',#1274,#1396,#1406,.T.);
#1406 = CIRCLE('',#1407,3.5E-02);
#1407 = AXIS2_PLACEMENT_3D('',#1408,#1409,#1410);
#1408 = CARTESIAN_POINT('',(0.335,-0.25,3.5E-02));
#1409 = DIRECTION('',(0.,-1.,0.));
#1410 = DIRECTION('',(0.,0.,1.));
#1411 = ORIENTED_EDGE('',*,*,#1273,.T.);
#1412 = ORIENTED_EDGE('',*,*,#1265,.T.);
#1413 = ORIENTED_EDGE('',*,*,#1257,.F.);
#1414 = ORIENTED_EDGE('',*,*,#1415,.T.);
#1415 = EDGE_CURVE('',#1250,#1416,#1418,.T.);
#1416 = VERTEX_POINT('',#1417);
#1417 = CARTESIAN_POINT('',(0.335,-0.25,0.35));
#1418 = CIRCLE('',#1419,3.5E-02);
#1419 = AXIS2_PLACEMENT_3D('',#1420,#1421,#1422);
#1420 = CARTESIAN_POINT('',(0.335,-0.25,0.315));
#1421 = DIRECTION('',(0.,1.,0.));
#1422 = DIRECTION('',(0.,-0.,1.));
#1423 = ORIENTED_EDGE('',*,*,#1424,.T.);
#1424 = EDGE_CURVE('',#1416,#1425,#1427,.T.);
#1425 = VERTEX_POINT('',#1426);
#1426 = CARTESIAN_POINT('',(0.465,-0.25,0.35));
#1427 = LINE('',#1428,#1429);
#1428 = CARTESIAN_POINT('',(0.3,-0.25,0.35));
#1429 = VECTOR('',#1430,1.);
#1430 = DIRECTION('',(1.,0.,0.));
#1431 = ORIENTED_EDGE('',*,*,#1432,.F.);
#1432 = EDGE_CURVE('',#1433,#1425,#1435,.T.);
#1433 = VERTEX_POINT('',#1434);
#1434 = CARTESIAN_POINT('',(0.5,-0.25,0.315));
#1435 = CIRCLE('',#1436,3.5E-02);
#1436 = AXIS2_PLACEMENT_3D('',#1437,#1438,#1439);
#1437 = CARTESIAN_POINT('',(0.465,-0.25,0.315));
#1438 = DIRECTION('',(0.,-1.,0.));
#1439 = DIRECTION('',(0.,0.,1.));
#1440 = ORIENTED_EDGE('',*,*,#1441,.F.);
#1441 = EDGE_CURVE('',#1442,#1433,#1444,.T.);
#1442 = VERTEX_POINT('',#1443);
#1443 = CARTESIAN_POINT('',(0.5,-0.25,3.5E-02));
#1444 = LINE('',#1445,#1446);
#1445 = CARTESIAN_POINT('',(0.5,-0.25,0.));
#1446 = VECTOR('',#1447,1.);
#1447 = DIRECTION('',(0.,0.,1.));
#1448 = ORIENTED_EDGE('',*,*,#1449,.T.);
#1449 = EDGE_CURVE('',#1442,#1398,#1450,.T.);
#1450 = CIRCLE('',#1451,3.5E-02);
#1451 = AXIS2_PLACEMENT_3D('',#1452,#1453,#1454);
#1452 = CARTESIAN_POINT('',(0.465,-0.25,3.5E-02));
#1453 = DIRECTION('',(0.,1.,0.));
#1454 = DIRECTION('',(0.,-0.,1.));
#1455 = PLANE('',#1456);
#1456 = AXIS2_PLACEMENT_3D('',#1457,#1458,#1459);
#1457 = CARTESIAN_POINT('',(0.3,-0.25,0.));
#1458 = DIRECTION('',(0.,1.,0.));
#1459 = DIRECTION('',(0.,-0.,1.));
#1460 = ADVANCED_FACE('',(#1461),#1486,.F.);
#1461 = FACE_BOUND('',#1462,.F.);
#1462 = EDGE_LOOP('',(#1463,#1464,#1472,#1480));
#1463 = ORIENTED_EDGE('',*,*,#1249,.F.);
#1464 = ORIENTED_EDGE('',*,*,#1465,.T.);
#1465 = EDGE_CURVE('',#1048,#1466,#1468,.T.);
#1466 = VERTEX_POINT('',#1467);
#1467 = CARTESIAN_POINT('',(-0.3,-0.25,0.35));
#1468 = LINE('',#1469,#1470);
#1469 = CARTESIAN_POINT('',(-0.3,-0.25,0.315));
#1470 = VECTOR('',#1471,1.);
#1471 = DIRECTION('',(0.,0.,1.));
#1472 = ORIENTED_EDGE('',*,*,#1473,.T.);
#1473 = EDGE_CURVE('',#1466,#1474,#1476,.T.);
#1474 = VERTEX_POINT('',#1475);
#1475 = CARTESIAN_POINT('',(0.3,-0.25,0.35));
#1476 = LINE('',#1477,#1478);
#1477 = CARTESIAN_POINT('',(-0.3,-0.25,0.35));
#1478 = VECTOR('',#1479,1.);
#1479 = DIRECTION('',(1.,0.,0.));
#1480 = ORIENTED_EDGE('',*,*,#1481,.F.);
#1481 = EDGE_CURVE('',#1250,#1474,#1482,.T.);
#1482 = LINE('',#1483,#1484);
#1483 = CARTESIAN_POINT('',(0.3,-0.25,0.315));
#1484 = VECTOR('',#1485,1.);
#1485 = DIRECTION('',(0.,0.,1.));
#1486 = PLANE('',#1487);
#1487 = AXIS2_PLACEMENT_3D('',#1488,#1489,#1490);
#1488 = CARTESIAN_POINT('',(-0.3,-0.25,0.315));
#1489 = DIRECTION('',(0.,1.,0.));
#1490 = DIRECTION('',(0.,-0.,1.));
#1491 = ADVANCED_FACE('',(#1492),#1510,.F.);
#1492 = FACE_BOUND('',#1493,.F.);
#1493 = EDGE_LOOP('',(#1494,#1495,#1496,#1504));
#1494 = ORIENTED_EDGE('',*,*,#1465,.F.);
#1495 = ORIENTED_EDGE('',*,*,#1312,.T.);
#1496 = ORIENTED_EDGE('',*,*,#1497,.T.);
#1497 = EDGE_CURVE('',#1165,#1498,#1500,.T.);
#1498 = VERTEX_POINT('',#1499);
#1499 = CARTESIAN_POINT('',(-0.3,0.25,0.35));
#1500 = LINE('',#1501,#1502);
#1501 = CARTESIAN_POINT('',(-0.3,0.25,0.315));
#1502 = VECTOR('',#1503,1.);
#1503 = DIRECTION('',(0.,0.,1.));
#1504 = ORIENTED_EDGE('',*,*,#1505,.F.);
#1505 = EDGE_CURVE('',#1466,#1498,#1506,.T.);
#1506 = LINE('',#1507,#1508);
#1507 = CARTESIAN_POINT('',(-0.3,-0.25,0.35));
#1508 = VECTOR('',#1509,1.);
#1509 = DIRECTION('',(0.,1.,0.));
#1510 = PLANE('',#1511);
#1511 = AXIS2_PLACEMENT_3D('',#1512,#1513,#1514);
#1512 = CARTESIAN_POINT('',(-0.3,-0.25,0.315));
#1513 = DIRECTION('',(1.,0.,0.));
#1514 = DIRECTION('',(0.,0.,1.));
#1515 = ADVANCED_FACE('',(#1516),#1579,.T.);
#1516 = FACE_BOUND('',#1517,.T.);
#1517 = EDGE_LOOP('',(#1518,#1528,#1535,#1536,#1537,#1538,#1547,#1555,
    #1564,#1572));
#1518 = ORIENTED_EDGE('',*,*,#1519,.F.);
#1519 = EDGE_CURVE('',#1520,#1522,#1524,.T.);
#1520 = VERTEX_POINT('',#1521);
#1521 = CARTESIAN_POINT('',(0.335,0.25,-2.775557561563E-17));
#1522 = VERTEX_POINT('',#1523);
#1523 = CARTESIAN_POINT('',(0.465,0.25,-2.775557561563E-17));
#1524 = LINE('',#1525,#1526);
#1525 = CARTESIAN_POINT('',(0.3,0.25,0.));
#1526 = VECTOR('',#1527,1.);
#1527 = DIRECTION('',(1.,0.,0.));
#1528 = ORIENTED_EDGE('',*,*,#1529,.F.);
#1529 = EDGE_CURVE('',#1357,#1520,#1530,.T.);
#1530 = CIRCLE('',#1531,3.5E-02);
#1531 = AXIS2_PLACEMENT_3D('',#1532,#1533,#1534);
#1532 = CARTESIAN_POINT('',(0.335,0.25,3.5E-02));
#1533 = DIRECTION('',(0.,-1.,0.));
#1534 = DIRECTION('',(0.,0.,1.));
#1535 = ORIENTED_EDGE('',*,*,#1356,.T.);
#1536 = ORIENTED_EDGE('',*,*,#1348,.T.);
#1537 = ORIENTED_EDGE('',*,*,#1340,.F.);
#1538 = ORIENTED_EDGE('',*,*,#1539,.T.);
#1539 = EDGE_CURVE('',#1333,#1540,#1542,.T.);
#1540 = VERTEX_POINT('',#1541);
#1541 = CARTESIAN_POINT('',(0.335,0.25,0.35));
#1542 = CIRCLE('',#1543,3.5E-02);
#1543 = AXIS2_PLACEMENT_3D('',#1544,#1545,#1546);
#1544 = CARTESIAN_POINT('',(0.335,0.25,0.315));
#1545 = DIRECTION('',(0.,1.,0.));
#1546 = DIRECTION('',(0.,-0.,1.));
#1547 = ORIENTED_EDGE('',*,*,#1548,.T.);
#1548 = EDGE_CURVE('',#1540,#1549,#1551,.T.);
#1549 = VERTEX_POINT('',#1550);
#1550 = CARTESIAN_POINT('',(0.465,0.25,0.35));
#1551 = LINE('',#1552,#1553);
#1552 = CARTESIAN_POINT('',(0.3,0.25,0.35));
#1553 = VECTOR('',#1554,1.);
#1554 = DIRECTION('',(1.,0.,0.));
#1555 = ORIENTED_EDGE('',*,*,#1556,.F.);
#1556 = EDGE_CURVE('',#1557,#1549,#1559,.T.);
#1557 = VERTEX_POINT('',#1558);
#1558 = CARTESIAN_POINT('',(0.5,0.25,0.315));
#1559 = CIRCLE('',#1560,3.5E-02);
#1560 = AXIS2_PLACEMENT_3D('',#1561,#1562,#1563);
#1561 = CARTESIAN_POINT('',(0.465,0.25,0.315));
#1562 = DIRECTION('',(0.,-1.,0.));
#1563 = DIRECTION('',(0.,0.,1.));
#1564 = ORIENTED_EDGE('',*,*,#1565,.F.);
#1565 = EDGE_CURVE('',#1566,#1557,#1568,.T.);
#1566 = VERTEX_POINT('',#1567);
#1567 = CARTESIAN_POINT('',(0.5,0.25,3.5E-02));
#1568 = LINE('',#1569,#1570);
#1569 = CARTESIAN_POINT('',(0.5,0.25,0.));
#1570 = VECTOR('',#1571,1.);
#1571 = DIRECTION('',(0.,0.,1.));
#1572 = ORIENTED_EDGE('',*,*,#1573,.T.);
#1573 = EDGE_CURVE('',#1566,#1522,#1574,.T.);
#1574 = CIRCLE('',#1575,3.5E-02);
#1575 = AXIS2_PLACEMENT_3D('',#1576,#1577,#1578);
#1576 = CARTESIAN_POINT('',(0.465,0.25,3.5E-02));
#1577 = DIRECTION('',(0.,1.,0.));
#1578 = DIRECTION('',(0.,-0.,1.));
#1579 = PLANE('',#1580);
#1580 = AXIS2_PLACEMENT_3D('',#1581,#1582,#1583);
#1581 = CARTESIAN_POINT('',(0.3,0.25,0.));
#1582 = DIRECTION('',(0.,1.,0.));
#1583 = DIRECTION('',(0.,-0.,1.));
#1584 = ADVANCED_FACE('',(#1585),#1603,.T.);
#1585 = FACE_BOUND('',#1586,.T.);
#1586 = EDGE_LOOP('',(#1587,#1588,#1589,#1597));
#1587 = ORIENTED_EDGE('',*,*,#1332,.F.);
#1588 = ORIENTED_EDGE('',*,*,#1497,.T.);
#1589 = ORIENTED_EDGE('',*,*,#1590,.T.);
#1590 = EDGE_CURVE('',#1498,#1591,#1593,.T.);
#1591 = VERTEX_POINT('',#1592);
#1592 = CARTESIAN_POINT('',(0.3,0.25,0.35));
#1593 = LINE('',#1594,#1595);
#1594 = CARTESIAN_POINT('',(-0.3,0.25,0.35));
#1595 = VECTOR('',#1596,1.);
#1596 = DIRECTION('',(1.,0.,0.));
#1597 = ORIENTED_EDGE('',*,*,#1598,.F.);
#1598 = EDGE_CURVE('',#1333,#1591,#1599,.T.);
#1599 = LINE('',#1600,#1601);
#1600 = CARTESIAN_POINT('',(0.3,0.25,0.315));
#1601 = VECTOR('',#1602,1.);
#1602 = DIRECTION('',(0.,0.,1.));
#1603 = PLANE('',#1604);
#1604 = AXIS2_PLACEMENT_3D('',#1605,#1606,#1607);
#1605 = CARTESIAN_POINT('',(-0.3,0.25,0.315));
#1606 = DIRECTION('',(0.,1.,0.));
#1607 = DIRECTION('',(0.,-0.,1.));
#1608 = ADVANCED_FACE('',(#1609),#1620,.T.);
#1609 = FACE_BOUND('',#1610,.T.);
#1610 = EDGE_LOOP('',(#1611,#1612,#1613,#1619));
#1611 = ORIENTED_EDGE('',*,*,#1380,.T.);
#1612 = ORIENTED_EDGE('',*,*,#1529,.T.);
#1613 = ORIENTED_EDGE('',*,*,#1614,.F.);
#1614 = EDGE_CURVE('',#1396,#1520,#1615,.T.);
#1615 = LINE('',#1616,#1617);
#1616 = CARTESIAN_POINT('',(0.335,-0.25,-2.775557561563E-17));
#1617 = VECTOR('',#1618,1.);
#1618 = DIRECTION('',(0.,1.,0.));
#1619 = ORIENTED_EDGE('',*,*,#1405,.F.);
#1620 = CYLINDRICAL_SURFACE('',#1621,3.5E-02);
#1621 = AXIS2_PLACEMENT_3D('',#1622,#1623,#1624);
#1622 = CARTESIAN_POINT('',(0.335,-0.25,3.5E-02));
#1623 = DIRECTION('',(0.,1.,0.));
#1624 = DIRECTION('',(-1.,0.,0.));
#1625 = ADVANCED_FACE('',(#1626),#1637,.F.);
#1626 = FACE_BOUND('',#1627,.F.);
#1627 = EDGE_LOOP('',(#1628,#1629,#1630,#1631));
#1628 = ORIENTED_EDGE('',*,*,#1519,.F.);
#1629 = ORIENTED_EDGE('',*,*,#1614,.F.);
#1630 = ORIENTED_EDGE('',*,*,#1395,.T.);
#1631 = ORIENTED_EDGE('',*,*,#1632,.T.);
#1632 = EDGE_CURVE('',#1398,#1522,#1633,.T.);
#1633 = LINE('',#1634,#1635);
#1634 = CARTESIAN_POINT('',(0.465,-0.25,-2.775557561563E-17));
#1635 = VECTOR('',#1636,1.);
#1636 = DIRECTION('',(0.,1.,0.));
#1637 = PLANE('',#1638);
#1638 = AXIS2_PLACEMENT_3D('',#1639,#1640,#1641);
#1639 = CARTESIAN_POINT('',(0.3,-0.25,0.));
#1640 = DIRECTION('',(0.,0.,1.));
#1641 = DIRECTION('',(1.,0.,-0.));
#1642 = ADVANCED_FACE('',(#1643),#1654,.T.);
#1643 = FACE_BOUND('',#1644,.T.);
#1644 = EDGE_LOOP('',(#1645,#1646,#1647,#1648));
#1645 = ORIENTED_EDGE('',*,*,#1449,.T.);
#1646 = ORIENTED_EDGE('',*,*,#1632,.T.);
#1647 = ORIENTED_EDGE('',*,*,#1573,.F.);
#1648 = ORIENTED_EDGE('',*,*,#1649,.F.);
#1649 = EDGE_CURVE('',#1442,#1566,#1650,.T.);
#1650 = LINE('',#1651,#1652);
#1651 = CARTESIAN_POINT('',(0.5,-0.25,3.5E-02));
#1652 = VECTOR('',#1653,1.);
#1653 = DIRECTION('',(0.,1.,0.));
#1654 = CYLINDRICAL_SURFACE('',#1655,3.5E-02);
#1655 = AXIS2_PLACEMENT_3D('',#1656,#1657,#1658);
#1656 = CARTESIAN_POINT('',(0.465,-0.25,3.5E-02));
#1657 = DIRECTION('',(0.,1.,0.));
#1658 = DIRECTION('',(1.,0.,0.));
#1659 = ADVANCED_FACE('',(#1660),#1671,.T.);
#1660 = FACE_BOUND('',#1661,.T.);
#1661 = EDGE_LOOP('',(#1662,#1663,#1664,#1665));
#1662 = ORIENTED_EDGE('',*,*,#1441,.F.);
#1663 = ORIENTED_EDGE('',*,*,#1649,.T.);
#1664 = ORIENTED_EDGE('',*,*,#1565,.T.);
#1665 = ORIENTED_EDGE('',*,*,#1666,.F.);
#1666 = EDGE_CURVE('',#1433,#1557,#1667,.T.);
#1667 = LINE('',#1668,#1669);
#1668 = CARTESIAN_POINT('',(0.5,-0.25,0.315));
#1669 = VECTOR('',#1670,1.);
#1670 = DIRECTION('',(0.,1.,0.));
#1671 = PLANE('',#1672);
#1672 = AXIS2_PLACEMENT_3D('',#1673,#1674,#1675);
#1673 = CARTESIAN_POINT('',(0.5,-0.25,0.));
#1674 = DIRECTION('',(1.,0.,0.));
#1675 = DIRECTION('',(0.,0.,1.));
#1676 = ADVANCED_FACE('',(#1677),#1688,.T.);
#1677 = FACE_BOUND('',#1678,.T.);
#1678 = EDGE_LOOP('',(#1679,#1680,#1681,#1687));
#1679 = ORIENTED_EDGE('',*,*,#1666,.T.);
#1680 = ORIENTED_EDGE('',*,*,#1556,.T.);
#1681 = ORIENTED_EDGE('',*,*,#1682,.F.);
#1682 = EDGE_CURVE('',#1425,#1549,#1683,.T.);
#1683 = LINE('',#1684,#1685);
#1684 = CARTESIAN_POINT('',(0.465,-0.25,0.35));
#1685 = VECTOR('',#1686,1.);
#1686 = DIRECTION('',(0.,1.,0.));
#1687 = ORIENTED_EDGE('',*,*,#1432,.F.);
#1688 = CYLINDRICAL_SURFACE('',#1689,3.5E-02);
#1689 = AXIS2_PLACEMENT_3D('',#1690,#1691,#1692);
#1690 = CARTESIAN_POINT('',(0.465,-0.25,0.315));
#1691 = DIRECTION('',(0.,1.,0.));
#1692 = DIRECTION('',(1.,0.,0.));
#1693 = ADVANCED_FACE('',(#1694),#1705,.T.);
#1694 = FACE_BOUND('',#1695,.T.);
#1695 = EDGE_LOOP('',(#1696,#1697,#1703,#1704));
#1696 = ORIENTED_EDGE('',*,*,#1548,.F.);
#1697 = ORIENTED_EDGE('',*,*,#1698,.F.);
#1698 = EDGE_CURVE('',#1416,#1540,#1699,.T.);
#1699 = LINE('',#1700,#1701);
#1700 = CARTESIAN_POINT('',(0.335,-0.25,0.35));
#1701 = VECTOR('',#1702,1.);
#1702 = DIRECTION('',(0.,1.,0.));
#1703 = ORIENTED_EDGE('',*,*,#1424,.T.);
#1704 = ORIENTED_EDGE('',*,*,#1682,.T.);
#1705 = PLANE('',#1706);
#1706 = AXIS2_PLACEMENT_3D('',#1707,#1708,#1709);
#1707 = CARTESIAN_POINT('',(0.3,-0.25,0.35));
#1708 = DIRECTION('',(0.,0.,1.));
#1709 = DIRECTION('',(1.,0.,-0.));
#1710 = ADVANCED_FACE('',(#1711),#1722,.T.);
#1711 = FACE_BOUND('',#1712,.T.);
#1712 = EDGE_LOOP('',(#1713,#1714,#1715,#1716));
#1713 = ORIENTED_EDGE('',*,*,#1415,.T.);
#1714 = ORIENTED_EDGE('',*,*,#1698,.T.);
#1715 = ORIENTED_EDGE('',*,*,#1539,.F.);
#1716 = ORIENTED_EDGE('',*,*,#1717,.F.);
#1717 = EDGE_CURVE('',#1250,#1333,#1718,.T.);
#1718 = LINE('',#1719,#1720);
#1719 = CARTESIAN_POINT('',(0.3,-0.25,0.315));
#1720 = VECTOR('',#1721,1.);
#1721 = DIRECTION('',(0.,1.,0.));
#1722 = CYLINDRICAL_SURFACE('',#1723,3.5E-02);
#1723 = AXIS2_PLACEMENT_3D('',#1724,#1725,#1726);
#1724 = CARTESIAN_POINT('',(0.335,-0.25,0.315));
#1725 = DIRECTION('',(0.,1.,0.));
#1726 = DIRECTION('',(-1.,0.,0.));
#1727 = ADVANCED_FACE('',(#1728),#1739,.T.);
#1728 = FACE_BOUND('',#1729,.T.);
#1729 = EDGE_LOOP('',(#1730,#1731,#1732,#1733));
#1730 = ORIENTED_EDGE('',*,*,#1481,.F.);
#1731 = ORIENTED_EDGE('',*,*,#1717,.T.);
#1732 = ORIENTED_EDGE('',*,*,#1598,.T.);
#1733 = ORIENTED_EDGE('',*,*,#1734,.F.);
#1734 = EDGE_CURVE('',#1474,#1591,#1735,.T.);
#1735 = LINE('',#1736,#1737);
#1736 = CARTESIAN_POINT('',(0.3,-0.25,0.35));
#1737 = VECTOR('',#1738,1.);
#1738 = DIRECTION('',(0.,1.,0.));
#1739 = PLANE('',#1740);
#1740 = AXIS2_PLACEMENT_3D('',#1741,#1742,#1743);
#1741 = CARTESIAN_POINT('',(0.3,-0.25,0.315));
#1742 = DIRECTION('',(1.,0.,0.));
#1743 = DIRECTION('',(0.,0.,1.));
#1744 = ADVANCED_FACE('',(#1745),#1751,.T.);
#1745 = FACE_BOUND('',#1746,.T.);
#1746 = EDGE_LOOP('',(#1747,#1748,#1749,#1750));
#1747 = ORIENTED_EDGE('',*,*,#1505,.F.);
#1748 = ORIENTED_EDGE('',*,*,#1473,.T.);
#1749 = ORIENTED_EDGE('',*,*,#1734,.T.);
#1750 = ORIENTED_EDGE('',*,*,#1590,.F.);
#1751 = PLANE('',#1752);
#1752 = AXIS2_PLACEMENT_3D('',#1753,#1754,#1755);
#1753 = CARTESIAN_POINT('',(-0.3,-0.25,0.35));
#1754 = DIRECTION('',(0.,0.,1.));
#1755 = DIRECTION('',(1.,0.,-0.));
#1756 = ( GEOMETRIC_REPRESENTATION_CONTEXT(3) 
GLOBAL_UNCERTAINTY_ASSIGNED_CONTEXT((#1760)) 
GLOBAL_UNIT_ASSIGNED_CONTEXT((#1757,#1758,#1759)) REPRESENTATION_CONTEXT
('Context #1','3D Context with UNIT and UNCERTAINTY') );
#1757 = ( LENGTH_UNIT() NAMED_UNIT(*) SI_UNIT(.MILLI.,.METRE.) );
#1758 = ( NAMED_UNIT(*) PLANE_ANGLE_UNIT() SI_UNIT($,.RADIAN.) );
#1759 = ( NAMED_UNIT(*) SI_UNIT($,.STERADIAN.) SOLID_ANGLE_UNIT() );
#1760 = UNCERTAINTY_MEASURE_WITH_UNIT(LENGTH_MEASURE(1.E-07),#1757,
  'distance_accuracy_value','confusion accuracy');
#1761 = CONTEXT_DEPENDENT_SHAPE_REPRESENTATION(#1762,#1764);
#1762 = ( REPRESENTATION_RELATIONSHIP('','',#965,#10) 
REPRESENTATION_RELATIONSHIP_WITH_TRANSFORMATION(#1763) 
SHAPE_REPRESENTATION_RELATIONSHIP() );
#1763 = ITEM_DEFINED_TRANSFORMATION('','',#11,#19);
#1764 = PRODUCT_DEFINITION_SHAPE('Placement','Placement of an item',
  #1765);
#1765 = NEXT_ASSEMBLY_USAGE_OCCURRENCE('2','R5','',#5,#960,$);
#1766 = PRODUCT_RELATED_PRODUCT_CATEGORY('part',$,(#962));
#1767 = SHAPE_DEFINITION_REPRESENTATION(#1768,#1774);
#1768 = PRODUCT_DEFINITION_SHAPE('','',#1769);
#1769 = PRODUCT_DEFINITION('design','',#1770,#1773);
#1770 = PRODUCT_DEFINITION_FORMATION('','',#1771);
#1771 = PRODUCT('PinHeader_1x06_P2.54mm_Vertical',
  'PinHeader_1x06_P2.54mm_Vertical','',(#1772));
#1772 = PRODUCT_CONTEXT('',#2,'mechanical');
#1773 = PRODUCT_DEFINITION_CONTEXT('part definition',#2,'design');
#1774 = ADVANCED_BREP_SHAPE_REPRESENTATION('',(#11,#1775),#5903);
#1775 = MANIFOLD_SOLID_BREP('',#1776);
#1776 = CLOSED_SHELL('',(#1777,#1817,#1848,#1879,#2372,#2865,#2882,#2899
    ,#2916,#2933,#2950,#2967,#2984,#3001,#3018,#3035,#3052,#3069,#3086,
    #3103,#3120,#3137,#3154,#3171,#3188,#3205,#3222,#3239,#3256,#3273,
    #3290,#3307,#3324,#3341,#3358,#3375,#3392,#3409,#3426,#3443,#3455,
    #3486,#3510,#3534,#3551,#3582,#3606,#3630,#3647,#3678,#3702,#3726,
    #3743,#3774,#3798,#3822,#3839,#3870,#3894,#3918,#3935,#3966,#3990,
    #4014,#4031,#4062,#4086,#4110,#4127,#4158,#4182,#4206,#4223,#4254,
    #4278,#4302,#4319,#4350,#4374,#4398,#4415,#4446,#4470,#4494,#4511,
    #4542,#4566,#4590,#4607,#4638,#4662,#4686,#4703,#4734,#4758,#4782,
    #4799,#4830,#4854,#4878,#4895,#4926,#4950,#4974,#4991,#5022,#5046,
    #5070,#5087,#5118,#5142,#5166,#5183,#5214,#5238,#5262,#5279,#5310,
    #5334,#5358,#5375,#5406,#5430,#5454,#5471,#5502,#5526,#5550,#5567,
    #5598,#5622,#5646,#5663,#5694,#5718,#5742,#5759,#5771,#5783,#5795,
    #5807,#5819,#5831,#5843,#5855,#5867,#5879,#5891));
#1777 = ADVANCED_FACE('',(#1778),#1812,.F.);
#1778 = FACE_BOUND('',#1779,.F.);
#1779 = EDGE_LOOP('',(#1780,#1790,#1798,#1806));
#1780 = ORIENTED_EDGE('',*,*,#1781,.T.);
#1781 = EDGE_CURVE('',#1782,#1784,#1786,.T.);
#1782 = VERTEX_POINT('',#1783);
#1783 = CARTESIAN_POINT('',(-1.016,1.27,0.));
#1784 = VERTEX_POINT('',#1785);
#1785 = CARTESIAN_POINT('',(-1.016,1.27,2.54));
#1786 = LINE('',#1787,#1788);
#1787 = CARTESIAN_POINT('',(-1.016,1.27,0.));
#1788 = VECTOR('',#1789,1.);
#1789 = DIRECTION('',(0.,0.,1.));
#1790 = ORIENTED_EDGE('',*,*,#1791,.T.);
#1791 = EDGE_CURVE('',#1784,#1792,#1794,.T.);
#1792 = VERTEX_POINT('',#1793);
#1793 = CARTESIAN_POINT('',(-1.27,1.016,2.54));
#1794 = LINE('',#1795,#1796);
#1795 = CARTESIAN_POINT('',(-1.016,1.27,2.54));
#1796 = VECTOR('',#1797,1.);
#1797 = DIRECTION('',(-0.707106781187,-0.707106781187,0.));
#1798 = ORIENTED_EDGE('',*,*,#1799,.F.);
#1799 = EDGE_CURVE('',#1800,#1792,#1802,.T.);
#1800 = VERTEX_POINT('',#1801);
#1801 = CARTESIAN_POINT('',(-1.27,1.016,0.));
#1802 = LINE('',#1803,#1804);
#1803 = CARTESIAN_POINT('',(-1.27,1.016,0.));
#1804 = VECTOR('',#1805,1.);
#1805 = DIRECTION('',(0.,0.,1.));
#1806 = ORIENTED_EDGE('',*,*,#1807,.F.);
#1807 = EDGE_CURVE('',#1782,#1800,#1808,.T.);
#1808 = LINE('',#1809,#1810);
#1809 = CARTESIAN_POINT('',(-1.016,1.27,0.));
#1810 = VECTOR('',#1811,1.);
#1811 = DIRECTION('',(-0.707106781187,-0.707106781187,0.));
#1812 = PLANE('',#1813);
#1813 = AXIS2_PLACEMENT_3D('',#1814,#1815,#1816);
#1814 = CARTESIAN_POINT('',(-1.016,1.27,0.));
#1815 = DIRECTION('',(0.707106781187,-0.707106781187,0.));
#1816 = DIRECTION('',(-0.707106781187,-0.707106781187,0.));
#1817 = ADVANCED_FACE('',(#1818),#1843,.F.);
#1818 = FACE_BOUND('',#1819,.F.);
#1819 = EDGE_LOOP('',(#1820,#1830,#1836,#1837));
#1820 = ORIENTED_EDGE('',*,*,#1821,.T.);
#1821 = EDGE_CURVE('',#1822,#1824,#1826,.T.);
#1822 = VERTEX_POINT('',#1823);
#1823 = CARTESIAN_POINT('',(1.016,1.27,0.));
#1824 = VERTEX_POINT('',#1825);
#1825 = CARTESIAN_POINT('',(1.016,1.27,2.54));
#1826 = LINE('',#1827,#1828);
#1827 = CARTESIAN_POINT('',(1.016,1.27,0.));
#1828 = VECTOR('',#1829,1.);
#1829 = DIRECTION('',(0.,0.,1.));
#1830 = ORIENTED_EDGE('',*,*,#1831,.T.);
#1831 = EDGE_CURVE('',#1824,#1784,#1832,.T.);
#1832 = LINE('',#1833,#1834);
#1833 = CARTESIAN_POINT('',(1.016,1.27,2.54));
#1834 = VECTOR('',#1835,1.);
#1835 = DIRECTION('',(-1.,0.,0.));
#1836 = ORIENTED_EDGE('',*,*,#1781,.F.);
#1837 = ORIENTED_EDGE('',*,*,#1838,.F.);
#1838 = EDGE_CURVE('',#1822,#1782,#1839,.T.);
#1839 = LINE('',#1840,#1841);
#1840 = CARTESIAN_POINT('',(1.016,1.27,0.));
#1841 = VECTOR('',#1842,1.);
#1842 = DIRECTION('',(-1.,0.,0.));
#1843 = PLANE('',#1844);
#1844 = AXIS2_PLACEMENT_3D('',#1845,#1846,#1847);
#1845 = CARTESIAN_POINT('',(1.016,1.27,0.));
#1846 = DIRECTION('',(0.,-1.,0.));
#1847 = DIRECTION('',(-1.,0.,0.));
#1848 = ADVANCED_FACE('',(#1849),#1874,.F.);
#1849 = FACE_BOUND('',#1850,.F.);
#1850 = EDGE_LOOP('',(#1851,#1852,#1860,#1868));
#1851 = ORIENTED_EDGE('',*,*,#1799,.T.);
#1852 = ORIENTED_EDGE('',*,*,#1853,.T.);
#1853 = EDGE_CURVE('',#1792,#1854,#1856,.T.);
#1854 = VERTEX_POINT('',#1855);
#1855 = CARTESIAN_POINT('',(-1.27,-1.016,2.54));
#1856 = LINE('',#1857,#1858);
#1857 = CARTESIAN_POINT('',(-1.27,1.016,2.54));
#1858 = VECTOR('',#1859,1.);
#1859 = DIRECTION('',(0.,-1.,0.));
#1860 = ORIENTED_EDGE('',*,*,#1861,.F.);
#1861 = EDGE_CURVE('',#1862,#1854,#1864,.T.);
#1862 = VERTEX_POINT('',#1863);
#1863 = CARTESIAN_POINT('',(-1.27,-1.016,0.));
#1864 = LINE('',#1865,#1866);
#1865 = CARTESIAN_POINT('',(-1.27,-1.016,0.));
#1866 = VECTOR('',#1867,1.);
#1867 = DIRECTION('',(0.,0.,1.));
#1868 = ORIENTED_EDGE('',*,*,#1869,.F.);
#1869 = EDGE_CURVE('',#1800,#1862,#1870,.T.);
#1870 = LINE('',#1871,#1872);
#1871 = CARTESIAN_POINT('',(-1.27,1.016,0.));
#1872 = VECTOR('',#1873,1.);
#1873 = DIRECTION('',(0.,-1.,0.));
#1874 = PLANE('',#1875);
#1875 = AXIS2_PLACEMENT_3D('',#1876,#1877,#1878);
#1876 = CARTESIAN_POINT('',(-1.27,1.016,0.));
#1877 = DIRECTION('',(1.,0.,0.));
#1878 = DIRECTION('',(0.,-1.,0.));
#1879 = ADVANCED_FACE('',(#1880,#2163,#2197,#2231,#2265,#2299,#2333),
  #2367,.F.);
#1880 = FACE_BOUND('',#1881,.F.);
#1881 = EDGE_LOOP('',(#1882,#1883,#1884,#1892,#1900,#1908,#1916,#1924,
    #1932,#1940,#1948,#1956,#1964,#1972,#1980,#1988,#1996,#2004,#2012,
    #2020,#2028,#2036,#2044,#2052,#2060,#2068,#2076,#2084,#2092,#2100,
    #2108,#2116,#2124,#2132,#2140,#2148,#2156,#2162));
#1882 = ORIENTED_EDGE('',*,*,#1807,.T.);
#1883 = ORIENTED_EDGE('',*,*,#1869,.T.);
#1884 = ORIENTED_EDGE('',*,*,#1885,.T.);
#1885 = EDGE_CURVE('',#1862,#1886,#1888,.T.);
#1886 = VERTEX_POINT('',#1887);
#1887 = CARTESIAN_POINT('',(-1.016,-1.27,0.));
#1888 = LINE('',#1889,#1890);
#1889 = CARTESIAN_POINT('',(-1.27,-1.016,0.));
#1890 = VECTOR('',#1891,1.);
#1891 = DIRECTION('',(0.707106781187,-0.707106781187,0.));
#1892 = ORIENTED_EDGE('',*,*,#1893,.T.);
#1893 = EDGE_CURVE('',#1886,#1894,#1896,.T.);
#1894 = VERTEX_POINT('',#1895);
#1895 = CARTESIAN_POINT('',(-1.27,-1.524,0.));
#1896 = LINE('',#1897,#1898);
#1897 = CARTESIAN_POINT('',(-1.016,-1.27,0.));
#1898 = VECTOR('',#1899,1.);
#1899 = DIRECTION('',(-0.707106781187,-0.707106781187,0.));
#1900 = ORIENTED_EDGE('',*,*,#1901,.T.);
#1901 = EDGE_CURVE('',#1894,#1902,#1904,.T.);
#1902 = VERTEX_POINT('',#1903);
#1903 = CARTESIAN_POINT('',(-1.27,-3.556,0.));
#1904 = LINE('',#1905,#1906);
#1905 = CARTESIAN_POINT('',(-1.27,-1.524,0.));
#1906 = VECTOR('',#1907,1.);
#1907 = DIRECTION('',(0.,-1.,0.));
#1908 = ORIENTED_EDGE('',*,*,#1909,.T.);
#1909 = EDGE_CURVE('',#1902,#1910,#1912,.T.);
#1910 = VERTEX_POINT('',#1911);
#1911 = CARTESIAN_POINT('',(-1.016,-3.81,0.));
#1912 = LINE('',#1913,#1914);
#1913 = CARTESIAN_POINT('',(-1.27,-3.556,0.));
#1914 = VECTOR('',#1915,1.);
#1915 = DIRECTION('',(0.707106781187,-0.707106781187,0.));
#1916 = ORIENTED_EDGE('',*,*,#1917,.T.);
#1917 = EDGE_CURVE('',#1910,#1918,#1920,.T.);
#1918 = VERTEX_POINT('',#1919);
#1919 = CARTESIAN_POINT('',(-1.27,-4.064,0.));
#1920 = LINE('',#1921,#1922);
#1921 = CARTESIAN_POINT('',(-1.016,-3.81,0.));
#1922 = VECTOR('',#1923,1.);
#1923 = DIRECTION('',(-0.707106781187,-0.707106781187,0.));
#1924 = ORIENTED_EDGE('',*,*,#1925,.T.);
#1925 = EDGE_CURVE('',#1918,#1926,#1928,.T.);
#1926 = VERTEX_POINT('',#1927);
#1927 = CARTESIAN_POINT('',(-1.27,-6.096,0.));
#1928 = LINE('',#1929,#1930);
#1929 = CARTESIAN_POINT('',(-1.27,-4.064,0.));
#1930 = VECTOR('',#1931,1.);
#1931 = DIRECTION('',(0.,-1.,0.));
#1932 = ORIENTED_EDGE('',*,*,#1933,.T.);
#1933 = EDGE_CURVE('',#1926,#1934,#1936,.T.);
#1934 = VERTEX_POINT('',#1935);
#1935 = CARTESIAN_POINT('',(-1.016,-6.35,0.));
#1936 = LINE('',#1937,#1938);
#1937 = CARTESIAN_POINT('',(-1.27,-6.096,0.));
#1938 = VECTOR('',#1939,1.);
#1939 = DIRECTION('',(0.707106781187,-0.707106781187,0.));
#1940 = ORIENTED_EDGE('',*,*,#1941,.T.);
#1941 = EDGE_CURVE('',#1934,#1942,#1944,.T.);
#1942 = VERTEX_POINT('',#1943);
#1943 = CARTESIAN_POINT('',(-1.27,-6.604,0.));
#1944 = LINE('',#1945,#1946);
#1945 = CARTESIAN_POINT('',(-1.016,-6.35,0.));
#1946 = VECTOR('',#1947,1.);
#1947 = DIRECTION('',(-0.707106781187,-0.707106781187,0.));
#1948 = ORIENTED_EDGE('',*,*,#1949,.T.);
#1949 = EDGE_CURVE('',#1942,#1950,#1952,.T.);
#1950 = VERTEX_POINT('',#1951);
#1951 = CARTESIAN_POINT('',(-1.27,-8.636,0.));
#1952 = LINE('',#1953,#1954);
#1953 = CARTESIAN_POINT('',(-1.27,-6.604,0.));
#1954 = VECTOR('',#1955,1.);
#1955 = DIRECTION('',(0.,-1.,0.));
#1956 = ORIENTED_EDGE('',*,*,#1957,.T.);
#1957 = EDGE_CURVE('',#1950,#1958,#1960,.T.);
#1958 = VERTEX_POINT('',#1959);
#1959 = CARTESIAN_POINT('',(-1.016,-8.89,0.));
#1960 = LINE('',#1961,#1962);
#1961 = CARTESIAN_POINT('',(-1.27,-8.636,0.));
#1962 = VECTOR('',#1963,1.);
#1963 = DIRECTION('',(0.707106781187,-0.707106781187,0.));
#1964 = ORIENTED_EDGE('',*,*,#1965,.T.);
#1965 = EDGE_CURVE('',#1958,#1966,#1968,.T.);
#1966 = VERTEX_POINT('',#1967);
#1967 = CARTESIAN_POINT('',(-1.27,-9.144,0.));
#1968 = LINE('',#1969,#1970);
#1969 = CARTESIAN_POINT('',(-1.016,-8.89,0.));
#1970 = VECTOR('',#1971,1.);
#1971 = DIRECTION('',(-0.707106781187,-0.707106781187,0.));
#1972 = ORIENTED_EDGE('',*,*,#1973,.T.);
#1973 = EDGE_CURVE('',#1966,#1974,#1976,.T.);
#1974 = VERTEX_POINT('',#1975);
#1975 = CARTESIAN_POINT('',(-1.27,-11.176,0.));
#1976 = LINE('',#1977,#1978);
#1977 = CARTESIAN_POINT('',(-1.27,-9.144,0.));
#1978 = VECTOR('',#1979,1.);
#1979 = DIRECTION('',(0.,-1.,0.));
#1980 = ORIENTED_EDGE('',*,*,#1981,.T.);
#1981 = EDGE_CURVE('',#1974,#1982,#1984,.T.);
#1982 = VERTEX_POINT('',#1983);
#1983 = CARTESIAN_POINT('',(-1.016,-11.43,0.));
#1984 = LINE('',#1985,#1986);
#1985 = CARTESIAN_POINT('',(-1.27,-11.176,0.));
#1986 = VECTOR('',#1987,1.);
#1987 = DIRECTION('',(0.707106781187,-0.707106781187,0.));
#1988 = ORIENTED_EDGE('',*,*,#1989,.T.);
#1989 = EDGE_CURVE('',#1982,#1990,#1992,.T.);
#1990 = VERTEX_POINT('',#1991);
#1991 = CARTESIAN_POINT('',(-1.27,-11.684,0.));
#1992 = LINE('',#1993,#1994);
#1993 = CARTESIAN_POINT('',(-1.016,-11.43,0.));
#1994 = VECTOR('',#1995,1.);
#1995 = DIRECTION('',(-0.707106781187,-0.707106781187,0.));
#1996 = ORIENTED_EDGE('',*,*,#1997,.T.);
#1997 = EDGE_CURVE('',#1990,#1998,#2000,.T.);
#1998 = VERTEX_POINT('',#1999);
#1999 = CARTESIAN_POINT('',(-1.27,-13.716,0.));
#2000 = LINE('',#2001,#2002);
#2001 = CARTESIAN_POINT('',(-1.27,-11.684,0.));
#2002 = VECTOR('',#2003,1.);
#2003 = DIRECTION('',(0.,-1.,0.));
#2004 = ORIENTED_EDGE('',*,*,#2005,.T.);
#2005 = EDGE_CURVE('',#1998,#2006,#2008,.T.);
#2006 = VERTEX_POINT('',#2007);
#2007 = CARTESIAN_POINT('',(-1.016,-13.97,0.));
#2008 = LINE('',#2009,#2010);
#2009 = CARTESIAN_POINT('',(-1.27,-13.716,0.));
#2010 = VECTOR('',#2011,1.);
#2011 = DIRECTION('',(0.707106781187,-0.707106781187,0.));
#2012 = ORIENTED_EDGE('',*,*,#2013,.T.);
#2013 = EDGE_CURVE('',#2006,#2014,#2016,.T.);
#2014 = VERTEX_POINT('',#2015);
#2015 = CARTESIAN_POINT('',(1.016,-13.97,0.));
#2016 = LINE('',#2017,#2018);
#2017 = CARTESIAN_POINT('',(-1.016,-13.97,0.));
#2018 = VECTOR('',#2019,1.);
#2019 = DIRECTION('',(1.,0.,0.));
#2020 = ORIENTED_EDGE('',*,*,#2021,.T.);
#2021 = EDGE_CURVE('',#2014,#2022,#2024,.T.);
#2022 = VERTEX_POINT('',#2023);
#2023 = CARTESIAN_POINT('',(1.27,-13.716,0.));
#2024 = LINE('',#2025,#2026);
#2025 = CARTESIAN_POINT('',(1.016,-13.97,0.));
#2026 = VECTOR('',#2027,1.);
#2027 = DIRECTION('',(0.707106781187,0.707106781187,0.));
#2028 = ORIENTED_EDGE('',*,*,#2029,.T.);
#2029 = EDGE_CURVE('',#2022,#2030,#2032,.T.);
#2030 = VERTEX_POINT('',#2031);
#2031 = CARTESIAN_POINT('',(1.27,-11.684,0.));
#2032 = LINE('',#2033,#2034);
#2033 = CARTESIAN_POINT('',(1.27,-13.716,0.));
#2034 = VECTOR('',#2035,1.);
#2035 = DIRECTION('',(0.,1.,0.));
#2036 = ORIENTED_EDGE('',*,*,#2037,.T.);
#2037 = EDGE_CURVE('',#2030,#2038,#2040,.T.);
#2038 = VERTEX_POINT('',#2039);
#2039 = CARTESIAN_POINT('',(1.016,-11.43,0.));
#2040 = LINE('',#2041,#2042);
#2041 = CARTESIAN_POINT('',(1.27,-11.684,0.));
#2042 = VECTOR('',#2043,1.);
#2043 = DIRECTION('',(-0.707106781187,0.707106781187,0.));
#2044 = ORIENTED_EDGE('',*,*,#2045,.T.);
#2045 = EDGE_CURVE('',#2038,#2046,#2048,.T.);
#2046 = VERTEX_POINT('',#2047);
#2047 = CARTESIAN_POINT('',(1.27,-11.176,0.));
#2048 = LINE('',#2049,#2050);
#2049 = CARTESIAN_POINT('',(1.016,-11.43,0.));
#2050 = VECTOR('',#2051,1.);
#2051 = DIRECTION('',(0.707106781187,0.707106781187,0.));
#2052 = ORIENTED_EDGE('',*,*,#2053,.T.);
#2053 = EDGE_CURVE('',#2046,#2054,#2056,.T.);
#2054 = VERTEX_POINT('',#2055);
#2055 = CARTESIAN_POINT('',(1.27,-9.144,0.));
#2056 = LINE('',#2057,#2058);
#2057 = CARTESIAN_POINT('',(1.27,-11.176,0.));
#2058 = VECTOR('',#2059,1.);
#2059 = DIRECTION('',(0.,1.,0.));
#2060 = ORIENTED_EDGE('',*,*,#2061,.T.);
#2061 = EDGE_CURVE('',#2054,#2062,#2064,.T.);
#2062 = VERTEX_POINT('',#2063);
#2063 = CARTESIAN_POINT('',(1.016,-8.89,0.));
#2064 = LINE('',#2065,#2066);
#2065 = CARTESIAN_POINT('',(1.27,-9.144,0.));
#2066 = VECTOR('',#2067,1.);
#2067 = DIRECTION('',(-0.707106781187,0.707106781187,0.));
#2068 = ORIENTED_EDGE('',*,*,#2069,.T.);
#2069 = EDGE_CURVE('',#2062,#2070,#2072,.T.);
#2070 = VERTEX_POINT('',#2071);
#2071 = CARTESIAN_POINT('',(1.27,-8.636,0.));
#2072 = LINE('',#2073,#2074);
#2073 = CARTESIAN_POINT('',(1.016,-8.89,0.));
#2074 = VECTOR('',#2075,1.);
#2075 = DIRECTION('',(0.707106781187,0.707106781187,0.));
#2076 = ORIENTED_EDGE('',*,*,#2077,.T.);
#2077 = EDGE_CURVE('',#2070,#2078,#2080,.T.);
#2078 = VERTEX_POINT('',#2079);
#2079 = CARTESIAN_POINT('',(1.27,-6.604,0.));
#2080 = LINE('',#2081,#2082);
#2081 = CARTESIAN_POINT('',(1.27,-8.636,0.));
#2082 = VECTOR('',#2083,1.);
#2083 = DIRECTION('',(0.,1.,0.));
#2084 = ORIENTED_EDGE('',*,*,#2085,.T.);
#2085 = EDGE_CURVE('',#2078,#2086,#2088,.T.);
#2086 = VERTEX_POINT('',#2087);
#2087 = CARTESIAN_POINT('',(1.016,-6.35,0.));
#2088 = LINE('',#2089,#2090);
#2089 = CARTESIAN_POINT('',(1.27,-6.604,0.));
#2090 = VECTOR('',#2091,1.);
#2091 = DIRECTION('',(-0.707106781187,0.707106781187,0.));
#2092 = ORIENTED_EDGE('',*,*,#2093,.T.);
#2093 = EDGE_CURVE('',#2086,#2094,#2096,.T.);
#2094 = VERTEX_POINT('',#2095);
#2095 = CARTESIAN_POINT('',(1.27,-6.096,0.));
#2096 = LINE('',#2097,#2098);
#2097 = CARTESIAN_POINT('',(1.016,-6.35,0.));
#2098 = VECTOR('',#2099,1.);
#2099 = DIRECTION('',(0.707106781187,0.707106781187,0.));
#2100 = ORIENTED_EDGE('',*,*,#2101,.T.);
#2101 = EDGE_CURVE('',#2094,#2102,#2104,.T.);
#2102 = VERTEX_POINT('',#2103);
#2103 = CARTESIAN_POINT('',(1.27,-4.064,0.));
#2104 = LINE('',#2105,#2106);
#2105 = CARTESIAN_POINT('',(1.27,-6.096,0.));
#2106 = VECTOR('',#2107,1.);
#2107 = DIRECTION('',(0.,1.,0.));
#2108 = ORIENTED_EDGE('',*,*,#2109,.T.);
#2109 = EDGE_CURVE('',#2102,#2110,#2112,.T.);
#2110 = VERTEX_POINT('',#2111);
#2111 = CARTESIAN_POINT('',(1.016,-3.81,0.));
#2112 = LINE('',#2113,#2114);
#2113 = CARTESIAN_POINT('',(1.27,-4.064,0.));
#2114 = VECTOR('',#2115,1.);
#2115 = DIRECTION('',(-0.707106781187,0.707106781187,0.));
#2116 = ORIENTED_EDGE('',*,*,#2117,.T.);
#2117 = EDGE_CURVE('',#2110,#2118,#2120,.T.);
#2118 = VERTEX_POINT('',#2119);
#2119 = CARTESIAN_POINT('',(1.27,-3.556,0.));
#2120 = LINE('',#2121,#2122);
#2121 = CARTESIAN_POINT('',(1.016,-3.81,0.));
#2122 = VECTOR('',#2123,1.);
#2123 = DIRECTION('',(0.707106781187,0.707106781187,0.));
#2124 = ORIENTED_EDGE('',*,*,#2125,.T.);
#2125 = EDGE_CURVE('',#2118,#2126,#2128,.T.);
#2126 = VERTEX_POINT('',#2127);
#2127 = CARTESIAN_POINT('',(1.27,-1.524,0.));
#2128 = LINE('',#2129,#2130);
#2129 = CARTESIAN_POINT('',(1.27,-3.556,0.));
#2130 = VECTOR('',#2131,1.);
#2131 = DIRECTION('',(0.,1.,0.));
#2132 = ORIENTED_EDGE('',*,*,#2133,.T.);
#2133 = EDGE_CURVE('',#2126,#2134,#2136,.T.);
#2134 = VERTEX_POINT('',#2135);
#2135 = CARTESIAN_POINT('',(1.016,-1.27,0.));
#2136 = LINE('',#2137,#2138);
#2137 = CARTESIAN_POINT('',(1.27,-1.524,0.));
#2138 = VECTOR('',#2139,1.);
#2139 = DIRECTION('',(-0.707106781187,0.707106781187,0.));
#2140 = ORIENTED_EDGE('',*,*,#2141,.T.);
#2141 = EDGE_CURVE('',#2134,#2142,#2144,.T.);
#2142 = VERTEX_POINT('',#2143);
#2143 = CARTESIAN_POINT('',(1.27,-1.016,0.));
#2144 = LINE('',#2145,#2146);
#2145 = CARTESIAN_POINT('',(1.016,-1.27,0.));
#2146 = VECTOR('',#2147,1.);
#2147 = DIRECTION('',(0.707106781187,0.707106781187,0.));
#2148 = ORIENTED_EDGE('',*,*,#2149,.T.);
#2149 = EDGE_CURVE('',#2142,#2150,#2152,.T.);
#2150 = VERTEX_POINT('',#2151);
#2151 = CARTESIAN_POINT('',(1.27,1.016,0.));
#2152 = LINE('',#2153,#2154);
#2153 = CARTESIAN_POINT('',(1.27,-1.016,0.));
#2154 = VECTOR('',#2155,1.);
#2155 = DIRECTION('',(0.,1.,0.));
#2156 = ORIENTED_EDGE('',*,*,#2157,.T.);
#2157 = EDGE_CURVE('',#2150,#1822,#2158,.T.);
#2158 = LINE('',#2159,#2160);
#2159 = CARTESIAN_POINT('',(1.27,1.016,0.));
#2160 = VECTOR('',#2161,1.);
#2161 = DIRECTION('',(-0.707106781187,0.707106781187,0.));
#2162 = ORIENTED_EDGE('',*,*,#1838,.T.);
#2163 = FACE_BOUND('',#2164,.F.);
#2164 = EDGE_LOOP('',(#2165,#2175,#2183,#2191));
#2165 = ORIENTED_EDGE('',*,*,#2166,.F.);
#2166 = EDGE_CURVE('',#2167,#2169,#2171,.T.);
#2167 = VERTEX_POINT('',#2168);
#2168 = CARTESIAN_POINT('',(0.32,-0.32,0.));
#2169 = VERTEX_POINT('',#2170);
#2170 = CARTESIAN_POINT('',(0.32,0.32,0.));
#2171 = LINE('',#2172,#2173);
#2172 = CARTESIAN_POINT('',(0.32,-3.335,0.));
#2173 = VECTOR('',#2174,1.);
#2174 = DIRECTION('',(0.,1.,0.));
#2175 = ORIENTED_EDGE('',*,*,#2176,.T.);
#2176 = EDGE_CURVE('',#2167,#2177,#2179,.T.);
#2177 = VERTEX_POINT('',#2178);
#2178 = CARTESIAN_POINT('',(-0.32,-0.32,0.));
#2179 = LINE('',#2180,#2181);
#2180 = CARTESIAN_POINT('',(-0.16,-0.32,0.));
#2181 = VECTOR('',#2182,1.);
#2182 = DIRECTION('',(-1.,0.,0.));
#2183 = ORIENTED_EDGE('',*,*,#2184,.T.);
#2184 = EDGE_CURVE('',#2177,#2185,#2187,.T.);
#2185 = VERTEX_POINT('',#2186);
#2186 = CARTESIAN_POINT('',(-0.32,0.32,0.));
#2187 = LINE('',#2188,#2189);
#2188 = CARTESIAN_POINT('',(-0.32,-3.335,0.));
#2189 = VECTOR('',#2190,1.);
#2190 = DIRECTION('',(0.,1.,0.));
#2191 = ORIENTED_EDGE('',*,*,#2192,.F.);
#2192 = EDGE_CURVE('',#2169,#2185,#2193,.T.);
#2193 = LINE('',#2194,#2195);
#2194 = CARTESIAN_POINT('',(-0.16,0.32,0.));
#2195 = VECTOR('',#2196,1.);
#2196 = DIRECTION('',(-1.,0.,0.));
#2197 = FACE_BOUND('',#2198,.F.);
#2198 = EDGE_LOOP('',(#2199,#2209,#2217,#2225));
#2199 = ORIENTED_EDGE('',*,*,#2200,.F.);
#2200 = EDGE_CURVE('',#2201,#2203,#2205,.T.);
#2201 = VERTEX_POINT('',#2202);
#2202 = CARTESIAN_POINT('',(0.32,-5.4,0.));
#2203 = VERTEX_POINT('',#2204);
#2204 = CARTESIAN_POINT('',(0.32,-4.76,0.));
#2205 = LINE('',#2206,#2207);
#2206 = CARTESIAN_POINT('',(0.32,-5.875,0.));
#2207 = VECTOR('',#2208,1.);
#2208 = DIRECTION('',(0.,1.,0.));
#2209 = ORIENTED_EDGE('',*,*,#2210,.T.);
#2210 = EDGE_CURVE('',#2201,#2211,#2213,.T.);
#2211 = VERTEX_POINT('',#2212);
#2212 = CARTESIAN_POINT('',(-0.32,-5.4,0.));
#2213 = LINE('',#2214,#2215);
#2214 = CARTESIAN_POINT('',(-0.16,-5.4,0.));
#2215 = VECTOR('',#2216,1.);
#2216 = DIRECTION('',(-1.,0.,0.));
#2217 = ORIENTED_EDGE('',*,*,#2218,.T.);
#2218 = EDGE_CURVE('',#2211,#2219,#2221,.T.);
#2219 = VERTEX_POINT('',#2220);
#2220 = CARTESIAN_POINT('',(-0.32,-4.76,0.));
#2221 = LINE('',#2222,#2223);
#2222 = CARTESIAN_POINT('',(-0.32,-5.875,0.));
#2223 = VECTOR('',#2224,1.);
#2224 = DIRECTION('',(0.,1.,0.));
#2225 = ORIENTED_EDGE('',*,*,#2226,.F.);
#2226 = EDGE_CURVE('',#2203,#2219,#2227,.T.);
#2227 = LINE('',#2228,#2229);
#2228 = CARTESIAN_POINT('',(-0.16,-4.76,0.));
#2229 = VECTOR('',#2230,1.);
#2230 = DIRECTION('',(-1.,0.,0.));
#2231 = FACE_BOUND('',#2232,.F.);
#2232 = EDGE_LOOP('',(#2233,#2243,#2251,#2259));
#2233 = ORIENTED_EDGE('',*,*,#2234,.F.);
#2234 = EDGE_CURVE('',#2235,#2237,#2239,.T.);
#2235 = VERTEX_POINT('',#2236);
#2236 = CARTESIAN_POINT('',(0.32,-2.86,0.));
#2237 = VERTEX_POINT('',#2238);
#2238 = CARTESIAN_POINT('',(0.32,-2.22,0.));
#2239 = LINE('',#2240,#2241);
#2240 = CARTESIAN_POINT('',(0.32,-4.605,0.));
#2241 = VECTOR('',#2242,1.);
#2242 = DIRECTION('',(0.,1.,0.));
#2243 = ORIENTED_EDGE('',*,*,#2244,.T.);
#2244 = EDGE_CURVE('',#2235,#2245,#2247,.T.);
#2245 = VERTEX_POINT('',#2246);
#2246 = CARTESIAN_POINT('',(-0.32,-2.86,0.));
#2247 = LINE('',#2248,#2249);
#2248 = CARTESIAN_POINT('',(-0.16,-2.86,0.));
#2249 = VECTOR('',#2250,1.);
#2250 = DIRECTION('',(-1.,0.,0.));
#2251 = ORIENTED_EDGE('',*,*,#2252,.T.);
#2252 = EDGE_CURVE('',#2245,#2253,#2255,.T.);
#2253 = VERTEX_POINT('',#2254);
#2254 = CARTESIAN_POINT('',(-0.32,-2.22,0.));
#2255 = LINE('',#2256,#2257);
#2256 = CARTESIAN_POINT('',(-0.32,-4.605,0.));
#2257 = VECTOR('',#2258,1.);
#2258 = DIRECTION('',(0.,1.,0.));
#2259 = ORIENTED_EDGE('',*,*,#2260,.F.);
#2260 = EDGE_CURVE('',#2237,#2253,#2261,.T.);
#2261 = LINE('',#2262,#2263);
#2262 = CARTESIAN_POINT('',(-0.16,-2.22,0.));
#2263 = VECTOR('',#2264,1.);
#2264 = DIRECTION('',(-1.,0.,0.));
#2265 = FACE_BOUND('',#2266,.F.);
#2266 = EDGE_LOOP('',(#2267,#2277,#2285,#2293));
#2267 = ORIENTED_EDGE('',*,*,#2268,.T.);
#2268 = EDGE_CURVE('',#2269,#2271,#2273,.T.);
#2269 = VERTEX_POINT('',#2270);
#2270 = CARTESIAN_POINT('',(0.32,-13.02,0.));
#2271 = VERTEX_POINT('',#2272);
#2272 = CARTESIAN_POINT('',(-0.32,-13.02,0.));
#2273 = LINE('',#2274,#2275);
#2274 = CARTESIAN_POINT('',(-0.16,-13.02,0.));
#2275 = VECTOR('',#2276,1.);
#2276 = DIRECTION('',(-1.,0.,0.));
#2277 = ORIENTED_EDGE('',*,*,#2278,.T.);
#2278 = EDGE_CURVE('',#2271,#2279,#2281,.T.);
#2279 = VERTEX_POINT('',#2280);
#2280 = CARTESIAN_POINT('',(-0.32,-12.38,0.));
#2281 = LINE('',#2282,#2283);
#2282 = CARTESIAN_POINT('',(-0.32,-9.685,0.));
#2283 = VECTOR('',#2284,1.);
#2284 = DIRECTION('',(0.,1.,0.));
#2285 = ORIENTED_EDGE('',*,*,#2286,.F.);
#2286 = EDGE_CURVE('',#2287,#2279,#2289,.T.);
#2287 = VERTEX_POINT('',#2288);
#2288 = CARTESIAN_POINT('',(0.32,-12.38,0.));
#2289 = LINE('',#2290,#2291);
#2290 = CARTESIAN_POINT('',(-0.16,-12.38,0.));
#2291 = VECTOR('',#2292,1.);
#2292 = DIRECTION('',(-1.,0.,0.));
#2293 = ORIENTED_EDGE('',*,*,#2294,.F.);
#2294 = EDGE_CURVE('',#2269,#2287,#2295,.T.);
#2295 = LINE('',#2296,#2297);
#2296 = CARTESIAN_POINT('',(0.32,-9.685,0.));
#2297 = VECTOR('',#2298,1.);
#2298 = DIRECTION('',(0.,1.,0.));
#2299 = FACE_BOUND('',#2300,.F.);
#2300 = EDGE_LOOP('',(#2301,#2311,#2319,#2327));
#2301 = ORIENTED_EDGE('',*,*,#2302,.F.);
#2302 = EDGE_CURVE('',#2303,#2305,#2307,.T.);
#2303 = VERTEX_POINT('',#2304);
#2304 = CARTESIAN_POINT('',(0.32,-9.84,0.));
#2305 = VERTEX_POINT('',#2306);
#2306 = CARTESIAN_POINT('',(-0.32,-9.84,0.));
#2307 = LINE('',#2308,#2309);
#2308 = CARTESIAN_POINT('',(-0.16,-9.84,0.));
#2309 = VECTOR('',#2310,1.);
#2310 = DIRECTION('',(-1.,0.,0.));
#2311 = ORIENTED_EDGE('',*,*,#2312,.F.);
#2312 = EDGE_CURVE('',#2313,#2303,#2315,.T.);
#2313 = VERTEX_POINT('',#2314);
#2314 = CARTESIAN_POINT('',(0.32,-10.48,0.));
#2315 = LINE('',#2316,#2317);
#2316 = CARTESIAN_POINT('',(0.32,-8.415,0.));
#2317 = VECTOR('',#2318,1.);
#2318 = DIRECTION('',(0.,1.,0.));
#2319 = ORIENTED_EDGE('',*,*,#2320,.T.);
#2320 = EDGE_CURVE('',#2313,#2321,#2323,.T.);
#2321 = VERTEX_POINT('',#2322);
#2322 = CARTESIAN_POINT('',(-0.32,-10.48,0.));
#2323 = LINE('',#2324,#2325);
#2324 = CARTESIAN_POINT('',(-0.16,-10.48,0.));
#2325 = VECTOR('',#2326,1.);
#2326 = DIRECTION('',(-1.,0.,0.));
#2327 = ORIENTED_EDGE('',*,*,#2328,.T.);
#2328 = EDGE_CURVE('',#2321,#2305,#2329,.T.);
#2329 = LINE('',#2330,#2331);
#2330 = CARTESIAN_POINT('',(-0.32,-8.415,0.));
#2331 = VECTOR('',#2332,1.);
#2332 = DIRECTION('',(0.,1.,0.));
#2333 = FACE_BOUND('',#2334,.F.);
#2334 = EDGE_LOOP('',(#2335,#2345,#2353,#2361));
#2335 = ORIENTED_EDGE('',*,*,#2336,.T.);
#2336 = EDGE_CURVE('',#2337,#2339,#2341,.T.);
#2337 = VERTEX_POINT('',#2338);
#2338 = CARTESIAN_POINT('',(0.32,-7.94,0.));
#2339 = VERTEX_POINT('',#2340);
#2340 = CARTESIAN_POINT('',(-0.32,-7.94,0.));
#2341 = LINE('',#2342,#2343);
#2342 = CARTESIAN_POINT('',(-0.16,-7.94,0.));
#2343 = VECTOR('',#2344,1.);
#2344 = DIRECTION('',(-1.,0.,0.));
#2345 = ORIENTED_EDGE('',*,*,#2346,.T.);
#2346 = EDGE_CURVE('',#2339,#2347,#2349,.T.);
#2347 = VERTEX_POINT('',#2348);
#2348 = CARTESIAN_POINT('',(-0.32,-7.3,0.));
#2349 = LINE('',#2350,#2351);
#2350 = CARTESIAN_POINT('',(-0.32,-7.145,0.));
#2351 = VECTOR('',#2352,1.);
#2352 = DIRECTION('',(0.,1.,0.));
#2353 = ORIENTED_EDGE('',*,*,#2354,.F.);
#2354 = EDGE_CURVE('',#2355,#2347,#2357,.T.);
#2355 = VERTEX_POINT('',#2356);
#2356 = CARTESIAN_POINT('',(0.32,-7.3,0.));
#2357 = LINE('',#2358,#2359);
#2358 = CARTESIAN_POINT('',(-0.16,-7.3,0.));
#2359 = VECTOR('',#2360,1.);
#2360 = DIRECTION('',(-1.,0.,0.));
#2361 = ORIENTED_EDGE('',*,*,#2362,.F.);
#2362 = EDGE_CURVE('',#2337,#2355,#2363,.T.);
#2363 = LINE('',#2364,#2365);
#2364 = CARTESIAN_POINT('',(0.32,-7.145,0.));
#2365 = VECTOR('',#2366,1.);
#2366 = DIRECTION('',(0.,1.,0.));
#2367 = PLANE('',#2368);
#2368 = AXIS2_PLACEMENT_3D('',#2369,#2370,#2371);
#2369 = CARTESIAN_POINT('',(-1.797008255889E-17,-6.35,0.));
#2370 = DIRECTION('',(0.,0.,1.));
#2371 = DIRECTION('',(1.,0.,-0.));
#2372 = ADVANCED_FACE('',(#2373,#2656,#2690,#2724,#2758,#2792,#2826),
  #2860,.T.);
#2373 = FACE_BOUND('',#2374,.T.);
#2374 = EDGE_LOOP('',(#2375,#2376,#2377,#2385,#2393,#2401,#2409,#2417,
    #2425,#2433,#2441,#2449,#2457,#2465,#2473,#2481,#2489,#2497,#2505,
    #2513,#2521,#2529,#2537,#2545,#2553,#2561,#2569,#2577,#2585,#2593,
    #2601,#2609,#2617,#2625,#2633,#2641,#2649,#2655));
#2375 = ORIENTED_EDGE('',*,*,#1791,.T.);
#2376 = ORIENTED_EDGE('',*,*,#1853,.T.);
#2377 = ORIENTED_EDGE('',*,*,#2378,.T.);
#2378 = EDGE_CURVE('',#1854,#2379,#2381,.T.);
#2379 = VERTEX_POINT('',#2380);
#2380 = CARTESIAN_POINT('',(-1.016,-1.27,2.54));
#2381 = LINE('',#2382,#2383);
#2382 = CARTESIAN_POINT('',(-1.27,-1.016,2.54));
#2383 = VECTOR('',#2384,1.);
#2384 = DIRECTION('',(0.707106781187,-0.707106781187,0.));
#2385 = ORIENTED_EDGE('',*,*,#2386,.T.);
#2386 = EDGE_CURVE('',#2379,#2387,#2389,.T.);
#2387 = VERTEX_POINT('',#2388);
#2388 = CARTESIAN_POINT('',(-1.27,-1.524,2.54));
#2389 = LINE('',#2390,#2391);
#2390 = CARTESIAN_POINT('',(-1.016,-1.27,2.54));
#2391 = VECTOR('',#2392,1.);
#2392 = DIRECTION('',(-0.707106781187,-0.707106781187,0.));
#2393 = ORIENTED_EDGE('',*,*,#2394,.T.);
#2394 = EDGE_CURVE('',#2387,#2395,#2397,.T.);
#2395 = VERTEX_POINT('',#2396);
#2396 = CARTESIAN_POINT('',(-1.27,-3.556,2.54));
#2397 = LINE('',#2398,#2399);
#2398 = CARTESIAN_POINT('',(-1.27,-1.524,2.54));
#2399 = VECTOR('',#2400,1.);
#2400 = DIRECTION('',(0.,-1.,0.));
#2401 = ORIENTED_EDGE('',*,*,#2402,.T.);
#2402 = EDGE_CURVE('',#2395,#2403,#2405,.T.);
#2403 = VERTEX_POINT('',#2404);
#2404 = CARTESIAN_POINT('',(-1.016,-3.81,2.54));
#2405 = LINE('',#2406,#2407);
#2406 = CARTESIAN_POINT('',(-1.27,-3.556,2.54));
#2407 = VECTOR('',#2408,1.);
#2408 = DIRECTION('',(0.707106781187,-0.707106781187,0.));
#2409 = ORIENTED_EDGE('',*,*,#2410,.T.);
#2410 = EDGE_CURVE('',#2403,#2411,#2413,.T.);
#2411 = VERTEX_POINT('',#2412);
#2412 = CARTESIAN_POINT('',(-1.27,-4.064,2.54));
#2413 = LINE('',#2414,#2415);
#2414 = CARTESIAN_POINT('',(-1.016,-3.81,2.54));
#2415 = VECTOR('',#2416,1.);
#2416 = DIRECTION('',(-0.707106781187,-0.707106781187,0.));
#2417 = ORIENTED_EDGE('',*,*,#2418,.T.);
#2418 = EDGE_CURVE('',#2411,#2419,#2421,.T.);
#2419 = VERTEX_POINT('',#2420);
#2420 = CARTESIAN_POINT('',(-1.27,-6.096,2.54));
#2421 = LINE('',#2422,#2423);
#2422 = CARTESIAN_POINT('',(-1.27,-4.064,2.54));
#2423 = VECTOR('',#2424,1.);
#2424 = DIRECTION('',(0.,-1.,0.));
#2425 = ORIENTED_EDGE('',*,*,#2426,.T.);
#2426 = EDGE_CURVE('',#2419,#2427,#2429,.T.);
#2427 = VERTEX_POINT('',#2428);
#2428 = CARTESIAN_POINT('',(-1.016,-6.35,2.54));
#2429 = LINE('',#2430,#2431);
#2430 = CARTESIAN_POINT('',(-1.27,-6.096,2.54));
#2431 = VECTOR('',#2432,1.);
#2432 = DIRECTION('',(0.707106781187,-0.707106781187,0.));
#2433 = ORIENTED_EDGE('',*,*,#2434,.T.);
#2434 = EDGE_CURVE('',#2427,#2435,#2437,.T.);
#2435 = VERTEX_POINT('',#2436);
#2436 = CARTESIAN_POINT('',(-1.27,-6.604,2.54));
#2437 = LINE('',#2438,#2439);
#2438 = CARTESIAN_POINT('',(-1.016,-6.35,2.54));
#2439 = VECTOR('',#2440,1.);
#2440 = DIRECTION('',(-0.707106781187,-0.707106781187,0.));
#2441 = ORIENTED_EDGE('',*,*,#2442,.T.);
#2442 = EDGE_CURVE('',#2435,#2443,#2445,.T.);
#2443 = VERTEX_POINT('',#2444);
#2444 = CARTESIAN_POINT('',(-1.27,-8.636,2.54));
#2445 = LINE('',#2446,#2447);
#2446 = CARTESIAN_POINT('',(-1.27,-6.604,2.54));
#2447 = VECTOR('',#2448,1.);
#2448 = DIRECTION('',(0.,-1.,0.));
#2449 = ORIENTED_EDGE('',*,*,#2450,.T.);
#2450 = EDGE_CURVE('',#2443,#2451,#2453,.T.);
#2451 = VERTEX_POINT('',#2452);
#2452 = CARTESIAN_POINT('',(-1.016,-8.89,2.54));
#2453 = LINE('',#2454,#2455);
#2454 = CARTESIAN_POINT('',(-1.27,-8.636,2.54));
#2455 = VECTOR('',#2456,1.);
#2456 = DIRECTION('',(0.707106781187,-0.707106781187,0.));
#2457 = ORIENTED_EDGE('',*,*,#2458,.T.);
#2458 = EDGE_CURVE('',#2451,#2459,#2461,.T.);
#2459 = VERTEX_POINT('',#2460);
#2460 = CARTESIAN_POINT('',(-1.27,-9.144,2.54));
#2461 = LINE('',#2462,#2463);
#2462 = CARTESIAN_POINT('',(-1.016,-8.89,2.54));
#2463 = VECTOR('',#2464,1.);
#2464 = DIRECTION('',(-0.707106781187,-0.707106781187,0.));
#2465 = ORIENTED_EDGE('',*,*,#2466,.T.);
#2466 = EDGE_CURVE('',#2459,#2467,#2469,.T.);
#2467 = VERTEX_POINT('',#2468);
#2468 = CARTESIAN_POINT('',(-1.27,-11.176,2.54));
#2469 = LINE('',#2470,#2471);
#2470 = CARTESIAN_POINT('',(-1.27,-9.144,2.54));
#2471 = VECTOR('',#2472,1.);
#2472 = DIRECTION('',(0.,-1.,0.));
#2473 = ORIENTED_EDGE('',*,*,#2474,.T.);
#2474 = EDGE_CURVE('',#2467,#2475,#2477,.T.);
#2475 = VERTEX_POINT('',#2476);
#2476 = CARTESIAN_POINT('',(-1.016,-11.43,2.54));
#2477 = LINE('',#2478,#2479);
#2478 = CARTESIAN_POINT('',(-1.27,-11.176,2.54));
#2479 = VECTOR('',#2480,1.);
#2480 = DIRECTION('',(0.707106781187,-0.707106781187,0.));
#2481 = ORIENTED_EDGE('',*,*,#2482,.T.);
#2482 = EDGE_CURVE('',#2475,#2483,#2485,.T.);
#2483 = VERTEX_POINT('',#2484);
#2484 = CARTESIAN_POINT('',(-1.27,-11.684,2.54));
#2485 = LINE('',#2486,#2487);
#2486 = CARTESIAN_POINT('',(-1.016,-11.43,2.54));
#2487 = VECTOR('',#2488,1.);
#2488 = DIRECTION('',(-0.707106781187,-0.707106781187,0.));
#2489 = ORIENTED_EDGE('',*,*,#2490,.T.);
#2490 = EDGE_CURVE('',#2483,#2491,#2493,.T.);
#2491 = VERTEX_POINT('',#2492);
#2492 = CARTESIAN_POINT('',(-1.27,-13.716,2.54));
#2493 = LINE('',#2494,#2495);
#2494 = CARTESIAN_POINT('',(-1.27,-11.684,2.54));
#2495 = VECTOR('',#2496,1.);
#2496 = DIRECTION('',(0.,-1.,0.));
#2497 = ORIENTED_EDGE('',*,*,#2498,.T.);
#2498 = EDGE_CURVE('',#2491,#2499,#2501,.T.);
#2499 = VERTEX_POINT('',#2500);
#2500 = CARTESIAN_POINT('',(-1.016,-13.97,2.54));
#2501 = LINE('',#2502,#2503);
#2502 = CARTESIAN_POINT('',(-1.27,-13.716,2.54));
#2503 = VECTOR('',#2504,1.);
#2504 = DIRECTION('',(0.707106781187,-0.707106781187,0.));
#2505 = ORIENTED_EDGE('',*,*,#2506,.T.);
#2506 = EDGE_CURVE('',#2499,#2507,#2509,.T.);
#2507 = VERTEX_POINT('',#2508);
#2508 = CARTESIAN_POINT('',(1.016,-13.97,2.54));
#2509 = LINE('',#2510,#2511);
#2510 = CARTESIAN_POINT('',(-1.016,-13.97,2.54));
#2511 = VECTOR('',#2512,1.);
#2512 = DIRECTION('',(1.,0.,0.));
#2513 = ORIENTED_EDGE('',*,*,#2514,.T.);
#2514 = EDGE_CURVE('',#2507,#2515,#2517,.T.);
#2515 = VERTEX_POINT('',#2516);
#2516 = CARTESIAN_POINT('',(1.27,-13.716,2.54));
#2517 = LINE('',#2518,#2519);
#2518 = CARTESIAN_POINT('',(1.016,-13.97,2.54));
#2519 = VECTOR('',#2520,1.);
#2520 = DIRECTION('',(0.707106781187,0.707106781187,0.));
#2521 = ORIENTED_EDGE('',*,*,#2522,.T.);
#2522 = EDGE_CURVE('',#2515,#2523,#2525,.T.);
#2523 = VERTEX_POINT('',#2524);
#2524 = CARTESIAN_POINT('',(1.27,-11.684,2.54));
#2525 = LINE('',#2526,#2527);
#2526 = CARTESIAN_POINT('',(1.27,-13.716,2.54));
#2527 = VECTOR('',#2528,1.);
#2528 = DIRECTION('',(0.,1.,0.));
#2529 = ORIENTED_EDGE('',*,*,#2530,.T.);
#2530 = EDGE_CURVE('',#2523,#2531,#2533,.T.);
#2531 = VERTEX_POINT('',#2532);
#2532 = CARTESIAN_POINT('',(1.016,-11.43,2.54));
#2533 = LINE('',#2534,#2535);
#2534 = CARTESIAN_POINT('',(1.27,-11.684,2.54));
#2535 = VECTOR('',#2536,1.);
#2536 = DIRECTION('',(-0.707106781187,0.707106781187,0.));
#2537 = ORIENTED_EDGE('',*,*,#2538,.T.);
#2538 = EDGE_CURVE('',#2531,#2539,#2541,.T.);
#2539 = VERTEX_POINT('',#2540);
#2540 = CARTESIAN_POINT('',(1.27,-11.176,2.54));
#2541 = LINE('',#2542,#2543);
#2542 = CARTESIAN_POINT('',(1.016,-11.43,2.54));
#2543 = VECTOR('',#2544,1.);
#2544 = DIRECTION('',(0.707106781187,0.707106781187,0.));
#2545 = ORIENTED_EDGE('',*,*,#2546,.T.);
#2546 = EDGE_CURVE('',#2539,#2547,#2549,.T.);
#2547 = VERTEX_POINT('',#2548);
#2548 = CARTESIAN_POINT('',(1.27,-9.144,2.54));
#2549 = LINE('',#2550,#2551);
#2550 = CARTESIAN_POINT('',(1.27,-11.176,2.54));
#2551 = VECTOR('',#2552,1.);
#2552 = DIRECTION('',(0.,1.,0.));
#2553 = ORIENTED_EDGE('',*,*,#2554,.T.);
#2554 = EDGE_CURVE('',#2547,#2555,#2557,.T.);
#2555 = VERTEX_POINT('',#2556);
#2556 = CARTESIAN_POINT('',(1.016,-8.89,2.54));
#2557 = LINE('',#2558,#2559);
#2558 = CARTESIAN_POINT('',(1.27,-9.144,2.54));
#2559 = VECTOR('',#2560,1.);
#2560 = DIRECTION('',(-0.707106781187,0.707106781187,0.));
#2561 = ORIENTED_EDGE('',*,*,#2562,.T.);
#2562 = EDGE_CURVE('',#2555,#2563,#2565,.T.);
#2563 = VERTEX_POINT('',#2564);
#2564 = CARTESIAN_POINT('',(1.27,-8.636,2.54));
#2565 = LINE('',#2566,#2567);
#2566 = CARTESIAN_POINT('',(1.016,-8.89,2.54));
#2567 = VECTOR('',#2568,1.);
#2568 = DIRECTION('',(0.707106781187,0.707106781187,0.));
#2569 = ORIENTED_EDGE('',*,*,#2570,.T.);
#2570 = EDGE_CURVE('',#2563,#2571,#2573,.T.);
#2571 = VERTEX_POINT('',#2572);
#2572 = CARTESIAN_POINT('',(1.27,-6.604,2.54));
#2573 = LINE('',#2574,#2575);
#2574 = CARTESIAN_POINT('',(1.27,-8.636,2.54));
#2575 = VECTOR('',#2576,1.);
#2576 = DIRECTION('',(0.,1.,0.));
#2577 = ORIENTED_EDGE('',*,*,#2578,.T.);
#2578 = EDGE_CURVE('',#2571,#2579,#2581,.T.);
#2579 = VERTEX_POINT('',#2580);
#2580 = CARTESIAN_POINT('',(1.016,-6.35,2.54));
#2581 = LINE('',#2582,#2583);
#2582 = CARTESIAN_POINT('',(1.27,-6.604,2.54));
#2583 = VECTOR('',#2584,1.);
#2584 = DIRECTION('',(-0.707106781187,0.707106781187,0.));
#2585 = ORIENTED_EDGE('',*,*,#2586,.T.);
#2586 = EDGE_CURVE('',#2579,#2587,#2589,.T.);
#2587 = VERTEX_POINT('',#2588);
#2588 = CARTESIAN_POINT('',(1.27,-6.096,2.54));
#2589 = LINE('',#2590,#2591);
#2590 = CARTESIAN_POINT('',(1.016,-6.35,2.54));
#2591 = VECTOR('',#2592,1.);
#2592 = DIRECTION('',(0.707106781187,0.707106781187,0.));
#2593 = ORIENTED_EDGE('',*,*,#2594,.T.);
#2594 = EDGE_CURVE('',#2587,#2595,#2597,.T.);
#2595 = VERTEX_POINT('',#2596);
#2596 = CARTESIAN_POINT('',(1.27,-4.064,2.54));
#2597 = LINE('',#2598,#2599);
#2598 = CARTESIAN_POINT('',(1.27,-6.096,2.54));
#2599 = VECTOR('',#2600,1.);
#2600 = DIRECTION('',(0.,1.,0.));
#2601 = ORIENTED_EDGE('',*,*,#2602,.T.);
#2602 = EDGE_CURVE('',#2595,#2603,#2605,.T.);
#2603 = VERTEX_POINT('',#2604);
#2604 = CARTESIAN_POINT('',(1.016,-3.81,2.54));
#2605 = LINE('',#2606,#2607);
#2606 = CARTESIAN_POINT('',(1.27,-4.064,2.54));
#2607 = VECTOR('',#2608,1.);
#2608 = DIRECTION('',(-0.707106781187,0.707106781187,0.));
#2609 = ORIENTED_EDGE('',*,*,#2610,.T.);
#2610 = EDGE_CURVE('',#2603,#2611,#2613,.T.);
#2611 = VERTEX_POINT('',#2612);
#2612 = CARTESIAN_POINT('',(1.27,-3.556,2.54));
#2613 = LINE('',#2614,#2615);
#2614 = CARTESIAN_POINT('',(1.016,-3.81,2.54));
#2615 = VECTOR('',#2616,1.);
#2616 = DIRECTION('',(0.707106781187,0.707106781187,0.));
#2617 = ORIENTED_EDGE('',*,*,#2618,.T.);
#2618 = EDGE_CURVE('',#2611,#2619,#2621,.T.);
#2619 = VERTEX_POINT('',#2620);
#2620 = CARTESIAN_POINT('',(1.27,-1.524,2.54));
#2621 = LINE('',#2622,#2623);
#2622 = CARTESIAN_POINT('',(1.27,-3.556,2.54));
#2623 = VECTOR('',#2624,1.);
#2624 = DIRECTION('',(0.,1.,0.));
#2625 = ORIENTED_EDGE('',*,*,#2626,.T.);
#2626 = EDGE_CURVE('',#2619,#2627,#2629,.T.);
#2627 = VERTEX_POINT('',#2628);
#2628 = CARTESIAN_POINT('',(1.016,-1.27,2.54));
#2629 = LINE('',#2630,#2631);
#2630 = CARTESIAN_POINT('',(1.27,-1.524,2.54));
#2631 = VECTOR('',#2632,1.);
#2632 = DIRECTION('',(-0.707106781187,0.707106781187,0.));
#2633 = ORIENTED_EDGE('',*,*,#2634,.T.);
#2634 = EDGE_CURVE('',#2627,#2635,#2637,.T.);
#2635 = VERTEX_POINT('',#2636);
#2636 = CARTESIAN_POINT('',(1.27,-1.016,2.54));
#2637 = LINE('',#2638,#2639);
#2638 = CARTESIAN_POINT('',(1.016,-1.27,2.54));
#2639 = VECTOR('',#2640,1.);
#2640 = DIRECTION('',(0.707106781187,0.707106781187,0.));
#2641 = ORIENTED_EDGE('',*,*,#2642,.T.);
#2642 = EDGE_CURVE('',#2635,#2643,#2645,.T.);
#2643 = VERTEX_POINT('',#2644);
#2644 = CARTESIAN_POINT('',(1.27,1.016,2.54));
#2645 = LINE('',#2646,#2647);
#2646 = CARTESIAN_POINT('',(1.27,-1.016,2.54));
#2647 = VECTOR('',#2648,1.);
#2648 = DIRECTION('',(0.,1.,0.));
#2649 = ORIENTED_EDGE('',*,*,#2650,.T.);
#2650 = EDGE_CURVE('',#2643,#1824,#2651,.T.);
#2651 = LINE('',#2652,#2653);
#2652 = CARTESIAN_POINT('',(1.27,1.016,2.54));
#2653 = VECTOR('',#2654,1.);
#2654 = DIRECTION('',(-0.707106781187,0.707106781187,0.));
#2655 = ORIENTED_EDGE('',*,*,#1831,.T.);
#2656 = FACE_BOUND('',#2657,.T.);
#2657 = EDGE_LOOP('',(#2658,#2668,#2676,#2684));
#2658 = ORIENTED_EDGE('',*,*,#2659,.F.);
#2659 = EDGE_CURVE('',#2660,#2662,#2664,.T.);
#2660 = VERTEX_POINT('',#2661);
#2661 = CARTESIAN_POINT('',(0.32,-0.32,2.54));
#2662 = VERTEX_POINT('',#2663);
#2663 = CARTESIAN_POINT('',(0.32,0.32,2.54));
#2664 = LINE('',#2665,#2666);
#2665 = CARTESIAN_POINT('',(0.32,-3.335,2.54));
#2666 = VECTOR('',#2667,1.);
#2667 = DIRECTION('',(0.,1.,0.));
#2668 = ORIENTED_EDGE('',*,*,#2669,.T.);
#2669 = EDGE_CURVE('',#2660,#2670,#2672,.T.);
#2670 = VERTEX_POINT('',#2671);
#2671 = CARTESIAN_POINT('',(-0.32,-0.32,2.54));
#2672 = LINE('',#2673,#2674);
#2673 = CARTESIAN_POINT('',(-0.16,-0.32,2.54));
#2674 = VECTOR('',#2675,1.);
#2675 = DIRECTION('',(-1.,0.,0.));
#2676 = ORIENTED_EDGE('',*,*,#2677,.T.);
#2677 = EDGE_CURVE('',#2670,#2678,#2680,.T.);
#2678 = VERTEX_POINT('',#2679);
#2679 = CARTESIAN_POINT('',(-0.32,0.32,2.54));
#2680 = LINE('',#2681,#2682);
#2681 = CARTESIAN_POINT('',(-0.32,-3.335,2.54));
#2682 = VECTOR('',#2683,1.);
#2683 = DIRECTION('',(0.,1.,0.));
#2684 = ORIENTED_EDGE('',*,*,#2685,.F.);
#2685 = EDGE_CURVE('',#2662,#2678,#2686,.T.);
#2686 = LINE('',#2687,#2688);
#2687 = CARTESIAN_POINT('',(-0.16,0.32,2.54));
#2688 = VECTOR('',#2689,1.);
#2689 = DIRECTION('',(-1.,0.,0.));
#2690 = FACE_BOUND('',#2691,.T.);
#2691 = EDGE_LOOP('',(#2692,#2702,#2710,#2718));
#2692 = ORIENTED_EDGE('',*,*,#2693,.F.);
#2693 = EDGE_CURVE('',#2694,#2696,#2698,.T.);
#2694 = VERTEX_POINT('',#2695);
#2695 = CARTESIAN_POINT('',(0.32,-5.4,2.54));
#2696 = VERTEX_POINT('',#2697);
#2697 = CARTESIAN_POINT('',(0.32,-4.76,2.54));
#2698 = LINE('',#2699,#2700);
#2699 = CARTESIAN_POINT('',(0.32,-5.875,2.54));
#2700 = VECTOR('',#2701,1.);
#2701 = DIRECTION('',(0.,1.,0.));
#2702 = ORIENTED_EDGE('',*,*,#2703,.T.);
#2703 = EDGE_CURVE('',#2694,#2704,#2706,.T.);
#2704 = VERTEX_POINT('',#2705);
#2705 = CARTESIAN_POINT('',(-0.32,-5.4,2.54));
#2706 = LINE('',#2707,#2708);
#2707 = CARTESIAN_POINT('',(-0.16,-5.4,2.54));
#2708 = VECTOR('',#2709,1.);
#2709 = DIRECTION('',(-1.,0.,0.));
#2710 = ORIENTED_EDGE('',*,*,#2711,.T.);
#2711 = EDGE_CURVE('',#2704,#2712,#2714,.T.);
#2712 = VERTEX_POINT('',#2713);
#2713 = CARTESIAN_POINT('',(-0.32,-4.76,2.54));
#2714 = LINE('',#2715,#2716);
#2715 = CARTESIAN_POINT('',(-0.32,-5.875,2.54));
#2716 = VECTOR('',#2717,1.);
#2717 = DIRECTION('',(0.,1.,0.));
#2718 = ORIENTED_EDGE('',*,*,#2719,.F.);
#2719 = EDGE_CURVE('',#2696,#2712,#2720,.T.);
#2720 = LINE('',#2721,#2722);
#2721 = CARTESIAN_POINT('',(-0.16,-4.76,2.54));
#2722 = VECTOR('',#2723,1.);
#2723 = DIRECTION('',(-1.,0.,0.));
#2724 = FACE_BOUND('',#2725,.T.);
#2725 = EDGE_LOOP('',(#2726,#2736,#2744,#2752));
#2726 = ORIENTED_EDGE('',*,*,#2727,.F.);
#2727 = EDGE_CURVE('',#2728,#2730,#2732,.T.);
#2728 = VERTEX_POINT('',#2729);
#2729 = CARTESIAN_POINT('',(0.32,-2.86,2.54));
#2730 = VERTEX_POINT('',#2731);
#2731 = CARTESIAN_POINT('',(0.32,-2.22,2.54));
#2732 = LINE('',#2733,#2734);
#2733 = CARTESIAN_POINT('',(0.32,-4.605,2.54));
#2734 = VECTOR('',#2735,1.);
#2735 = DIRECTION('',(0.,1.,0.));
#2736 = ORIENTED_EDGE('',*,*,#2737,.T.);
#2737 = EDGE_CURVE('',#2728,#2738,#2740,.T.);
#2738 = VERTEX_POINT('',#2739);
#2739 = CARTESIAN_POINT('',(-0.32,-2.86,2.54));
#2740 = LINE('',#2741,#2742);
#2741 = CARTESIAN_POINT('',(-0.16,-2.86,2.54));
#2742 = VECTOR('',#2743,1.);
#2743 = DIRECTION('',(-1.,0.,0.));
#2744 = ORIENTED_EDGE('',*,*,#2745,.T.);
#2745 = EDGE_CURVE('',#2738,#2746,#2748,.T.);
#2746 = VERTEX_POINT('',#2747);
#2747 = CARTESIAN_POINT('',(-0.32,-2.22,2.54));
#2748 = LINE('',#2749,#2750);
#2749 = CARTESIAN_POINT('',(-0.32,-4.605,2.54));
#2750 = VECTOR('',#2751,1.);
#2751 = DIRECTION('',(0.,1.,0.));
#2752 = ORIENTED_EDGE('',*,*,#2753,.F.);
#2753 = EDGE_CURVE('',#2730,#2746,#2754,.T.);
#2754 = LINE('',#2755,#2756);
#2755 = CARTESIAN_POINT('',(-0.16,-2.22,2.54));
#2756 = VECTOR('',#2757,1.);
#2757 = DIRECTION('',(-1.,0.,0.));
#2758 = FACE_BOUND('',#2759,.T.);
#2759 = EDGE_LOOP('',(#2760,#2770,#2778,#2786));
#2760 = ORIENTED_EDGE('',*,*,#2761,.T.);
#2761 = EDGE_CURVE('',#2762,#2764,#2766,.T.);
#2762 = VERTEX_POINT('',#2763);
#2763 = CARTESIAN_POINT('',(0.32,-13.02,2.54));
#2764 = VERTEX_POINT('',#2765);
#2765 = CARTESIAN_POINT('',(-0.32,-13.02,2.54));
#2766 = LINE('',#2767,#2768);
#2767 = CARTESIAN_POINT('',(-0.16,-13.02,2.54));
#2768 = VECTOR('',#2769,1.);
#2769 = DIRECTION('',(-1.,0.,0.));
#2770 = ORIENTED_EDGE('',*,*,#2771,.T.);
#2771 = EDGE_CURVE('',#2764,#2772,#2774,.T.);
#2772 = VERTEX_POINT('',#2773);
#2773 = CARTESIAN_POINT('',(-0.32,-12.38,2.54));
#2774 = LINE('',#2775,#2776);
#2775 = CARTESIAN_POINT('',(-0.32,-9.685,2.54));
#2776 = VECTOR('',#2777,1.);
#2777 = DIRECTION('',(0.,1.,0.));
#2778 = ORIENTED_EDGE('',*,*,#2779,.F.);
#2779 = EDGE_CURVE('',#2780,#2772,#2782,.T.);
#2780 = VERTEX_POINT('',#2781);
#2781 = CARTESIAN_POINT('',(0.32,-12.38,2.54));
#2782 = LINE('',#2783,#2784);
#2783 = CARTESIAN_POINT('',(-0.16,-12.38,2.54));
#2784 = VECTOR('',#2785,1.);
#2785 = DIRECTION('',(-1.,0.,0.));
#2786 = ORIENTED_EDGE('',*,*,#2787,.F.);
#2787 = EDGE_CURVE('',#2762,#2780,#2788,.T.);
#2788 = LINE('',#2789,#2790);
#2789 = CARTESIAN_POINT('',(0.32,-9.685,2.54));
#2790 = VECTOR('',#2791,1.);
#2791 = DIRECTION('',(0.,1.,0.));
#2792 = FACE_BOUND('',#2793,.T.);
#2793 = EDGE_LOOP('',(#2794,#2804,#2812,#2820));
#2794 = ORIENTED_EDGE('',*,*,#2795,.F.);
#2795 = EDGE_CURVE('',#2796,#2798,#2800,.T.);
#2796 = VERTEX_POINT('',#2797);
#2797 = CARTESIAN_POINT('',(0.32,-9.84,2.54));
#2798 = VERTEX_POINT('',#2799);
#2799 = CARTESIAN_POINT('',(-0.32,-9.84,2.54));
#2800 = LINE('',#2801,#2802);
#2801 = CARTESIAN_POINT('',(-0.16,-9.84,2.54));
#2802 = VECTOR('',#2803,1.);
#2803 = DIRECTION('',(-1.,0.,0.));
#2804 = ORIENTED_EDGE('',*,*,#2805,.F.);
#2805 = EDGE_CURVE('',#2806,#2796,#2808,.T.);
#2806 = VERTEX_POINT('',#2807);
#2807 = CARTESIAN_POINT('',(0.32,-10.48,2.54));
#2808 = LINE('',#2809,#2810);
#2809 = CARTESIAN_POINT('',(0.32,-8.415,2.54));
#2810 = VECTOR('',#2811,1.);
#2811 = DIRECTION('',(0.,1.,0.));
#2812 = ORIENTED_EDGE('',*,*,#2813,.T.);
#2813 = EDGE_CURVE('',#2806,#2814,#2816,.T.);
#2814 = VERTEX_POINT('',#2815);
#2815 = CARTESIAN_POINT('',(-0.32,-10.48,2.54));
#2816 = LINE('',#2817,#2818);
#2817 = CARTESIAN_POINT('',(-0.16,-10.48,2.54));
#2818 = VECTOR('',#2819,1.);
#2819 = DIRECTION('',(-1.,0.,0.));
#2820 = ORIENTED_EDGE('',*,*,#2821,.T.);
#2821 = EDGE_CURVE('',#2814,#2798,#2822,.T.);
#2822 = LINE('',#2823,#2824);
#2823 = CARTESIAN_POINT('',(-0.32,-8.415,2.54));
#2824 = VECTOR('',#2825,1.);
#2825 = DIRECTION('',(0.,1.,0.));
#2826 = FACE_BOUND('',#2827,.T.);
#2827 = EDGE_LOOP('',(#2828,#2838,#2846,#2854));
#2828 = ORIENTED_EDGE('',*,*,#2829,.T.);
#2829 = EDGE_CURVE('',#2830,#2832,#2834,.T.);
#2830 = VERTEX_POINT('',#2831);
#2831 = CARTESIAN_POINT('',(0.32,-7.94,2.54));
#2832 = VERTEX_POINT('',#2833);
#2833 = CARTESIAN_POINT('',(-0.32,-7.94,2.54));
#2834 = LINE('',#2835,#2836);
#2835 = CARTESIAN_POINT('',(-0.16,-7.94,2.54));
#2836 = VECTOR('',#2837,1.);
#2837 = DIRECTION('',(-1.,0.,0.));
#2838 = ORIENTED_EDGE('',*,*,#2839,.T.);
#2839 = EDGE_CURVE('',#2832,#2840,#2842,.T.);
#2840 = VERTEX_POINT('',#2841);
#2841 = CARTESIAN_POINT('',(-0.32,-7.3,2.54));
#2842 = LINE('',#2843,#2844);
#2843 = CARTESIAN_POINT('',(-0.32,-7.145,2.54));
#2844 = VECTOR('',#2845,1.);
#2845 = DIRECTION('',(0.,1.,0.));
#2846 = ORIENTED_EDGE('',*,*,#2847,.F.);
#2847 = EDGE_CURVE('',#2848,#2840,#2850,.T.);
#2848 = VERTEX_POINT('',#2849);
#2849 = CARTESIAN_POINT('',(0.32,-7.3,2.54));
#2850 = LINE('',#2851,#2852);
#2851 = CARTESIAN_POINT('',(-0.16,-7.3,2.54));
#2852 = VECTOR('',#2853,1.);
#2853 = DIRECTION('',(-1.,0.,0.));
#2854 = ORIENTED_EDGE('',*,*,#2855,.F.);
#2855 = EDGE_CURVE('',#2830,#2848,#2856,.T.);
#2856 = LINE('',#2857,#2858);
#2857 = CARTESIAN_POINT('',(0.32,-7.145,2.54));
#2858 = VECTOR('',#2859,1.);
#2859 = DIRECTION('',(0.,1.,0.));
#2860 = PLANE('',#2861);
#2861 = AXIS2_PLACEMENT_3D('',#2862,#2863,#2864);
#2862 = CARTESIAN_POINT('',(-1.797008255889E-17,-6.35,2.54));
#2863 = DIRECTION('',(0.,0.,1.));
#2864 = DIRECTION('',(1.,0.,-0.));
#2865 = ADVANCED_FACE('',(#2866),#2877,.F.);
#2866 = FACE_BOUND('',#2867,.F.);
#2867 = EDGE_LOOP('',(#2868,#2874,#2875,#2876));
#2868 = ORIENTED_EDGE('',*,*,#2869,.T.);
#2869 = EDGE_CURVE('',#2150,#2643,#2870,.T.);
#2870 = LINE('',#2871,#2872);
#2871 = CARTESIAN_POINT('',(1.27,1.016,0.));
#2872 = VECTOR('',#2873,1.);
#2873 = DIRECTION('',(0.,0.,1.));
#2874 = ORIENTED_EDGE('',*,*,#2650,.T.);
#2875 = ORIENTED_EDGE('',*,*,#1821,.F.);
#2876 = ORIENTED_EDGE('',*,*,#2157,.F.);
#2877 = PLANE('',#2878);
#2878 = AXIS2_PLACEMENT_3D('',#2879,#2880,#2881);
#2879 = CARTESIAN_POINT('',(1.27,1.016,0.));
#2880 = DIRECTION('',(-0.707106781187,-0.707106781187,0.));
#2881 = DIRECTION('',(-0.707106781187,0.707106781187,0.));
#2882 = ADVANCED_FACE('',(#2883),#2894,.F.);
#2883 = FACE_BOUND('',#2884,.F.);
#2884 = EDGE_LOOP('',(#2885,#2886,#2887,#2893));
#2885 = ORIENTED_EDGE('',*,*,#1861,.T.);
#2886 = ORIENTED_EDGE('',*,*,#2378,.T.);
#2887 = ORIENTED_EDGE('',*,*,#2888,.F.);
#2888 = EDGE_CURVE('',#1886,#2379,#2889,.T.);
#2889 = LINE('',#2890,#2891);
#2890 = CARTESIAN_POINT('',(-1.016,-1.27,0.));
#2891 = VECTOR('',#2892,1.);
#2892 = DIRECTION('',(0.,0.,1.));
#2893 = ORIENTED_EDGE('',*,*,#1885,.F.);
#2894 = PLANE('',#2895);
#2895 = AXIS2_PLACEMENT_3D('',#2896,#2897,#2898);
#2896 = CARTESIAN_POINT('',(-1.27,-1.016,0.));
#2897 = DIRECTION('',(0.707106781187,0.707106781187,0.));
#2898 = DIRECTION('',(0.707106781187,-0.707106781187,0.));
#2899 = ADVANCED_FACE('',(#2900),#2911,.F.);
#2900 = FACE_BOUND('',#2901,.F.);
#2901 = EDGE_LOOP('',(#2902,#2908,#2909,#2910));
#2902 = ORIENTED_EDGE('',*,*,#2903,.T.);
#2903 = EDGE_CURVE('',#2142,#2635,#2904,.T.);
#2904 = LINE('',#2905,#2906);
#2905 = CARTESIAN_POINT('',(1.27,-1.016,0.));
#2906 = VECTOR('',#2907,1.);
#2907 = DIRECTION('',(0.,0.,1.));
#2908 = ORIENTED_EDGE('',*,*,#2642,.T.);
#2909 = ORIENTED_EDGE('',*,*,#2869,.F.);
#2910 = ORIENTED_EDGE('',*,*,#2149,.F.);
#2911 = PLANE('',#2912);
#2912 = AXIS2_PLACEMENT_3D('',#2913,#2914,#2915);
#2913 = CARTESIAN_POINT('',(1.27,-1.016,0.));
#2914 = DIRECTION('',(-1.,0.,0.));
#2915 = DIRECTION('',(0.,1.,0.));
#2916 = ADVANCED_FACE('',(#2917),#2928,.F.);
#2917 = FACE_BOUND('',#2918,.F.);
#2918 = EDGE_LOOP('',(#2919,#2920,#2921,#2927));
#2919 = ORIENTED_EDGE('',*,*,#2888,.T.);
#2920 = ORIENTED_EDGE('',*,*,#2386,.T.);
#2921 = ORIENTED_EDGE('',*,*,#2922,.F.);
#2922 = EDGE_CURVE('',#1894,#2387,#2923,.T.);
#2923 = LINE('',#2924,#2925);
#2924 = CARTESIAN_POINT('',(-1.27,-1.524,0.));
#2925 = VECTOR('',#2926,1.);
#2926 = DIRECTION('',(0.,0.,1.));
#2927 = ORIENTED_EDGE('',*,*,#1893,.F.);
#2928 = PLANE('',#2929);
#2929 = AXIS2_PLACEMENT_3D('',#2930,#2931,#2932);
#2930 = CARTESIAN_POINT('',(-1.016,-1.27,0.));
#2931 = DIRECTION('',(0.707106781187,-0.707106781187,0.));
#2932 = DIRECTION('',(-0.707106781187,-0.707106781187,0.));
#2933 = ADVANCED_FACE('',(#2934),#2945,.F.);
#2934 = FACE_BOUND('',#2935,.F.);
#2935 = EDGE_LOOP('',(#2936,#2942,#2943,#2944));
#2936 = ORIENTED_EDGE('',*,*,#2937,.T.);
#2937 = EDGE_CURVE('',#2134,#2627,#2938,.T.);
#2938 = LINE('',#2939,#2940);
#2939 = CARTESIAN_POINT('',(1.016,-1.27,0.));
#2940 = VECTOR('',#2941,1.);
#2941 = DIRECTION('',(0.,0.,1.));
#2942 = ORIENTED_EDGE('',*,*,#2634,.T.);
#2943 = ORIENTED_EDGE('',*,*,#2903,.F.);
#2944 = ORIENTED_EDGE('',*,*,#2141,.F.);
#2945 = PLANE('',#2946);
#2946 = AXIS2_PLACEMENT_3D('',#2947,#2948,#2949);
#2947 = CARTESIAN_POINT('',(1.016,-1.27,0.));
#2948 = DIRECTION('',(-0.707106781187,0.707106781187,0.));
#2949 = DIRECTION('',(0.707106781187,0.707106781187,0.));
#2950 = ADVANCED_FACE('',(#2951),#2962,.F.);
#2951 = FACE_BOUND('',#2952,.F.);
#2952 = EDGE_LOOP('',(#2953,#2954,#2955,#2961));
#2953 = ORIENTED_EDGE('',*,*,#2922,.T.);
#2954 = ORIENTED_EDGE('',*,*,#2394,.T.);
#2955 = ORIENTED_EDGE('',*,*,#2956,.F.);
#2956 = EDGE_CURVE('',#1902,#2395,#2957,.T.);
#2957 = LINE('',#2958,#2959);
#2958 = CARTESIAN_POINT('',(-1.27,-3.556,0.));
#2959 = VECTOR('',#2960,1.);
#2960 = DIRECTION('',(0.,0.,1.));
#2961 = ORIENTED_EDGE('',*,*,#1901,.F.);
#2962 = PLANE('',#2963);
#2963 = AXIS2_PLACEMENT_3D('',#2964,#2965,#2966);
#2964 = CARTESIAN_POINT('',(-1.27,-1.524,0.));
#2965 = DIRECTION('',(1.,0.,0.));
#2966 = DIRECTION('',(0.,-1.,0.));
#2967 = ADVANCED_FACE('',(#2968),#2979,.F.);
#2968 = FACE_BOUND('',#2969,.F.);
#2969 = EDGE_LOOP('',(#2970,#2976,#2977,#2978));
#2970 = ORIENTED_EDGE('',*,*,#2971,.T.);
#2971 = EDGE_CURVE('',#2126,#2619,#2972,.T.);
#2972 = LINE('',#2973,#2974);
#2973 = CARTESIAN_POINT('',(1.27,-1.524,0.));
#2974 = VECTOR('',#2975,1.);
#2975 = DIRECTION('',(0.,0.,1.));
#2976 = ORIENTED_EDGE('',*,*,#2626,.T.);
#2977 = ORIENTED_EDGE('',*,*,#2937,.F.);
#2978 = ORIENTED_EDGE('',*,*,#2133,.F.);
#2979 = PLANE('',#2980);
#2980 = AXIS2_PLACEMENT_3D('',#2981,#2982,#2983);
#2981 = CARTESIAN_POINT('',(1.27,-1.524,0.));
#2982 = DIRECTION('',(-0.707106781187,-0.707106781187,0.));
#2983 = DIRECTION('',(-0.707106781187,0.707106781187,0.));
#2984 = ADVANCED_FACE('',(#2985),#2996,.F.);
#2985 = FACE_BOUND('',#2986,.F.);
#2986 = EDGE_LOOP('',(#2987,#2988,#2989,#2995));
#2987 = ORIENTED_EDGE('',*,*,#2956,.T.);
#2988 = ORIENTED_EDGE('',*,*,#2402,.T.);
#2989 = ORIENTED_EDGE('',*,*,#2990,.F.);
#2990 = EDGE_CURVE('',#1910,#2403,#2991,.T.);
#2991 = LINE('',#2992,#2993);
#2992 = CARTESIAN_POINT('',(-1.016,-3.81,0.));
#2993 = VECTOR('',#2994,1.);
#2994 = DIRECTION('',(0.,0.,1.));
#2995 = ORIENTED_EDGE('',*,*,#1909,.F.);
#2996 = PLANE('',#2997);
#2997 = AXIS2_PLACEMENT_3D('',#2998,#2999,#3000);
#2998 = CARTESIAN_POINT('',(-1.27,-3.556,0.));
#2999 = DIRECTION('',(0.707106781187,0.707106781187,0.));
#3000 = DIRECTION('',(0.707106781187,-0.707106781187,0.));
#3001 = ADVANCED_FACE('',(#3002),#3013,.F.);
#3002 = FACE_BOUND('',#3003,.F.);
#3003 = EDGE_LOOP('',(#3004,#3010,#3011,#3012));
#3004 = ORIENTED_EDGE('',*,*,#3005,.T.);
#3005 = EDGE_CURVE('',#2118,#2611,#3006,.T.);
#3006 = LINE('',#3007,#3008);
#3007 = CARTESIAN_POINT('',(1.27,-3.556,0.));
#3008 = VECTOR('',#3009,1.);
#3009 = DIRECTION('',(0.,0.,1.));
#3010 = ORIENTED_EDGE('',*,*,#2618,.T.);
#3011 = ORIENTED_EDGE('',*,*,#2971,.F.);
#3012 = ORIENTED_EDGE('',*,*,#2125,.F.);
#3013 = PLANE('',#3014);
#3014 = AXIS2_PLACEMENT_3D('',#3015,#3016,#3017);
#3015 = CARTESIAN_POINT('',(1.27,-3.556,0.));
#3016 = DIRECTION('',(-1.,0.,0.));
#3017 = DIRECTION('',(0.,1.,0.));
#3018 = ADVANCED_FACE('',(#3019),#3030,.F.);
#3019 = FACE_BOUND('',#3020,.F.);
#3020 = EDGE_LOOP('',(#3021,#3022,#3023,#3029));
#3021 = ORIENTED_EDGE('',*,*,#2990,.T.);
#3022 = ORIENTED_EDGE('',*,*,#2410,.T.);
#3023 = ORIENTED_EDGE('',*,*,#3024,.F.);
#3024 = EDGE_CURVE('',#1918,#2411,#3025,.T.);
#3025 = LINE('',#3026,#3027);
#3026 = CARTESIAN_POINT('',(-1.27,-4.064,0.));
#3027 = VECTOR('',#3028,1.);
#3028 = DIRECTION('',(0.,0.,1.));
#3029 = ORIENTED_EDGE('',*,*,#1917,.F.);
#3030 = PLANE('',#3031);
#3031 = AXIS2_PLACEMENT_3D('',#3032,#3033,#3034);
#3032 = CARTESIAN_POINT('',(-1.016,-3.81,0.));
#3033 = DIRECTION('',(0.707106781187,-0.707106781187,0.));
#3034 = DIRECTION('',(-0.707106781187,-0.707106781187,0.));
#3035 = ADVANCED_FACE('',(#3036),#3047,.F.);
#3036 = FACE_BOUND('',#3037,.F.);
#3037 = EDGE_LOOP('',(#3038,#3044,#3045,#3046));
#3038 = ORIENTED_EDGE('',*,*,#3039,.T.);
#3039 = EDGE_CURVE('',#2110,#2603,#3040,.T.);
#3040 = LINE('',#3041,#3042);
#3041 = CARTESIAN_POINT('',(1.016,-3.81,0.));
#3042 = VECTOR('',#3043,1.);
#3043 = DIRECTION('',(0.,0.,1.));
#3044 = ORIENTED_EDGE('',*,*,#2610,.T.);
#3045 = ORIENTED_EDGE('',*,*,#3005,.F.);
#3046 = ORIENTED_EDGE('',*,*,#2117,.F.);
#3047 = PLANE('',#3048);
#3048 = AXIS2_PLACEMENT_3D('',#3049,#3050,#3051);
#3049 = CARTESIAN_POINT('',(1.016,-3.81,0.));
#3050 = DIRECTION('',(-0.707106781187,0.707106781187,0.));
#3051 = DIRECTION('',(0.707106781187,0.707106781187,0.));
#3052 = ADVANCED_FACE('',(#3053),#3064,.F.);
#3053 = FACE_BOUND('',#3054,.F.);
#3054 = EDGE_LOOP('',(#3055,#3056,#3057,#3063));
#3055 = ORIENTED_EDGE('',*,*,#3024,.T.);
#3056 = ORIENTED_EDGE('',*,*,#2418,.T.);
#3057 = ORIENTED_EDGE('',*,*,#3058,.F.);
#3058 = EDGE_CURVE('',#1926,#2419,#3059,.T.);
#3059 = LINE('',#3060,#3061);
#3060 = CARTESIAN_POINT('',(-1.27,-6.096,0.));
#3061 = VECTOR('',#3062,1.);
#3062 = DIRECTION('',(0.,0.,1.));
#3063 = ORIENTED_EDGE('',*,*,#1925,.F.);
#3064 = PLANE('',#3065);
#3065 = AXIS2_PLACEMENT_3D('',#3066,#3067,#3068);
#3066 = CARTESIAN_POINT('',(-1.27,-4.064,0.));
#3067 = DIRECTION('',(1.,0.,0.));
#3068 = DIRECTION('',(0.,-1.,0.));
#3069 = ADVANCED_FACE('',(#3070),#3081,.F.);
#3070 = FACE_BOUND('',#3071,.F.);
#3071 = EDGE_LOOP('',(#3072,#3078,#3079,#3080));
#3072 = ORIENTED_EDGE('',*,*,#3073,.T.);
#3073 = EDGE_CURVE('',#2102,#2595,#3074,.T.);
#3074 = LINE('',#3075,#3076);
#3075 = CARTESIAN_POINT('',(1.27,-4.064,0.));
#3076 = VECTOR('',#3077,1.);
#3077 = DIRECTION('',(0.,0.,1.));
#3078 = ORIENTED_EDGE('',*,*,#2602,.T.);
#3079 = ORIENTED_EDGE('',*,*,#3039,.F.);
#3080 = ORIENTED_EDGE('',*,*,#2109,.F.);
#3081 = PLANE('',#3082);
#3082 = AXIS2_PLACEMENT_3D('',#3083,#3084,#3085);
#3083 = CARTESIAN_POINT('',(1.27,-4.064,0.));
#3084 = DIRECTION('',(-0.707106781187,-0.707106781187,0.));
#3085 = DIRECTION('',(-0.707106781187,0.707106781187,0.));
#3086 = ADVANCED_FACE('',(#3087),#3098,.F.);
#3087 = FACE_BOUND('',#3088,.F.);
#3088 = EDGE_LOOP('',(#3089,#3090,#3091,#3097));
#3089 = ORIENTED_EDGE('',*,*,#3058,.T.);
#3090 = ORIENTED_EDGE('',*,*,#2426,.T.);
#3091 = ORIENTED_EDGE('',*,*,#3092,.F.);
#3092 = EDGE_CURVE('',#1934,#2427,#3093,.T.);
#3093 = LINE('',#3094,#3095);
#3094 = CARTESIAN_POINT('',(-1.016,-6.35,0.));
#3095 = VECTOR('',#3096,1.);
#3096 = DIRECTION('',(0.,0.,1.));
#3097 = ORIENTED_EDGE('',*,*,#1933,.F.);
#3098 = PLANE('',#3099);
#3099 = AXIS2_PLACEMENT_3D('',#3100,#3101,#3102);
#3100 = CARTESIAN_POINT('',(-1.27,-6.096,0.));
#3101 = DIRECTION('',(0.707106781187,0.707106781187,0.));
#3102 = DIRECTION('',(0.707106781187,-0.707106781187,0.));
#3103 = ADVANCED_FACE('',(#3104),#3115,.F.);
#3104 = FACE_BOUND('',#3105,.F.);
#3105 = EDGE_LOOP('',(#3106,#3112,#3113,#3114));
#3106 = ORIENTED_EDGE('',*,*,#3107,.T.);
#3107 = EDGE_CURVE('',#2094,#2587,#3108,.T.);
#3108 = LINE('',#3109,#3110);
#3109 = CARTESIAN_POINT('',(1.27,-6.096,0.));
#3110 = VECTOR('',#3111,1.);
#3111 = DIRECTION('',(0.,0.,1.));
#3112 = ORIENTED_EDGE('',*,*,#2594,.T.);
#3113 = ORIENTED_EDGE('',*,*,#3073,.F.);
#3114 = ORIENTED_EDGE('',*,*,#2101,.F.);
#3115 = PLANE('',#3116);
#3116 = AXIS2_PLACEMENT_3D('',#3117,#3118,#3119);
#3117 = CARTESIAN_POINT('',(1.27,-6.096,0.));
#3118 = DIRECTION('',(-1.,0.,0.));
#3119 = DIRECTION('',(0.,1.,0.));
#3120 = ADVANCED_FACE('',(#3121),#3132,.F.);
#3121 = FACE_BOUND('',#3122,.F.);
#3122 = EDGE_LOOP('',(#3123,#3124,#3125,#3131));
#3123 = ORIENTED_EDGE('',*,*,#3092,.T.);
#3124 = ORIENTED_EDGE('',*,*,#2434,.T.);
#3125 = ORIENTED_EDGE('',*,*,#3126,.F.);
#3126 = EDGE_CURVE('',#1942,#2435,#3127,.T.);
#3127 = LINE('',#3128,#3129);
#3128 = CARTESIAN_POINT('',(-1.27,-6.604,0.));
#3129 = VECTOR('',#3130,1.);
#3130 = DIRECTION('',(0.,0.,1.));
#3131 = ORIENTED_EDGE('',*,*,#1941,.F.);
#3132 = PLANE('',#3133);
#3133 = AXIS2_PLACEMENT_3D('',#3134,#3135,#3136);
#3134 = CARTESIAN_POINT('',(-1.016,-6.35,0.));
#3135 = DIRECTION('',(0.707106781187,-0.707106781187,0.));
#3136 = DIRECTION('',(-0.707106781187,-0.707106781187,0.));
#3137 = ADVANCED_FACE('',(#3138),#3149,.F.);
#3138 = FACE_BOUND('',#3139,.F.);
#3139 = EDGE_LOOP('',(#3140,#3146,#3147,#3148));
#3140 = ORIENTED_EDGE('',*,*,#3141,.T.);
#3141 = EDGE_CURVE('',#2086,#2579,#3142,.T.);
#3142 = LINE('',#3143,#3144);
#3143 = CARTESIAN_POINT('',(1.016,-6.35,0.));
#3144 = VECTOR('',#3145,1.);
#3145 = DIRECTION('',(0.,0.,1.));
#3146 = ORIENTED_EDGE('',*,*,#2586,.T.);
#3147 = ORIENTED_EDGE('',*,*,#3107,.F.);
#3148 = ORIENTED_EDGE('',*,*,#2093,.F.);
#3149 = PLANE('',#3150);
#3150 = AXIS2_PLACEMENT_3D('',#3151,#3152,#3153);
#3151 = CARTESIAN_POINT('',(1.016,-6.35,0.));
#3152 = DIRECTION('',(-0.707106781187,0.707106781187,0.));
#3153 = DIRECTION('',(0.707106781187,0.707106781187,0.));
#3154 = ADVANCED_FACE('',(#3155),#3166,.F.);
#3155 = FACE_BOUND('',#3156,.F.);
#3156 = EDGE_LOOP('',(#3157,#3158,#3159,#3165));
#3157 = ORIENTED_EDGE('',*,*,#3126,.T.);
#3158 = ORIENTED_EDGE('',*,*,#2442,.T.);
#3159 = ORIENTED_EDGE('',*,*,#3160,.F.);
#3160 = EDGE_CURVE('',#1950,#2443,#3161,.T.);
#3161 = LINE('',#3162,#3163);
#3162 = CARTESIAN_POINT('',(-1.27,-8.636,0.));
#3163 = VECTOR('',#3164,1.);
#3164 = DIRECTION('',(0.,0.,1.));
#3165 = ORIENTED_EDGE('',*,*,#1949,.F.);
#3166 = PLANE('',#3167);
#3167 = AXIS2_PLACEMENT_3D('',#3168,#3169,#3170);
#3168 = CARTESIAN_POINT('',(-1.27,-6.604,0.));
#3169 = DIRECTION('',(1.,0.,0.));
#3170 = DIRECTION('',(0.,-1.,0.));
#3171 = ADVANCED_FACE('',(#3172),#3183,.F.);
#3172 = FACE_BOUND('',#3173,.F.);
#3173 = EDGE_LOOP('',(#3174,#3180,#3181,#3182));
#3174 = ORIENTED_EDGE('',*,*,#3175,.T.);
#3175 = EDGE_CURVE('',#2078,#2571,#3176,.T.);
#3176 = LINE('',#3177,#3178);
#3177 = CARTESIAN_POINT('',(1.27,-6.604,0.));
#3178 = VECTOR('',#3179,1.);
#3179 = DIRECTION('',(0.,0.,1.));
#3180 = ORIENTED_EDGE('',*,*,#2578,.T.);
#3181 = ORIENTED_EDGE('',*,*,#3141,.F.);
#3182 = ORIENTED_EDGE('',*,*,#2085,.F.);
#3183 = PLANE('',#3184);
#3184 = AXIS2_PLACEMENT_3D('',#3185,#3186,#3187);
#3185 = CARTESIAN_POINT('',(1.27,-6.604,0.));
#3186 = DIRECTION('',(-0.707106781187,-0.707106781187,0.));
#3187 = DIRECTION('',(-0.707106781187,0.707106781187,0.));
#3188 = ADVANCED_FACE('',(#3189),#3200,.F.);
#3189 = FACE_BOUND('',#3190,.F.);
#3190 = EDGE_LOOP('',(#3191,#3192,#3193,#3199));
#3191 = ORIENTED_EDGE('',*,*,#3160,.T.);
#3192 = ORIENTED_EDGE('',*,*,#2450,.T.);
#3193 = ORIENTED_EDGE('',*,*,#3194,.F.);
#3194 = EDGE_CURVE('',#1958,#2451,#3195,.T.);
#3195 = LINE('',#3196,#3197);
#3196 = CARTESIAN_POINT('',(-1.016,-8.89,0.));
#3197 = VECTOR('',#3198,1.);
#3198 = DIRECTION('',(0.,0.,1.));
#3199 = ORIENTED_EDGE('',*,*,#1957,.F.);
#3200 = PLANE('',#3201);
#3201 = AXIS2_PLACEMENT_3D('',#3202,#3203,#3204);
#3202 = CARTESIAN_POINT('',(-1.27,-8.636,0.));
#3203 = DIRECTION('',(0.707106781187,0.707106781187,0.));
#3204 = DIRECTION('',(0.707106781187,-0.707106781187,0.));
#3205 = ADVANCED_FACE('',(#3206),#3217,.F.);
#3206 = FACE_BOUND('',#3207,.F.);
#3207 = EDGE_LOOP('',(#3208,#3214,#3215,#3216));
#3208 = ORIENTED_EDGE('',*,*,#3209,.T.);
#3209 = EDGE_CURVE('',#2070,#2563,#3210,.T.);
#3210 = LINE('',#3211,#3212);
#3211 = CARTESIAN_POINT('',(1.27,-8.636,0.));
#3212 = VECTOR('',#3213,1.);
#3213 = DIRECTION('',(0.,0.,1.));
#3214 = ORIENTED_EDGE('',*,*,#2570,.T.);
#3215 = ORIENTED_EDGE('',*,*,#3175,.F.);
#3216 = ORIENTED_EDGE('',*,*,#2077,.F.);
#3217 = PLANE('',#3218);
#3218 = AXIS2_PLACEMENT_3D('',#3219,#3220,#3221);
#3219 = CARTESIAN_POINT('',(1.27,-8.636,0.));
#3220 = DIRECTION('',(-1.,0.,0.));
#3221 = DIRECTION('',(0.,1.,0.));
#3222 = ADVANCED_FACE('',(#3223),#3234,.F.);
#3223 = FACE_BOUND('',#3224,.F.);
#3224 = EDGE_LOOP('',(#3225,#3226,#3227,#3233));
#3225 = ORIENTED_EDGE('',*,*,#3194,.T.);
#3226 = ORIENTED_EDGE('',*,*,#2458,.T.);
#3227 = ORIENTED_EDGE('',*,*,#3228,.F.);
#3228 = EDGE_CURVE('',#1966,#2459,#3229,.T.);
#3229 = LINE('',#3230,#3231);
#3230 = CARTESIAN_POINT('',(-1.27,-9.144,0.));
#3231 = VECTOR('',#3232,1.);
#3232 = DIRECTION('',(0.,0.,1.));
#3233 = ORIENTED_EDGE('',*,*,#1965,.F.);
#3234 = PLANE('',#3235);
#3235 = AXIS2_PLACEMENT_3D('',#3236,#3237,#3238);
#3236 = CARTESIAN_POINT('',(-1.016,-8.89,0.));
#3237 = DIRECTION('',(0.707106781187,-0.707106781187,0.));
#3238 = DIRECTION('',(-0.707106781187,-0.707106781187,0.));
#3239 = ADVANCED_FACE('',(#3240),#3251,.F.);
#3240 = FACE_BOUND('',#3241,.F.);
#3241 = EDGE_LOOP('',(#3242,#3248,#3249,#3250));
#3242 = ORIENTED_EDGE('',*,*,#3243,.T.);
#3243 = EDGE_CURVE('',#2062,#2555,#3244,.T.);
#3244 = LINE('',#3245,#3246);
#3245 = CARTESIAN_POINT('',(1.016,-8.89,0.));
#3246 = VECTOR('',#3247,1.);
#3247 = DIRECTION('',(0.,0.,1.));
#3248 = ORIENTED_EDGE('',*,*,#2562,.T.);
#3249 = ORIENTED_EDGE('',*,*,#3209,.F.);
#3250 = ORIENTED_EDGE('',*,*,#2069,.F.);
#3251 = PLANE('',#3252);
#3252 = AXIS2_PLACEMENT_3D('',#3253,#3254,#3255);
#3253 = CARTESIAN_POINT('',(1.016,-8.89,0.));
#3254 = DIRECTION('',(-0.707106781187,0.707106781187,0.));
#3255 = DIRECTION('',(0.707106781187,0.707106781187,0.));
#3256 = ADVANCED_FACE('',(#3257),#3268,.F.);
#3257 = FACE_BOUND('',#3258,.F.);
#3258 = EDGE_LOOP('',(#3259,#3260,#3261,#3267));
#3259 = ORIENTED_EDGE('',*,*,#3228,.T.);
#3260 = ORIENTED_EDGE('',*,*,#2466,.T.);
#3261 = ORIENTED_EDGE('',*,*,#3262,.F.);
#3262 = EDGE_CURVE('',#1974,#2467,#3263,.T.);
#3263 = LINE('',#3264,#3265);
#3264 = CARTESIAN_POINT('',(-1.27,-11.176,0.));
#3265 = VECTOR('',#3266,1.);
#3266 = DIRECTION('',(0.,0.,1.));
#3267 = ORIENTED_EDGE('',*,*,#1973,.F.);
#3268 = PLANE('',#3269);
#3269 = AXIS2_PLACEMENT_3D('',#3270,#3271,#3272);
#3270 = CARTESIAN_POINT('',(-1.27,-9.144,0.));
#3271 = DIRECTION('',(1.,0.,0.));
#3272 = DIRECTION('',(0.,-1.,0.));
#3273 = ADVANCED_FACE('',(#3274),#3285,.F.);
#3274 = FACE_BOUND('',#3275,.F.);
#3275 = EDGE_LOOP('',(#3276,#3282,#3283,#3284));
#3276 = ORIENTED_EDGE('',*,*,#3277,.T.);
#3277 = EDGE_CURVE('',#2054,#2547,#3278,.T.);
#3278 = LINE('',#3279,#3280);
#3279 = CARTESIAN_POINT('',(1.27,-9.144,0.));
#3280 = VECTOR('',#3281,1.);
#3281 = DIRECTION('',(0.,0.,1.));
#3282 = ORIENTED_EDGE('',*,*,#2554,.T.);
#3283 = ORIENTED_EDGE('',*,*,#3243,.F.);
#3284 = ORIENTED_EDGE('',*,*,#2061,.F.);
#3285 = PLANE('',#3286);
#3286 = AXIS2_PLACEMENT_3D('',#3287,#3288,#3289);
#3287 = CARTESIAN_POINT('',(1.27,-9.144,0.));
#3288 = DIRECTION('',(-0.707106781187,-0.707106781187,0.));
#3289 = DIRECTION('',(-0.707106781187,0.707106781187,0.));
#3290 = ADVANCED_FACE('',(#3291),#3302,.F.);
#3291 = FACE_BOUND('',#3292,.F.);
#3292 = EDGE_LOOP('',(#3293,#3294,#3295,#3301));
#3293 = ORIENTED_EDGE('',*,*,#3262,.T.);
#3294 = ORIENTED_EDGE('',*,*,#2474,.T.);
#3295 = ORIENTED_EDGE('',*,*,#3296,.F.);
#3296 = EDGE_CURVE('',#1982,#2475,#3297,.T.);
#3297 = LINE('',#3298,#3299);
#3298 = CARTESIAN_POINT('',(-1.016,-11.43,0.));
#3299 = VECTOR('',#3300,1.);
#3300 = DIRECTION('',(0.,0.,1.));
#3301 = ORIENTED_EDGE('',*,*,#1981,.F.);
#3302 = PLANE('',#3303);
#3303 = AXIS2_PLACEMENT_3D('',#3304,#3305,#3306);
#3304 = CARTESIAN_POINT('',(-1.27,-11.176,0.));
#3305 = DIRECTION('',(0.707106781187,0.707106781187,0.));
#3306 = DIRECTION('',(0.707106781187,-0.707106781187,0.));
#3307 = ADVANCED_FACE('',(#3308),#3319,.F.);
#3308 = FACE_BOUND('',#3309,.F.);
#3309 = EDGE_LOOP('',(#3310,#3316,#3317,#3318));
#3310 = ORIENTED_EDGE('',*,*,#3311,.T.);
#3311 = EDGE_CURVE('',#2046,#2539,#3312,.T.);
#3312 = LINE('',#3313,#3314);
#3313 = CARTESIAN_POINT('',(1.27,-11.176,0.));
#3314 = VECTOR('',#3315,1.);
#3315 = DIRECTION('',(0.,0.,1.));
#3316 = ORIENTED_EDGE('',*,*,#2546,.T.);
#3317 = ORIENTED_EDGE('',*,*,#3277,.F.);
#3318 = ORIENTED_EDGE('',*,*,#2053,.F.);
#3319 = PLANE('',#3320);
#3320 = AXIS2_PLACEMENT_3D('',#3321,#3322,#3323);
#3321 = CARTESIAN_POINT('',(1.27,-11.176,0.));
#3322 = DIRECTION('',(-1.,0.,0.));
#3323 = DIRECTION('',(0.,1.,0.));
#3324 = ADVANCED_FACE('',(#3325),#3336,.F.);
#3325 = FACE_BOUND('',#3326,.F.);
#3326 = EDGE_LOOP('',(#3327,#3328,#3329,#3335));
#3327 = ORIENTED_EDGE('',*,*,#3296,.T.);
#3328 = ORIENTED_EDGE('',*,*,#2482,.T.);
#3329 = ORIENTED_EDGE('',*,*,#3330,.F.);
#3330 = EDGE_CURVE('',#1990,#2483,#3331,.T.);
#3331 = LINE('',#3332,#3333);
#3332 = CARTESIAN_POINT('',(-1.27,-11.684,0.));
#3333 = VECTOR('',#3334,1.);
#3334 = DIRECTION('',(0.,0.,1.));
#3335 = ORIENTED_EDGE('',*,*,#1989,.F.);
#3336 = PLANE('',#3337);
#3337 = AXIS2_PLACEMENT_3D('',#3338,#3339,#3340);
#3338 = CARTESIAN_POINT('',(-1.016,-11.43,0.));
#3339 = DIRECTION('',(0.707106781187,-0.707106781187,0.));
#3340 = DIRECTION('',(-0.707106781187,-0.707106781187,0.));
#3341 = ADVANCED_FACE('',(#3342),#3353,.F.);
#3342 = FACE_BOUND('',#3343,.F.);
#3343 = EDGE_LOOP('',(#3344,#3350,#3351,#3352));
#3344 = ORIENTED_EDGE('',*,*,#3345,.T.);
#3345 = EDGE_CURVE('',#2038,#2531,#3346,.T.);
#3346 = LINE('',#3347,#3348);
#3347 = CARTESIAN_POINT('',(1.016,-11.43,0.));
#3348 = VECTOR('',#3349,1.);
#3349 = DIRECTION('',(0.,0.,1.));
#3350 = ORIENTED_EDGE('',*,*,#2538,.T.);
#3351 = ORIENTED_EDGE('',*,*,#3311,.F.);
#3352 = ORIENTED_EDGE('',*,*,#2045,.F.);
#3353 = PLANE('',#3354);
#3354 = AXIS2_PLACEMENT_3D('',#3355,#3356,#3357);
#3355 = CARTESIAN_POINT('',(1.016,-11.43,0.));
#3356 = DIRECTION('',(-0.707106781187,0.707106781187,0.));
#3357 = DIRECTION('',(0.707106781187,0.707106781187,0.));
#3358 = ADVANCED_FACE('',(#3359),#3370,.F.);
#3359 = FACE_BOUND('',#3360,.F.);
#3360 = EDGE_LOOP('',(#3361,#3362,#3363,#3369));
#3361 = ORIENTED_EDGE('',*,*,#3330,.T.);
#3362 = ORIENTED_EDGE('',*,*,#2490,.T.);
#3363 = ORIENTED_EDGE('',*,*,#3364,.F.);
#3364 = EDGE_CURVE('',#1998,#2491,#3365,.T.);
#3365 = LINE('',#3366,#3367);
#3366 = CARTESIAN_POINT('',(-1.27,-13.716,0.));
#3367 = VECTOR('',#3368,1.);
#3368 = DIRECTION('',(0.,0.,1.));
#3369 = ORIENTED_EDGE('',*,*,#1997,.F.);
#3370 = PLANE('',#3371);
#3371 = AXIS2_PLACEMENT_3D('',#3372,#3373,#3374);
#3372 = CARTESIAN_POINT('',(-1.27,-11.684,0.));
#3373 = DIRECTION('',(1.,0.,0.));
#3374 = DIRECTION('',(0.,-1.,0.));
#3375 = ADVANCED_FACE('',(#3376),#3387,.F.);
#3376 = FACE_BOUND('',#3377,.F.);
#3377 = EDGE_LOOP('',(#3378,#3384,#3385,#3386));
#3378 = ORIENTED_EDGE('',*,*,#3379,.T.);
#3379 = EDGE_CURVE('',#2030,#2523,#3380,.T.);
#3380 = LINE('',#3381,#3382);
#3381 = CARTESIAN_POINT('',(1.27,-11.684,0.));
#3382 = VECTOR('',#3383,1.);
#3383 = DIRECTION('',(0.,0.,1.));
#3384 = ORIENTED_EDGE('',*,*,#2530,.T.);
#3385 = ORIENTED_EDGE('',*,*,#3345,.F.);
#3386 = ORIENTED_EDGE('',*,*,#2037,.F.);
#3387 = PLANE('',#3388);
#3388 = AXIS2_PLACEMENT_3D('',#3389,#3390,#3391);
#3389 = CARTESIAN_POINT('',(1.27,-11.684,0.));
#3390 = DIRECTION('',(-0.707106781187,-0.707106781187,0.));
#3391 = DIRECTION('',(-0.707106781187,0.707106781187,0.));
#3392 = ADVANCED_FACE('',(#3393),#3404,.F.);
#3393 = FACE_BOUND('',#3394,.F.);
#3394 = EDGE_LOOP('',(#3395,#3396,#3397,#3403));
#3395 = ORIENTED_EDGE('',*,*,#3364,.T.);
#3396 = ORIENTED_EDGE('',*,*,#2498,.T.);
#3397 = ORIENTED_EDGE('',*,*,#3398,.F.);
#3398 = EDGE_CURVE('',#2006,#2499,#3399,.T.);
#3399 = LINE('',#3400,#3401);
#3400 = CARTESIAN_POINT('',(-1.016,-13.97,0.));
#3401 = VECTOR('',#3402,1.);
#3402 = DIRECTION('',(0.,0.,1.));
#3403 = ORIENTED_EDGE('',*,*,#2005,.F.);
#3404 = PLANE('',#3405);
#3405 = AXIS2_PLACEMENT_3D('',#3406,#3407,#3408);
#3406 = CARTESIAN_POINT('',(-1.27,-13.716,0.));
#3407 = DIRECTION('',(0.707106781187,0.707106781187,0.));
#3408 = DIRECTION('',(0.707106781187,-0.707106781187,0.));
#3409 = ADVANCED_FACE('',(#3410),#3421,.F.);
#3410 = FACE_BOUND('',#3411,.F.);
#3411 = EDGE_LOOP('',(#3412,#3418,#3419,#3420));
#3412 = ORIENTED_EDGE('',*,*,#3413,.T.);
#3413 = EDGE_CURVE('',#2022,#2515,#3414,.T.);
#3414 = LINE('',#3415,#3416);
#3415 = CARTESIAN_POINT('',(1.27,-13.716,0.));
#3416 = VECTOR('',#3417,1.);
#3417 = DIRECTION('',(0.,0.,1.));
#3418 = ORIENTED_EDGE('',*,*,#2522,.T.);
#3419 = ORIENTED_EDGE('',*,*,#3379,.F.);
#3420 = ORIENTED_EDGE('',*,*,#2029,.F.);
#3421 = PLANE('',#3422);
#3422 = AXIS2_PLACEMENT_3D('',#3423,#3424,#3425);
#3423 = CARTESIAN_POINT('',(1.27,-13.716,0.));
#3424 = DIRECTION('',(-1.,0.,0.));
#3425 = DIRECTION('',(0.,1.,0.));
#3426 = ADVANCED_FACE('',(#3427),#3438,.F.);
#3427 = FACE_BOUND('',#3428,.F.);
#3428 = EDGE_LOOP('',(#3429,#3430,#3431,#3437));
#3429 = ORIENTED_EDGE('',*,*,#3398,.T.);
#3430 = ORIENTED_EDGE('',*,*,#2506,.T.);
#3431 = ORIENTED_EDGE('',*,*,#3432,.F.);
#3432 = EDGE_CURVE('',#2014,#2507,#3433,.T.);
#3433 = LINE('',#3434,#3435);
#3434 = CARTESIAN_POINT('',(1.016,-13.97,0.));
#3435 = VECTOR('',#3436,1.);
#3436 = DIRECTION('',(0.,0.,1.));
#3437 = ORIENTED_EDGE('',*,*,#2013,.F.);
#3438 = PLANE('',#3439);
#3439 = AXIS2_PLACEMENT_3D('',#3440,#3441,#3442);
#3440 = CARTESIAN_POINT('',(-1.016,-13.97,0.));
#3441 = DIRECTION('',(0.,1.,0.));
#3442 = DIRECTION('',(1.,0.,0.));
#3443 = ADVANCED_FACE('',(#3444),#3450,.F.);
#3444 = FACE_BOUND('',#3445,.F.);
#3445 = EDGE_LOOP('',(#3446,#3447,#3448,#3449));
#3446 = ORIENTED_EDGE('',*,*,#3432,.T.);
#3447 = ORIENTED_EDGE('',*,*,#2514,.T.);
#3448 = ORIENTED_EDGE('',*,*,#3413,.F.);
#3449 = ORIENTED_EDGE('',*,*,#2021,.F.);
#3450 = PLANE('',#3451);
#3451 = AXIS2_PLACEMENT_3D('',#3452,#3453,#3454);
#3452 = CARTESIAN_POINT('',(1.016,-13.97,0.));
#3453 = DIRECTION('',(-0.707106781187,0.707106781187,0.));
#3454 = DIRECTION('',(0.707106781187,0.707106781187,0.));
#3455 = ADVANCED_FACE('',(#3456),#3481,.T.);
#3456 = FACE_BOUND('',#3457,.T.);
#3457 = EDGE_LOOP('',(#3458,#3466,#3474,#3480));
#3458 = ORIENTED_EDGE('',*,*,#3459,.F.);
#3459 = EDGE_CURVE('',#3460,#2167,#3462,.T.);
#3460 = VERTEX_POINT('',#3461);
#3461 = CARTESIAN_POINT('',(0.32,-0.32,-2.84));
#3462 = LINE('',#3463,#3464);
#3463 = CARTESIAN_POINT('',(0.32,-0.32,-3.));
#3464 = VECTOR('',#3465,1.);
#3465 = DIRECTION('',(0.,0.,1.));
#3466 = ORIENTED_EDGE('',*,*,#3467,.T.);
#3467 = EDGE_CURVE('',#3460,#3468,#3470,.T.);
#3468 = VERTEX_POINT('',#3469);
#3469 = CARTESIAN_POINT('',(0.32,0.32,-2.84));
#3470 = LINE('',#3471,#3472);
#3471 = CARTESIAN_POINT('',(0.32,-0.32,-2.84));
#3472 = VECTOR('',#3473,1.);
#3473 = DIRECTION('',(0.,1.,0.));
#3474 = ORIENTED_EDGE('',*,*,#3475,.T.);
#3475 = EDGE_CURVE('',#3468,#2169,#3476,.T.);
#3476 = LINE('',#3477,#3478);
#3477 = CARTESIAN_POINT('',(0.32,0.32,-3.));
#3478 = VECTOR('',#3479,1.);
#3479 = DIRECTION('',(0.,0.,1.));
#3480 = ORIENTED_EDGE('',*,*,#2166,.F.);
#3481 = PLANE('',#3482);
#3482 = AXIS2_PLACEMENT_3D('',#3483,#3484,#3485);
#3483 = CARTESIAN_POINT('',(0.32,-0.32,-3.));
#3484 = DIRECTION('',(1.,0.,0.));
#3485 = DIRECTION('',(0.,0.,1.));
#3486 = ADVANCED_FACE('',(#3487),#3505,.T.);
#3487 = FACE_BOUND('',#3488,.T.);
#3488 = EDGE_LOOP('',(#3489,#3490,#3498,#3504));
#3489 = ORIENTED_EDGE('',*,*,#3475,.F.);
#3490 = ORIENTED_EDGE('',*,*,#3491,.F.);
#3491 = EDGE_CURVE('',#3492,#3468,#3494,.T.);
#3492 = VERTEX_POINT('',#3493);
#3493 = CARTESIAN_POINT('',(-0.32,0.32,-2.84));
#3494 = LINE('',#3495,#3496);
#3495 = CARTESIAN_POINT('',(-0.32,0.32,-2.84));
#3496 = VECTOR('',#3497,1.);
#3497 = DIRECTION('',(1.,0.,0.));
#3498 = ORIENTED_EDGE('',*,*,#3499,.T.);
#3499 = EDGE_CURVE('',#3492,#2185,#3500,.T.);
#3500 = LINE('',#3501,#3502);
#3501 = CARTESIAN_POINT('',(-0.32,0.32,-3.));
#3502 = VECTOR('',#3503,1.);
#3503 = DIRECTION('',(0.,0.,1.));
#3504 = ORIENTED_EDGE('',*,*,#2192,.F.);
#3505 = PLANE('',#3506);
#3506 = AXIS2_PLACEMENT_3D('',#3507,#3508,#3509);
#3507 = CARTESIAN_POINT('',(-0.32,0.32,-3.));
#3508 = DIRECTION('',(0.,1.,0.));
#3509 = DIRECTION('',(0.,-0.,1.));
#3510 = ADVANCED_FACE('',(#3511),#3529,.F.);
#3511 = FACE_BOUND('',#3512,.F.);
#3512 = EDGE_LOOP('',(#3513,#3521,#3527,#3528));
#3513 = ORIENTED_EDGE('',*,*,#3514,.F.);
#3514 = EDGE_CURVE('',#3515,#2177,#3517,.T.);
#3515 = VERTEX_POINT('',#3516);
#3516 = CARTESIAN_POINT('',(-0.32,-0.32,-2.84));
#3517 = LINE('',#3518,#3519);
#3518 = CARTESIAN_POINT('',(-0.32,-0.32,-3.));
#3519 = VECTOR('',#3520,1.);
#3520 = DIRECTION('',(0.,0.,1.));
#3521 = ORIENTED_EDGE('',*,*,#3522,.T.);
#3522 = EDGE_CURVE('',#3515,#3492,#3523,.T.);
#3523 = LINE('',#3524,#3525);
#3524 = CARTESIAN_POINT('',(-0.32,-0.32,-2.84));
#3525 = VECTOR('',#3526,1.);
#3526 = DIRECTION('',(0.,1.,0.));
#3527 = ORIENTED_EDGE('',*,*,#3499,.T.);
#3528 = ORIENTED_EDGE('',*,*,#2184,.F.);
#3529 = PLANE('',#3530);
#3530 = AXIS2_PLACEMENT_3D('',#3531,#3532,#3533);
#3531 = CARTESIAN_POINT('',(-0.32,-0.32,-3.));
#3532 = DIRECTION('',(1.,0.,0.));
#3533 = DIRECTION('',(0.,0.,1.));
#3534 = ADVANCED_FACE('',(#3535),#3546,.F.);
#3535 = FACE_BOUND('',#3536,.F.);
#3536 = EDGE_LOOP('',(#3537,#3538,#3544,#3545));
#3537 = ORIENTED_EDGE('',*,*,#3459,.F.);
#3538 = ORIENTED_EDGE('',*,*,#3539,.F.);
#3539 = EDGE_CURVE('',#3515,#3460,#3540,.T.);
#3540 = LINE('',#3541,#3542);
#3541 = CARTESIAN_POINT('',(-0.32,-0.32,-2.84));
#3542 = VECTOR('',#3543,1.);
#3543 = DIRECTION('',(1.,0.,0.));
#3544 = ORIENTED_EDGE('',*,*,#3514,.T.);
#3545 = ORIENTED_EDGE('',*,*,#2176,.F.);
#3546 = PLANE('',#3547);
#3547 = AXIS2_PLACEMENT_3D('',#3548,#3549,#3550);
#3548 = CARTESIAN_POINT('',(-0.32,-0.32,-3.));
#3549 = DIRECTION('',(0.,1.,0.));
#3550 = DIRECTION('',(0.,-0.,1.));
#3551 = ADVANCED_FACE('',(#3552),#3577,.T.);
#3552 = FACE_BOUND('',#3553,.T.);
#3553 = EDGE_LOOP('',(#3554,#3562,#3570,#3576));
#3554 = ORIENTED_EDGE('',*,*,#3555,.F.);
#3555 = EDGE_CURVE('',#3556,#2201,#3558,.T.);
#3556 = VERTEX_POINT('',#3557);
#3557 = CARTESIAN_POINT('',(0.32,-5.4,-2.84));
#3558 = LINE('',#3559,#3560);
#3559 = CARTESIAN_POINT('',(0.32,-5.4,-3.));
#3560 = VECTOR('',#3561,1.);
#3561 = DIRECTION('',(0.,0.,1.));
#3562 = ORIENTED_EDGE('',*,*,#3563,.T.);
#3563 = EDGE_CURVE('',#3556,#3564,#3566,.T.);
#3564 = VERTEX_POINT('',#3565);
#3565 = CARTESIAN_POINT('',(0.32,-4.76,-2.84));
#3566 = LINE('',#3567,#3568);
#3567 = CARTESIAN_POINT('',(0.32,-5.4,-2.84));
#3568 = VECTOR('',#3569,1.);
#3569 = DIRECTION('',(0.,1.,0.));
#3570 = ORIENTED_EDGE('',*,*,#3571,.T.);
#3571 = EDGE_CURVE('',#3564,#2203,#3572,.T.);
#3572 = LINE('',#3573,#3574);
#3573 = CARTESIAN_POINT('',(0.32,-4.76,-3.));
#3574 = VECTOR('',#3575,1.);
#3575 = DIRECTION('',(0.,0.,1.));
#3576 = ORIENTED_EDGE('',*,*,#2200,.F.);
#3577 = PLANE('',#3578);
#3578 = AXIS2_PLACEMENT_3D('',#3579,#3580,#3581);
#3579 = CARTESIAN_POINT('',(0.32,-5.4,-3.));
#3580 = DIRECTION('',(1.,0.,0.));
#3581 = DIRECTION('',(0.,0.,1.));
#3582 = ADVANCED_FACE('',(#3583),#3601,.T.);
#3583 = FACE_BOUND('',#3584,.T.);
#3584 = EDGE_LOOP('',(#3585,#3586,#3594,#3600));
#3585 = ORIENTED_EDGE('',*,*,#3571,.F.);
#3586 = ORIENTED_EDGE('',*,*,#3587,.F.);
#3587 = EDGE_CURVE('',#3588,#3564,#3590,.T.);
#3588 = VERTEX_POINT('',#3589);
#3589 = CARTESIAN_POINT('',(-0.32,-4.76,-2.84));
#3590 = LINE('',#3591,#3592);
#3591 = CARTESIAN_POINT('',(-0.32,-4.76,-2.84));
#3592 = VECTOR('',#3593,1.);
#3593 = DIRECTION('',(1.,0.,0.));
#3594 = ORIENTED_EDGE('',*,*,#3595,.T.);
#3595 = EDGE_CURVE('',#3588,#2219,#3596,.T.);
#3596 = LINE('',#3597,#3598);
#3597 = CARTESIAN_POINT('',(-0.32,-4.76,-3.));
#3598 = VECTOR('',#3599,1.);
#3599 = DIRECTION('',(0.,0.,1.));
#3600 = ORIENTED_EDGE('',*,*,#2226,.F.);
#3601 = PLANE('',#3602);
#3602 = AXIS2_PLACEMENT_3D('',#3603,#3604,#3605);
#3603 = CARTESIAN_POINT('',(-0.32,-4.76,-3.));
#3604 = DIRECTION('',(0.,1.,0.));
#3605 = DIRECTION('',(0.,-0.,1.));
#3606 = ADVANCED_FACE('',(#3607),#3625,.F.);
#3607 = FACE_BOUND('',#3608,.F.);
#3608 = EDGE_LOOP('',(#3609,#3617,#3623,#3624));
#3609 = ORIENTED_EDGE('',*,*,#3610,.F.);
#3610 = EDGE_CURVE('',#3611,#2211,#3613,.T.);
#3611 = VERTEX_POINT('',#3612);
#3612 = CARTESIAN_POINT('',(-0.32,-5.4,-2.84));
#3613 = LINE('',#3614,#3615);
#3614 = CARTESIAN_POINT('',(-0.32,-5.4,-3.));
#3615 = VECTOR('',#3616,1.);
#3616 = DIRECTION('',(0.,0.,1.));
#3617 = ORIENTED_EDGE('',*,*,#3618,.T.);
#3618 = EDGE_CURVE('',#3611,#3588,#3619,.T.);
#3619 = LINE('',#3620,#3621);
#3620 = CARTESIAN_POINT('',(-0.32,-5.4,-2.84));
#3621 = VECTOR('',#3622,1.);
#3622 = DIRECTION('',(0.,1.,0.));
#3623 = ORIENTED_EDGE('',*,*,#3595,.T.);
#3624 = ORIENTED_EDGE('',*,*,#2218,.F.);
#3625 = PLANE('',#3626);
#3626 = AXIS2_PLACEMENT_3D('',#3627,#3628,#3629);
#3627 = CARTESIAN_POINT('',(-0.32,-5.4,-3.));
#3628 = DIRECTION('',(1.,0.,0.));
#3629 = DIRECTION('',(0.,0.,1.));
#3630 = ADVANCED_FACE('',(#3631),#3642,.F.);
#3631 = FACE_BOUND('',#3632,.F.);
#3632 = EDGE_LOOP('',(#3633,#3634,#3640,#3641));
#3633 = ORIENTED_EDGE('',*,*,#3555,.F.);
#3634 = ORIENTED_EDGE('',*,*,#3635,.F.);
#3635 = EDGE_CURVE('',#3611,#3556,#3636,.T.);
#3636 = LINE('',#3637,#3638);
#3637 = CARTESIAN_POINT('',(-0.32,-5.4,-2.84));
#3638 = VECTOR('',#3639,1.);
#3639 = DIRECTION('',(1.,0.,0.));
#3640 = ORIENTED_EDGE('',*,*,#3610,.T.);
#3641 = ORIENTED_EDGE('',*,*,#2210,.F.);
#3642 = PLANE('',#3643);
#3643 = AXIS2_PLACEMENT_3D('',#3644,#3645,#3646);
#3644 = CARTESIAN_POINT('',(-0.32,-5.4,-3.));
#3645 = DIRECTION('',(0.,1.,0.));
#3646 = DIRECTION('',(0.,-0.,1.));
#3647 = ADVANCED_FACE('',(#3648),#3673,.T.);
#3648 = FACE_BOUND('',#3649,.T.);
#3649 = EDGE_LOOP('',(#3650,#3658,#3666,#3672));
#3650 = ORIENTED_EDGE('',*,*,#3651,.F.);
#3651 = EDGE_CURVE('',#3652,#2235,#3654,.T.);
#3652 = VERTEX_POINT('',#3653);
#3653 = CARTESIAN_POINT('',(0.32,-2.86,-2.84));
#3654 = LINE('',#3655,#3656);
#3655 = CARTESIAN_POINT('',(0.32,-2.86,-3.));
#3656 = VECTOR('',#3657,1.);
#3657 = DIRECTION('',(0.,0.,1.));
#3658 = ORIENTED_EDGE('',*,*,#3659,.T.);
#3659 = EDGE_CURVE('',#3652,#3660,#3662,.T.);
#3660 = VERTEX_POINT('',#3661);
#3661 = CARTESIAN_POINT('',(0.32,-2.22,-2.84));
#3662 = LINE('',#3663,#3664);
#3663 = CARTESIAN_POINT('',(0.32,-2.86,-2.84));
#3664 = VECTOR('',#3665,1.);
#3665 = DIRECTION('',(0.,1.,0.));
#3666 = ORIENTED_EDGE('',*,*,#3667,.T.);
#3667 = EDGE_CURVE('',#3660,#2237,#3668,.T.);
#3668 = LINE('',#3669,#3670);
#3669 = CARTESIAN_POINT('',(0.32,-2.22,-3.));
#3670 = VECTOR('',#3671,1.);
#3671 = DIRECTION('',(0.,0.,1.));
#3672 = ORIENTED_EDGE('',*,*,#2234,.F.);
#3673 = PLANE('',#3674);
#3674 = AXIS2_PLACEMENT_3D('',#3675,#3676,#3677);
#3675 = CARTESIAN_POINT('',(0.32,-2.86,-3.));
#3676 = DIRECTION('',(1.,0.,0.));
#3677 = DIRECTION('',(0.,0.,1.));
#3678 = ADVANCED_FACE('',(#3679),#3697,.T.);
#3679 = FACE_BOUND('',#3680,.T.);
#3680 = EDGE_LOOP('',(#3681,#3682,#3690,#3696));
#3681 = ORIENTED_EDGE('',*,*,#3667,.F.);
#3682 = ORIENTED_EDGE('',*,*,#3683,.F.);
#3683 = EDGE_CURVE('',#3684,#3660,#3686,.T.);
#3684 = VERTEX_POINT('',#3685);
#3685 = CARTESIAN_POINT('',(-0.32,-2.22,-2.84));
#3686 = LINE('',#3687,#3688);
#3687 = CARTESIAN_POINT('',(-0.32,-2.22,-2.84));
#3688 = VECTOR('',#3689,1.);
#3689 = DIRECTION('',(1.,0.,0.));
#3690 = ORIENTED_EDGE('',*,*,#3691,.T.);
#3691 = EDGE_CURVE('',#3684,#2253,#3692,.T.);
#3692 = LINE('',#3693,#3694);
#3693 = CARTESIAN_POINT('',(-0.32,-2.22,-3.));
#3694 = VECTOR('',#3695,1.);
#3695 = DIRECTION('',(0.,0.,1.));
#3696 = ORIENTED_EDGE('',*,*,#2260,.F.);
#3697 = PLANE('',#3698);
#3698 = AXIS2_PLACEMENT_3D('',#3699,#3700,#3701);
#3699 = CARTESIAN_POINT('',(-0.32,-2.22,-3.));
#3700 = DIRECTION('',(0.,1.,0.));
#3701 = DIRECTION('',(0.,-0.,1.));
#3702 = ADVANCED_FACE('',(#3703),#3721,.F.);
#3703 = FACE_BOUND('',#3704,.F.);
#3704 = EDGE_LOOP('',(#3705,#3713,#3719,#3720));
#3705 = ORIENTED_EDGE('',*,*,#3706,.F.);
#3706 = EDGE_CURVE('',#3707,#2245,#3709,.T.);
#3707 = VERTEX_POINT('',#3708);
#3708 = CARTESIAN_POINT('',(-0.32,-2.86,-2.84));
#3709 = LINE('',#3710,#3711);
#3710 = CARTESIAN_POINT('',(-0.32,-2.86,-3.));
#3711 = VECTOR('',#3712,1.);
#3712 = DIRECTION('',(0.,0.,1.));
#3713 = ORIENTED_EDGE('',*,*,#3714,.T.);
#3714 = EDGE_CURVE('',#3707,#3684,#3715,.T.);
#3715 = LINE('',#3716,#3717);
#3716 = CARTESIAN_POINT('',(-0.32,-2.86,-2.84));
#3717 = VECTOR('',#3718,1.);
#3718 = DIRECTION('',(0.,1.,0.));
#3719 = ORIENTED_EDGE('',*,*,#3691,.T.);
#3720 = ORIENTED_EDGE('',*,*,#2252,.F.);
#3721 = PLANE('',#3722);
#3722 = AXIS2_PLACEMENT_3D('',#3723,#3724,#3725);
#3723 = CARTESIAN_POINT('',(-0.32,-2.86,-3.));
#3724 = DIRECTION('',(1.,0.,0.));
#3725 = DIRECTION('',(0.,0.,1.));
#3726 = ADVANCED_FACE('',(#3727),#3738,.F.);
#3727 = FACE_BOUND('',#3728,.F.);
#3728 = EDGE_LOOP('',(#3729,#3730,#3736,#3737));
#3729 = ORIENTED_EDGE('',*,*,#3651,.F.);
#3730 = ORIENTED_EDGE('',*,*,#3731,.F.);
#3731 = EDGE_CURVE('',#3707,#3652,#3732,.T.);
#3732 = LINE('',#3733,#3734);
#3733 = CARTESIAN_POINT('',(-0.32,-2.86,-2.84));
#3734 = VECTOR('',#3735,1.);
#3735 = DIRECTION('',(1.,0.,0.));
#3736 = ORIENTED_EDGE('',*,*,#3706,.T.);
#3737 = ORIENTED_EDGE('',*,*,#2244,.F.);
#3738 = PLANE('',#3739);
#3739 = AXIS2_PLACEMENT_3D('',#3740,#3741,#3742);
#3740 = CARTESIAN_POINT('',(-0.32,-2.86,-3.));
#3741 = DIRECTION('',(0.,1.,0.));
#3742 = DIRECTION('',(0.,-0.,1.));
#3743 = ADVANCED_FACE('',(#3744),#3769,.F.);
#3744 = FACE_BOUND('',#3745,.F.);
#3745 = EDGE_LOOP('',(#3746,#3754,#3762,#3768));
#3746 = ORIENTED_EDGE('',*,*,#3747,.F.);
#3747 = EDGE_CURVE('',#3748,#2269,#3750,.T.);
#3748 = VERTEX_POINT('',#3749);
#3749 = CARTESIAN_POINT('',(0.32,-13.02,-2.84));
#3750 = LINE('',#3751,#3752);
#3751 = CARTESIAN_POINT('',(0.32,-13.02,-3.));
#3752 = VECTOR('',#3753,1.);
#3753 = DIRECTION('',(0.,0.,1.));
#3754 = ORIENTED_EDGE('',*,*,#3755,.F.);
#3755 = EDGE_CURVE('',#3756,#3748,#3758,.T.);
#3756 = VERTEX_POINT('',#3757);
#3757 = CARTESIAN_POINT('',(-0.32,-13.02,-2.84));
#3758 = LINE('',#3759,#3760);
#3759 = CARTESIAN_POINT('',(-0.32,-13.02,-2.84));
#3760 = VECTOR('',#3761,1.);
#3761 = DIRECTION('',(1.,0.,0.));
#3762 = ORIENTED_EDGE('',*,*,#3763,.T.);
#3763 = EDGE_CURVE('',#3756,#2271,#3764,.T.);
#3764 = LINE('',#3765,#3766);
#3765 = CARTESIAN_POINT('',(-0.32,-13.02,-3.));
#3766 = VECTOR('',#3767,1.);
#3767 = DIRECTION('',(0.,0.,1.));
#3768 = ORIENTED_EDGE('',*,*,#2268,.F.);
#3769 = PLANE('',#3770);
#3770 = AXIS2_PLACEMENT_3D('',#3771,#3772,#3773);
#3771 = CARTESIAN_POINT('',(-0.32,-13.02,-3.));
#3772 = DIRECTION('',(0.,1.,0.));
#3773 = DIRECTION('',(0.,-0.,1.));
#3774 = ADVANCED_FACE('',(#3775),#3793,.T.);
#3775 = FACE_BOUND('',#3776,.T.);
#3776 = EDGE_LOOP('',(#3777,#3778,#3786,#3792));
#3777 = ORIENTED_EDGE('',*,*,#3747,.F.);
#3778 = ORIENTED_EDGE('',*,*,#3779,.T.);
#3779 = EDGE_CURVE('',#3748,#3780,#3782,.T.);
#3780 = VERTEX_POINT('',#3781);
#3781 = CARTESIAN_POINT('',(0.32,-12.38,-2.84));
#3782 = LINE('',#3783,#3784);
#3783 = CARTESIAN_POINT('',(0.32,-13.02,-2.84));
#3784 = VECTOR('',#3785,1.);
#3785 = DIRECTION('',(0.,1.,0.));
#3786 = ORIENTED_EDGE('',*,*,#3787,.T.);
#3787 = EDGE_CURVE('',#3780,#2287,#3788,.T.);
#3788 = LINE('',#3789,#3790);
#3789 = CARTESIAN_POINT('',(0.32,-12.38,-3.));
#3790 = VECTOR('',#3791,1.);
#3791 = DIRECTION('',(0.,0.,1.));
#3792 = ORIENTED_EDGE('',*,*,#2294,.F.);
#3793 = PLANE('',#3794);
#3794 = AXIS2_PLACEMENT_3D('',#3795,#3796,#3797);
#3795 = CARTESIAN_POINT('',(0.32,-13.02,-3.));
#3796 = DIRECTION('',(1.,0.,0.));
#3797 = DIRECTION('',(0.,0.,1.));
#3798 = ADVANCED_FACE('',(#3799),#3817,.T.);
#3799 = FACE_BOUND('',#3800,.T.);
#3800 = EDGE_LOOP('',(#3801,#3802,#3810,#3816));
#3801 = ORIENTED_EDGE('',*,*,#3787,.F.);
#3802 = ORIENTED_EDGE('',*,*,#3803,.F.);
#3803 = EDGE_CURVE('',#3804,#3780,#3806,.T.);
#3804 = VERTEX_POINT('',#3805);
#3805 = CARTESIAN_POINT('',(-0.32,-12.38,-2.84));
#3806 = LINE('',#3807,#3808);
#3807 = CARTESIAN_POINT('',(-0.32,-12.38,-2.84));
#3808 = VECTOR('',#3809,1.);
#3809 = DIRECTION('',(1.,0.,0.));
#3810 = ORIENTED_EDGE('',*,*,#3811,.T.);
#3811 = EDGE_CURVE('',#3804,#2279,#3812,.T.);
#3812 = LINE('',#3813,#3814);
#3813 = CARTESIAN_POINT('',(-0.32,-12.38,-3.));
#3814 = VECTOR('',#3815,1.);
#3815 = DIRECTION('',(0.,0.,1.));
#3816 = ORIENTED_EDGE('',*,*,#2286,.F.);
#3817 = PLANE('',#3818);
#3818 = AXIS2_PLACEMENT_3D('',#3819,#3820,#3821);
#3819 = CARTESIAN_POINT('',(-0.32,-12.38,-3.));
#3820 = DIRECTION('',(0.,1.,0.));
#3821 = DIRECTION('',(0.,-0.,1.));
#3822 = ADVANCED_FACE('',(#3823),#3834,.F.);
#3823 = FACE_BOUND('',#3824,.F.);
#3824 = EDGE_LOOP('',(#3825,#3826,#3832,#3833));
#3825 = ORIENTED_EDGE('',*,*,#3763,.F.);
#3826 = ORIENTED_EDGE('',*,*,#3827,.T.);
#3827 = EDGE_CURVE('',#3756,#3804,#3828,.T.);
#3828 = LINE('',#3829,#3830);
#3829 = CARTESIAN_POINT('',(-0.32,-13.02,-2.84));
#3830 = VECTOR('',#3831,1.);
#3831 = DIRECTION('',(0.,1.,0.));
#3832 = ORIENTED_EDGE('',*,*,#3811,.T.);
#3833 = ORIENTED_EDGE('',*,*,#2278,.F.);
#3834 = PLANE('',#3835);
#3835 = AXIS2_PLACEMENT_3D('',#3836,#3837,#3838);
#3836 = CARTESIAN_POINT('',(-0.32,-13.02,-3.));
#3837 = DIRECTION('',(1.,0.,0.));
#3838 = DIRECTION('',(0.,0.,1.));
#3839 = ADVANCED_FACE('',(#3840),#3865,.T.);
#3840 = FACE_BOUND('',#3841,.T.);
#3841 = EDGE_LOOP('',(#3842,#3850,#3858,#3864));
#3842 = ORIENTED_EDGE('',*,*,#3843,.F.);
#3843 = EDGE_CURVE('',#3844,#2303,#3846,.T.);
#3844 = VERTEX_POINT('',#3845);
#3845 = CARTESIAN_POINT('',(0.32,-9.84,-2.84));
#3846 = LINE('',#3847,#3848);
#3847 = CARTESIAN_POINT('',(0.32,-9.84,-3.));
#3848 = VECTOR('',#3849,1.);
#3849 = DIRECTION('',(0.,0.,1.));
#3850 = ORIENTED_EDGE('',*,*,#3851,.F.);
#3851 = EDGE_CURVE('',#3852,#3844,#3854,.T.);
#3852 = VERTEX_POINT('',#3853);
#3853 = CARTESIAN_POINT('',(-0.32,-9.84,-2.84));
#3854 = LINE('',#3855,#3856);
#3855 = CARTESIAN_POINT('',(-0.32,-9.84,-2.84));
#3856 = VECTOR('',#3857,1.);
#3857 = DIRECTION('',(1.,0.,0.));
#3858 = ORIENTED_EDGE('',*,*,#3859,.T.);
#3859 = EDGE_CURVE('',#3852,#2305,#3860,.T.);
#3860 = LINE('',#3861,#3862);
#3861 = CARTESIAN_POINT('',(-0.32,-9.84,-3.));
#3862 = VECTOR('',#3863,1.);
#3863 = DIRECTION('',(0.,0.,1.));
#3864 = ORIENTED_EDGE('',*,*,#2302,.F.);
#3865 = PLANE('',#3866);
#3866 = AXIS2_PLACEMENT_3D('',#3867,#3868,#3869);
#3867 = CARTESIAN_POINT('',(-0.32,-9.84,-3.));
#3868 = DIRECTION('',(0.,1.,0.));
#3869 = DIRECTION('',(0.,-0.,1.));
#3870 = ADVANCED_FACE('',(#3871),#3889,.F.);
#3871 = FACE_BOUND('',#3872,.F.);
#3872 = EDGE_LOOP('',(#3873,#3881,#3887,#3888));
#3873 = ORIENTED_EDGE('',*,*,#3874,.F.);
#3874 = EDGE_CURVE('',#3875,#2321,#3877,.T.);
#3875 = VERTEX_POINT('',#3876);
#3876 = CARTESIAN_POINT('',(-0.32,-10.48,-2.84));
#3877 = LINE('',#3878,#3879);
#3878 = CARTESIAN_POINT('',(-0.32,-10.48,-3.));
#3879 = VECTOR('',#3880,1.);
#3880 = DIRECTION('',(0.,0.,1.));
#3881 = ORIENTED_EDGE('',*,*,#3882,.T.);
#3882 = EDGE_CURVE('',#3875,#3852,#3883,.T.);
#3883 = LINE('',#3884,#3885);
#3884 = CARTESIAN_POINT('',(-0.32,-10.48,-2.84));
#3885 = VECTOR('',#3886,1.);
#3886 = DIRECTION('',(0.,1.,0.));
#3887 = ORIENTED_EDGE('',*,*,#3859,.T.);
#3888 = ORIENTED_EDGE('',*,*,#2328,.F.);
#3889 = PLANE('',#3890);
#3890 = AXIS2_PLACEMENT_3D('',#3891,#3892,#3893);
#3891 = CARTESIAN_POINT('',(-0.32,-10.48,-3.));
#3892 = DIRECTION('',(1.,0.,0.));
#3893 = DIRECTION('',(0.,0.,1.));
#3894 = ADVANCED_FACE('',(#3895),#3913,.F.);
#3895 = FACE_BOUND('',#3896,.F.);
#3896 = EDGE_LOOP('',(#3897,#3905,#3911,#3912));
#3897 = ORIENTED_EDGE('',*,*,#3898,.F.);
#3898 = EDGE_CURVE('',#3899,#2313,#3901,.T.);
#3899 = VERTEX_POINT('',#3900);
#3900 = CARTESIAN_POINT('',(0.32,-10.48,-2.84));
#3901 = LINE('',#3902,#3903);
#3902 = CARTESIAN_POINT('',(0.32,-10.48,-3.));
#3903 = VECTOR('',#3904,1.);
#3904 = DIRECTION('',(0.,0.,1.));
#3905 = ORIENTED_EDGE('',*,*,#3906,.F.);
#3906 = EDGE_CURVE('',#3875,#3899,#3907,.T.);
#3907 = LINE('',#3908,#3909);
#3908 = CARTESIAN_POINT('',(-0.32,-10.48,-2.84));
#3909 = VECTOR('',#3910,1.);
#3910 = DIRECTION('',(1.,0.,0.));
#3911 = ORIENTED_EDGE('',*,*,#3874,.T.);
#3912 = ORIENTED_EDGE('',*,*,#2320,.F.);
#3913 = PLANE('',#3914);
#3914 = AXIS2_PLACEMENT_3D('',#3915,#3916,#3917);
#3915 = CARTESIAN_POINT('',(-0.32,-10.48,-3.));
#3916 = DIRECTION('',(0.,1.,0.));
#3917 = DIRECTION('',(0.,-0.,1.));
#3918 = ADVANCED_FACE('',(#3919),#3930,.T.);
#3919 = FACE_BOUND('',#3920,.T.);
#3920 = EDGE_LOOP('',(#3921,#3922,#3928,#3929));
#3921 = ORIENTED_EDGE('',*,*,#3898,.F.);
#3922 = ORIENTED_EDGE('',*,*,#3923,.T.);
#3923 = EDGE_CURVE('',#3899,#3844,#3924,.T.);
#3924 = LINE('',#3925,#3926);
#3925 = CARTESIAN_POINT('',(0.32,-10.48,-2.84));
#3926 = VECTOR('',#3927,1.);
#3927 = DIRECTION('',(0.,1.,0.));
#3928 = ORIENTED_EDGE('',*,*,#3843,.T.);
#3929 = ORIENTED_EDGE('',*,*,#2312,.F.);
#3930 = PLANE('',#3931);
#3931 = AXIS2_PLACEMENT_3D('',#3932,#3933,#3934);
#3932 = CARTESIAN_POINT('',(0.32,-10.48,-3.));
#3933 = DIRECTION('',(1.,0.,0.));
#3934 = DIRECTION('',(0.,0.,1.));
#3935 = ADVANCED_FACE('',(#3936),#3961,.F.);
#3936 = FACE_BOUND('',#3937,.F.);
#3937 = EDGE_LOOP('',(#3938,#3946,#3954,#3960));
#3938 = ORIENTED_EDGE('',*,*,#3939,.F.);
#3939 = EDGE_CURVE('',#3940,#2337,#3942,.T.);
#3940 = VERTEX_POINT('',#3941);
#3941 = CARTESIAN_POINT('',(0.32,-7.94,-2.84));
#3942 = LINE('',#3943,#3944);
#3943 = CARTESIAN_POINT('',(0.32,-7.94,-3.));
#3944 = VECTOR('',#3945,1.);
#3945 = DIRECTION('',(0.,0.,1.));
#3946 = ORIENTED_EDGE('',*,*,#3947,.F.);
#3947 = EDGE_CURVE('',#3948,#3940,#3950,.T.);
#3948 = VERTEX_POINT('',#3949);
#3949 = CARTESIAN_POINT('',(-0.32,-7.94,-2.84));
#3950 = LINE('',#3951,#3952);
#3951 = CARTESIAN_POINT('',(-0.32,-7.94,-2.84));
#3952 = VECTOR('',#3953,1.);
#3953 = DIRECTION('',(1.,0.,0.));
#3954 = ORIENTED_EDGE('',*,*,#3955,.T.);
#3955 = EDGE_CURVE('',#3948,#2339,#3956,.T.);
#3956 = LINE('',#3957,#3958);
#3957 = CARTESIAN_POINT('',(-0.32,-7.94,-3.));
#3958 = VECTOR('',#3959,1.);
#3959 = DIRECTION('',(0.,0.,1.));
#3960 = ORIENTED_EDGE('',*,*,#2336,.F.);
#3961 = PLANE('',#3962);
#3962 = AXIS2_PLACEMENT_3D('',#3963,#3964,#3965);
#3963 = CARTESIAN_POINT('',(-0.32,-7.94,-3.));
#3964 = DIRECTION('',(0.,1.,0.));
#3965 = DIRECTION('',(0.,-0.,1.));
#3966 = ADVANCED_FACE('',(#3967),#3985,.T.);
#3967 = FACE_BOUND('',#3968,.T.);
#3968 = EDGE_LOOP('',(#3969,#3970,#3978,#3984));
#3969 = ORIENTED_EDGE('',*,*,#3939,.F.);
#3970 = ORIENTED_EDGE('',*,*,#3971,.T.);
#3971 = EDGE_CURVE('',#3940,#3972,#3974,.T.);
#3972 = VERTEX_POINT('',#3973);
#3973 = CARTESIAN_POINT('',(0.32,-7.3,-2.84));
#3974 = LINE('',#3975,#3976);
#3975 = CARTESIAN_POINT('',(0.32,-7.94,-2.84));
#3976 = VECTOR('',#3977,1.);
#3977 = DIRECTION('',(0.,1.,0.));
#3978 = ORIENTED_EDGE('',*,*,#3979,.T.);
#3979 = EDGE_CURVE('',#3972,#2355,#3980,.T.);
#3980 = LINE('',#3981,#3982);
#3981 = CARTESIAN_POINT('',(0.32,-7.3,-3.));
#3982 = VECTOR('',#3983,1.);
#3983 = DIRECTION('',(0.,0.,1.));
#3984 = ORIENTED_EDGE('',*,*,#2362,.F.);
#3985 = PLANE('',#3986);
#3986 = AXIS2_PLACEMENT_3D('',#3987,#3988,#3989);
#3987 = CARTESIAN_POINT('',(0.32,-7.94,-3.));
#3988 = DIRECTION('',(1.,0.,0.));
#3989 = DIRECTION('',(0.,0.,1.));
#3990 = ADVANCED_FACE('',(#3991),#4009,.T.);
#3991 = FACE_BOUND('',#3992,.T.);
#3992 = EDGE_LOOP('',(#3993,#3994,#4002,#4008));
#3993 = ORIENTED_EDGE('',*,*,#3979,.F.);
#3994 = ORIENTED_EDGE('',*,*,#3995,.F.);
#3995 = EDGE_CURVE('',#3996,#3972,#3998,.T.);
#3996 = VERTEX_POINT('',#3997);
#3997 = CARTESIAN_POINT('',(-0.32,-7.3,-2.84));
#3998 = LINE('',#3999,#4000);
#3999 = CARTESIAN_POINT('',(-0.32,-7.3,-2.84));
#4000 = VECTOR('',#4001,1.);
#4001 = DIRECTION('',(1.,0.,0.));
#4002 = ORIENTED_EDGE('',*,*,#4003,.T.);
#4003 = EDGE_CURVE('',#3996,#2347,#4004,.T.);
#4004 = LINE('',#4005,#4006);
#4005 = CARTESIAN_POINT('',(-0.32,-7.3,-3.));
#4006 = VECTOR('',#4007,1.);
#4007 = DIRECTION('',(0.,0.,1.));
#4008 = ORIENTED_EDGE('',*,*,#2354,.F.);
#4009 = PLANE('',#4010);
#4010 = AXIS2_PLACEMENT_3D('',#4011,#4012,#4013);
#4011 = CARTESIAN_POINT('',(-0.32,-7.3,-3.));
#4012 = DIRECTION('',(0.,1.,0.));
#4013 = DIRECTION('',(0.,-0.,1.));
#4014 = ADVANCED_FACE('',(#4015),#4026,.F.);
#4015 = FACE_BOUND('',#4016,.F.);
#4016 = EDGE_LOOP('',(#4017,#4018,#4024,#4025));
#4017 = ORIENTED_EDGE('',*,*,#3955,.F.);
#4018 = ORIENTED_EDGE('',*,*,#4019,.T.);
#4019 = EDGE_CURVE('',#3948,#3996,#4020,.T.);
#4020 = LINE('',#4021,#4022);
#4021 = CARTESIAN_POINT('',(-0.32,-7.94,-2.84));
#4022 = VECTOR('',#4023,1.);
#4023 = DIRECTION('',(0.,1.,0.));
#4024 = ORIENTED_EDGE('',*,*,#4003,.T.);
#4025 = ORIENTED_EDGE('',*,*,#2346,.F.);
#4026 = PLANE('',#4027);
#4027 = AXIS2_PLACEMENT_3D('',#4028,#4029,#4030);
#4028 = CARTESIAN_POINT('',(-0.32,-7.94,-3.));
#4029 = DIRECTION('',(1.,0.,0.));
#4030 = DIRECTION('',(0.,0.,1.));
#4031 = ADVANCED_FACE('',(#4032),#4057,.T.);
#4032 = FACE_BOUND('',#4033,.T.);
#4033 = EDGE_LOOP('',(#4034,#4042,#4043,#4051));
#4034 = ORIENTED_EDGE('',*,*,#4035,.F.);
#4035 = EDGE_CURVE('',#2660,#4036,#4038,.T.);
#4036 = VERTEX_POINT('',#4037);
#4037 = CARTESIAN_POINT('',(0.32,-0.32,8.38));
#4038 = LINE('',#4039,#4040);
#4039 = CARTESIAN_POINT('',(0.32,-0.32,-3.));
#4040 = VECTOR('',#4041,1.);
#4041 = DIRECTION('',(0.,0.,1.));
#4042 = ORIENTED_EDGE('',*,*,#2659,.T.);
#4043 = ORIENTED_EDGE('',*,*,#4044,.T.);
#4044 = EDGE_CURVE('',#2662,#4045,#4047,.T.);
#4045 = VERTEX_POINT('',#4046);
#4046 = CARTESIAN_POINT('',(0.32,0.32,8.38));
#4047 = LINE('',#4048,#4049);
#4048 = CARTESIAN_POINT('',(0.32,0.32,-3.));
#4049 = VECTOR('',#4050,1.);
#4050 = DIRECTION('',(0.,0.,1.));
#4051 = ORIENTED_EDGE('',*,*,#4052,.F.);
#4052 = EDGE_CURVE('',#4036,#4045,#4053,.T.);
#4053 = LINE('',#4054,#4055);
#4054 = CARTESIAN_POINT('',(0.32,-0.32,8.38));
#4055 = VECTOR('',#4056,1.);
#4056 = DIRECTION('',(0.,1.,0.));
#4057 = PLANE('',#4058);
#4058 = AXIS2_PLACEMENT_3D('',#4059,#4060,#4061);
#4059 = CARTESIAN_POINT('',(0.32,-0.32,-3.));
#4060 = DIRECTION('',(1.,0.,0.));
#4061 = DIRECTION('',(0.,0.,1.));
#4062 = ADVANCED_FACE('',(#4063),#4081,.T.);
#4063 = FACE_BOUND('',#4064,.T.);
#4064 = EDGE_LOOP('',(#4065,#4066,#4067,#4075));
#4065 = ORIENTED_EDGE('',*,*,#4044,.F.);
#4066 = ORIENTED_EDGE('',*,*,#2685,.T.);
#4067 = ORIENTED_EDGE('',*,*,#4068,.T.);
#4068 = EDGE_CURVE('',#2678,#4069,#4071,.T.);
#4069 = VERTEX_POINT('',#4070);
#4070 = CARTESIAN_POINT('',(-0.32,0.32,8.38));
#4071 = LINE('',#4072,#4073);
#4072 = CARTESIAN_POINT('',(-0.32,0.32,-3.));
#4073 = VECTOR('',#4074,1.);
#4074 = DIRECTION('',(0.,0.,1.));
#4075 = ORIENTED_EDGE('',*,*,#4076,.T.);
#4076 = EDGE_CURVE('',#4069,#4045,#4077,.T.);
#4077 = LINE('',#4078,#4079);
#4078 = CARTESIAN_POINT('',(-0.32,0.32,8.38));
#4079 = VECTOR('',#4080,1.);
#4080 = DIRECTION('',(1.,0.,0.));
#4081 = PLANE('',#4082);
#4082 = AXIS2_PLACEMENT_3D('',#4083,#4084,#4085);
#4083 = CARTESIAN_POINT('',(-0.32,0.32,-3.));
#4084 = DIRECTION('',(0.,1.,0.));
#4085 = DIRECTION('',(0.,-0.,1.));
#4086 = ADVANCED_FACE('',(#4087),#4105,.F.);
#4087 = FACE_BOUND('',#4088,.F.);
#4088 = EDGE_LOOP('',(#4089,#4097,#4098,#4099));
#4089 = ORIENTED_EDGE('',*,*,#4090,.F.);
#4090 = EDGE_CURVE('',#2670,#4091,#4093,.T.);
#4091 = VERTEX_POINT('',#4092);
#4092 = CARTESIAN_POINT('',(-0.32,-0.32,8.38));
#4093 = LINE('',#4094,#4095);
#4094 = CARTESIAN_POINT('',(-0.32,-0.32,-3.));
#4095 = VECTOR('',#4096,1.);
#4096 = DIRECTION('',(0.,0.,1.));
#4097 = ORIENTED_EDGE('',*,*,#2677,.T.);
#4098 = ORIENTED_EDGE('',*,*,#4068,.T.);
#4099 = ORIENTED_EDGE('',*,*,#4100,.F.);
#4100 = EDGE_CURVE('',#4091,#4069,#4101,.T.);
#4101 = LINE('',#4102,#4103);
#4102 = CARTESIAN_POINT('',(-0.32,-0.32,8.38));
#4103 = VECTOR('',#4104,1.);
#4104 = DIRECTION('',(0.,1.,0.));
#4105 = PLANE('',#4106);
#4106 = AXIS2_PLACEMENT_3D('',#4107,#4108,#4109);
#4107 = CARTESIAN_POINT('',(-0.32,-0.32,-3.));
#4108 = DIRECTION('',(1.,0.,0.));
#4109 = DIRECTION('',(0.,0.,1.));
#4110 = ADVANCED_FACE('',(#4111),#4122,.F.);
#4111 = FACE_BOUND('',#4112,.F.);
#4112 = EDGE_LOOP('',(#4113,#4114,#4115,#4116));
#4113 = ORIENTED_EDGE('',*,*,#4035,.F.);
#4114 = ORIENTED_EDGE('',*,*,#2669,.T.);
#4115 = ORIENTED_EDGE('',*,*,#4090,.T.);
#4116 = ORIENTED_EDGE('',*,*,#4117,.T.);
#4117 = EDGE_CURVE('',#4091,#4036,#4118,.T.);
#4118 = LINE('',#4119,#4120);
#4119 = CARTESIAN_POINT('',(-0.32,-0.32,8.38));
#4120 = VECTOR('',#4121,1.);
#4121 = DIRECTION('',(1.,0.,0.));
#4122 = PLANE('',#4123);
#4123 = AXIS2_PLACEMENT_3D('',#4124,#4125,#4126);
#4124 = CARTESIAN_POINT('',(-0.32,-0.32,-3.));
#4125 = DIRECTION('',(0.,1.,0.));
#4126 = DIRECTION('',(0.,-0.,1.));
#4127 = ADVANCED_FACE('',(#4128),#4153,.T.);
#4128 = FACE_BOUND('',#4129,.T.);
#4129 = EDGE_LOOP('',(#4130,#4138,#4139,#4147));
#4130 = ORIENTED_EDGE('',*,*,#4131,.F.);
#4131 = EDGE_CURVE('',#2694,#4132,#4134,.T.);
#4132 = VERTEX_POINT('',#4133);
#4133 = CARTESIAN_POINT('',(0.32,-5.4,8.38));
#4134 = LINE('',#4135,#4136);
#4135 = CARTESIAN_POINT('',(0.32,-5.4,-3.));
#4136 = VECTOR('',#4137,1.);
#4137 = DIRECTION('',(0.,0.,1.));
#4138 = ORIENTED_EDGE('',*,*,#2693,.T.);
#4139 = ORIENTED_EDGE('',*,*,#4140,.T.);
#4140 = EDGE_CURVE('',#2696,#4141,#4143,.T.);
#4141 = VERTEX_POINT('',#4142);
#4142 = CARTESIAN_POINT('',(0.32,-4.76,8.38));
#4143 = LINE('',#4144,#4145);
#4144 = CARTESIAN_POINT('',(0.32,-4.76,-3.));
#4145 = VECTOR('',#4146,1.);
#4146 = DIRECTION('',(0.,0.,1.));
#4147 = ORIENTED_EDGE('',*,*,#4148,.F.);
#4148 = EDGE_CURVE('',#4132,#4141,#4149,.T.);
#4149 = LINE('',#4150,#4151);
#4150 = CARTESIAN_POINT('',(0.32,-5.4,8.38));
#4151 = VECTOR('',#4152,1.);
#4152 = DIRECTION('',(0.,1.,0.));
#4153 = PLANE('',#4154);
#4154 = AXIS2_PLACEMENT_3D('',#4155,#4156,#4157);
#4155 = CARTESIAN_POINT('',(0.32,-5.4,-3.));
#4156 = DIRECTION('',(1.,0.,0.));
#4157 = DIRECTION('',(0.,0.,1.));
#4158 = ADVANCED_FACE('',(#4159),#4177,.T.);
#4159 = FACE_BOUND('',#4160,.T.);
#4160 = EDGE_LOOP('',(#4161,#4162,#4163,#4171));
#4161 = ORIENTED_EDGE('',*,*,#4140,.F.);
#4162 = ORIENTED_EDGE('',*,*,#2719,.T.);
#4163 = ORIENTED_EDGE('',*,*,#4164,.T.);
#4164 = EDGE_CURVE('',#2712,#4165,#4167,.T.);
#4165 = VERTEX_POINT('',#4166);
#4166 = CARTESIAN_POINT('',(-0.32,-4.76,8.38));
#4167 = LINE('',#4168,#4169);
#4168 = CARTESIAN_POINT('',(-0.32,-4.76,-3.));
#4169 = VECTOR('',#4170,1.);
#4170 = DIRECTION('',(0.,0.,1.));
#4171 = ORIENTED_EDGE('',*,*,#4172,.T.);
#4172 = EDGE_CURVE('',#4165,#4141,#4173,.T.);
#4173 = LINE('',#4174,#4175);
#4174 = CARTESIAN_POINT('',(-0.32,-4.76,8.38));
#4175 = VECTOR('',#4176,1.);
#4176 = DIRECTION('',(1.,0.,0.));
#4177 = PLANE('',#4178);
#4178 = AXIS2_PLACEMENT_3D('',#4179,#4180,#4181);
#4179 = CARTESIAN_POINT('',(-0.32,-4.76,-3.));
#4180 = DIRECTION('',(0.,1.,0.));
#4181 = DIRECTION('',(0.,-0.,1.));
#4182 = ADVANCED_FACE('',(#4183),#4201,.F.);
#4183 = FACE_BOUND('',#4184,.F.);
#4184 = EDGE_LOOP('',(#4185,#4193,#4194,#4195));
#4185 = ORIENTED_EDGE('',*,*,#4186,.F.);
#4186 = EDGE_CURVE('',#2704,#4187,#4189,.T.);
#4187 = VERTEX_POINT('',#4188);
#4188 = CARTESIAN_POINT('',(-0.32,-5.4,8.38));
#4189 = LINE('',#4190,#4191);
#4190 = CARTESIAN_POINT('',(-0.32,-5.4,-3.));
#4191 = VECTOR('',#4192,1.);
#4192 = DIRECTION('',(0.,0.,1.));
#4193 = ORIENTED_EDGE('',*,*,#2711,.T.);
#4194 = ORIENTED_EDGE('',*,*,#4164,.T.);
#4195 = ORIENTED_EDGE('',*,*,#4196,.F.);
#4196 = EDGE_CURVE('',#4187,#4165,#4197,.T.);
#4197 = LINE('',#4198,#4199);
#4198 = CARTESIAN_POINT('',(-0.32,-5.4,8.38));
#4199 = VECTOR('',#4200,1.);
#4200 = DIRECTION('',(0.,1.,0.));
#4201 = PLANE('',#4202);
#4202 = AXIS2_PLACEMENT_3D('',#4203,#4204,#4205);
#4203 = CARTESIAN_POINT('',(-0.32,-5.4,-3.));
#4204 = DIRECTION('',(1.,0.,0.));
#4205 = DIRECTION('',(0.,0.,1.));
#4206 = ADVANCED_FACE('',(#4207),#4218,.F.);
#4207 = FACE_BOUND('',#4208,.F.);
#4208 = EDGE_LOOP('',(#4209,#4210,#4211,#4212));
#4209 = ORIENTED_EDGE('',*,*,#4131,.F.);
#4210 = ORIENTED_EDGE('',*,*,#2703,.T.);
#4211 = ORIENTED_EDGE('',*,*,#4186,.T.);
#4212 = ORIENTED_EDGE('',*,*,#4213,.T.);
#4213 = EDGE_CURVE('',#4187,#4132,#4214,.T.);
#4214 = LINE('',#4215,#4216);
#4215 = CARTESIAN_POINT('',(-0.32,-5.4,8.38));
#4216 = VECTOR('',#4217,1.);
#4217 = DIRECTION('',(1.,0.,0.));
#4218 = PLANE('',#4219);
#4219 = AXIS2_PLACEMENT_3D('',#4220,#4221,#4222);
#4220 = CARTESIAN_POINT('',(-0.32,-5.4,-3.));
#4221 = DIRECTION('',(0.,1.,0.));
#4222 = DIRECTION('',(0.,-0.,1.));
#4223 = ADVANCED_FACE('',(#4224),#4249,.T.);
#4224 = FACE_BOUND('',#4225,.T.);
#4225 = EDGE_LOOP('',(#4226,#4234,#4235,#4243));
#4226 = ORIENTED_EDGE('',*,*,#4227,.F.);
#4227 = EDGE_CURVE('',#2728,#4228,#4230,.T.);
#4228 = VERTEX_POINT('',#4229);
#4229 = CARTESIAN_POINT('',(0.32,-2.86,8.38));
#4230 = LINE('',#4231,#4232);
#4231 = CARTESIAN_POINT('',(0.32,-2.86,-3.));
#4232 = VECTOR('',#4233,1.);
#4233 = DIRECTION('',(0.,0.,1.));
#4234 = ORIENTED_EDGE('',*,*,#2727,.T.);
#4235 = ORIENTED_EDGE('',*,*,#4236,.T.);
#4236 = EDGE_CURVE('',#2730,#4237,#4239,.T.);
#4237 = VERTEX_POINT('',#4238);
#4238 = CARTESIAN_POINT('',(0.32,-2.22,8.38));
#4239 = LINE('',#4240,#4241);
#4240 = CARTESIAN_POINT('',(0.32,-2.22,-3.));
#4241 = VECTOR('',#4242,1.);
#4242 = DIRECTION('',(0.,0.,1.));
#4243 = ORIENTED_EDGE('',*,*,#4244,.F.);
#4244 = EDGE_CURVE('',#4228,#4237,#4245,.T.);
#4245 = LINE('',#4246,#4247);
#4246 = CARTESIAN_POINT('',(0.32,-2.86,8.38));
#4247 = VECTOR('',#4248,1.);
#4248 = DIRECTION('',(0.,1.,0.));
#4249 = PLANE('',#4250);
#4250 = AXIS2_PLACEMENT_3D('',#4251,#4252,#4253);
#4251 = CARTESIAN_POINT('',(0.32,-2.86,-3.));
#4252 = DIRECTION('',(1.,0.,0.));
#4253 = DIRECTION('',(0.,0.,1.));
#4254 = ADVANCED_FACE('',(#4255),#4273,.T.);
#4255 = FACE_BOUND('',#4256,.T.);
#4256 = EDGE_LOOP('',(#4257,#4258,#4259,#4267));
#4257 = ORIENTED_EDGE('',*,*,#4236,.F.);
#4258 = ORIENTED_EDGE('',*,*,#2753,.T.);
#4259 = ORIENTED_EDGE('',*,*,#4260,.T.);
#4260 = EDGE_CURVE('',#2746,#4261,#4263,.T.);
#4261 = VERTEX_POINT('',#4262);
#4262 = CARTESIAN_POINT('',(-0.32,-2.22,8.38));
#4263 = LINE('',#4264,#4265);
#4264 = CARTESIAN_POINT('',(-0.32,-2.22,-3.));
#4265 = VECTOR('',#4266,1.);
#4266 = DIRECTION('',(0.,0.,1.));
#4267 = ORIENTED_EDGE('',*,*,#4268,.T.);
#4268 = EDGE_CURVE('',#4261,#4237,#4269,.T.);
#4269 = LINE('',#4270,#4271);
#4270 = CARTESIAN_POINT('',(-0.32,-2.22,8.38));
#4271 = VECTOR('',#4272,1.);
#4272 = DIRECTION('',(1.,0.,0.));
#4273 = PLANE('',#4274);
#4274 = AXIS2_PLACEMENT_3D('',#4275,#4276,#4277);
#4275 = CARTESIAN_POINT('',(-0.32,-2.22,-3.));
#4276 = DIRECTION('',(0.,1.,0.));
#4277 = DIRECTION('',(0.,-0.,1.));
#4278 = ADVANCED_FACE('',(#4279),#4297,.F.);
#4279 = FACE_BOUND('',#4280,.F.);
#4280 = EDGE_LOOP('',(#4281,#4289,#4290,#4291));
#4281 = ORIENTED_EDGE('',*,*,#4282,.F.);
#4282 = EDGE_CURVE('',#2738,#4283,#4285,.T.);
#4283 = VERTEX_POINT('',#4284);
#4284 = CARTESIAN_POINT('',(-0.32,-2.86,8.38));
#4285 = LINE('',#4286,#4287);
#4286 = CARTESIAN_POINT('',(-0.32,-2.86,-3.));
#4287 = VECTOR('',#4288,1.);
#4288 = DIRECTION('',(0.,0.,1.));
#4289 = ORIENTED_EDGE('',*,*,#2745,.T.);
#4290 = ORIENTED_EDGE('',*,*,#4260,.T.);
#4291 = ORIENTED_EDGE('',*,*,#4292,.F.);
#4292 = EDGE_CURVE('',#4283,#4261,#4293,.T.);
#4293 = LINE('',#4294,#4295);
#4294 = CARTESIAN_POINT('',(-0.32,-2.86,8.38));
#4295 = VECTOR('',#4296,1.);
#4296 = DIRECTION('',(0.,1.,0.));
#4297 = PLANE('',#4298);
#4298 = AXIS2_PLACEMENT_3D('',#4299,#4300,#4301);
#4299 = CARTESIAN_POINT('',(-0.32,-2.86,-3.));
#4300 = DIRECTION('',(1.,0.,0.));
#4301 = DIRECTION('',(0.,0.,1.));
#4302 = ADVANCED_FACE('',(#4303),#4314,.F.);
#4303 = FACE_BOUND('',#4304,.F.);
#4304 = EDGE_LOOP('',(#4305,#4306,#4307,#4308));
#4305 = ORIENTED_EDGE('',*,*,#4227,.F.);
#4306 = ORIENTED_EDGE('',*,*,#2737,.T.);
#4307 = ORIENTED_EDGE('',*,*,#4282,.T.);
#4308 = ORIENTED_EDGE('',*,*,#4309,.T.);
#4309 = EDGE_CURVE('',#4283,#4228,#4310,.T.);
#4310 = LINE('',#4311,#4312);
#4311 = CARTESIAN_POINT('',(-0.32,-2.86,8.38));
#4312 = VECTOR('',#4313,1.);
#4313 = DIRECTION('',(1.,0.,0.));
#4314 = PLANE('',#4315);
#4315 = AXIS2_PLACEMENT_3D('',#4316,#4317,#4318);
#4316 = CARTESIAN_POINT('',(-0.32,-2.86,-3.));
#4317 = DIRECTION('',(0.,1.,0.));
#4318 = DIRECTION('',(0.,-0.,1.));
#4319 = ADVANCED_FACE('',(#4320),#4345,.F.);
#4320 = FACE_BOUND('',#4321,.F.);
#4321 = EDGE_LOOP('',(#4322,#4330,#4331,#4339));
#4322 = ORIENTED_EDGE('',*,*,#4323,.F.);
#4323 = EDGE_CURVE('',#2762,#4324,#4326,.T.);
#4324 = VERTEX_POINT('',#4325);
#4325 = CARTESIAN_POINT('',(0.32,-13.02,8.38));
#4326 = LINE('',#4327,#4328);
#4327 = CARTESIAN_POINT('',(0.32,-13.02,-3.));
#4328 = VECTOR('',#4329,1.);
#4329 = DIRECTION('',(0.,0.,1.));
#4330 = ORIENTED_EDGE('',*,*,#2761,.T.);
#4331 = ORIENTED_EDGE('',*,*,#4332,.T.);
#4332 = EDGE_CURVE('',#2764,#4333,#4335,.T.);
#4333 = VERTEX_POINT('',#4334);
#4334 = CARTESIAN_POINT('',(-0.32,-13.02,8.38));
#4335 = LINE('',#4336,#4337);
#4336 = CARTESIAN_POINT('',(-0.32,-13.02,-3.));
#4337 = VECTOR('',#4338,1.);
#4338 = DIRECTION('',(0.,0.,1.));
#4339 = ORIENTED_EDGE('',*,*,#4340,.T.);
#4340 = EDGE_CURVE('',#4333,#4324,#4341,.T.);
#4341 = LINE('',#4342,#4343);
#4342 = CARTESIAN_POINT('',(-0.32,-13.02,8.38));
#4343 = VECTOR('',#4344,1.);
#4344 = DIRECTION('',(1.,0.,0.));
#4345 = PLANE('',#4346);
#4346 = AXIS2_PLACEMENT_3D('',#4347,#4348,#4349);
#4347 = CARTESIAN_POINT('',(-0.32,-13.02,-3.));
#4348 = DIRECTION('',(0.,1.,0.));
#4349 = DIRECTION('',(0.,-0.,1.));
#4350 = ADVANCED_FACE('',(#4351),#4369,.T.);
#4351 = FACE_BOUND('',#4352,.T.);
#4352 = EDGE_LOOP('',(#4353,#4354,#4355,#4363));
#4353 = ORIENTED_EDGE('',*,*,#4323,.F.);
#4354 = ORIENTED_EDGE('',*,*,#2787,.T.);
#4355 = ORIENTED_EDGE('',*,*,#4356,.T.);
#4356 = EDGE_CURVE('',#2780,#4357,#4359,.T.);
#4357 = VERTEX_POINT('',#4358);
#4358 = CARTESIAN_POINT('',(0.32,-12.38,8.38));
#4359 = LINE('',#4360,#4361);
#4360 = CARTESIAN_POINT('',(0.32,-12.38,-3.));
#4361 = VECTOR('',#4362,1.);
#4362 = DIRECTION('',(0.,0.,1.));
#4363 = ORIENTED_EDGE('',*,*,#4364,.F.);
#4364 = EDGE_CURVE('',#4324,#4357,#4365,.T.);
#4365 = LINE('',#4366,#4367);
#4366 = CARTESIAN_POINT('',(0.32,-13.02,8.38));
#4367 = VECTOR('',#4368,1.);
#4368 = DIRECTION('',(0.,1.,0.));
#4369 = PLANE('',#4370);
#4370 = AXIS2_PLACEMENT_3D('',#4371,#4372,#4373);
#4371 = CARTESIAN_POINT('',(0.32,-13.02,-3.));
#4372 = DIRECTION('',(1.,0.,0.));
#4373 = DIRECTION('',(0.,0.,1.));
#4374 = ADVANCED_FACE('',(#4375),#4393,.T.);
#4375 = FACE_BOUND('',#4376,.T.);
#4376 = EDGE_LOOP('',(#4377,#4378,#4379,#4387));
#4377 = ORIENTED_EDGE('',*,*,#4356,.F.);
#4378 = ORIENTED_EDGE('',*,*,#2779,.T.);
#4379 = ORIENTED_EDGE('',*,*,#4380,.T.);
#4380 = EDGE_CURVE('',#2772,#4381,#4383,.T.);
#4381 = VERTEX_POINT('',#4382);
#4382 = CARTESIAN_POINT('',(-0.32,-12.38,8.38));
#4383 = LINE('',#4384,#4385);
#4384 = CARTESIAN_POINT('',(-0.32,-12.38,-3.));
#4385 = VECTOR('',#4386,1.);
#4386 = DIRECTION('',(0.,0.,1.));
#4387 = ORIENTED_EDGE('',*,*,#4388,.T.);
#4388 = EDGE_CURVE('',#4381,#4357,#4389,.T.);
#4389 = LINE('',#4390,#4391);
#4390 = CARTESIAN_POINT('',(-0.32,-12.38,8.38));
#4391 = VECTOR('',#4392,1.);
#4392 = DIRECTION('',(1.,0.,0.));
#4393 = PLANE('',#4394);
#4394 = AXIS2_PLACEMENT_3D('',#4395,#4396,#4397);
#4395 = CARTESIAN_POINT('',(-0.32,-12.38,-3.));
#4396 = DIRECTION('',(0.,1.,0.));
#4397 = DIRECTION('',(0.,-0.,1.));
#4398 = ADVANCED_FACE('',(#4399),#4410,.F.);
#4399 = FACE_BOUND('',#4400,.F.);
#4400 = EDGE_LOOP('',(#4401,#4402,#4403,#4404));
#4401 = ORIENTED_EDGE('',*,*,#4332,.F.);
#4402 = ORIENTED_EDGE('',*,*,#2771,.T.);
#4403 = ORIENTED_EDGE('',*,*,#4380,.T.);
#4404 = ORIENTED_EDGE('',*,*,#4405,.F.);
#4405 = EDGE_CURVE('',#4333,#4381,#4406,.T.);
#4406 = LINE('',#4407,#4408);
#4407 = CARTESIAN_POINT('',(-0.32,-13.02,8.38));
#4408 = VECTOR('',#4409,1.);
#4409 = DIRECTION('',(0.,1.,0.));
#4410 = PLANE('',#4411);
#4411 = AXIS2_PLACEMENT_3D('',#4412,#4413,#4414);
#4412 = CARTESIAN_POINT('',(-0.32,-13.02,-3.));
#4413 = DIRECTION('',(1.,0.,0.));
#4414 = DIRECTION('',(0.,0.,1.));
#4415 = ADVANCED_FACE('',(#4416),#4441,.T.);
#4416 = FACE_BOUND('',#4417,.T.);
#4417 = EDGE_LOOP('',(#4418,#4426,#4427,#4435));
#4418 = ORIENTED_EDGE('',*,*,#4419,.F.);
#4419 = EDGE_CURVE('',#2796,#4420,#4422,.T.);
#4420 = VERTEX_POINT('',#4421);
#4421 = CARTESIAN_POINT('',(0.32,-9.84,8.38));
#4422 = LINE('',#4423,#4424);
#4423 = CARTESIAN_POINT('',(0.32,-9.84,-3.));
#4424 = VECTOR('',#4425,1.);
#4425 = DIRECTION('',(0.,0.,1.));
#4426 = ORIENTED_EDGE('',*,*,#2795,.T.);
#4427 = ORIENTED_EDGE('',*,*,#4428,.T.);
#4428 = EDGE_CURVE('',#2798,#4429,#4431,.T.);
#4429 = VERTEX_POINT('',#4430);
#4430 = CARTESIAN_POINT('',(-0.32,-9.84,8.38));
#4431 = LINE('',#4432,#4433);
#4432 = CARTESIAN_POINT('',(-0.32,-9.84,-3.));
#4433 = VECTOR('',#4434,1.);
#4434 = DIRECTION('',(0.,0.,1.));
#4435 = ORIENTED_EDGE('',*,*,#4436,.T.);
#4436 = EDGE_CURVE('',#4429,#4420,#4437,.T.);
#4437 = LINE('',#4438,#4439);
#4438 = CARTESIAN_POINT('',(-0.32,-9.84,8.38));
#4439 = VECTOR('',#4440,1.);
#4440 = DIRECTION('',(1.,0.,0.));
#4441 = PLANE('',#4442);
#4442 = AXIS2_PLACEMENT_3D('',#4443,#4444,#4445);
#4443 = CARTESIAN_POINT('',(-0.32,-9.84,-3.));
#4444 = DIRECTION('',(0.,1.,0.));
#4445 = DIRECTION('',(0.,-0.,1.));
#4446 = ADVANCED_FACE('',(#4447),#4465,.F.);
#4447 = FACE_BOUND('',#4448,.F.);
#4448 = EDGE_LOOP('',(#4449,#4457,#4458,#4459));
#4449 = ORIENTED_EDGE('',*,*,#4450,.F.);
#4450 = EDGE_CURVE('',#2814,#4451,#4453,.T.);
#4451 = VERTEX_POINT('',#4452);
#4452 = CARTESIAN_POINT('',(-0.32,-10.48,8.38));
#4453 = LINE('',#4454,#4455);
#4454 = CARTESIAN_POINT('',(-0.32,-10.48,-3.));
#4455 = VECTOR('',#4456,1.);
#4456 = DIRECTION('',(0.,0.,1.));
#4457 = ORIENTED_EDGE('',*,*,#2821,.T.);
#4458 = ORIENTED_EDGE('',*,*,#4428,.T.);
#4459 = ORIENTED_EDGE('',*,*,#4460,.F.);
#4460 = EDGE_CURVE('',#4451,#4429,#4461,.T.);
#4461 = LINE('',#4462,#4463);
#4462 = CARTESIAN_POINT('',(-0.32,-10.48,8.38));
#4463 = VECTOR('',#4464,1.);
#4464 = DIRECTION('',(0.,1.,0.));
#4465 = PLANE('',#4466);
#4466 = AXIS2_PLACEMENT_3D('',#4467,#4468,#4469);
#4467 = CARTESIAN_POINT('',(-0.32,-10.48,-3.));
#4468 = DIRECTION('',(1.,0.,0.));
#4469 = DIRECTION('',(0.,0.,1.));
#4470 = ADVANCED_FACE('',(#4471),#4489,.F.);
#4471 = FACE_BOUND('',#4472,.F.);
#4472 = EDGE_LOOP('',(#4473,#4481,#4482,#4483));
#4473 = ORIENTED_EDGE('',*,*,#4474,.F.);
#4474 = EDGE_CURVE('',#2806,#4475,#4477,.T.);
#4475 = VERTEX_POINT('',#4476);
#4476 = CARTESIAN_POINT('',(0.32,-10.48,8.38));
#4477 = LINE('',#4478,#4479);
#4478 = CARTESIAN_POINT('',(0.32,-10.48,-3.));
#4479 = VECTOR('',#4480,1.);
#4480 = DIRECTION('',(0.,0.,1.));
#4481 = ORIENTED_EDGE('',*,*,#2813,.T.);
#4482 = ORIENTED_EDGE('',*,*,#4450,.T.);
#4483 = ORIENTED_EDGE('',*,*,#4484,.T.);
#4484 = EDGE_CURVE('',#4451,#4475,#4485,.T.);
#4485 = LINE('',#4486,#4487);
#4486 = CARTESIAN_POINT('',(-0.32,-10.48,8.38));
#4487 = VECTOR('',#4488,1.);
#4488 = DIRECTION('',(1.,0.,0.));
#4489 = PLANE('',#4490);
#4490 = AXIS2_PLACEMENT_3D('',#4491,#4492,#4493);
#4491 = CARTESIAN_POINT('',(-0.32,-10.48,-3.));
#4492 = DIRECTION('',(0.,1.,0.));
#4493 = DIRECTION('',(0.,-0.,1.));
#4494 = ADVANCED_FACE('',(#4495),#4506,.T.);
#4495 = FACE_BOUND('',#4496,.T.);
#4496 = EDGE_LOOP('',(#4497,#4498,#4499,#4500));
#4497 = ORIENTED_EDGE('',*,*,#4474,.F.);
#4498 = ORIENTED_EDGE('',*,*,#2805,.T.);
#4499 = ORIENTED_EDGE('',*,*,#4419,.T.);
#4500 = ORIENTED_EDGE('',*,*,#4501,.F.);
#4501 = EDGE_CURVE('',#4475,#4420,#4502,.T.);
#4502 = LINE('',#4503,#4504);
#4503 = CARTESIAN_POINT('',(0.32,-10.48,8.38));
#4504 = VECTOR('',#4505,1.);
#4505 = DIRECTION('',(0.,1.,0.));
#4506 = PLANE('',#4507);
#4507 = AXIS2_PLACEMENT_3D('',#4508,#4509,#4510);
#4508 = CARTESIAN_POINT('',(0.32,-10.48,-3.));
#4509 = DIRECTION('',(1.,0.,0.));
#4510 = DIRECTION('',(0.,0.,1.));
#4511 = ADVANCED_FACE('',(#4512),#4537,.F.);
#4512 = FACE_BOUND('',#4513,.F.);
#4513 = EDGE_LOOP('',(#4514,#4522,#4523,#4531));
#4514 = ORIENTED_EDGE('',*,*,#4515,.F.);
#4515 = EDGE_CURVE('',#2830,#4516,#4518,.T.);
#4516 = VERTEX_POINT('',#4517);
#4517 = CARTESIAN_POINT('',(0.32,-7.94,8.38));
#4518 = LINE('',#4519,#4520);
#4519 = CARTESIAN_POINT('',(0.32,-7.94,-3.));
#4520 = VECTOR('',#4521,1.);
#4521 = DIRECTION('',(0.,0.,1.));
#4522 = ORIENTED_EDGE('',*,*,#2829,.T.);
#4523 = ORIENTED_EDGE('',*,*,#4524,.T.);
#4524 = EDGE_CURVE('',#2832,#4525,#4527,.T.);
#4525 = VERTEX_POINT('',#4526);
#4526 = CARTESIAN_POINT('',(-0.32,-7.94,8.38));
#4527 = LINE('',#4528,#4529);
#4528 = CARTESIAN_POINT('',(-0.32,-7.94,-3.));
#4529 = VECTOR('',#4530,1.);
#4530 = DIRECTION('',(0.,0.,1.));
#4531 = ORIENTED_EDGE('',*,*,#4532,.T.);
#4532 = EDGE_CURVE('',#4525,#4516,#4533,.T.);
#4533 = LINE('',#4534,#4535);
#4534 = CARTESIAN_POINT('',(-0.32,-7.94,8.38));
#4535 = VECTOR('',#4536,1.);
#4536 = DIRECTION('',(1.,0.,0.));
#4537 = PLANE('',#4538);
#4538 = AXIS2_PLACEMENT_3D('',#4539,#4540,#4541);
#4539 = CARTESIAN_POINT('',(-0.32,-7.94,-3.));
#4540 = DIRECTION('',(0.,1.,0.));
#4541 = DIRECTION('',(0.,-0.,1.));
#4542 = ADVANCED_FACE('',(#4543),#4561,.T.);
#4543 = FACE_BOUND('',#4544,.T.);
#4544 = EDGE_LOOP('',(#4545,#4546,#4547,#4555));
#4545 = ORIENTED_EDGE('',*,*,#4515,.F.);
#4546 = ORIENTED_EDGE('',*,*,#2855,.T.);
#4547 = ORIENTED_EDGE('',*,*,#4548,.T.);
#4548 = EDGE_CURVE('',#2848,#4549,#4551,.T.);
#4549 = VERTEX_POINT('',#4550);
#4550 = CARTESIAN_POINT('',(0.32,-7.3,8.38));
#4551 = LINE('',#4552,#4553);
#4552 = CARTESIAN_POINT('',(0.32,-7.3,-3.));
#4553 = VECTOR('',#4554,1.);
#4554 = DIRECTION('',(0.,0.,1.));
#4555 = ORIENTED_EDGE('',*,*,#4556,.F.);
#4556 = EDGE_CURVE('',#4516,#4549,#4557,.T.);
#4557 = LINE('',#4558,#4559);
#4558 = CARTESIAN_POINT('',(0.32,-7.94,8.38));
#4559 = VECTOR('',#4560,1.);
#4560 = DIRECTION('',(0.,1.,0.));
#4561 = PLANE('',#4562);
#4562 = AXIS2_PLACEMENT_3D('',#4563,#4564,#4565);
#4563 = CARTESIAN_POINT('',(0.32,-7.94,-3.));
#4564 = DIRECTION('',(1.,0.,0.));
#4565 = DIRECTION('',(0.,0.,1.));
#4566 = ADVANCED_FACE('',(#4567),#4585,.T.);
#4567 = FACE_BOUND('',#4568,.T.);
#4568 = EDGE_LOOP('',(#4569,#4570,#4571,#4579));
#4569 = ORIENTED_EDGE('',*,*,#4548,.F.);
#4570 = ORIENTED_EDGE('',*,*,#2847,.T.);
#4571 = ORIENTED_EDGE('',*,*,#4572,.T.);
#4572 = EDGE_CURVE('',#2840,#4573,#4575,.T.);
#4573 = VERTEX_POINT('',#4574);
#4574 = CARTESIAN_POINT('',(-0.32,-7.3,8.38));
#4575 = LINE('',#4576,#4577);
#4576 = CARTESIAN_POINT('',(-0.32,-7.3,-3.));
#4577 = VECTOR('',#4578,1.);
#4578 = DIRECTION('',(0.,0.,1.));
#4579 = ORIENTED_EDGE('',*,*,#4580,.T.);
#4580 = EDGE_CURVE('',#4573,#4549,#4581,.T.);
#4581 = LINE('',#4582,#4583);
#4582 = CARTESIAN_POINT('',(-0.32,-7.3,8.38));
#4583 = VECTOR('',#4584,1.);
#4584 = DIRECTION('',(1.,0.,0.));
#4585 = PLANE('',#4586);
#4586 = AXIS2_PLACEMENT_3D('',#4587,#4588,#4589);
#4587 = CARTESIAN_POINT('',(-0.32,-7.3,-3.));
#4588 = DIRECTION('',(0.,1.,0.));
#4589 = DIRECTION('',(0.,-0.,1.));
#4590 = ADVANCED_FACE('',(#4591),#4602,.F.);
#4591 = FACE_BOUND('',#4592,.F.);
#4592 = EDGE_LOOP('',(#4593,#4594,#4595,#4596));
#4593 = ORIENTED_EDGE('',*,*,#4524,.F.);
#4594 = ORIENTED_EDGE('',*,*,#2839,.T.);
#4595 = ORIENTED_EDGE('',*,*,#4572,.T.);
#4596 = ORIENTED_EDGE('',*,*,#4597,.F.);
#4597 = EDGE_CURVE('',#4525,#4573,#4598,.T.);
#4598 = LINE('',#4599,#4600);
#4599 = CARTESIAN_POINT('',(-0.32,-7.94,8.38));
#4600 = VECTOR('',#4601,1.);
#4601 = DIRECTION('',(0.,1.,0.));
#4602 = PLANE('',#4603);
#4603 = AXIS2_PLACEMENT_3D('',#4604,#4605,#4606);
#4604 = CARTESIAN_POINT('',(-0.32,-7.94,-3.));
#4605 = DIRECTION('',(1.,0.,0.));
#4606 = DIRECTION('',(0.,0.,1.));
#4607 = ADVANCED_FACE('',(#4608),#4633,.F.);
#4608 = FACE_BOUND('',#4609,.F.);
#4609 = EDGE_LOOP('',(#4610,#4618,#4619,#4627));
#4610 = ORIENTED_EDGE('',*,*,#4611,.F.);
#4611 = EDGE_CURVE('',#3460,#4612,#4614,.T.);
#4612 = VERTEX_POINT('',#4613);
#4613 = CARTESIAN_POINT('',(0.16,-0.16,-3.));
#4614 = LINE('',#4615,#4616);
#4615 = CARTESIAN_POINT('',(0.16,-0.16,-3.));
#4616 = VECTOR('',#4617,1.);
#4617 = DIRECTION('',(-0.57735026919,0.57735026919,-0.57735026919));
#4618 = ORIENTED_EDGE('',*,*,#3467,.T.);
#4619 = ORIENTED_EDGE('',*,*,#4620,.T.);
#4620 = EDGE_CURVE('',#3468,#4621,#4623,.T.);
#4621 = VERTEX_POINT('',#4622);
#4622 = CARTESIAN_POINT('',(0.16,0.16,-3.));
#4623 = LINE('',#4624,#4625);
#4624 = CARTESIAN_POINT('',(5.333333333333E-02,5.333333333333E-02,
    -3.106666666667));
#4625 = VECTOR('',#4626,1.);
#4626 = DIRECTION('',(-0.57735026919,-0.57735026919,-0.57735026919));
#4627 = ORIENTED_EDGE('',*,*,#4628,.F.);
#4628 = EDGE_CURVE('',#4612,#4621,#4629,.T.);
#4629 = LINE('',#4630,#4631);
#4630 = CARTESIAN_POINT('',(0.16,-0.32,-3.));
#4631 = VECTOR('',#4632,1.);
#4632 = DIRECTION('',(0.,1.,0.));
#4633 = PLANE('',#4634);
#4634 = AXIS2_PLACEMENT_3D('',#4635,#4636,#4637);
#4635 = CARTESIAN_POINT('',(0.24,-0.32,-2.92));
#4636 = DIRECTION('',(-0.707106781187,1.735167508357E-18,0.707106781187)
  );
#4637 = DIRECTION('',(1.226948711654E-18,1.,-1.226948711654E-18));
#4638 = ADVANCED_FACE('',(#4639),#4657,.F.);
#4639 = FACE_BOUND('',#4640,.T.);
#4640 = EDGE_LOOP('',(#4641,#4649,#4650,#4651));
#4641 = ORIENTED_EDGE('',*,*,#4642,.F.);
#4642 = EDGE_CURVE('',#3492,#4643,#4645,.T.);
#4643 = VERTEX_POINT('',#4644);
#4644 = CARTESIAN_POINT('',(-0.16,0.16,-3.));
#4645 = LINE('',#4646,#4647);
#4646 = CARTESIAN_POINT('',(-0.16,0.16,-3.));
#4647 = VECTOR('',#4648,1.);
#4648 = DIRECTION('',(0.57735026919,-0.57735026919,-0.57735026919));
#4649 = ORIENTED_EDGE('',*,*,#3491,.T.);
#4650 = ORIENTED_EDGE('',*,*,#4620,.T.);
#4651 = ORIENTED_EDGE('',*,*,#4652,.F.);
#4652 = EDGE_CURVE('',#4643,#4621,#4653,.T.);
#4653 = LINE('',#4654,#4655);
#4654 = CARTESIAN_POINT('',(-0.32,0.16,-3.));
#4655 = VECTOR('',#4656,1.);
#4656 = DIRECTION('',(1.,0.,0.));
#4657 = PLANE('',#4658);
#4658 = AXIS2_PLACEMENT_3D('',#4659,#4660,#4661);
#4659 = CARTESIAN_POINT('',(-0.32,0.24,-2.92));
#4660 = DIRECTION('',(-1.735167508357E-18,-0.707106781187,0.707106781187
    ));
#4661 = DIRECTION('',(-1.,1.226948711654E-18,-1.226948711654E-18));
#4662 = ADVANCED_FACE('',(#4663),#4681,.T.);
#4663 = FACE_BOUND('',#4664,.T.);
#4664 = EDGE_LOOP('',(#4665,#4673,#4674,#4675));
#4665 = ORIENTED_EDGE('',*,*,#4666,.F.);
#4666 = EDGE_CURVE('',#3515,#4667,#4669,.T.);
#4667 = VERTEX_POINT('',#4668);
#4668 = CARTESIAN_POINT('',(-0.16,-0.16,-3.));
#4669 = LINE('',#4670,#4671);
#4670 = CARTESIAN_POINT('',(-0.266666666667,-0.266666666667,
    -2.893333333333));
#4671 = VECTOR('',#4672,1.);
#4672 = DIRECTION('',(0.57735026919,0.57735026919,-0.57735026919));
#4673 = ORIENTED_EDGE('',*,*,#3522,.T.);
#4674 = ORIENTED_EDGE('',*,*,#4642,.T.);
#4675 = ORIENTED_EDGE('',*,*,#4676,.F.);
#4676 = EDGE_CURVE('',#4667,#4643,#4677,.T.);
#4677 = LINE('',#4678,#4679);
#4678 = CARTESIAN_POINT('',(-0.16,-0.32,-3.));
#4679 = VECTOR('',#4680,1.);
#4680 = DIRECTION('',(0.,1.,0.));
#4681 = PLANE('',#4682);
#4682 = AXIS2_PLACEMENT_3D('',#4683,#4684,#4685);
#4683 = CARTESIAN_POINT('',(-0.24,-0.32,-2.92));
#4684 = DIRECTION('',(-0.707106781187,-1.735167508357E-18,
    -0.707106781187));
#4685 = DIRECTION('',(-1.226948711654E-18,1.,-1.226948711654E-18));
#4686 = ADVANCED_FACE('',(#4687),#4698,.T.);
#4687 = FACE_BOUND('',#4688,.F.);
#4688 = EDGE_LOOP('',(#4689,#4690,#4691,#4692));
#4689 = ORIENTED_EDGE('',*,*,#4666,.F.);
#4690 = ORIENTED_EDGE('',*,*,#3539,.T.);
#4691 = ORIENTED_EDGE('',*,*,#4611,.T.);
#4692 = ORIENTED_EDGE('',*,*,#4693,.F.);
#4693 = EDGE_CURVE('',#4667,#4612,#4694,.T.);
#4694 = LINE('',#4695,#4696);
#4695 = CARTESIAN_POINT('',(-0.32,-0.16,-3.));
#4696 = VECTOR('',#4697,1.);
#4697 = DIRECTION('',(1.,0.,0.));
#4698 = PLANE('',#4699);
#4699 = AXIS2_PLACEMENT_3D('',#4700,#4701,#4702);
#4700 = CARTESIAN_POINT('',(-0.32,-0.24,-2.92));
#4701 = DIRECTION('',(1.735167508357E-18,-0.707106781187,-0.707106781187
    ));
#4702 = DIRECTION('',(-1.,-1.226948711654E-18,-1.226948711654E-18));
#4703 = ADVANCED_FACE('',(#4704),#4729,.F.);
#4704 = FACE_BOUND('',#4705,.F.);
#4705 = EDGE_LOOP('',(#4706,#4714,#4715,#4723));
#4706 = ORIENTED_EDGE('',*,*,#4707,.F.);
#4707 = EDGE_CURVE('',#3556,#4708,#4710,.T.);
#4708 = VERTEX_POINT('',#4709);
#4709 = CARTESIAN_POINT('',(0.16,-5.24,-3.));
#4710 = LINE('',#4711,#4712);
#4711 = CARTESIAN_POINT('',(0.16,-5.24,-3.));
#4712 = VECTOR('',#4713,1.);
#4713 = DIRECTION('',(-0.57735026919,0.57735026919,-0.57735026919));
#4714 = ORIENTED_EDGE('',*,*,#3563,.T.);
#4715 = ORIENTED_EDGE('',*,*,#4716,.T.);
#4716 = EDGE_CURVE('',#3564,#4717,#4719,.T.);
#4717 = VERTEX_POINT('',#4718);
#4718 = CARTESIAN_POINT('',(0.16,-4.92,-3.));
#4719 = LINE('',#4720,#4721);
#4720 = CARTESIAN_POINT('',(5.333333333333E-02,-5.026666666667,
    -3.106666666667));
#4721 = VECTOR('',#4722,1.);
#4722 = DIRECTION('',(-0.57735026919,-0.57735026919,-0.57735026919));
#4723 = ORIENTED_EDGE('',*,*,#4724,.F.);
#4724 = EDGE_CURVE('',#4708,#4717,#4725,.T.);
#4725 = LINE('',#4726,#4727);
#4726 = CARTESIAN_POINT('',(0.16,-5.4,-3.));
#4727 = VECTOR('',#4728,1.);
#4728 = DIRECTION('',(0.,1.,0.));
#4729 = PLANE('',#4730);
#4730 = AXIS2_PLACEMENT_3D('',#4731,#4732,#4733);
#4731 = CARTESIAN_POINT('',(0.24,-5.4,-2.92));
#4732 = DIRECTION('',(-0.707106781187,1.735167508357E-18,0.707106781187)
  );
#4733 = DIRECTION('',(1.226948711654E-18,1.,-1.226948711654E-18));
#4734 = ADVANCED_FACE('',(#4735),#4753,.F.);
#4735 = FACE_BOUND('',#4736,.T.);
#4736 = EDGE_LOOP('',(#4737,#4745,#4746,#4747));
#4737 = ORIENTED_EDGE('',*,*,#4738,.F.);
#4738 = EDGE_CURVE('',#3588,#4739,#4741,.T.);
#4739 = VERTEX_POINT('',#4740);
#4740 = CARTESIAN_POINT('',(-0.16,-4.92,-3.));
#4741 = LINE('',#4742,#4743);
#4742 = CARTESIAN_POINT('',(-0.16,-4.92,-3.));
#4743 = VECTOR('',#4744,1.);
#4744 = DIRECTION('',(0.57735026919,-0.57735026919,-0.57735026919));
#4745 = ORIENTED_EDGE('',*,*,#3587,.T.);
#4746 = ORIENTED_EDGE('',*,*,#4716,.T.);
#4747 = ORIENTED_EDGE('',*,*,#4748,.F.);
#4748 = EDGE_CURVE('',#4739,#4717,#4749,.T.);
#4749 = LINE('',#4750,#4751);
#4750 = CARTESIAN_POINT('',(-0.32,-4.92,-3.));
#4751 = VECTOR('',#4752,1.);
#4752 = DIRECTION('',(1.,0.,0.));
#4753 = PLANE('',#4754);
#4754 = AXIS2_PLACEMENT_3D('',#4755,#4756,#4757);
#4755 = CARTESIAN_POINT('',(-0.32,-4.84,-2.92));
#4756 = DIRECTION('',(-1.735167508357E-18,-0.707106781187,0.707106781187
    ));
#4757 = DIRECTION('',(-1.,1.226948711654E-18,-1.226948711654E-18));
#4758 = ADVANCED_FACE('',(#4759),#4777,.T.);
#4759 = FACE_BOUND('',#4760,.T.);
#4760 = EDGE_LOOP('',(#4761,#4769,#4770,#4771));
#4761 = ORIENTED_EDGE('',*,*,#4762,.F.);
#4762 = EDGE_CURVE('',#3611,#4763,#4765,.T.);
#4763 = VERTEX_POINT('',#4764);
#4764 = CARTESIAN_POINT('',(-0.16,-5.24,-3.));
#4765 = LINE('',#4766,#4767);
#4766 = CARTESIAN_POINT('',(-0.266666666667,-5.346666666667,
    -2.893333333333));
#4767 = VECTOR('',#4768,1.);
#4768 = DIRECTION('',(0.57735026919,0.57735026919,-0.57735026919));
#4769 = ORIENTED_EDGE('',*,*,#3618,.T.);
#4770 = ORIENTED_EDGE('',*,*,#4738,.T.);
#4771 = ORIENTED_EDGE('',*,*,#4772,.F.);
#4772 = EDGE_CURVE('',#4763,#4739,#4773,.T.);
#4773 = LINE('',#4774,#4775);
#4774 = CARTESIAN_POINT('',(-0.16,-5.4,-3.));
#4775 = VECTOR('',#4776,1.);
#4776 = DIRECTION('',(0.,1.,0.));
#4777 = PLANE('',#4778);
#4778 = AXIS2_PLACEMENT_3D('',#4779,#4780,#4781);
#4779 = CARTESIAN_POINT('',(-0.24,-5.4,-2.92));
#4780 = DIRECTION('',(-0.707106781187,-1.735167508357E-18,
    -0.707106781187));
#4781 = DIRECTION('',(-1.226948711654E-18,1.,-1.226948711654E-18));
#4782 = ADVANCED_FACE('',(#4783),#4794,.T.);
#4783 = FACE_BOUND('',#4784,.F.);
#4784 = EDGE_LOOP('',(#4785,#4786,#4787,#4788));
#4785 = ORIENTED_EDGE('',*,*,#4762,.F.);
#4786 = ORIENTED_EDGE('',*,*,#3635,.T.);
#4787 = ORIENTED_EDGE('',*,*,#4707,.T.);
#4788 = ORIENTED_EDGE('',*,*,#4789,.F.);
#4789 = EDGE_CURVE('',#4763,#4708,#4790,.T.);
#4790 = LINE('',#4791,#4792);
#4791 = CARTESIAN_POINT('',(-0.32,-5.24,-3.));
#4792 = VECTOR('',#4793,1.);
#4793 = DIRECTION('',(1.,0.,0.));
#4794 = PLANE('',#4795);
#4795 = AXIS2_PLACEMENT_3D('',#4796,#4797,#4798);
#4796 = CARTESIAN_POINT('',(-0.32,-5.32,-2.92));
#4797 = DIRECTION('',(1.735167508357E-18,-0.707106781187,-0.707106781187
    ));
#4798 = DIRECTION('',(-1.,-1.226948711654E-18,-1.226948711654E-18));
#4799 = ADVANCED_FACE('',(#4800),#4825,.F.);
#4800 = FACE_BOUND('',#4801,.F.);
#4801 = EDGE_LOOP('',(#4802,#4810,#4811,#4819));
#4802 = ORIENTED_EDGE('',*,*,#4803,.F.);
#4803 = EDGE_CURVE('',#3652,#4804,#4806,.T.);
#4804 = VERTEX_POINT('',#4805);
#4805 = CARTESIAN_POINT('',(0.16,-2.7,-3.));
#4806 = LINE('',#4807,#4808);
#4807 = CARTESIAN_POINT('',(0.16,-2.7,-3.));
#4808 = VECTOR('',#4809,1.);
#4809 = DIRECTION('',(-0.57735026919,0.57735026919,-0.57735026919));
#4810 = ORIENTED_EDGE('',*,*,#3659,.T.);
#4811 = ORIENTED_EDGE('',*,*,#4812,.T.);
#4812 = EDGE_CURVE('',#3660,#4813,#4815,.T.);
#4813 = VERTEX_POINT('',#4814);
#4814 = CARTESIAN_POINT('',(0.16,-2.38,-3.));
#4815 = LINE('',#4816,#4817);
#4816 = CARTESIAN_POINT('',(5.333333333333E-02,-2.486666666667,
    -3.106666666667));
#4817 = VECTOR('',#4818,1.);
#4818 = DIRECTION('',(-0.57735026919,-0.57735026919,-0.57735026919));
#4819 = ORIENTED_EDGE('',*,*,#4820,.F.);
#4820 = EDGE_CURVE('',#4804,#4813,#4821,.T.);
#4821 = LINE('',#4822,#4823);
#4822 = CARTESIAN_POINT('',(0.16,-2.86,-3.));
#4823 = VECTOR('',#4824,1.);
#4824 = DIRECTION('',(0.,1.,0.));
#4825 = PLANE('',#4826);
#4826 = AXIS2_PLACEMENT_3D('',#4827,#4828,#4829);
#4827 = CARTESIAN_POINT('',(0.24,-2.86,-2.92));
#4828 = DIRECTION('',(-0.707106781187,1.735167508357E-18,0.707106781187)
  );
#4829 = DIRECTION('',(1.226948711654E-18,1.,-1.226948711654E-18));
#4830 = ADVANCED_FACE('',(#4831),#4849,.F.);
#4831 = FACE_BOUND('',#4832,.T.);
#4832 = EDGE_LOOP('',(#4833,#4841,#4842,#4843));
#4833 = ORIENTED_EDGE('',*,*,#4834,.F.);
#4834 = EDGE_CURVE('',#3684,#4835,#4837,.T.);
#4835 = VERTEX_POINT('',#4836);
#4836 = CARTESIAN_POINT('',(-0.16,-2.38,-3.));
#4837 = LINE('',#4838,#4839);
#4838 = CARTESIAN_POINT('',(-0.16,-2.38,-3.));
#4839 = VECTOR('',#4840,1.);
#4840 = DIRECTION('',(0.57735026919,-0.57735026919,-0.57735026919));
#4841 = ORIENTED_EDGE('',*,*,#3683,.T.);
#4842 = ORIENTED_EDGE('',*,*,#4812,.T.);
#4843 = ORIENTED_EDGE('',*,*,#4844,.F.);
#4844 = EDGE_CURVE('',#4835,#4813,#4845,.T.);
#4845 = LINE('',#4846,#4847);
#4846 = CARTESIAN_POINT('',(-0.32,-2.38,-3.));
#4847 = VECTOR('',#4848,1.);
#4848 = DIRECTION('',(1.,0.,0.));
#4849 = PLANE('',#4850);
#4850 = AXIS2_PLACEMENT_3D('',#4851,#4852,#4853);
#4851 = CARTESIAN_POINT('',(-0.32,-2.3,-2.92));
#4852 = DIRECTION('',(-1.735167508357E-18,-0.707106781187,0.707106781187
    ));
#4853 = DIRECTION('',(-1.,1.226948711654E-18,-1.226948711654E-18));
#4854 = ADVANCED_FACE('',(#4855),#4873,.T.);
#4855 = FACE_BOUND('',#4856,.T.);
#4856 = EDGE_LOOP('',(#4857,#4865,#4866,#4867));
#4857 = ORIENTED_EDGE('',*,*,#4858,.F.);
#4858 = EDGE_CURVE('',#3707,#4859,#4861,.T.);
#4859 = VERTEX_POINT('',#4860);
#4860 = CARTESIAN_POINT('',(-0.16,-2.7,-3.));
#4861 = LINE('',#4862,#4863);
#4862 = CARTESIAN_POINT('',(-0.266666666667,-2.806666666667,
    -2.893333333333));
#4863 = VECTOR('',#4864,1.);
#4864 = DIRECTION('',(0.57735026919,0.57735026919,-0.57735026919));
#4865 = ORIENTED_EDGE('',*,*,#3714,.T.);
#4866 = ORIENTED_EDGE('',*,*,#4834,.T.);
#4867 = ORIENTED_EDGE('',*,*,#4868,.F.);
#4868 = EDGE_CURVE('',#4859,#4835,#4869,.T.);
#4869 = LINE('',#4870,#4871);
#4870 = CARTESIAN_POINT('',(-0.16,-2.86,-3.));
#4871 = VECTOR('',#4872,1.);
#4872 = DIRECTION('',(0.,1.,0.));
#4873 = PLANE('',#4874);
#4874 = AXIS2_PLACEMENT_3D('',#4875,#4876,#4877);
#4875 = CARTESIAN_POINT('',(-0.24,-2.86,-2.92));
#4876 = DIRECTION('',(-0.707106781187,-1.735167508357E-18,
    -0.707106781187));
#4877 = DIRECTION('',(-1.226948711654E-18,1.,-1.226948711654E-18));
#4878 = ADVANCED_FACE('',(#4879),#4890,.T.);
#4879 = FACE_BOUND('',#4880,.F.);
#4880 = EDGE_LOOP('',(#4881,#4882,#4883,#4884));
#4881 = ORIENTED_EDGE('',*,*,#4858,.F.);
#4882 = ORIENTED_EDGE('',*,*,#3731,.T.);
#4883 = ORIENTED_EDGE('',*,*,#4803,.T.);
#4884 = ORIENTED_EDGE('',*,*,#4885,.F.);
#4885 = EDGE_CURVE('',#4859,#4804,#4886,.T.);
#4886 = LINE('',#4887,#4888);
#4887 = CARTESIAN_POINT('',(-0.32,-2.7,-3.));
#4888 = VECTOR('',#4889,1.);
#4889 = DIRECTION('',(1.,0.,0.));
#4890 = PLANE('',#4891);
#4891 = AXIS2_PLACEMENT_3D('',#4892,#4893,#4894);
#4892 = CARTESIAN_POINT('',(-0.32,-2.78,-2.92));
#4893 = DIRECTION('',(1.735167508357E-18,-0.707106781187,-0.707106781187
    ));
#4894 = DIRECTION('',(-1.,-1.226948711654E-18,-1.226948711654E-18));
#4895 = ADVANCED_FACE('',(#4896),#4921,.T.);
#4896 = FACE_BOUND('',#4897,.F.);
#4897 = EDGE_LOOP('',(#4898,#4906,#4907,#4915));
#4898 = ORIENTED_EDGE('',*,*,#4899,.F.);
#4899 = EDGE_CURVE('',#3756,#4900,#4902,.T.);
#4900 = VERTEX_POINT('',#4901);
#4901 = CARTESIAN_POINT('',(-0.16,-12.86,-3.));
#4902 = LINE('',#4903,#4904);
#4903 = CARTESIAN_POINT('',(-0.266666666667,-12.96666666666,
    -2.893333333333));
#4904 = VECTOR('',#4905,1.);
#4905 = DIRECTION('',(0.57735026919,0.57735026919,-0.57735026919));
#4906 = ORIENTED_EDGE('',*,*,#3755,.T.);
#4907 = ORIENTED_EDGE('',*,*,#4908,.T.);
#4908 = EDGE_CURVE('',#3748,#4909,#4911,.T.);
#4909 = VERTEX_POINT('',#4910);
#4910 = CARTESIAN_POINT('',(0.16,-12.86,-3.));
#4911 = LINE('',#4912,#4913);
#4912 = CARTESIAN_POINT('',(0.16,-12.86,-3.));
#4913 = VECTOR('',#4914,1.);
#4914 = DIRECTION('',(-0.57735026919,0.57735026919,-0.57735026919));
#4915 = ORIENTED_EDGE('',*,*,#4916,.F.);
#4916 = EDGE_CURVE('',#4900,#4909,#4917,.T.);
#4917 = LINE('',#4918,#4919);
#4918 = CARTESIAN_POINT('',(-0.32,-12.86,-3.));
#4919 = VECTOR('',#4920,1.);
#4920 = DIRECTION('',(1.,0.,0.));
#4921 = PLANE('',#4922);
#4922 = AXIS2_PLACEMENT_3D('',#4923,#4924,#4925);
#4923 = CARTESIAN_POINT('',(-0.32,-12.94,-2.92));
#4924 = DIRECTION('',(1.735167508357E-18,-0.707106781187,-0.707106781187
    ));
#4925 = DIRECTION('',(-1.,-1.226948711654E-18,-1.226948711654E-18));
#4926 = ADVANCED_FACE('',(#4927),#4945,.F.);
#4927 = FACE_BOUND('',#4928,.F.);
#4928 = EDGE_LOOP('',(#4929,#4930,#4931,#4939));
#4929 = ORIENTED_EDGE('',*,*,#4908,.F.);
#4930 = ORIENTED_EDGE('',*,*,#3779,.T.);
#4931 = ORIENTED_EDGE('',*,*,#4932,.T.);
#4932 = EDGE_CURVE('',#3780,#4933,#4935,.T.);
#4933 = VERTEX_POINT('',#4934);
#4934 = CARTESIAN_POINT('',(0.16,-12.54,-3.));
#4935 = LINE('',#4936,#4937);
#4936 = CARTESIAN_POINT('',(5.333333333333E-02,-12.64666666666,
    -3.106666666667));
#4937 = VECTOR('',#4938,1.);
#4938 = DIRECTION('',(-0.57735026919,-0.57735026919,-0.57735026919));
#4939 = ORIENTED_EDGE('',*,*,#4940,.F.);
#4940 = EDGE_CURVE('',#4909,#4933,#4941,.T.);
#4941 = LINE('',#4942,#4943);
#4942 = CARTESIAN_POINT('',(0.16,-13.02,-3.));
#4943 = VECTOR('',#4944,1.);
#4944 = DIRECTION('',(0.,1.,0.));
#4945 = PLANE('',#4946);
#4946 = AXIS2_PLACEMENT_3D('',#4947,#4948,#4949);
#4947 = CARTESIAN_POINT('',(0.24,-13.02,-2.92));
#4948 = DIRECTION('',(-0.707106781187,1.735167508357E-18,0.707106781187)
  );
#4949 = DIRECTION('',(1.226948711654E-18,1.,-1.226948711654E-18));
#4950 = ADVANCED_FACE('',(#4951),#4969,.F.);
#4951 = FACE_BOUND('',#4952,.T.);
#4952 = EDGE_LOOP('',(#4953,#4961,#4962,#4963));
#4953 = ORIENTED_EDGE('',*,*,#4954,.F.);
#4954 = EDGE_CURVE('',#3804,#4955,#4957,.T.);
#4955 = VERTEX_POINT('',#4956);
#4956 = CARTESIAN_POINT('',(-0.16,-12.54,-3.));
#4957 = LINE('',#4958,#4959);
#4958 = CARTESIAN_POINT('',(-0.16,-12.54,-3.));
#4959 = VECTOR('',#4960,1.);
#4960 = DIRECTION('',(0.57735026919,-0.57735026919,-0.57735026919));
#4961 = ORIENTED_EDGE('',*,*,#3803,.T.);
#4962 = ORIENTED_EDGE('',*,*,#4932,.T.);
#4963 = ORIENTED_EDGE('',*,*,#4964,.F.);
#4964 = EDGE_CURVE('',#4955,#4933,#4965,.T.);
#4965 = LINE('',#4966,#4967);
#4966 = CARTESIAN_POINT('',(-0.32,-12.54,-3.));
#4967 = VECTOR('',#4968,1.);
#4968 = DIRECTION('',(1.,0.,0.));
#4969 = PLANE('',#4970);
#4970 = AXIS2_PLACEMENT_3D('',#4971,#4972,#4973);
#4971 = CARTESIAN_POINT('',(-0.32,-12.46,-2.92));
#4972 = DIRECTION('',(-1.735167508357E-18,-0.707106781187,0.707106781187
    ));
#4973 = DIRECTION('',(-1.,1.226948711654E-18,-1.226948711654E-18));
#4974 = ADVANCED_FACE('',(#4975),#4986,.T.);
#4975 = FACE_BOUND('',#4976,.T.);
#4976 = EDGE_LOOP('',(#4977,#4978,#4979,#4980));
#4977 = ORIENTED_EDGE('',*,*,#4899,.F.);
#4978 = ORIENTED_EDGE('',*,*,#3827,.T.);
#4979 = ORIENTED_EDGE('',*,*,#4954,.T.);
#4980 = ORIENTED_EDGE('',*,*,#4981,.F.);
#4981 = EDGE_CURVE('',#4900,#4955,#4982,.T.);
#4982 = LINE('',#4983,#4984);
#4983 = CARTESIAN_POINT('',(-0.16,-13.02,-3.));
#4984 = VECTOR('',#4985,1.);
#4985 = DIRECTION('',(0.,1.,0.));
#4986 = PLANE('',#4987);
#4987 = AXIS2_PLACEMENT_3D('',#4988,#4989,#4990);
#4988 = CARTESIAN_POINT('',(-0.24,-13.02,-2.92));
#4989 = DIRECTION('',(-0.707106781187,-1.735167508357E-18,
    -0.707106781187));
#4990 = DIRECTION('',(-1.226948711654E-18,1.,-1.226948711654E-18));
#4991 = ADVANCED_FACE('',(#4992),#5017,.F.);
#4992 = FACE_BOUND('',#4993,.T.);
#4993 = EDGE_LOOP('',(#4994,#5002,#5003,#5011));
#4994 = ORIENTED_EDGE('',*,*,#4995,.F.);
#4995 = EDGE_CURVE('',#3852,#4996,#4998,.T.);
#4996 = VERTEX_POINT('',#4997);
#4997 = CARTESIAN_POINT('',(-0.16,-10.,-3.));
#4998 = LINE('',#4999,#5000);
#4999 = CARTESIAN_POINT('',(-0.16,-10.,-3.));
#5000 = VECTOR('',#5001,1.);
#5001 = DIRECTION('',(0.57735026919,-0.57735026919,-0.57735026919));
#5002 = ORIENTED_EDGE('',*,*,#3851,.T.);
#5003 = ORIENTED_EDGE('',*,*,#5004,.T.);
#5004 = EDGE_CURVE('',#3844,#5005,#5007,.T.);
#5005 = VERTEX_POINT('',#5006);
#5006 = CARTESIAN_POINT('',(0.16,-10.,-3.));
#5007 = LINE('',#5008,#5009);
#5008 = CARTESIAN_POINT('',(5.333333333333E-02,-10.10666666666,
    -3.106666666667));
#5009 = VECTOR('',#5010,1.);
#5010 = DIRECTION('',(-0.57735026919,-0.57735026919,-0.57735026919));
#5011 = ORIENTED_EDGE('',*,*,#5012,.F.);
#5012 = EDGE_CURVE('',#4996,#5005,#5013,.T.);
#5013 = LINE('',#5014,#5015);
#5014 = CARTESIAN_POINT('',(-0.32,-10.,-3.));
#5015 = VECTOR('',#5016,1.);
#5016 = DIRECTION('',(1.,0.,0.));
#5017 = PLANE('',#5018);
#5018 = AXIS2_PLACEMENT_3D('',#5019,#5020,#5021);
#5019 = CARTESIAN_POINT('',(-0.32,-9.92,-2.92));
#5020 = DIRECTION('',(-1.735167508357E-18,-0.707106781187,0.707106781187
    ));
#5021 = DIRECTION('',(-1.,1.226948711654E-18,-1.226948711654E-18));
#5022 = ADVANCED_FACE('',(#5023),#5041,.T.);
#5023 = FACE_BOUND('',#5024,.T.);
#5024 = EDGE_LOOP('',(#5025,#5033,#5034,#5035));
#5025 = ORIENTED_EDGE('',*,*,#5026,.F.);
#5026 = EDGE_CURVE('',#3875,#5027,#5029,.T.);
#5027 = VERTEX_POINT('',#5028);
#5028 = CARTESIAN_POINT('',(-0.16,-10.32,-3.));
#5029 = LINE('',#5030,#5031);
#5030 = CARTESIAN_POINT('',(-0.266666666667,-10.42666666666,
    -2.893333333333));
#5031 = VECTOR('',#5032,1.);
#5032 = DIRECTION('',(0.57735026919,0.57735026919,-0.57735026919));
#5033 = ORIENTED_EDGE('',*,*,#3882,.T.);
#5034 = ORIENTED_EDGE('',*,*,#4995,.T.);
#5035 = ORIENTED_EDGE('',*,*,#5036,.F.);
#5036 = EDGE_CURVE('',#5027,#4996,#5037,.T.);
#5037 = LINE('',#5038,#5039);
#5038 = CARTESIAN_POINT('',(-0.16,-10.48,-3.));
#5039 = VECTOR('',#5040,1.);
#5040 = DIRECTION('',(0.,1.,0.));
#5041 = PLANE('',#5042);
#5042 = AXIS2_PLACEMENT_3D('',#5043,#5044,#5045);
#5043 = CARTESIAN_POINT('',(-0.24,-10.48,-2.92));
#5044 = DIRECTION('',(-0.707106781187,-1.735167508357E-18,
    -0.707106781187));
#5045 = DIRECTION('',(-1.226948711654E-18,1.,-1.226948711654E-18));
#5046 = ADVANCED_FACE('',(#5047),#5065,.T.);
#5047 = FACE_BOUND('',#5048,.F.);
#5048 = EDGE_LOOP('',(#5049,#5050,#5051,#5059));
#5049 = ORIENTED_EDGE('',*,*,#5026,.F.);
#5050 = ORIENTED_EDGE('',*,*,#3906,.T.);
#5051 = ORIENTED_EDGE('',*,*,#5052,.T.);
#5052 = EDGE_CURVE('',#3899,#5053,#5055,.T.);
#5053 = VERTEX_POINT('',#5054);
#5054 = CARTESIAN_POINT('',(0.16,-10.32,-3.));
#5055 = LINE('',#5056,#5057);
#5056 = CARTESIAN_POINT('',(0.16,-10.32,-3.));
#5057 = VECTOR('',#5058,1.);
#5058 = DIRECTION('',(-0.57735026919,0.57735026919,-0.57735026919));
#5059 = ORIENTED_EDGE('',*,*,#5060,.F.);
#5060 = EDGE_CURVE('',#5027,#5053,#5061,.T.);
#5061 = LINE('',#5062,#5063);
#5062 = CARTESIAN_POINT('',(-0.32,-10.32,-3.));
#5063 = VECTOR('',#5064,1.);
#5064 = DIRECTION('',(1.,0.,0.));
#5065 = PLANE('',#5066);
#5066 = AXIS2_PLACEMENT_3D('',#5067,#5068,#5069);
#5067 = CARTESIAN_POINT('',(-0.32,-10.4,-2.92));
#5068 = DIRECTION('',(1.735167508357E-18,-0.707106781187,-0.707106781187
    ));
#5069 = DIRECTION('',(-1.,-1.226948711654E-18,-1.226948711654E-18));
#5070 = ADVANCED_FACE('',(#5071),#5082,.F.);
#5071 = FACE_BOUND('',#5072,.F.);
#5072 = EDGE_LOOP('',(#5073,#5074,#5075,#5076));
#5073 = ORIENTED_EDGE('',*,*,#5052,.F.);
#5074 = ORIENTED_EDGE('',*,*,#3923,.T.);
#5075 = ORIENTED_EDGE('',*,*,#5004,.T.);
#5076 = ORIENTED_EDGE('',*,*,#5077,.F.);
#5077 = EDGE_CURVE('',#5053,#5005,#5078,.T.);
#5078 = LINE('',#5079,#5080);
#5079 = CARTESIAN_POINT('',(0.16,-10.48,-3.));
#5080 = VECTOR('',#5081,1.);
#5081 = DIRECTION('',(0.,1.,0.));
#5082 = PLANE('',#5083);
#5083 = AXIS2_PLACEMENT_3D('',#5084,#5085,#5086);
#5084 = CARTESIAN_POINT('',(0.24,-10.48,-2.92));
#5085 = DIRECTION('',(-0.707106781187,1.735167508357E-18,0.707106781187)
  );
#5086 = DIRECTION('',(1.226948711654E-18,1.,-1.226948711654E-18));
#5087 = ADVANCED_FACE('',(#5088),#5113,.T.);
#5088 = FACE_BOUND('',#5089,.F.);
#5089 = EDGE_LOOP('',(#5090,#5098,#5099,#5107));
#5090 = ORIENTED_EDGE('',*,*,#5091,.F.);
#5091 = EDGE_CURVE('',#3948,#5092,#5094,.T.);
#5092 = VERTEX_POINT('',#5093);
#5093 = CARTESIAN_POINT('',(-0.16,-7.78,-3.));
#5094 = LINE('',#5095,#5096);
#5095 = CARTESIAN_POINT('',(-0.266666666667,-7.886666666667,
    -2.893333333333));
#5096 = VECTOR('',#5097,1.);
#5097 = DIRECTION('',(0.57735026919,0.57735026919,-0.57735026919));
#5098 = ORIENTED_EDGE('',*,*,#3947,.T.);
#5099 = ORIENTED_EDGE('',*,*,#5100,.T.);
#5100 = EDGE_CURVE('',#3940,#5101,#5103,.T.);
#5101 = VERTEX_POINT('',#5102);
#5102 = CARTESIAN_POINT('',(0.16,-7.78,-3.));
#5103 = LINE('',#5104,#5105);
#5104 = CARTESIAN_POINT('',(0.16,-7.78,-3.));
#5105 = VECTOR('',#5106,1.);
#5106 = DIRECTION('',(-0.57735026919,0.57735026919,-0.57735026919));
#5107 = ORIENTED_EDGE('',*,*,#5108,.F.);
#5108 = EDGE_CURVE('',#5092,#5101,#5109,.T.);
#5109 = LINE('',#5110,#5111);
#5110 = CARTESIAN_POINT('',(-0.32,-7.78,-3.));
#5111 = VECTOR('',#5112,1.);
#5112 = DIRECTION('',(1.,0.,0.));
#5113 = PLANE('',#5114);
#5114 = AXIS2_PLACEMENT_3D('',#5115,#5116,#5117);
#5115 = CARTESIAN_POINT('',(-0.32,-7.86,-2.92));
#5116 = DIRECTION('',(1.735167508357E-18,-0.707106781187,-0.707106781187
    ));
#5117 = DIRECTION('',(-1.,-1.226948711654E-18,-1.226948711654E-18));
#5118 = ADVANCED_FACE('',(#5119),#5137,.F.);
#5119 = FACE_BOUND('',#5120,.F.);
#5120 = EDGE_LOOP('',(#5121,#5122,#5123,#5131));
#5121 = ORIENTED_EDGE('',*,*,#5100,.F.);
#5122 = ORIENTED_EDGE('',*,*,#3971,.T.);
#5123 = ORIENTED_EDGE('',*,*,#5124,.T.);
#5124 = EDGE_CURVE('',#3972,#5125,#5127,.T.);
#5125 = VERTEX_POINT('',#5126);
#5126 = CARTESIAN_POINT('',(0.16,-7.46,-3.));
#5127 = LINE('',#5128,#5129);
#5128 = CARTESIAN_POINT('',(5.333333333333E-02,-7.566666666667,
    -3.106666666667));
#5129 = VECTOR('',#5130,1.);
#5130 = DIRECTION('',(-0.57735026919,-0.57735026919,-0.57735026919));
#5131 = ORIENTED_EDGE('',*,*,#5132,.F.);
#5132 = EDGE_CURVE('',#5101,#5125,#5133,.T.);
#5133 = LINE('',#5134,#5135);
#5134 = CARTESIAN_POINT('',(0.16,-7.94,-3.));
#5135 = VECTOR('',#5136,1.);
#5136 = DIRECTION('',(0.,1.,0.));
#5137 = PLANE('',#5138);
#5138 = AXIS2_PLACEMENT_3D('',#5139,#5140,#5141);
#5139 = CARTESIAN_POINT('',(0.24,-7.94,-2.92));
#5140 = DIRECTION('',(-0.707106781187,1.735167508357E-18,0.707106781187)
  );
#5141 = DIRECTION('',(1.226948711654E-18,1.,-1.226948711654E-18));
#5142 = ADVANCED_FACE('',(#5143),#5161,.F.);
#5143 = FACE_BOUND('',#5144,.T.);
#5144 = EDGE_LOOP('',(#5145,#5153,#5154,#5155));
#5145 = ORIENTED_EDGE('',*,*,#5146,.F.);
#5146 = EDGE_CURVE('',#3996,#5147,#5149,.T.);
#5147 = VERTEX_POINT('',#5148);
#5148 = CARTESIAN_POINT('',(-0.16,-7.46,-3.));
#5149 = LINE('',#5150,#5151);
#5150 = CARTESIAN_POINT('',(-0.16,-7.46,-3.));
#5151 = VECTOR('',#5152,1.);
#5152 = DIRECTION('',(0.57735026919,-0.57735026919,-0.57735026919));
#5153 = ORIENTED_EDGE('',*,*,#3995,.T.);
#5154 = ORIENTED_EDGE('',*,*,#5124,.T.);
#5155 = ORIENTED_EDGE('',*,*,#5156,.F.);
#5156 = EDGE_CURVE('',#5147,#5125,#5157,.T.);
#5157 = LINE('',#5158,#5159);
#5158 = CARTESIAN_POINT('',(-0.32,-7.46,-3.));
#5159 = VECTOR('',#5160,1.);
#5160 = DIRECTION('',(1.,0.,0.));
#5161 = PLANE('',#5162);
#5162 = AXIS2_PLACEMENT_3D('',#5163,#5164,#5165);
#5163 = CARTESIAN_POINT('',(-0.32,-7.38,-2.92));
#5164 = DIRECTION('',(-1.735167508357E-18,-0.707106781187,0.707106781187
    ));
#5165 = DIRECTION('',(-1.,1.226948711654E-18,-1.226948711654E-18));
#5166 = ADVANCED_FACE('',(#5167),#5178,.T.);
#5167 = FACE_BOUND('',#5168,.T.);
#5168 = EDGE_LOOP('',(#5169,#5170,#5171,#5172));
#5169 = ORIENTED_EDGE('',*,*,#5091,.F.);
#5170 = ORIENTED_EDGE('',*,*,#4019,.T.);
#5171 = ORIENTED_EDGE('',*,*,#5146,.T.);
#5172 = ORIENTED_EDGE('',*,*,#5173,.F.);
#5173 = EDGE_CURVE('',#5092,#5147,#5174,.T.);
#5174 = LINE('',#5175,#5176);
#5175 = CARTESIAN_POINT('',(-0.16,-7.94,-3.));
#5176 = VECTOR('',#5177,1.);
#5177 = DIRECTION('',(0.,1.,0.));
#5178 = PLANE('',#5179);
#5179 = AXIS2_PLACEMENT_3D('',#5180,#5181,#5182);
#5180 = CARTESIAN_POINT('',(-0.24,-7.94,-2.92));
#5181 = DIRECTION('',(-0.707106781187,-1.735167508357E-18,
    -0.707106781187));
#5182 = DIRECTION('',(-1.226948711654E-18,1.,-1.226948711654E-18));
#5183 = ADVANCED_FACE('',(#5184),#5209,.T.);
#5184 = FACE_BOUND('',#5185,.T.);
#5185 = EDGE_LOOP('',(#5186,#5194,#5195,#5203));
#5186 = ORIENTED_EDGE('',*,*,#5187,.F.);
#5187 = EDGE_CURVE('',#4036,#5188,#5190,.T.);
#5188 = VERTEX_POINT('',#5189);
#5189 = CARTESIAN_POINT('',(0.16,-0.16,8.54));
#5190 = LINE('',#5191,#5192);
#5191 = CARTESIAN_POINT('',(0.16,-0.16,8.54));
#5192 = VECTOR('',#5193,1.);
#5193 = DIRECTION('',(-0.57735026919,0.57735026919,0.57735026919));
#5194 = ORIENTED_EDGE('',*,*,#4052,.T.);
#5195 = ORIENTED_EDGE('',*,*,#5196,.T.);
#5196 = EDGE_CURVE('',#4045,#5197,#5199,.T.);
#5197 = VERTEX_POINT('',#5198);
#5198 = CARTESIAN_POINT('',(0.16,0.16,8.54));
#5199 = LINE('',#5200,#5201);
#5200 = CARTESIAN_POINT('',(5.333333333333E-02,5.333333333333E-02,
    8.646666666667));
#5201 = VECTOR('',#5202,1.);
#5202 = DIRECTION('',(-0.57735026919,-0.57735026919,0.57735026919));
#5203 = ORIENTED_EDGE('',*,*,#5204,.F.);
#5204 = EDGE_CURVE('',#5188,#5197,#5205,.T.);
#5205 = LINE('',#5206,#5207);
#5206 = CARTESIAN_POINT('',(0.16,-0.32,8.54));
#5207 = VECTOR('',#5208,1.);
#5208 = DIRECTION('',(0.,1.,0.));
#5209 = PLANE('',#5210);
#5210 = AXIS2_PLACEMENT_3D('',#5211,#5212,#5213);
#5211 = CARTESIAN_POINT('',(0.24,-0.32,8.46));
#5212 = DIRECTION('',(0.707106781187,-1.735167508357E-18,0.707106781187)
  );
#5213 = DIRECTION('',(1.226948711654E-18,1.,1.226948711654E-18));
#5214 = ADVANCED_FACE('',(#5215),#5233,.T.);
#5215 = FACE_BOUND('',#5216,.F.);
#5216 = EDGE_LOOP('',(#5217,#5225,#5226,#5227));
#5217 = ORIENTED_EDGE('',*,*,#5218,.F.);
#5218 = EDGE_CURVE('',#4069,#5219,#5221,.T.);
#5219 = VERTEX_POINT('',#5220);
#5220 = CARTESIAN_POINT('',(-0.16,0.16,8.54));
#5221 = LINE('',#5222,#5223);
#5222 = CARTESIAN_POINT('',(-0.16,0.16,8.54));
#5223 = VECTOR('',#5224,1.);
#5224 = DIRECTION('',(0.57735026919,-0.57735026919,0.57735026919));
#5225 = ORIENTED_EDGE('',*,*,#4076,.T.);
#5226 = ORIENTED_EDGE('',*,*,#5196,.T.);
#5227 = ORIENTED_EDGE('',*,*,#5228,.F.);
#5228 = EDGE_CURVE('',#5219,#5197,#5229,.T.);
#5229 = LINE('',#5230,#5231);
#5230 = CARTESIAN_POINT('',(-0.32,0.16,8.54));
#5231 = VECTOR('',#5232,1.);
#5232 = DIRECTION('',(1.,0.,0.));
#5233 = PLANE('',#5234);
#5234 = AXIS2_PLACEMENT_3D('',#5235,#5236,#5237);
#5235 = CARTESIAN_POINT('',(-0.32,0.24,8.46));
#5236 = DIRECTION('',(1.735167508357E-18,0.707106781187,0.707106781187)
  );
#5237 = DIRECTION('',(-1.,1.226948711654E-18,1.226948711654E-18));
#5238 = ADVANCED_FACE('',(#5239),#5257,.F.);
#5239 = FACE_BOUND('',#5240,.F.);
#5240 = EDGE_LOOP('',(#5241,#5249,#5250,#5251));
#5241 = ORIENTED_EDGE('',*,*,#5242,.F.);
#5242 = EDGE_CURVE('',#4091,#5243,#5245,.T.);
#5243 = VERTEX_POINT('',#5244);
#5244 = CARTESIAN_POINT('',(-0.16,-0.16,8.54));
#5245 = LINE('',#5246,#5247);
#5246 = CARTESIAN_POINT('',(-0.266666666667,-0.266666666667,
    8.433333333333));
#5247 = VECTOR('',#5248,1.);
#5248 = DIRECTION('',(0.57735026919,0.57735026919,0.57735026919));
#5249 = ORIENTED_EDGE('',*,*,#4100,.T.);
#5250 = ORIENTED_EDGE('',*,*,#5218,.T.);
#5251 = ORIENTED_EDGE('',*,*,#5252,.F.);
#5252 = EDGE_CURVE('',#5243,#5219,#5253,.T.);
#5253 = LINE('',#5254,#5255);
#5254 = CARTESIAN_POINT('',(-0.16,-0.32,8.54));
#5255 = VECTOR('',#5256,1.);
#5256 = DIRECTION('',(0.,1.,0.));
#5257 = PLANE('',#5258);
#5258 = AXIS2_PLACEMENT_3D('',#5259,#5260,#5261);
#5259 = CARTESIAN_POINT('',(-0.24,-0.32,8.46));
#5260 = DIRECTION('',(0.707106781187,1.735167508357E-18,-0.707106781187)
  );
#5261 = DIRECTION('',(-1.226948711654E-18,1.,1.226948711654E-18));
#5262 = ADVANCED_FACE('',(#5263),#5274,.F.);
#5263 = FACE_BOUND('',#5264,.T.);
#5264 = EDGE_LOOP('',(#5265,#5266,#5267,#5268));
#5265 = ORIENTED_EDGE('',*,*,#5242,.F.);
#5266 = ORIENTED_EDGE('',*,*,#4117,.T.);
#5267 = ORIENTED_EDGE('',*,*,#5187,.T.);
#5268 = ORIENTED_EDGE('',*,*,#5269,.F.);
#5269 = EDGE_CURVE('',#5243,#5188,#5270,.T.);
#5270 = LINE('',#5271,#5272);
#5271 = CARTESIAN_POINT('',(-0.32,-0.16,8.54));
#5272 = VECTOR('',#5273,1.);
#5273 = DIRECTION('',(1.,0.,0.));
#5274 = PLANE('',#5275);
#5275 = AXIS2_PLACEMENT_3D('',#5276,#5277,#5278);
#5276 = CARTESIAN_POINT('',(-0.32,-0.24,8.46));
#5277 = DIRECTION('',(-1.735167508357E-18,0.707106781187,-0.707106781187
    ));
#5278 = DIRECTION('',(-1.,-1.226948711654E-18,1.226948711654E-18));
#5279 = ADVANCED_FACE('',(#5280),#5305,.T.);
#5280 = FACE_BOUND('',#5281,.T.);
#5281 = EDGE_LOOP('',(#5282,#5290,#5291,#5299));
#5282 = ORIENTED_EDGE('',*,*,#5283,.F.);
#5283 = EDGE_CURVE('',#4132,#5284,#5286,.T.);
#5284 = VERTEX_POINT('',#5285);
#5285 = CARTESIAN_POINT('',(0.16,-5.24,8.54));
#5286 = LINE('',#5287,#5288);
#5287 = CARTESIAN_POINT('',(0.16,-5.24,8.54));
#5288 = VECTOR('',#5289,1.);
#5289 = DIRECTION('',(-0.57735026919,0.57735026919,0.57735026919));
#5290 = ORIENTED_EDGE('',*,*,#4148,.T.);
#5291 = ORIENTED_EDGE('',*,*,#5292,.T.);
#5292 = EDGE_CURVE('',#4141,#5293,#5295,.T.);
#5293 = VERTEX_POINT('',#5294);
#5294 = CARTESIAN_POINT('',(0.16,-4.92,8.54));
#5295 = LINE('',#5296,#5297);
#5296 = CARTESIAN_POINT('',(5.333333333333E-02,-5.026666666667,
    8.646666666667));
#5297 = VECTOR('',#5298,1.);
#5298 = DIRECTION('',(-0.57735026919,-0.57735026919,0.57735026919));
#5299 = ORIENTED_EDGE('',*,*,#5300,.F.);
#5300 = EDGE_CURVE('',#5284,#5293,#5301,.T.);
#5301 = LINE('',#5302,#5303);
#5302 = CARTESIAN_POINT('',(0.16,-5.4,8.54));
#5303 = VECTOR('',#5304,1.);
#5304 = DIRECTION('',(0.,1.,0.));
#5305 = PLANE('',#5306);
#5306 = AXIS2_PLACEMENT_3D('',#5307,#5308,#5309);
#5307 = CARTESIAN_POINT('',(0.24,-5.4,8.46));
#5308 = DIRECTION('',(0.707106781187,-1.735167508357E-18,0.707106781187)
  );
#5309 = DIRECTION('',(1.226948711654E-18,1.,1.226948711654E-18));
#5310 = ADVANCED_FACE('',(#5311),#5329,.T.);
#5311 = FACE_BOUND('',#5312,.F.);
#5312 = EDGE_LOOP('',(#5313,#5321,#5322,#5323));
#5313 = ORIENTED_EDGE('',*,*,#5314,.F.);
#5314 = EDGE_CURVE('',#4165,#5315,#5317,.T.);
#5315 = VERTEX_POINT('',#5316);
#5316 = CARTESIAN_POINT('',(-0.16,-4.92,8.54));
#5317 = LINE('',#5318,#5319);
#5318 = CARTESIAN_POINT('',(-0.16,-4.92,8.54));
#5319 = VECTOR('',#5320,1.);
#5320 = DIRECTION('',(0.57735026919,-0.57735026919,0.57735026919));
#5321 = ORIENTED_EDGE('',*,*,#4172,.T.);
#5322 = ORIENTED_EDGE('',*,*,#5292,.T.);
#5323 = ORIENTED_EDGE('',*,*,#5324,.F.);
#5324 = EDGE_CURVE('',#5315,#5293,#5325,.T.);
#5325 = LINE('',#5326,#5327);
#5326 = CARTESIAN_POINT('',(-0.32,-4.92,8.54));
#5327 = VECTOR('',#5328,1.);
#5328 = DIRECTION('',(1.,0.,0.));
#5329 = PLANE('',#5330);
#5330 = AXIS2_PLACEMENT_3D('',#5331,#5332,#5333);
#5331 = CARTESIAN_POINT('',(-0.32,-4.84,8.46));
#5332 = DIRECTION('',(1.735167508357E-18,0.707106781187,0.707106781187)
  );
#5333 = DIRECTION('',(-1.,1.226948711654E-18,1.226948711654E-18));
#5334 = ADVANCED_FACE('',(#5335),#5353,.F.);
#5335 = FACE_BOUND('',#5336,.F.);
#5336 = EDGE_LOOP('',(#5337,#5345,#5346,#5347));
#5337 = ORIENTED_EDGE('',*,*,#5338,.F.);
#5338 = EDGE_CURVE('',#4187,#5339,#5341,.T.);
#5339 = VERTEX_POINT('',#5340);
#5340 = CARTESIAN_POINT('',(-0.16,-5.24,8.54));
#5341 = LINE('',#5342,#5343);
#5342 = CARTESIAN_POINT('',(-0.266666666667,-5.346666666667,
    8.433333333333));
#5343 = VECTOR('',#5344,1.);
#5344 = DIRECTION('',(0.57735026919,0.57735026919,0.57735026919));
#5345 = ORIENTED_EDGE('',*,*,#4196,.T.);
#5346 = ORIENTED_EDGE('',*,*,#5314,.T.);
#5347 = ORIENTED_EDGE('',*,*,#5348,.F.);
#5348 = EDGE_CURVE('',#5339,#5315,#5349,.T.);
#5349 = LINE('',#5350,#5351);
#5350 = CARTESIAN_POINT('',(-0.16,-5.4,8.54));
#5351 = VECTOR('',#5352,1.);
#5352 = DIRECTION('',(0.,1.,0.));
#5353 = PLANE('',#5354);
#5354 = AXIS2_PLACEMENT_3D('',#5355,#5356,#5357);
#5355 = CARTESIAN_POINT('',(-0.24,-5.4,8.46));
#5356 = DIRECTION('',(0.707106781187,1.735167508357E-18,-0.707106781187)
  );
#5357 = DIRECTION('',(-1.226948711654E-18,1.,1.226948711654E-18));
#5358 = ADVANCED_FACE('',(#5359),#5370,.F.);
#5359 = FACE_BOUND('',#5360,.T.);
#5360 = EDGE_LOOP('',(#5361,#5362,#5363,#5364));
#5361 = ORIENTED_EDGE('',*,*,#5338,.F.);
#5362 = ORIENTED_EDGE('',*,*,#4213,.T.);
#5363 = ORIENTED_EDGE('',*,*,#5283,.T.);
#5364 = ORIENTED_EDGE('',*,*,#5365,.F.);
#5365 = EDGE_CURVE('',#5339,#5284,#5366,.T.);
#5366 = LINE('',#5367,#5368);
#5367 = CARTESIAN_POINT('',(-0.32,-5.24,8.54));
#5368 = VECTOR('',#5369,1.);
#5369 = DIRECTION('',(1.,0.,0.));
#5370 = PLANE('',#5371);
#5371 = AXIS2_PLACEMENT_3D('',#5372,#5373,#5374);
#5372 = CARTESIAN_POINT('',(-0.32,-5.32,8.46));
#5373 = DIRECTION('',(-1.735167508357E-18,0.707106781187,-0.707106781187
    ));
#5374 = DIRECTION('',(-1.,-1.226948711654E-18,1.226948711654E-18));
#5375 = ADVANCED_FACE('',(#5376),#5401,.T.);
#5376 = FACE_BOUND('',#5377,.T.);
#5377 = EDGE_LOOP('',(#5378,#5386,#5387,#5395));
#5378 = ORIENTED_EDGE('',*,*,#5379,.F.);
#5379 = EDGE_CURVE('',#4228,#5380,#5382,.T.);
#5380 = VERTEX_POINT('',#5381);
#5381 = CARTESIAN_POINT('',(0.16,-2.7,8.54));
#5382 = LINE('',#5383,#5384);
#5383 = CARTESIAN_POINT('',(0.16,-2.7,8.54));
#5384 = VECTOR('',#5385,1.);
#5385 = DIRECTION('',(-0.57735026919,0.57735026919,0.57735026919));
#5386 = ORIENTED_EDGE('',*,*,#4244,.T.);
#5387 = ORIENTED_EDGE('',*,*,#5388,.T.);
#5388 = EDGE_CURVE('',#4237,#5389,#5391,.T.);
#5389 = VERTEX_POINT('',#5390);
#5390 = CARTESIAN_POINT('',(0.16,-2.38,8.54));
#5391 = LINE('',#5392,#5393);
#5392 = CARTESIAN_POINT('',(5.333333333333E-02,-2.486666666667,
    8.646666666667));
#5393 = VECTOR('',#5394,1.);
#5394 = DIRECTION('',(-0.57735026919,-0.57735026919,0.57735026919));
#5395 = ORIENTED_EDGE('',*,*,#5396,.F.);
#5396 = EDGE_CURVE('',#5380,#5389,#5397,.T.);
#5397 = LINE('',#5398,#5399);
#5398 = CARTESIAN_POINT('',(0.16,-2.86,8.54));
#5399 = VECTOR('',#5400,1.);
#5400 = DIRECTION('',(0.,1.,0.));
#5401 = PLANE('',#5402);
#5402 = AXIS2_PLACEMENT_3D('',#5403,#5404,#5405);
#5403 = CARTESIAN_POINT('',(0.24,-2.86,8.46));
#5404 = DIRECTION('',(0.707106781187,-1.735167508357E-18,0.707106781187)
  );
#5405 = DIRECTION('',(1.226948711654E-18,1.,1.226948711654E-18));
#5406 = ADVANCED_FACE('',(#5407),#5425,.T.);
#5407 = FACE_BOUND('',#5408,.F.);
#5408 = EDGE_LOOP('',(#5409,#5417,#5418,#5419));
#5409 = ORIENTED_EDGE('',*,*,#5410,.F.);
#5410 = EDGE_CURVE('',#4261,#5411,#5413,.T.);
#5411 = VERTEX_POINT('',#5412);
#5412 = CARTESIAN_POINT('',(-0.16,-2.38,8.54));
#5413 = LINE('',#5414,#5415);
#5414 = CARTESIAN_POINT('',(-0.16,-2.38,8.54));
#5415 = VECTOR('',#5416,1.);
#5416 = DIRECTION('',(0.57735026919,-0.57735026919,0.57735026919));
#5417 = ORIENTED_EDGE('',*,*,#4268,.T.);
#5418 = ORIENTED_EDGE('',*,*,#5388,.T.);
#5419 = ORIENTED_EDGE('',*,*,#5420,.F.);
#5420 = EDGE_CURVE('',#5411,#5389,#5421,.T.);
#5421 = LINE('',#5422,#5423);
#5422 = CARTESIAN_POINT('',(-0.32,-2.38,8.54));
#5423 = VECTOR('',#5424,1.);
#5424 = DIRECTION('',(1.,0.,0.));
#5425 = PLANE('',#5426);
#5426 = AXIS2_PLACEMENT_3D('',#5427,#5428,#5429);
#5427 = CARTESIAN_POINT('',(-0.32,-2.3,8.46));
#5428 = DIRECTION('',(1.735167508357E-18,0.707106781187,0.707106781187)
  );
#5429 = DIRECTION('',(-1.,1.226948711654E-18,1.226948711654E-18));
#5430 = ADVANCED_FACE('',(#5431),#5449,.F.);
#5431 = FACE_BOUND('',#5432,.F.);
#5432 = EDGE_LOOP('',(#5433,#5441,#5442,#5443));
#5433 = ORIENTED_EDGE('',*,*,#5434,.F.);
#5434 = EDGE_CURVE('',#4283,#5435,#5437,.T.);
#5435 = VERTEX_POINT('',#5436);
#5436 = CARTESIAN_POINT('',(-0.16,-2.7,8.54));
#5437 = LINE('',#5438,#5439);
#5438 = CARTESIAN_POINT('',(-0.266666666667,-2.806666666667,
    8.433333333333));
#5439 = VECTOR('',#5440,1.);
#5440 = DIRECTION('',(0.57735026919,0.57735026919,0.57735026919));
#5441 = ORIENTED_EDGE('',*,*,#4292,.T.);
#5442 = ORIENTED_EDGE('',*,*,#5410,.T.);
#5443 = ORIENTED_EDGE('',*,*,#5444,.F.);
#5444 = EDGE_CURVE('',#5435,#5411,#5445,.T.);
#5445 = LINE('',#5446,#5447);
#5446 = CARTESIAN_POINT('',(-0.16,-2.86,8.54));
#5447 = VECTOR('',#5448,1.);
#5448 = DIRECTION('',(0.,1.,0.));
#5449 = PLANE('',#5450);
#5450 = AXIS2_PLACEMENT_3D('',#5451,#5452,#5453);
#5451 = CARTESIAN_POINT('',(-0.24,-2.86,8.46));
#5452 = DIRECTION('',(0.707106781187,1.735167508357E-18,-0.707106781187)
  );
#5453 = DIRECTION('',(-1.226948711654E-18,1.,1.226948711654E-18));
#5454 = ADVANCED_FACE('',(#5455),#5466,.F.);
#5455 = FACE_BOUND('',#5456,.T.);
#5456 = EDGE_LOOP('',(#5457,#5458,#5459,#5460));
#5457 = ORIENTED_EDGE('',*,*,#5434,.F.);
#5458 = ORIENTED_EDGE('',*,*,#4309,.T.);
#5459 = ORIENTED_EDGE('',*,*,#5379,.T.);
#5460 = ORIENTED_EDGE('',*,*,#5461,.F.);
#5461 = EDGE_CURVE('',#5435,#5380,#5462,.T.);
#5462 = LINE('',#5463,#5464);
#5463 = CARTESIAN_POINT('',(-0.32,-2.7,8.54));
#5464 = VECTOR('',#5465,1.);
#5465 = DIRECTION('',(1.,0.,0.));
#5466 = PLANE('',#5467);
#5467 = AXIS2_PLACEMENT_3D('',#5468,#5469,#5470);
#5468 = CARTESIAN_POINT('',(-0.32,-2.78,8.46));
#5469 = DIRECTION('',(-1.735167508357E-18,0.707106781187,-0.707106781187
    ));
#5470 = DIRECTION('',(-1.,-1.226948711654E-18,1.226948711654E-18));
#5471 = ADVANCED_FACE('',(#5472),#5497,.F.);
#5472 = FACE_BOUND('',#5473,.T.);
#5473 = EDGE_LOOP('',(#5474,#5482,#5483,#5491));
#5474 = ORIENTED_EDGE('',*,*,#5475,.F.);
#5475 = EDGE_CURVE('',#4333,#5476,#5478,.T.);
#5476 = VERTEX_POINT('',#5477);
#5477 = CARTESIAN_POINT('',(-0.16,-12.86,8.54));
#5478 = LINE('',#5479,#5480);
#5479 = CARTESIAN_POINT('',(-0.266666666667,-12.96666666666,
    8.433333333333));
#5480 = VECTOR('',#5481,1.);
#5481 = DIRECTION('',(0.57735026919,0.57735026919,0.57735026919));
#5482 = ORIENTED_EDGE('',*,*,#4340,.T.);
#5483 = ORIENTED_EDGE('',*,*,#5484,.T.);
#5484 = EDGE_CURVE('',#4324,#5485,#5487,.T.);
#5485 = VERTEX_POINT('',#5486);
#5486 = CARTESIAN_POINT('',(0.16,-12.86,8.54));
#5487 = LINE('',#5488,#5489);
#5488 = CARTESIAN_POINT('',(0.16,-12.86,8.54));
#5489 = VECTOR('',#5490,1.);
#5490 = DIRECTION('',(-0.57735026919,0.57735026919,0.57735026919));
#5491 = ORIENTED_EDGE('',*,*,#5492,.F.);
#5492 = EDGE_CURVE('',#5476,#5485,#5493,.T.);
#5493 = LINE('',#5494,#5495);
#5494 = CARTESIAN_POINT('',(-0.32,-12.86,8.54));
#5495 = VECTOR('',#5496,1.);
#5496 = DIRECTION('',(1.,0.,0.));
#5497 = PLANE('',#5498);
#5498 = AXIS2_PLACEMENT_3D('',#5499,#5500,#5501);
#5499 = CARTESIAN_POINT('',(-0.32,-12.94,8.46));
#5500 = DIRECTION('',(-1.735167508357E-18,0.707106781187,-0.707106781187
    ));
#5501 = DIRECTION('',(-1.,-1.226948711654E-18,1.226948711654E-18));
#5502 = ADVANCED_FACE('',(#5503),#5521,.T.);
#5503 = FACE_BOUND('',#5504,.T.);
#5504 = EDGE_LOOP('',(#5505,#5506,#5507,#5515));
#5505 = ORIENTED_EDGE('',*,*,#5484,.F.);
#5506 = ORIENTED_EDGE('',*,*,#4364,.T.);
#5507 = ORIENTED_EDGE('',*,*,#5508,.T.);
#5508 = EDGE_CURVE('',#4357,#5509,#5511,.T.);
#5509 = VERTEX_POINT('',#5510);
#5510 = CARTESIAN_POINT('',(0.16,-12.54,8.54));
#5511 = LINE('',#5512,#5513);
#5512 = CARTESIAN_POINT('',(5.333333333333E-02,-12.64666666666,
    8.646666666667));
#5513 = VECTOR('',#5514,1.);
#5514 = DIRECTION('',(-0.57735026919,-0.57735026919,0.57735026919));
#5515 = ORIENTED_EDGE('',*,*,#5516,.F.);
#5516 = EDGE_CURVE('',#5485,#5509,#5517,.T.);
#5517 = LINE('',#5518,#5519);
#5518 = CARTESIAN_POINT('',(0.16,-13.02,8.54));
#5519 = VECTOR('',#5520,1.);
#5520 = DIRECTION('',(0.,1.,0.));
#5521 = PLANE('',#5522);
#5522 = AXIS2_PLACEMENT_3D('',#5523,#5524,#5525);
#5523 = CARTESIAN_POINT('',(0.24,-13.02,8.46));
#5524 = DIRECTION('',(0.707106781187,-1.735167508357E-18,0.707106781187)
  );
#5525 = DIRECTION('',(1.226948711654E-18,1.,1.226948711654E-18));
#5526 = ADVANCED_FACE('',(#5527),#5545,.T.);
#5527 = FACE_BOUND('',#5528,.F.);
#5528 = EDGE_LOOP('',(#5529,#5537,#5538,#5539));
#5529 = ORIENTED_EDGE('',*,*,#5530,.F.);
#5530 = EDGE_CURVE('',#4381,#5531,#5533,.T.);
#5531 = VERTEX_POINT('',#5532);
#5532 = CARTESIAN_POINT('',(-0.16,-12.54,8.54));
#5533 = LINE('',#5534,#5535);
#5534 = CARTESIAN_POINT('',(-0.16,-12.54,8.54));
#5535 = VECTOR('',#5536,1.);
#5536 = DIRECTION('',(0.57735026919,-0.57735026919,0.57735026919));
#5537 = ORIENTED_EDGE('',*,*,#4388,.T.);
#5538 = ORIENTED_EDGE('',*,*,#5508,.T.);
#5539 = ORIENTED_EDGE('',*,*,#5540,.F.);
#5540 = EDGE_CURVE('',#5531,#5509,#5541,.T.);
#5541 = LINE('',#5542,#5543);
#5542 = CARTESIAN_POINT('',(-0.32,-12.54,8.54));
#5543 = VECTOR('',#5544,1.);
#5544 = DIRECTION('',(1.,0.,0.));
#5545 = PLANE('',#5546);
#5546 = AXIS2_PLACEMENT_3D('',#5547,#5548,#5549);
#5547 = CARTESIAN_POINT('',(-0.32,-12.46,8.46));
#5548 = DIRECTION('',(1.735167508357E-18,0.707106781187,0.707106781187)
  );
#5549 = DIRECTION('',(-1.,1.226948711654E-18,1.226948711654E-18));
#5550 = ADVANCED_FACE('',(#5551),#5562,.F.);
#5551 = FACE_BOUND('',#5552,.F.);
#5552 = EDGE_LOOP('',(#5553,#5554,#5555,#5556));
#5553 = ORIENTED_EDGE('',*,*,#5475,.F.);
#5554 = ORIENTED_EDGE('',*,*,#4405,.T.);
#5555 = ORIENTED_EDGE('',*,*,#5530,.T.);
#5556 = ORIENTED_EDGE('',*,*,#5557,.F.);
#5557 = EDGE_CURVE('',#5476,#5531,#5558,.T.);
#5558 = LINE('',#5559,#5560);
#5559 = CARTESIAN_POINT('',(-0.16,-13.02,8.54));
#5560 = VECTOR('',#5561,1.);
#5561 = DIRECTION('',(0.,1.,0.));
#5562 = PLANE('',#5563);
#5563 = AXIS2_PLACEMENT_3D('',#5564,#5565,#5566);
#5564 = CARTESIAN_POINT('',(-0.24,-13.02,8.46));
#5565 = DIRECTION('',(0.707106781187,1.735167508357E-18,-0.707106781187)
  );
#5566 = DIRECTION('',(-1.226948711654E-18,1.,1.226948711654E-18));
#5567 = ADVANCED_FACE('',(#5568),#5593,.T.);
#5568 = FACE_BOUND('',#5569,.F.);
#5569 = EDGE_LOOP('',(#5570,#5578,#5579,#5587));
#5570 = ORIENTED_EDGE('',*,*,#5571,.F.);
#5571 = EDGE_CURVE('',#4429,#5572,#5574,.T.);
#5572 = VERTEX_POINT('',#5573);
#5573 = CARTESIAN_POINT('',(-0.16,-10.,8.54));
#5574 = LINE('',#5575,#5576);
#5575 = CARTESIAN_POINT('',(-0.16,-10.,8.54));
#5576 = VECTOR('',#5577,1.);
#5577 = DIRECTION('',(0.57735026919,-0.57735026919,0.57735026919));
#5578 = ORIENTED_EDGE('',*,*,#4436,.T.);
#5579 = ORIENTED_EDGE('',*,*,#5580,.T.);
#5580 = EDGE_CURVE('',#4420,#5581,#5583,.T.);
#5581 = VERTEX_POINT('',#5582);
#5582 = CARTESIAN_POINT('',(0.16,-10.,8.54));
#5583 = LINE('',#5584,#5585);
#5584 = CARTESIAN_POINT('',(5.333333333333E-02,-10.10666666666,
    8.646666666667));
#5585 = VECTOR('',#5586,1.);
#5586 = DIRECTION('',(-0.57735026919,-0.57735026919,0.57735026919));
#5587 = ORIENTED_EDGE('',*,*,#5588,.F.);
#5588 = EDGE_CURVE('',#5572,#5581,#5589,.T.);
#5589 = LINE('',#5590,#5591);
#5590 = CARTESIAN_POINT('',(-0.32,-10.,8.54));
#5591 = VECTOR('',#5592,1.);
#5592 = DIRECTION('',(1.,0.,0.));
#5593 = PLANE('',#5594);
#5594 = AXIS2_PLACEMENT_3D('',#5595,#5596,#5597);
#5595 = CARTESIAN_POINT('',(-0.32,-9.92,8.46));
#5596 = DIRECTION('',(1.735167508357E-18,0.707106781187,0.707106781187)
  );
#5597 = DIRECTION('',(-1.,1.226948711654E-18,1.226948711654E-18));
#5598 = ADVANCED_FACE('',(#5599),#5617,.F.);
#5599 = FACE_BOUND('',#5600,.F.);
#5600 = EDGE_LOOP('',(#5601,#5609,#5610,#5611));
#5601 = ORIENTED_EDGE('',*,*,#5602,.F.);
#5602 = EDGE_CURVE('',#4451,#5603,#5605,.T.);
#5603 = VERTEX_POINT('',#5604);
#5604 = CARTESIAN_POINT('',(-0.16,-10.32,8.54));
#5605 = LINE('',#5606,#5607);
#5606 = CARTESIAN_POINT('',(-0.266666666667,-10.42666666666,
    8.433333333333));
#5607 = VECTOR('',#5608,1.);
#5608 = DIRECTION('',(0.57735026919,0.57735026919,0.57735026919));
#5609 = ORIENTED_EDGE('',*,*,#4460,.T.);
#5610 = ORIENTED_EDGE('',*,*,#5571,.T.);
#5611 = ORIENTED_EDGE('',*,*,#5612,.F.);
#5612 = EDGE_CURVE('',#5603,#5572,#5613,.T.);
#5613 = LINE('',#5614,#5615);
#5614 = CARTESIAN_POINT('',(-0.16,-10.48,8.54));
#5615 = VECTOR('',#5616,1.);
#5616 = DIRECTION('',(0.,1.,0.));
#5617 = PLANE('',#5618);
#5618 = AXIS2_PLACEMENT_3D('',#5619,#5620,#5621);
#5619 = CARTESIAN_POINT('',(-0.24,-10.48,8.46));
#5620 = DIRECTION('',(0.707106781187,1.735167508357E-18,-0.707106781187)
  );
#5621 = DIRECTION('',(-1.226948711654E-18,1.,1.226948711654E-18));
#5622 = ADVANCED_FACE('',(#5623),#5641,.F.);
#5623 = FACE_BOUND('',#5624,.T.);
#5624 = EDGE_LOOP('',(#5625,#5626,#5627,#5635));
#5625 = ORIENTED_EDGE('',*,*,#5602,.F.);
#5626 = ORIENTED_EDGE('',*,*,#4484,.T.);
#5627 = ORIENTED_EDGE('',*,*,#5628,.T.);
#5628 = EDGE_CURVE('',#4475,#5629,#5631,.T.);
#5629 = VERTEX_POINT('',#5630);
#5630 = CARTESIAN_POINT('',(0.16,-10.32,8.54));
#5631 = LINE('',#5632,#5633);
#5632 = CARTESIAN_POINT('',(0.16,-10.32,8.54));
#5633 = VECTOR('',#5634,1.);
#5634 = DIRECTION('',(-0.57735026919,0.57735026919,0.57735026919));
#5635 = ORIENTED_EDGE('',*,*,#5636,.F.);
#5636 = EDGE_CURVE('',#5603,#5629,#5637,.T.);
#5637 = LINE('',#5638,#5639);
#5638 = CARTESIAN_POINT('',(-0.32,-10.32,8.54));
#5639 = VECTOR('',#5640,1.);
#5640 = DIRECTION('',(1.,0.,0.));
#5641 = PLANE('',#5642);
#5642 = AXIS2_PLACEMENT_3D('',#5643,#5644,#5645);
#5643 = CARTESIAN_POINT('',(-0.32,-10.4,8.46));
#5644 = DIRECTION('',(-1.735167508357E-18,0.707106781187,-0.707106781187
    ));
#5645 = DIRECTION('',(-1.,-1.226948711654E-18,1.226948711654E-18));
#5646 = ADVANCED_FACE('',(#5647),#5658,.T.);
#5647 = FACE_BOUND('',#5648,.T.);
#5648 = EDGE_LOOP('',(#5649,#5650,#5651,#5652));
#5649 = ORIENTED_EDGE('',*,*,#5628,.F.);
#5650 = ORIENTED_EDGE('',*,*,#4501,.T.);
#5651 = ORIENTED_EDGE('',*,*,#5580,.T.);
#5652 = ORIENTED_EDGE('',*,*,#5653,.F.);
#5653 = EDGE_CURVE('',#5629,#5581,#5654,.T.);
#5654 = LINE('',#5655,#5656);
#5655 = CARTESIAN_POINT('',(0.16,-10.48,8.54));
#5656 = VECTOR('',#5657,1.);
#5657 = DIRECTION('',(0.,1.,0.));
#5658 = PLANE('',#5659);
#5659 = AXIS2_PLACEMENT_3D('',#5660,#5661,#5662);
#5660 = CARTESIAN_POINT('',(0.24,-10.48,8.46));
#5661 = DIRECTION('',(0.707106781187,-1.735167508357E-18,0.707106781187)
  );
#5662 = DIRECTION('',(1.226948711654E-18,1.,1.226948711654E-18));
#5663 = ADVANCED_FACE('',(#5664),#5689,.F.);
#5664 = FACE_BOUND('',#5665,.T.);
#5665 = EDGE_LOOP('',(#5666,#5674,#5675,#5683));
#5666 = ORIENTED_EDGE('',*,*,#5667,.F.);
#5667 = EDGE_CURVE('',#4525,#5668,#5670,.T.);
#5668 = VERTEX_POINT('',#5669);
#5669 = CARTESIAN_POINT('',(-0.16,-7.78,8.54));
#5670 = LINE('',#5671,#5672);
#5671 = CARTESIAN_POINT('',(-0.266666666667,-7.886666666667,
    8.433333333333));
#5672 = VECTOR('',#5673,1.);
#5673 = DIRECTION('',(0.57735026919,0.57735026919,0.57735026919));
#5674 = ORIENTED_EDGE('',*,*,#4532,.T.);
#5675 = ORIENTED_EDGE('',*,*,#5676,.T.);
#5676 = EDGE_CURVE('',#4516,#5677,#5679,.T.);
#5677 = VERTEX_POINT('',#5678);
#5678 = CARTESIAN_POINT('',(0.16,-7.78,8.54));
#5679 = LINE('',#5680,#5681);
#5680 = CARTESIAN_POINT('',(0.16,-7.78,8.54));
#5681 = VECTOR('',#5682,1.);
#5682 = DIRECTION('',(-0.57735026919,0.57735026919,0.57735026919));
#5683 = ORIENTED_EDGE('',*,*,#5684,.F.);
#5684 = EDGE_CURVE('',#5668,#5677,#5685,.T.);
#5685 = LINE('',#5686,#5687);
#5686 = CARTESIAN_POINT('',(-0.32,-7.78,8.54));
#5687 = VECTOR('',#5688,1.);
#5688 = DIRECTION('',(1.,0.,0.));
#5689 = PLANE('',#5690);
#5690 = AXIS2_PLACEMENT_3D('',#5691,#5692,#5693);
#5691 = CARTESIAN_POINT('',(-0.32,-7.86,8.46));
#5692 = DIRECTION('',(-1.735167508357E-18,0.707106781187,-0.707106781187
    ));
#5693 = DIRECTION('',(-1.,-1.226948711654E-18,1.226948711654E-18));
#5694 = ADVANCED_FACE('',(#5695),#5713,.T.);
#5695 = FACE_BOUND('',#5696,.T.);
#5696 = EDGE_LOOP('',(#5697,#5698,#5699,#5707));
#5697 = ORIENTED_EDGE('',*,*,#5676,.F.);
#5698 = ORIENTED_EDGE('',*,*,#4556,.T.);
#5699 = ORIENTED_EDGE('',*,*,#5700,.T.);
#5700 = EDGE_CURVE('',#4549,#5701,#5703,.T.);
#5701 = VERTEX_POINT('',#5702);
#5702 = CARTESIAN_POINT('',(0.16,-7.46,8.54));
#5703 = LINE('',#5704,#5705);
#5704 = CARTESIAN_POINT('',(5.333333333333E-02,-7.566666666667,
    8.646666666667));
#5705 = VECTOR('',#5706,1.);
#5706 = DIRECTION('',(-0.57735026919,-0.57735026919,0.57735026919));
#5707 = ORIENTED_EDGE('',*,*,#5708,.F.);
#5708 = EDGE_CURVE('',#5677,#5701,#5709,.T.);
#5709 = LINE('',#5710,#5711);
#5710 = CARTESIAN_POINT('',(0.16,-7.94,8.54));
#5711 = VECTOR('',#5712,1.);
#5712 = DIRECTION('',(0.,1.,0.));
#5713 = PLANE('',#5714);
#5714 = AXIS2_PLACEMENT_3D('',#5715,#5716,#5717);
#5715 = CARTESIAN_POINT('',(0.24,-7.94,8.46));
#5716 = DIRECTION('',(0.707106781187,-1.735167508357E-18,0.707106781187)
  );
#5717 = DIRECTION('',(1.226948711654E-18,1.,1.226948711654E-18));
#5718 = ADVANCED_FACE('',(#5719),#5737,.T.);
#5719 = FACE_BOUND('',#5720,.F.);
#5720 = EDGE_LOOP('',(#5721,#5729,#5730,#5731));
#5721 = ORIENTED_EDGE('',*,*,#5722,.F.);
#5722 = EDGE_CURVE('',#4573,#5723,#5725,.T.);
#5723 = VERTEX_POINT('',#5724);
#5724 = CARTESIAN_POINT('',(-0.16,-7.46,8.54));
#5725 = LINE('',#5726,#5727);
#5726 = CARTESIAN_POINT('',(-0.16,-7.46,8.54));
#5727 = VECTOR('',#5728,1.);
#5728 = DIRECTION('',(0.57735026919,-0.57735026919,0.57735026919));
#5729 = ORIENTED_EDGE('',*,*,#4580,.T.);
#5730 = ORIENTED_EDGE('',*,*,#5700,.T.);
#5731 = ORIENTED_EDGE('',*,*,#5732,.F.);
#5732 = EDGE_CURVE('',#5723,#5701,#5733,.T.);
#5733 = LINE('',#5734,#5735);
#5734 = CARTESIAN_POINT('',(-0.32,-7.46,8.54));
#5735 = VECTOR('',#5736,1.);
#5736 = DIRECTION('',(1.,0.,0.));
#5737 = PLANE('',#5738);
#5738 = AXIS2_PLACEMENT_3D('',#5739,#5740,#5741);
#5739 = CARTESIAN_POINT('',(-0.32,-7.38,8.46));
#5740 = DIRECTION('',(1.735167508357E-18,0.707106781187,0.707106781187)
  );
#5741 = DIRECTION('',(-1.,1.226948711654E-18,1.226948711654E-18));
#5742 = ADVANCED_FACE('',(#5743),#5754,.F.);
#5743 = FACE_BOUND('',#5744,.F.);
#5744 = EDGE_LOOP('',(#5745,#5746,#5747,#5748));
#5745 = ORIENTED_EDGE('',*,*,#5667,.F.);
#5746 = ORIENTED_EDGE('',*,*,#4597,.T.);
#5747 = ORIENTED_EDGE('',*,*,#5722,.T.);
#5748 = ORIENTED_EDGE('',*,*,#5749,.F.);
#5749 = EDGE_CURVE('',#5668,#5723,#5750,.T.);
#5750 = LINE('',#5751,#5752);
#5751 = CARTESIAN_POINT('',(-0.16,-7.94,8.54));
#5752 = VECTOR('',#5753,1.);
#5753 = DIRECTION('',(0.,1.,0.));
#5754 = PLANE('',#5755);
#5755 = AXIS2_PLACEMENT_3D('',#5756,#5757,#5758);
#5756 = CARTESIAN_POINT('',(-0.24,-7.94,8.46));
#5757 = DIRECTION('',(0.707106781187,1.735167508357E-18,-0.707106781187)
  );
#5758 = DIRECTION('',(-1.226948711654E-18,1.,1.226948711654E-18));
#5759 = ADVANCED_FACE('',(#5760),#5766,.F.);
#5760 = FACE_BOUND('',#5761,.F.);
#5761 = EDGE_LOOP('',(#5762,#5763,#5764,#5765));
#5762 = ORIENTED_EDGE('',*,*,#4652,.F.);
#5763 = ORIENTED_EDGE('',*,*,#4676,.F.);
#5764 = ORIENTED_EDGE('',*,*,#4693,.T.);
#5765 = ORIENTED_EDGE('',*,*,#4628,.T.);
#5766 = PLANE('',#5767);
#5767 = AXIS2_PLACEMENT_3D('',#5768,#5769,#5770);
#5768 = CARTESIAN_POINT('',(-0.32,-0.32,-3.));
#5769 = DIRECTION('',(0.,0.,1.));
#5770 = DIRECTION('',(1.,0.,-0.));
#5771 = ADVANCED_FACE('',(#5772),#5778,.F.);
#5772 = FACE_BOUND('',#5773,.F.);
#5773 = EDGE_LOOP('',(#5774,#5775,#5776,#5777));
#5774 = ORIENTED_EDGE('',*,*,#4748,.F.);
#5775 = ORIENTED_EDGE('',*,*,#4772,.F.);
#5776 = ORIENTED_EDGE('',*,*,#4789,.T.);
#5777 = ORIENTED_EDGE('',*,*,#4724,.T.);
#5778 = PLANE('',#5779);
#5779 = AXIS2_PLACEMENT_3D('',#5780,#5781,#5782);
#5780 = CARTESIAN_POINT('',(-0.32,-5.4,-3.));
#5781 = DIRECTION('',(0.,0.,1.));
#5782 = DIRECTION('',(1.,0.,-0.));
#5783 = ADVANCED_FACE('',(#5784),#5790,.F.);
#5784 = FACE_BOUND('',#5785,.F.);
#5785 = EDGE_LOOP('',(#5786,#5787,#5788,#5789));
#5786 = ORIENTED_EDGE('',*,*,#4844,.F.);
#5787 = ORIENTED_EDGE('',*,*,#4868,.F.);
#5788 = ORIENTED_EDGE('',*,*,#4885,.T.);
#5789 = ORIENTED_EDGE('',*,*,#4820,.T.);
#5790 = PLANE('',#5791);
#5791 = AXIS2_PLACEMENT_3D('',#5792,#5793,#5794);
#5792 = CARTESIAN_POINT('',(-0.32,-2.86,-3.));
#5793 = DIRECTION('',(0.,0.,1.));
#5794 = DIRECTION('',(1.,0.,-0.));
#5795 = ADVANCED_FACE('',(#5796),#5802,.F.);
#5796 = FACE_BOUND('',#5797,.F.);
#5797 = EDGE_LOOP('',(#5798,#5799,#5800,#5801));
#5798 = ORIENTED_EDGE('',*,*,#4964,.F.);
#5799 = ORIENTED_EDGE('',*,*,#4981,.F.);
#5800 = ORIENTED_EDGE('',*,*,#4916,.T.);
#5801 = ORIENTED_EDGE('',*,*,#4940,.T.);
#5802 = PLANE('',#5803);
#5803 = AXIS2_PLACEMENT_3D('',#5804,#5805,#5806);
#5804 = CARTESIAN_POINT('',(-0.32,-13.02,-3.));
#5805 = DIRECTION('',(0.,0.,1.));
#5806 = DIRECTION('',(1.,0.,-0.));
#5807 = ADVANCED_FACE('',(#5808),#5814,.F.);
#5808 = FACE_BOUND('',#5809,.F.);
#5809 = EDGE_LOOP('',(#5810,#5811,#5812,#5813));
#5810 = ORIENTED_EDGE('',*,*,#5012,.F.);
#5811 = ORIENTED_EDGE('',*,*,#5036,.F.);
#5812 = ORIENTED_EDGE('',*,*,#5060,.T.);
#5813 = ORIENTED_EDGE('',*,*,#5077,.T.);
#5814 = PLANE('',#5815);
#5815 = AXIS2_PLACEMENT_3D('',#5816,#5817,#5818);
#5816 = CARTESIAN_POINT('',(-0.32,-10.48,-3.));
#5817 = DIRECTION('',(0.,0.,1.));
#5818 = DIRECTION('',(1.,0.,-0.));
#5819 = ADVANCED_FACE('',(#5820),#5826,.F.);
#5820 = FACE_BOUND('',#5821,.F.);
#5821 = EDGE_LOOP('',(#5822,#5823,#5824,#5825));
#5822 = ORIENTED_EDGE('',*,*,#5156,.F.);
#5823 = ORIENTED_EDGE('',*,*,#5173,.F.);
#5824 = ORIENTED_EDGE('',*,*,#5108,.T.);
#5825 = ORIENTED_EDGE('',*,*,#5132,.T.);
#5826 = PLANE('',#5827);
#5827 = AXIS2_PLACEMENT_3D('',#5828,#5829,#5830);
#5828 = CARTESIAN_POINT('',(-0.32,-7.94,-3.));
#5829 = DIRECTION('',(0.,0.,1.));
#5830 = DIRECTION('',(1.,0.,-0.));
#5831 = ADVANCED_FACE('',(#5832),#5838,.T.);
#5832 = FACE_BOUND('',#5833,.T.);
#5833 = EDGE_LOOP('',(#5834,#5835,#5836,#5837));
#5834 = ORIENTED_EDGE('',*,*,#5204,.T.);
#5835 = ORIENTED_EDGE('',*,*,#5228,.F.);
#5836 = ORIENTED_EDGE('',*,*,#5252,.F.);
#5837 = ORIENTED_EDGE('',*,*,#5269,.T.);
#5838 = PLANE('',#5839);
#5839 = AXIS2_PLACEMENT_3D('',#5840,#5841,#5842);
#5840 = CARTESIAN_POINT('',(-0.32,-0.32,8.54));
#5841 = DIRECTION('',(0.,0.,1.));
#5842 = DIRECTION('',(1.,0.,-0.));
#5843 = ADVANCED_FACE('',(#5844),#5850,.T.);
#5844 = FACE_BOUND('',#5845,.T.);
#5845 = EDGE_LOOP('',(#5846,#5847,#5848,#5849));
#5846 = ORIENTED_EDGE('',*,*,#5300,.T.);
#5847 = ORIENTED_EDGE('',*,*,#5324,.F.);
#5848 = ORIENTED_EDGE('',*,*,#5348,.F.);
#5849 = ORIENTED_EDGE('',*,*,#5365,.T.);
#5850 = PLANE('',#5851);
#5851 = AXIS2_PLACEMENT_3D('',#5852,#5853,#5854);
#5852 = CARTESIAN_POINT('',(-0.32,-5.4,8.54));
#5853 = DIRECTION('',(0.,0.,1.));
#5854 = DIRECTION('',(1.,0.,-0.));
#5855 = ADVANCED_FACE('',(#5856),#5862,.T.);
#5856 = FACE_BOUND('',#5857,.T.);
#5857 = EDGE_LOOP('',(#5858,#5859,#5860,#5861));
#5858 = ORIENTED_EDGE('',*,*,#5396,.T.);
#5859 = ORIENTED_EDGE('',*,*,#5420,.F.);
#5860 = ORIENTED_EDGE('',*,*,#5444,.F.);
#5861 = ORIENTED_EDGE('',*,*,#5461,.T.);
#5862 = PLANE('',#5863);
#5863 = AXIS2_PLACEMENT_3D('',#5864,#5865,#5866);
#5864 = CARTESIAN_POINT('',(-0.32,-2.86,8.54));
#5865 = DIRECTION('',(0.,0.,1.));
#5866 = DIRECTION('',(1.,0.,-0.));
#5867 = ADVANCED_FACE('',(#5868),#5874,.T.);
#5868 = FACE_BOUND('',#5869,.T.);
#5869 = EDGE_LOOP('',(#5870,#5871,#5872,#5873));
#5870 = ORIENTED_EDGE('',*,*,#5516,.T.);
#5871 = ORIENTED_EDGE('',*,*,#5540,.F.);
#5872 = ORIENTED_EDGE('',*,*,#5557,.F.);
#5873 = ORIENTED_EDGE('',*,*,#5492,.T.);
#5874 = PLANE('',#5875);
#5875 = AXIS2_PLACEMENT_3D('',#5876,#5877,#5878);
#5876 = CARTESIAN_POINT('',(-0.32,-13.02,8.54));
#5877 = DIRECTION('',(0.,0.,1.));
#5878 = DIRECTION('',(1.,0.,-0.));
#5879 = ADVANCED_FACE('',(#5880),#5886,.T.);
#5880 = FACE_BOUND('',#5881,.T.);
#5881 = EDGE_LOOP('',(#5882,#5883,#5884,#5885));
#5882 = ORIENTED_EDGE('',*,*,#5653,.T.);
#5883 = ORIENTED_EDGE('',*,*,#5588,.F.);
#5884 = ORIENTED_EDGE('',*,*,#5612,.F.);
#5885 = ORIENTED_EDGE('',*,*,#5636,.T.);
#5886 = PLANE('',#5887);
#5887 = AXIS2_PLACEMENT_3D('',#5888,#5889,#5890);
#5888 = CARTESIAN_POINT('',(-0.32,-10.48,8.54));
#5889 = DIRECTION('',(0.,0.,1.));
#5890 = DIRECTION('',(1.,0.,-0.));
#5891 = ADVANCED_FACE('',(#5892),#5898,.T.);
#5892 = FACE_BOUND('',#5893,.T.);
#5893 = EDGE_LOOP('',(#5894,#5895,#5896,#5897));
#5894 = ORIENTED_EDGE('',*,*,#5708,.T.);
#5895 = ORIENTED_EDGE('',*,*,#5732,.F.);
#5896 = ORIENTED_EDGE('',*,*,#5749,.F.);
#5897 = ORIENTED_EDGE('',*,*,#5684,.T.);
#5898 = PLANE('',#5899);
#5899 = AXIS2_PLACEMENT_3D('',#5900,#5901,#5902);
#5900 = CARTESIAN_POINT('',(-0.32,-7.94,8.54));
#5901 = DIRECTION('',(0.,0.,1.));
#5902 = DIRECTION('',(1.,0.,-0.));
#5903 = ( GEOMETRIC_REPRESENTATION_CONTEXT(3) 
GLOBAL_UNCERTAINTY_ASSIGNED_CONTEXT((#5907)) 
GLOBAL_UNIT_ASSIGNED_CONTEXT((#5904,#5905,#5906)) REPRESENTATION_CONTEXT
('Context #1','3D Context with UNIT and UNCERTAINTY') );
#5904 = ( LENGTH_UNIT() NAMED_UNIT(*) SI_UNIT(.MILLI.,.METRE.) );
#5905 = ( NAMED_UNIT(*) PLANE_ANGLE_UNIT() SI_UNIT($,.RADIAN.) );
#5906 = ( NAMED_UNIT(*) SI_UNIT($,.STERADIAN.) SOLID_ANGLE_UNIT() );
#5907 = UNCERTAINTY_MEASURE_WITH_UNIT(LENGTH_MEASURE(1.E-07),#5904,
  'distance_accuracy_value','confusion accuracy');
#5908 = CONTEXT_DEPENDENT_SHAPE_REPRESENTATION(#5909,#5911);
#5909 = ( REPRESENTATION_RELATIONSHIP('','',#1774,#10) 
REPRESENTATION_RELATIONSHIP_WITH_TRANSFORMATION(#5910) 
SHAPE_REPRESENTATION_RELATIONSHIP() );
#5910 = ITEM_DEFINED_TRANSFORMATION('','',#11,#23);
#5911 = PRODUCT_DEFINITION_SHAPE('Placement','Placement of an item',
  #5912);
#5912 = NEXT_ASSEMBLY_USAGE_OCCURRENCE('3','J1','',#5,#1769,$);
#5913 = PRODUCT_RELATED_PRODUCT_CATEGORY('part',$,(#1771));
#5914 = CONTEXT_DEPENDENT_SHAPE_REPRESENTATION(#5915,#5917);
#5915 = ( REPRESENTATION_RELATIONSHIP('','',#965,#10) 
REPRESENTATION_RELATIONSHIP_WITH_TRANSFORMATION(#5916) 
SHAPE_REPRESENTATION_RELATIONSHIP() );
#5916 = ITEM_DEFINED_TRANSFORMATION('','',#11,#27);
#5917 = PRODUCT_DEFINITION_SHAPE('Placement','Placement of an item',
  #5918);
#5918 = NEXT_ASSEMBLY_USAGE_OCCURRENCE('4','R3','',#5,#960,$);
#5919 = CONTEXT_DEPENDENT_SHAPE_REPRESENTATION(#5920,#5922);
#5920 = ( REPRESENTATION_RELATIONSHIP('','',#965,#10) 
REPRESENTATION_RELATIONSHIP_WITH_TRANSFORMATION(#5921) 
SHAPE_REPRESENTATION_RELATIONSHIP() );
#5921 = ITEM_DEFINED_TRANSFORMATION('','',#11,#31);
#5922 = PRODUCT_DEFINITION_SHAPE('Placement','Placement of an item',
  #5923);
#5923 = NEXT_ASSEMBLY_USAGE_OCCURRENCE('5','R2','',#5,#960,$);
#5924 = CONTEXT_DEPENDENT_SHAPE_REPRESENTATION(#5925,#5927);
#5925 = ( REPRESENTATION_RELATIONSHIP('','',#92,#10) 
REPRESENTATION_RELATIONSHIP_WITH_TRANSFORMATION(#5926) 
SHAPE_REPRESENTATION_RELATIONSHIP() );
#5926 = ITEM_DEFINED_TRANSFORMATION('','',#11,#35);
#5927 = PRODUCT_DEFINITION_SHAPE('Placement','Placement of an item',
  #5928);
#5928 = NEXT_ASSEMBLY_USAGE_OCCURRENCE('6','R9','',#5,#87,$);
#5929 = CONTEXT_DEPENDENT_SHAPE_REPRESENTATION(#5930,#5932);
#5930 = ( REPRESENTATION_RELATIONSHIP('','',#965,#10) 
REPRESENTATION_RELATIONSHIP_WITH_TRANSFORMATION(#5931) 
SHAPE_REPRESENTATION_RELATIONSHIP() );
#5931 = ITEM_DEFINED_TRANSFORMATION('','',#11,#39);
#5932 = PRODUCT_DEFINITION_SHAPE('Placement','Placement of an item',
  #5933);
#5933 = NEXT_ASSEMBLY_USAGE_OCCURRENCE('7','R4','',#5,#960,$);
#5934 = CONTEXT_DEPENDENT_SHAPE_REPRESENTATION(#5935,#5937);
#5935 = ( REPRESENTATION_RELATIONSHIP('','',#92,#10) 
REPRESENTATION_RELATIONSHIP_WITH_TRANSFORMATION(#5936) 
SHAPE_REPRESENTATION_RELATIONSHIP() );
#5936 = ITEM_DEFINED_TRANSFORMATION('','',#11,#43);
#5937 = PRODUCT_DEFINITION_SHAPE('Placement','Placement of an item',
  #5938);
#5938 = NEXT_ASSEMBLY_USAGE_OCCURRENCE('8','C1','',#5,#87,$);
#5939 = SHAPE_DEFINITION_REPRESENTATION(#5940,#5946);
#5940 = PRODUCT_DEFINITION_SHAPE('','',#5941);
#5941 = PRODUCT_DEFINITION('design','',#5942,#5945);
#5942 = PRODUCT_DEFINITION_FORMATION('','',#5943);
#5943 = PRODUCT('LED_0603_1608Metric','LED_0603_1608Metric','',(#5944));
#5944 = PRODUCT_CONTEXT('',#2,'mechanical');
#5945 = PRODUCT_DEFINITION_CONTEXT('part definition',#2,'design');
#5946 = ADVANCED_BREP_SHAPE_REPRESENTATION('',(#11,#5947),#7470);
#5947 = MANIFOLD_SOLID_BREP('',#5948);
#5948 = CLOSED_SHELL('',(#5949,#5989,#6036,#6115,#6139,#6179,#6210,#6227
    ,#6260,#6284,#6351,#6472,#6539,#6563,#6594,#6627,#6683,#6707,#6731,
    #6755,#6788,#6800,#6863,#6888,#6905,#6929,#6947,#6965,#6983,#7000,
    #7017,#7048,#7073,#7098,#7122,#7139,#7170,#7194,#7211,#7239,#7264,
    #7288,#7313,#7360,#7377,#7389,#7411,#7423,#7441,#7459));
#5949 = ADVANCED_FACE('',(#5950),#5984,.F.);
#5950 = FACE_BOUND('',#5951,.F.);
#5951 = EDGE_LOOP('',(#5952,#5962,#5970,#5978));
#5952 = ORIENTED_EDGE('',*,*,#5953,.T.);
#5953 = EDGE_CURVE('',#5954,#5956,#5958,.T.);
#5954 = VERTEX_POINT('',#5955);
#5955 = CARTESIAN_POINT('',(-0.5,-0.4,0.47));
#5956 = VERTEX_POINT('',#5957);
#5957 = CARTESIAN_POINT('',(-0.45,-0.4,1.1));
#5958 = LINE('',#5959,#5960);
#5959 = CARTESIAN_POINT('',(-0.5,-0.4,0.47));
#5960 = VECTOR('',#5961,1.);
#5961 = DIRECTION('',(7.911630099815E-02,0.,0.996865392576));
#5962 = ORIENTED_EDGE('',*,*,#5963,.T.);
#5963 = EDGE_CURVE('',#5956,#5964,#5966,.T.);
#5964 = VERTEX_POINT('',#5965);
#5965 = CARTESIAN_POINT('',(0.45,-0.4,1.1));
#5966 = LINE('',#5967,#5968);
#5967 = CARTESIAN_POINT('',(-0.45,-0.4,1.1));
#5968 = VECTOR('',#5969,1.);
#5969 = DIRECTION('',(1.,0.,0.));
#5970 = ORIENTED_EDGE('',*,*,#5971,.T.);
#5971 = EDGE_CURVE('',#5964,#5972,#5974,.T.);
#5972 = VERTEX_POINT('',#5973);
#5973 = CARTESIAN_POINT('',(0.5,-0.4,0.47));
#5974 = LINE('',#5975,#5976);
#5975 = CARTESIAN_POINT('',(0.45,-0.4,1.1));
#5976 = VECTOR('',#5977,1.);
#5977 = DIRECTION('',(7.911630099815E-02,0.,-0.996865392576));
#5978 = ORIENTED_EDGE('',*,*,#5979,.T.);
#5979 = EDGE_CURVE('',#5972,#5954,#5980,.T.);
#5980 = LINE('',#5981,#5982);
#5981 = CARTESIAN_POINT('',(0.5,-0.4,0.47));
#5982 = VECTOR('',#5983,1.);
#5983 = DIRECTION('',(-1.,0.,0.));
#5984 = PLANE('',#5985);
#5985 = AXIS2_PLACEMENT_3D('',#5986,#5987,#5988);
#5986 = CARTESIAN_POINT('',(-8.772411109409E-18,-0.4,0.775044128294));
#5987 = DIRECTION('',(0.,1.,0.));
#5988 = DIRECTION('',(0.,-0.,1.));
#5989 = ADVANCED_FACE('',(#5990),#6031,.T.);
#5990 = FACE_BOUND('',#5991,.T.);
#5991 = EDGE_LOOP('',(#5992,#6002,#6010,#6016,#6017,#6025));
#5992 = ORIENTED_EDGE('',*,*,#5993,.T.);
#5993 = EDGE_CURVE('',#5994,#5996,#5998,.T.);
#5994 = VERTEX_POINT('',#5995);
#5995 = CARTESIAN_POINT('',(-0.5,0.4,0.47));
#5996 = VERTEX_POINT('',#5997);
#5997 = CARTESIAN_POINT('',(-0.5,0.3,0.47));
#5998 = LINE('',#5999,#6000);
#5999 = CARTESIAN_POINT('',(-0.5,0.4,0.47));
#6000 = VECTOR('',#6001,1.);
#6001 = DIRECTION('',(0.,-1.,0.));
#6002 = ORIENTED_EDGE('',*,*,#6003,.F.);
#6003 = EDGE_CURVE('',#6004,#5996,#6006,.T.);
#6004 = VERTEX_POINT('',#6005);
#6005 = CARTESIAN_POINT('',(-0.5,-0.3,0.47));
#6006 = LINE('',#6007,#6008);
#6007 = CARTESIAN_POINT('',(-0.5,-0.4,0.47));
#6008 = VECTOR('',#6009,1.);
#6009 = DIRECTION('',(0.,1.,0.));
#6010 = ORIENTED_EDGE('',*,*,#6011,.T.);
#6011 = EDGE_CURVE('',#6004,#5954,#6012,.T.);
#6012 = LINE('',#6013,#6014);
#6013 = CARTESIAN_POINT('',(-0.5,0.4,0.47));
#6014 = VECTOR('',#6015,1.);
#6015 = DIRECTION('',(0.,-1.,0.));
#6016 = ORIENTED_EDGE('',*,*,#5953,.T.);
#6017 = ORIENTED_EDGE('',*,*,#6018,.F.);
#6018 = EDGE_CURVE('',#6019,#5956,#6021,.T.);
#6019 = VERTEX_POINT('',#6020);
#6020 = CARTESIAN_POINT('',(-0.45,0.4,1.1));
#6021 = LINE('',#6022,#6023);
#6022 = CARTESIAN_POINT('',(-0.45,0.4,1.1));
#6023 = VECTOR('',#6024,1.);
#6024 = DIRECTION('',(0.,-1.,0.));
#6025 = ORIENTED_EDGE('',*,*,#6026,.F.);
#6026 = EDGE_CURVE('',#5994,#6019,#6027,.T.);
#6027 = LINE('',#6028,#6029);
#6028 = CARTESIAN_POINT('',(-0.5,0.4,0.47));
#6029 = VECTOR('',#6030,1.);
#6030 = DIRECTION('',(7.911630099815E-02,0.,0.996865392576));
#6031 = PLANE('',#6032);
#6032 = AXIS2_PLACEMENT_3D('',#6033,#6034,#6035);
#6033 = CARTESIAN_POINT('',(-0.5,0.4,0.47));
#6034 = DIRECTION('',(-0.996865392576,0.,7.911630099815E-02));
#6035 = DIRECTION('',(7.911630099815E-02,0.,0.996865392576));
#6036 = ADVANCED_FACE('',(#6037),#6110,.F.);
#6037 = FACE_BOUND('',#6038,.F.);
#6038 = EDGE_LOOP('',(#6039,#6049,#6057,#6065,#6071,#6072,#6080,#6088,
    #6096,#6104));
#6039 = ORIENTED_EDGE('',*,*,#6040,.F.);
#6040 = EDGE_CURVE('',#6041,#6043,#6045,.T.);
#6041 = VERTEX_POINT('',#6042);
#6042 = CARTESIAN_POINT('',(-0.77,-0.4,3.E-02));
#6043 = VERTEX_POINT('',#6044);
#6044 = CARTESIAN_POINT('',(-0.725,-0.4,3.E-02));
#6045 = LINE('',#6046,#6047);
#6046 = CARTESIAN_POINT('',(-0.77,-0.4,3.E-02));
#6047 = VECTOR('',#6048,1.);
#6048 = DIRECTION('',(1.,0.,0.));
#6049 = ORIENTED_EDGE('',*,*,#6050,.T.);
#6050 = EDGE_CURVE('',#6041,#6051,#6053,.T.);
#6051 = VERTEX_POINT('',#6052);
#6052 = CARTESIAN_POINT('',(-0.77,-0.4,0.47));
#6053 = LINE('',#6054,#6055);
#6054 = CARTESIAN_POINT('',(-0.77,-0.4,3.E-02));
#6055 = VECTOR('',#6056,1.);
#6056 = DIRECTION('',(0.,0.,1.));
#6057 = ORIENTED_EDGE('',*,*,#6058,.T.);
#6058 = EDGE_CURVE('',#6051,#6059,#6061,.T.);
#6059 = VERTEX_POINT('',#6060);
#6060 = CARTESIAN_POINT('',(-0.725,-0.4,0.47));
#6061 = LINE('',#6062,#6063);
#6062 = CARTESIAN_POINT('',(-0.77,-0.4,0.47));
#6063 = VECTOR('',#6064,1.);
#6064 = DIRECTION('',(1.,0.,0.));
#6065 = ORIENTED_EDGE('',*,*,#6066,.T.);
#6066 = EDGE_CURVE('',#6059,#5954,#6067,.T.);
#6067 = LINE('',#6068,#6069);
#6068 = CARTESIAN_POINT('',(-0.77,-0.4,0.47));
#6069 = VECTOR('',#6070,1.);
#6070 = DIRECTION('',(1.,0.,0.));
#6071 = ORIENTED_EDGE('',*,*,#5979,.F.);
#6072 = ORIENTED_EDGE('',*,*,#6073,.T.);
#6073 = EDGE_CURVE('',#5972,#6074,#6076,.T.);
#6074 = VERTEX_POINT('',#6075);
#6075 = CARTESIAN_POINT('',(0.725,-0.4,0.47));
#6076 = LINE('',#6077,#6078);
#6077 = CARTESIAN_POINT('',(-0.77,-0.4,0.47));
#6078 = VECTOR('',#6079,1.);
#6079 = DIRECTION('',(1.,0.,0.));
#6080 = ORIENTED_EDGE('',*,*,#6081,.T.);
#6081 = EDGE_CURVE('',#6074,#6082,#6084,.T.);
#6082 = VERTEX_POINT('',#6083);
#6083 = CARTESIAN_POINT('',(0.77,-0.4,0.47));
#6084 = LINE('',#6085,#6086);
#6085 = CARTESIAN_POINT('',(-0.77,-0.4,0.47));
#6086 = VECTOR('',#6087,1.);
#6087 = DIRECTION('',(1.,0.,0.));
#6088 = ORIENTED_EDGE('',*,*,#6089,.F.);
#6089 = EDGE_CURVE('',#6090,#6082,#6092,.T.);
#6090 = VERTEX_POINT('',#6091);
#6091 = CARTESIAN_POINT('',(0.77,-0.4,3.E-02));
#6092 = LINE('',#6093,#6094);
#6093 = CARTESIAN_POINT('',(0.77,-0.4,3.E-02));
#6094 = VECTOR('',#6095,1.);
#6095 = DIRECTION('',(0.,0.,1.));
#6096 = ORIENTED_EDGE('',*,*,#6097,.F.);
#6097 = EDGE_CURVE('',#6098,#6090,#6100,.T.);
#6098 = VERTEX_POINT('',#6099);
#6099 = CARTESIAN_POINT('',(0.725,-0.4,3.E-02));
#6100 = LINE('',#6101,#6102);
#6101 = CARTESIAN_POINT('',(-0.77,-0.4,3.E-02));
#6102 = VECTOR('',#6103,1.);
#6103 = DIRECTION('',(1.,0.,0.));
#6104 = ORIENTED_EDGE('',*,*,#6105,.F.);
#6105 = EDGE_CURVE('',#6043,#6098,#6106,.T.);
#6106 = LINE('',#6107,#6108);
#6107 = CARTESIAN_POINT('',(-0.77,-0.4,3.E-02));
#6108 = VECTOR('',#6109,1.);
#6109 = DIRECTION('',(1.,0.,0.));
#6110 = PLANE('',#6111);
#6111 = AXIS2_PLACEMENT_3D('',#6112,#6113,#6114);
#6112 = CARTESIAN_POINT('',(-0.77,-0.4,3.E-02));
#6113 = DIRECTION('',(0.,1.,0.));
#6114 = DIRECTION('',(0.,-0.,1.));
#6115 = ADVANCED_FACE('',(#6116),#6134,.T.);
#6116 = FACE_BOUND('',#6117,.T.);
#6117 = EDGE_LOOP('',(#6118,#6119,#6120,#6128));
#6118 = ORIENTED_EDGE('',*,*,#6018,.T.);
#6119 = ORIENTED_EDGE('',*,*,#5963,.T.);
#6120 = ORIENTED_EDGE('',*,*,#6121,.F.);
#6121 = EDGE_CURVE('',#6122,#5964,#6124,.T.);
#6122 = VERTEX_POINT('',#6123);
#6123 = CARTESIAN_POINT('',(0.45,0.4,1.1));
#6124 = LINE('',#6125,#6126);
#6125 = CARTESIAN_POINT('',(0.45,0.4,1.1));
#6126 = VECTOR('',#6127,1.);
#6127 = DIRECTION('',(0.,-1.,0.));
#6128 = ORIENTED_EDGE('',*,*,#6129,.F.);
#6129 = EDGE_CURVE('',#6019,#6122,#6130,.T.);
#6130 = LINE('',#6131,#6132);
#6131 = CARTESIAN_POINT('',(-0.45,0.4,1.1));
#6132 = VECTOR('',#6133,1.);
#6133 = DIRECTION('',(1.,0.,0.));
#6134 = PLANE('',#6135);
#6135 = AXIS2_PLACEMENT_3D('',#6136,#6137,#6138);
#6136 = CARTESIAN_POINT('',(-0.45,0.4,1.1));
#6137 = DIRECTION('',(0.,0.,1.));
#6138 = DIRECTION('',(1.,0.,-0.));
#6139 = ADVANCED_FACE('',(#6140),#6174,.T.);
#6140 = FACE_BOUND('',#6141,.T.);
#6141 = EDGE_LOOP('',(#6142,#6143,#6144,#6152,#6160,#6168));
#6142 = ORIENTED_EDGE('',*,*,#6121,.T.);
#6143 = ORIENTED_EDGE('',*,*,#5971,.T.);
#6144 = ORIENTED_EDGE('',*,*,#6145,.F.);
#6145 = EDGE_CURVE('',#6146,#5972,#6148,.T.);
#6146 = VERTEX_POINT('',#6147);
#6147 = CARTESIAN_POINT('',(0.5,-0.3,0.47));
#6148 = LINE('',#6149,#6150);
#6149 = CARTESIAN_POINT('',(0.5,0.4,0.47));
#6150 = VECTOR('',#6151,1.);
#6151 = DIRECTION('',(0.,-1.,0.));
#6152 = ORIENTED_EDGE('',*,*,#6153,.T.);
#6153 = EDGE_CURVE('',#6146,#6154,#6156,.T.);
#6154 = VERTEX_POINT('',#6155);
#6155 = CARTESIAN_POINT('',(0.5,0.3,0.47));
#6156 = LINE('',#6157,#6158);
#6157 = CARTESIAN_POINT('',(0.5,-0.4,0.47));
#6158 = VECTOR('',#6159,1.);
#6159 = DIRECTION('',(0.,1.,0.));
#6160 = ORIENTED_EDGE('',*,*,#6161,.F.);
#6161 = EDGE_CURVE('',#6162,#6154,#6164,.T.);
#6162 = VERTEX_POINT('',#6163);
#6163 = CARTESIAN_POINT('',(0.5,0.4,0.47));
#6164 = LINE('',#6165,#6166);
#6165 = CARTESIAN_POINT('',(0.5,0.4,0.47));
#6166 = VECTOR('',#6167,1.);
#6167 = DIRECTION('',(0.,-1.,0.));
#6168 = ORIENTED_EDGE('',*,*,#6169,.F.);
#6169 = EDGE_CURVE('',#6122,#6162,#6170,.T.);
#6170 = LINE('',#6171,#6172);
#6171 = CARTESIAN_POINT('',(0.45,0.4,1.1));
#6172 = VECTOR('',#6173,1.);
#6173 = DIRECTION('',(7.911630099815E-02,0.,-0.996865392576));
#6174 = PLANE('',#6175);
#6175 = AXIS2_PLACEMENT_3D('',#6176,#6177,#6178);
#6176 = CARTESIAN_POINT('',(0.45,0.4,1.1));
#6177 = DIRECTION('',(0.996865392576,0.,7.911630099815E-02));
#6178 = DIRECTION('',(7.911630099815E-02,0.,-0.996865392576));
#6179 = ADVANCED_FACE('',(#6180),#6205,.T.);
#6180 = FACE_BOUND('',#6181,.T.);
#6181 = EDGE_LOOP('',(#6182,#6190,#6198,#6204));
#6182 = ORIENTED_EDGE('',*,*,#6183,.F.);
#6183 = EDGE_CURVE('',#6184,#5994,#6186,.T.);
#6184 = VERTEX_POINT('',#6185);
#6185 = CARTESIAN_POINT('',(-0.725,0.4,0.47));
#6186 = LINE('',#6187,#6188);
#6187 = CARTESIAN_POINT('',(-0.77,0.4,0.47));
#6188 = VECTOR('',#6189,1.);
#6189 = DIRECTION('',(1.,0.,0.));
#6190 = ORIENTED_EDGE('',*,*,#6191,.F.);
#6191 = EDGE_CURVE('',#6192,#6184,#6194,.T.);
#6192 = VERTEX_POINT('',#6193);
#6193 = CARTESIAN_POINT('',(-0.725,0.3,0.47));
#6194 = LINE('',#6195,#6196);
#6195 = CARTESIAN_POINT('',(-0.725,5.E-02,0.47));
#6196 = VECTOR('',#6197,1.);
#6197 = DIRECTION('',(0.,1.,0.));
#6198 = ORIENTED_EDGE('',*,*,#6199,.F.);
#6199 = EDGE_CURVE('',#5996,#6192,#6200,.T.);
#6200 = LINE('',#6201,#6202);
#6201 = CARTESIAN_POINT('',(-0.7475,0.3,0.47));
#6202 = VECTOR('',#6203,1.);
#6203 = DIRECTION('',(-1.,0.,0.));
#6204 = ORIENTED_EDGE('',*,*,#5993,.F.);
#6205 = PLANE('',#6206);
#6206 = AXIS2_PLACEMENT_3D('',#6207,#6208,#6209);
#6207 = CARTESIAN_POINT('',(-0.77,-0.4,0.47));
#6208 = DIRECTION('',(0.,0.,1.));
#6209 = DIRECTION('',(1.,0.,-0.));
#6210 = ADVANCED_FACE('',(#6211),#6222,.T.);
#6211 = FACE_BOUND('',#6212,.T.);
#6212 = EDGE_LOOP('',(#6213,#6214,#6215,#6216));
#6213 = ORIENTED_EDGE('',*,*,#6026,.T.);
#6214 = ORIENTED_EDGE('',*,*,#6129,.T.);
#6215 = ORIENTED_EDGE('',*,*,#6169,.T.);
#6216 = ORIENTED_EDGE('',*,*,#6217,.T.);
#6217 = EDGE_CURVE('',#6162,#5994,#6218,.T.);
#6218 = LINE('',#6219,#6220);
#6219 = CARTESIAN_POINT('',(0.5,0.4,0.47));
#6220 = VECTOR('',#6221,1.);
#6221 = DIRECTION('',(-1.,0.,0.));
#6222 = PLANE('',#6223);
#6223 = AXIS2_PLACEMENT_3D('',#6224,#6225,#6226);
#6224 = CARTESIAN_POINT('',(-8.772411109409E-18,0.4,0.775044128294));
#6225 = DIRECTION('',(0.,1.,0.));
#6226 = DIRECTION('',(0.,-0.,1.));
#6227 = ADVANCED_FACE('',(#6228),#6255,.T.);
#6228 = FACE_BOUND('',#6229,.T.);
#6229 = EDGE_LOOP('',(#6230,#6239,#6247,#6254));
#6230 = ORIENTED_EDGE('',*,*,#6231,.F.);
#6231 = EDGE_CURVE('',#6232,#5996,#6234,.T.);
#6232 = VERTEX_POINT('',#6233);
#6233 = CARTESIAN_POINT('',(-0.53,0.3,0.5));
#6234 = CIRCLE('',#6235,3.E-02);
#6235 = AXIS2_PLACEMENT_3D('',#6236,#6237,#6238);
#6236 = CARTESIAN_POINT('',(-0.53,0.3,0.47));
#6237 = DIRECTION('',(-0.,1.,0.));
#6238 = DIRECTION('',(1.,0.,0.));
#6239 = ORIENTED_EDGE('',*,*,#6240,.F.);
#6240 = EDGE_CURVE('',#6241,#6232,#6243,.T.);
#6241 = VERTEX_POINT('',#6242);
#6242 = CARTESIAN_POINT('',(-0.53,-0.3,0.5));
#6243 = LINE('',#6244,#6245);
#6244 = CARTESIAN_POINT('',(-0.53,-0.4,0.5));
#6245 = VECTOR('',#6246,1.);
#6246 = DIRECTION('',(0.,1.,0.));
#6247 = ORIENTED_EDGE('',*,*,#6248,.T.);
#6248 = EDGE_CURVE('',#6241,#6004,#6249,.T.);
#6249 = CIRCLE('',#6250,3.E-02);
#6250 = AXIS2_PLACEMENT_3D('',#6251,#6252,#6253);
#6251 = CARTESIAN_POINT('',(-0.53,-0.3,0.47));
#6252 = DIRECTION('',(-0.,1.,0.));
#6253 = DIRECTION('',(1.,0.,0.));
#6254 = ORIENTED_EDGE('',*,*,#6003,.T.);
#6255 = CYLINDRICAL_SURFACE('',#6256,3.E-02);
#6256 = AXIS2_PLACEMENT_3D('',#6257,#6258,#6259);
#6257 = CARTESIAN_POINT('',(-0.53,-0.4,0.47));
#6258 = DIRECTION('',(0.,1.,0.));
#6259 = DIRECTION('',(1.,0.,0.));
#6260 = ADVANCED_FACE('',(#6261),#6279,.T.);
#6261 = FACE_BOUND('',#6262,.T.);
#6262 = EDGE_LOOP('',(#6263,#6271,#6272,#6273));
#6263 = ORIENTED_EDGE('',*,*,#6264,.F.);
#6264 = EDGE_CURVE('',#6059,#6265,#6267,.T.);
#6265 = VERTEX_POINT('',#6266);
#6266 = CARTESIAN_POINT('',(-0.725,-0.3,0.47));
#6267 = LINE('',#6268,#6269);
#6268 = CARTESIAN_POINT('',(-0.725,-0.35,0.47));
#6269 = VECTOR('',#6270,1.);
#6270 = DIRECTION('',(0.,1.,0.));
#6271 = ORIENTED_EDGE('',*,*,#6066,.T.);
#6272 = ORIENTED_EDGE('',*,*,#6011,.F.);
#6273 = ORIENTED_EDGE('',*,*,#6274,.F.);
#6274 = EDGE_CURVE('',#6265,#6004,#6275,.T.);
#6275 = LINE('',#6276,#6277);
#6276 = CARTESIAN_POINT('',(-2.25E-02,-0.3,0.47));
#6277 = VECTOR('',#6278,1.);
#6278 = DIRECTION('',(1.,0.,0.));
#6279 = PLANE('',#6280);
#6280 = AXIS2_PLACEMENT_3D('',#6281,#6282,#6283);
#6281 = CARTESIAN_POINT('',(-0.77,-0.4,0.47));
#6282 = DIRECTION('',(0.,0.,1.));
#6283 = DIRECTION('',(1.,0.,-0.));
#6284 = ADVANCED_FACE('',(#6285),#6346,.F.);
#6285 = FACE_BOUND('',#6286,.F.);
#6286 = EDGE_LOOP('',(#6287,#6297,#6306,#6314,#6323,#6331,#6337,#6338,
    #6339,#6340));
#6287 = ORIENTED_EDGE('',*,*,#6288,.F.);
#6288 = EDGE_CURVE('',#6289,#6291,#6293,.T.);
#6289 = VERTEX_POINT('',#6290);
#6290 = CARTESIAN_POINT('',(-0.77,-0.4,-3.469446951954E-18));
#6291 = VERTEX_POINT('',#6292);
#6292 = CARTESIAN_POINT('',(-0.725,-0.4,0.));
#6293 = LINE('',#6294,#6295);
#6294 = CARTESIAN_POINT('',(-0.8,-0.4,0.));
#6295 = VECTOR('',#6296,1.);
#6296 = DIRECTION('',(1.,0.,0.));
#6297 = ORIENTED_EDGE('',*,*,#6298,.F.);
#6298 = EDGE_CURVE('',#6299,#6289,#6301,.T.);
#6299 = VERTEX_POINT('',#6300);
#6300 = CARTESIAN_POINT('',(-0.8,-0.4,3.E-02));
#6301 = CIRCLE('',#6302,3.E-02);
#6302 = AXIS2_PLACEMENT_3D('',#6303,#6304,#6305);
#6303 = CARTESIAN_POINT('',(-0.77,-0.4,3.E-02));
#6304 = DIRECTION('',(0.,-1.,0.));
#6305 = DIRECTION('',(0.,0.,1.));
#6306 = ORIENTED_EDGE('',*,*,#6307,.T.);
#6307 = EDGE_CURVE('',#6299,#6308,#6310,.T.);
#6308 = VERTEX_POINT('',#6309);
#6309 = CARTESIAN_POINT('',(-0.8,-0.4,0.47));
#6310 = LINE('',#6311,#6312);
#6311 = CARTESIAN_POINT('',(-0.8,-0.4,0.));
#6312 = VECTOR('',#6313,1.);
#6313 = DIRECTION('',(0.,0.,1.));
#6314 = ORIENTED_EDGE('',*,*,#6315,.T.);
#6315 = EDGE_CURVE('',#6308,#6316,#6318,.T.);
#6316 = VERTEX_POINT('',#6317);
#6317 = CARTESIAN_POINT('',(-0.77,-0.4,0.5));
#6318 = CIRCLE('',#6319,3.E-02);
#6319 = AXIS2_PLACEMENT_3D('',#6320,#6321,#6322);
#6320 = CARTESIAN_POINT('',(-0.77,-0.4,0.47));
#6321 = DIRECTION('',(0.,1.,0.));
#6322 = DIRECTION('',(0.,-0.,1.));
#6323 = ORIENTED_EDGE('',*,*,#6324,.T.);
#6324 = EDGE_CURVE('',#6316,#6325,#6327,.T.);
#6325 = VERTEX_POINT('',#6326);
#6326 = CARTESIAN_POINT('',(-0.725,-0.4,0.5));
#6327 = LINE('',#6328,#6329);
#6328 = CARTESIAN_POINT('',(-0.8,-0.4,0.5));
#6329 = VECTOR('',#6330,1.);
#6330 = DIRECTION('',(1.,0.,0.));
#6331 = ORIENTED_EDGE('',*,*,#6332,.F.);
#6332 = EDGE_CURVE('',#6059,#6325,#6333,.T.);
#6333 = LINE('',#6334,#6335);
#6334 = CARTESIAN_POINT('',(-0.725,-0.4,0.375));
#6335 = VECTOR('',#6336,1.);
#6336 = DIRECTION('',(0.,0.,1.));
#6337 = ORIENTED_EDGE('',*,*,#6058,.F.);
#6338 = ORIENTED_EDGE('',*,*,#6050,.F.);
#6339 = ORIENTED_EDGE('',*,*,#6040,.T.);
#6340 = ORIENTED_EDGE('',*,*,#6341,.F.);
#6341 = EDGE_CURVE('',#6291,#6043,#6342,.T.);
#6342 = LINE('',#6343,#6344);
#6343 = CARTESIAN_POINT('',(-0.725,-0.4,0.375));
#6344 = VECTOR('',#6345,1.);
#6345 = DIRECTION('',(0.,0.,1.));
#6346 = PLANE('',#6347);
#6347 = AXIS2_PLACEMENT_3D('',#6348,#6349,#6350);
#6348 = CARTESIAN_POINT('',(-0.8,-0.4,0.));
#6349 = DIRECTION('',(0.,1.,0.));
#6350 = DIRECTION('',(0.,-0.,1.));
#6351 = ADVANCED_FACE('',(#6352,#6441),#6467,.F.);
#6352 = FACE_BOUND('',#6353,.F.);
#6353 = EDGE_LOOP('',(#6354,#6362,#6363,#6371,#6379,#6387,#6395,#6403,
    #6411,#6419,#6427,#6435));
#6354 = ORIENTED_EDGE('',*,*,#6355,.F.);
#6355 = EDGE_CURVE('',#6043,#6356,#6358,.T.);
#6356 = VERTEX_POINT('',#6357);
#6357 = CARTESIAN_POINT('',(-0.725,-0.3,3.E-02));
#6358 = LINE('',#6359,#6360);
#6359 = CARTESIAN_POINT('',(-0.725,-0.35,3.E-02));
#6360 = VECTOR('',#6361,1.);
#6361 = DIRECTION('',(0.,1.,0.));
#6362 = ORIENTED_EDGE('',*,*,#6105,.T.);
#6363 = ORIENTED_EDGE('',*,*,#6364,.F.);
#6364 = EDGE_CURVE('',#6365,#6098,#6367,.T.);
#6365 = VERTEX_POINT('',#6366);
#6366 = CARTESIAN_POINT('',(0.725,-0.3,3.E-02));
#6367 = LINE('',#6368,#6369);
#6368 = CARTESIAN_POINT('',(0.725,-0.45,3.E-02));
#6369 = VECTOR('',#6370,1.);
#6370 = DIRECTION('',(0.,-1.,0.));
#6371 = ORIENTED_EDGE('',*,*,#6372,.F.);
#6372 = EDGE_CURVE('',#6373,#6365,#6375,.T.);
#6373 = VERTEX_POINT('',#6374);
#6374 = CARTESIAN_POINT('',(0.5,-0.3,3.E-02));
#6375 = LINE('',#6376,#6377);
#6376 = CARTESIAN_POINT('',(-2.25E-02,-0.3,3.E-02));
#6377 = VECTOR('',#6378,1.);
#6378 = DIRECTION('',(1.,0.,0.));
#6379 = ORIENTED_EDGE('',*,*,#6380,.T.);
#6380 = EDGE_CURVE('',#6373,#6381,#6383,.T.);
#6381 = VERTEX_POINT('',#6382);
#6382 = CARTESIAN_POINT('',(0.5,0.3,3.E-02));
#6383 = LINE('',#6384,#6385);
#6384 = CARTESIAN_POINT('',(0.5,-0.4,3.E-02));
#6385 = VECTOR('',#6386,1.);
#6386 = DIRECTION('',(0.,1.,0.));
#6387 = ORIENTED_EDGE('',*,*,#6388,.F.);
#6388 = EDGE_CURVE('',#6389,#6381,#6391,.T.);
#6389 = VERTEX_POINT('',#6390);
#6390 = CARTESIAN_POINT('',(0.725,0.3,3.E-02));
#6391 = LINE('',#6392,#6393);
#6392 = CARTESIAN_POINT('',(-0.7475,0.3,3.E-02));
#6393 = VECTOR('',#6394,1.);
#6394 = DIRECTION('',(-1.,0.,0.));
#6395 = ORIENTED_EDGE('',*,*,#6396,.F.);
#6396 = EDGE_CURVE('',#6397,#6389,#6399,.T.);
#6397 = VERTEX_POINT('',#6398);
#6398 = CARTESIAN_POINT('',(0.725,0.4,3.E-02));
#6399 = LINE('',#6400,#6401);
#6400 = CARTESIAN_POINT('',(0.725,-5.E-02,3.E-02));
#6401 = VECTOR('',#6402,1.);
#6402 = DIRECTION('',(0.,-1.,0.));
#6403 = ORIENTED_EDGE('',*,*,#6404,.F.);
#6404 = EDGE_CURVE('',#6405,#6397,#6407,.T.);
#6405 = VERTEX_POINT('',#6406);
#6406 = CARTESIAN_POINT('',(-0.725,0.4,3.E-02));
#6407 = LINE('',#6408,#6409);
#6408 = CARTESIAN_POINT('',(-0.77,0.4,3.E-02));
#6409 = VECTOR('',#6410,1.);
#6410 = DIRECTION('',(1.,0.,0.));
#6411 = ORIENTED_EDGE('',*,*,#6412,.F.);
#6412 = EDGE_CURVE('',#6413,#6405,#6415,.T.);
#6413 = VERTEX_POINT('',#6414);
#6414 = CARTESIAN_POINT('',(-0.725,0.3,3.E-02));
#6415 = LINE('',#6416,#6417);
#6416 = CARTESIAN_POINT('',(-0.725,5.E-02,3.E-02));
#6417 = VECTOR('',#6418,1.);
#6418 = DIRECTION('',(0.,1.,0.));
#6419 = ORIENTED_EDGE('',*,*,#6420,.F.);
#6420 = EDGE_CURVE('',#6421,#6413,#6423,.T.);
#6421 = VERTEX_POINT('',#6422);
#6422 = CARTESIAN_POINT('',(-0.5,0.3,3.E-02));
#6423 = LINE('',#6424,#6425);
#6424 = CARTESIAN_POINT('',(-0.7475,0.3,3.E-02));
#6425 = VECTOR('',#6426,1.);
#6426 = DIRECTION('',(-1.,0.,0.));
#6427 = ORIENTED_EDGE('',*,*,#6428,.F.);
#6428 = EDGE_CURVE('',#6429,#6421,#6431,.T.);
#6429 = VERTEX_POINT('',#6430);
#6430 = CARTESIAN_POINT('',(-0.5,-0.3,3.E-02));
#6431 = LINE('',#6432,#6433);
#6432 = CARTESIAN_POINT('',(-0.5,-0.4,3.E-02));
#6433 = VECTOR('',#6434,1.);
#6434 = DIRECTION('',(0.,1.,0.));
#6435 = ORIENTED_EDGE('',*,*,#6436,.F.);
#6436 = EDGE_CURVE('',#6356,#6429,#6437,.T.);
#6437 = LINE('',#6438,#6439);
#6438 = CARTESIAN_POINT('',(-2.25E-02,-0.3,3.E-02));
#6439 = VECTOR('',#6440,1.);
#6440 = DIRECTION('',(1.,0.,0.));
#6441 = FACE_BOUND('',#6442,.F.);
#6442 = EDGE_LOOP('',(#6443,#6453,#6461));
#6443 = ORIENTED_EDGE('',*,*,#6444,.T.);
#6444 = EDGE_CURVE('',#6445,#6447,#6449,.T.);
#6445 = VERTEX_POINT('',#6446);
#6446 = CARTESIAN_POINT('',(0.277128129211,0.32,3.E-02));
#6447 = VERTEX_POINT('',#6448);
#6448 = CARTESIAN_POINT('',(0.277128129211,-0.32,3.E-02));
#6449 = LINE('',#6450,#6451);
#6450 = CARTESIAN_POINT('',(0.277128129211,0.32,3.E-02));
#6451 = VECTOR('',#6452,1.);
#6452 = DIRECTION('',(0.,-1.,0.));
#6453 = ORIENTED_EDGE('',*,*,#6454,.T.);
#6454 = EDGE_CURVE('',#6447,#6455,#6457,.T.);
#6455 = VERTEX_POINT('',#6456);
#6456 = CARTESIAN_POINT('',(-0.277128129211,0.,3.E-02));
#6457 = LINE('',#6458,#6459);
#6458 = CARTESIAN_POINT('',(0.277128129211,-0.32,3.E-02));
#6459 = VECTOR('',#6460,1.);
#6460 = DIRECTION('',(-0.866025403784,0.5,0.));
#6461 = ORIENTED_EDGE('',*,*,#6462,.T.);
#6462 = EDGE_CURVE('',#6455,#6445,#6463,.T.);
#6463 = LINE('',#6464,#6465);
#6464 = CARTESIAN_POINT('',(-0.277128129211,0.,3.E-02));
#6465 = VECTOR('',#6466,1.);
#6466 = DIRECTION('',(0.866025403784,0.5,0.));
#6467 = PLANE('',#6468);
#6468 = AXIS2_PLACEMENT_3D('',#6469,#6470,#6471);
#6469 = CARTESIAN_POINT('',(-0.77,-0.4,3.E-02));
#6470 = DIRECTION('',(0.,0.,1.));
#6471 = DIRECTION('',(1.,0.,-0.));
#6472 = ADVANCED_FACE('',(#6473),#6534,.F.);
#6473 = FACE_BOUND('',#6474,.F.);
#6474 = EDGE_LOOP('',(#6475,#6485,#6491,#6492,#6493,#6494,#6502,#6510,
    #6519,#6527));
#6475 = ORIENTED_EDGE('',*,*,#6476,.F.);
#6476 = EDGE_CURVE('',#6477,#6479,#6481,.T.);
#6477 = VERTEX_POINT('',#6478);
#6478 = CARTESIAN_POINT('',(0.725,-0.4,0.));
#6479 = VERTEX_POINT('',#6480);
#6480 = CARTESIAN_POINT('',(0.77,-0.4,-3.469446951954E-18));
#6481 = LINE('',#6482,#6483);
#6482 = CARTESIAN_POINT('',(0.5,-0.4,0.));
#6483 = VECTOR('',#6484,1.);
#6484 = DIRECTION('',(1.,0.,0.));
#6485 = ORIENTED_EDGE('',*,*,#6486,.F.);
#6486 = EDGE_CURVE('',#6098,#6477,#6487,.T.);
#6487 = LINE('',#6488,#6489);
#6488 = CARTESIAN_POINT('',(0.725,-0.4,0.375));
#6489 = VECTOR('',#6490,1.);
#6490 = DIRECTION('',(0.,0.,-1.));
#6491 = ORIENTED_EDGE('',*,*,#6097,.T.);
#6492 = ORIENTED_EDGE('',*,*,#6089,.T.);
#6493 = ORIENTED_EDGE('',*,*,#6081,.F.);
#6494 = ORIENTED_EDGE('',*,*,#6495,.F.);
#6495 = EDGE_CURVE('',#6496,#6074,#6498,.T.);
#6496 = VERTEX_POINT('',#6497);
#6497 = CARTESIAN_POINT('',(0.725,-0.4,0.5));
#6498 = LINE('',#6499,#6500);
#6499 = CARTESIAN_POINT('',(0.725,-0.4,0.375));
#6500 = VECTOR('',#6501,1.);
#6501 = DIRECTION('',(0.,0.,-1.));
#6502 = ORIENTED_EDGE('',*,*,#6503,.T.);
#6503 = EDGE_CURVE('',#6496,#6504,#6506,.T.);
#6504 = VERTEX_POINT('',#6505);
#6505 = CARTESIAN_POINT('',(0.77,-0.4,0.5));
#6506 = LINE('',#6507,#6508);
#6507 = CARTESIAN_POINT('',(0.5,-0.4,0.5));
#6508 = VECTOR('',#6509,1.);
#6509 = DIRECTION('',(1.,0.,0.));
#6510 = ORIENTED_EDGE('',*,*,#6511,.F.);
#6511 = EDGE_CURVE('',#6512,#6504,#6514,.T.);
#6512 = VERTEX_POINT('',#6513);
#6513 = CARTESIAN_POINT('',(0.8,-0.4,0.47));
#6514 = CIRCLE('',#6515,3.E-02);
#6515 = AXIS2_PLACEMENT_3D('',#6516,#6517,#6518);
#6516 = CARTESIAN_POINT('',(0.77,-0.4,0.47));
#6517 = DIRECTION('',(0.,-1.,0.));
#6518 = DIRECTION('',(0.,0.,1.));
#6519 = ORIENTED_EDGE('',*,*,#6520,.F.);
#6520 = EDGE_CURVE('',#6521,#6512,#6523,.T.);
#6521 = VERTEX_POINT('',#6522);
#6522 = CARTESIAN_POINT('',(0.8,-0.4,3.E-02));
#6523 = LINE('',#6524,#6525);
#6524 = CARTESIAN_POINT('',(0.8,-0.4,0.));
#6525 = VECTOR('',#6526,1.);
#6526 = DIRECTION('',(0.,0.,1.));
#6527 = ORIENTED_EDGE('',*,*,#6528,.T.);
#6528 = EDGE_CURVE('',#6521,#6479,#6529,.T.);
#6529 = CIRCLE('',#6530,3.E-02);
#6530 = AXIS2_PLACEMENT_3D('',#6531,#6532,#6533);
#6531 = CARTESIAN_POINT('',(0.77,-0.4,3.E-02));
#6532 = DIRECTION('',(0.,1.,0.));
#6533 = DIRECTION('',(0.,-0.,1.));
#6534 = PLANE('',#6535);
#6535 = AXIS2_PLACEMENT_3D('',#6536,#6537,#6538);
#6536 = CARTESIAN_POINT('',(0.5,-0.4,0.));
#6537 = DIRECTION('',(0.,1.,0.));
#6538 = DIRECTION('',(0.,-0.,1.));
#6539 = ADVANCED_FACE('',(#6540),#6558,.T.);
#6540 = FACE_BOUND('',#6541,.T.);
#6541 = EDGE_LOOP('',(#6542,#6550,#6551,#6552));
#6542 = ORIENTED_EDGE('',*,*,#6543,.F.);
#6543 = EDGE_CURVE('',#6146,#6544,#6546,.T.);
#6544 = VERTEX_POINT('',#6545);
#6545 = CARTESIAN_POINT('',(0.725,-0.3,0.47));
#6546 = LINE('',#6547,#6548);
#6547 = CARTESIAN_POINT('',(-2.25E-02,-0.3,0.47));
#6548 = VECTOR('',#6549,1.);
#6549 = DIRECTION('',(1.,0.,0.));
#6550 = ORIENTED_EDGE('',*,*,#6145,.T.);
#6551 = ORIENTED_EDGE('',*,*,#6073,.T.);
#6552 = ORIENTED_EDGE('',*,*,#6553,.F.);
#6553 = EDGE_CURVE('',#6544,#6074,#6554,.T.);
#6554 = LINE('',#6555,#6556);
#6555 = CARTESIAN_POINT('',(0.725,-0.45,0.47));
#6556 = VECTOR('',#6557,1.);
#6557 = DIRECTION('',(0.,-1.,0.));
#6558 = PLANE('',#6559);
#6559 = AXIS2_PLACEMENT_3D('',#6560,#6561,#6562);
#6560 = CARTESIAN_POINT('',(-0.77,-0.4,0.47));
#6561 = DIRECTION('',(0.,0.,1.));
#6562 = DIRECTION('',(1.,0.,-0.));
#6563 = ADVANCED_FACE('',(#6564),#6589,.T.);
#6564 = FACE_BOUND('',#6565,.T.);
#6565 = EDGE_LOOP('',(#6566,#6574,#6575,#6583));
#6566 = ORIENTED_EDGE('',*,*,#6567,.F.);
#6567 = EDGE_CURVE('',#6162,#6568,#6570,.T.);
#6568 = VERTEX_POINT('',#6569);
#6569 = CARTESIAN_POINT('',(0.725,0.4,0.47));
#6570 = LINE('',#6571,#6572);
#6571 = CARTESIAN_POINT('',(-0.77,0.4,0.47));
#6572 = VECTOR('',#6573,1.);
#6573 = DIRECTION('',(1.,0.,0.));
#6574 = ORIENTED_EDGE('',*,*,#6161,.T.);
#6575 = ORIENTED_EDGE('',*,*,#6576,.F.);
#6576 = EDGE_CURVE('',#6577,#6154,#6579,.T.);
#6577 = VERTEX_POINT('',#6578);
#6578 = CARTESIAN_POINT('',(0.725,0.3,0.47));
#6579 = LINE('',#6580,#6581);
#6580 = CARTESIAN_POINT('',(-0.7475,0.3,0.47));
#6581 = VECTOR('',#6582,1.);
#6582 = DIRECTION('',(-1.,0.,0.));
#6583 = ORIENTED_EDGE('',*,*,#6584,.F.);
#6584 = EDGE_CURVE('',#6568,#6577,#6585,.T.);
#6585 = LINE('',#6586,#6587);
#6586 = CARTESIAN_POINT('',(0.725,-5.E-02,0.47));
#6587 = VECTOR('',#6588,1.);
#6588 = DIRECTION('',(0.,-1.,0.));
#6589 = PLANE('',#6590);
#6590 = AXIS2_PLACEMENT_3D('',#6591,#6592,#6593);
#6591 = CARTESIAN_POINT('',(-0.77,-0.4,0.47));
#6592 = DIRECTION('',(0.,0.,1.));
#6593 = DIRECTION('',(1.,0.,-0.));
#6594 = ADVANCED_FACE('',(#6595),#6622,.T.);
#6595 = FACE_BOUND('',#6596,.T.);
#6596 = EDGE_LOOP('',(#6597,#6598,#6607,#6615));
#6597 = ORIENTED_EDGE('',*,*,#6153,.F.);
#6598 = ORIENTED_EDGE('',*,*,#6599,.T.);
#6599 = EDGE_CURVE('',#6146,#6600,#6602,.T.);
#6600 = VERTEX_POINT('',#6601);
#6601 = CARTESIAN_POINT('',(0.53,-0.3,0.5));
#6602 = CIRCLE('',#6603,3.E-02);
#6603 = AXIS2_PLACEMENT_3D('',#6604,#6605,#6606);
#6604 = CARTESIAN_POINT('',(0.53,-0.3,0.47));
#6605 = DIRECTION('',(0.,1.,-0.));
#6606 = DIRECTION('',(-1.,0.,0.));
#6607 = ORIENTED_EDGE('',*,*,#6608,.T.);
#6608 = EDGE_CURVE('',#6600,#6609,#6611,.T.);
#6609 = VERTEX_POINT('',#6610);
#6610 = CARTESIAN_POINT('',(0.53,0.3,0.5));
#6611 = LINE('',#6612,#6613);
#6612 = CARTESIAN_POINT('',(0.53,-0.4,0.5));
#6613 = VECTOR('',#6614,1.);
#6614 = DIRECTION('',(0.,1.,0.));
#6615 = ORIENTED_EDGE('',*,*,#6616,.F.);
#6616 = EDGE_CURVE('',#6154,#6609,#6617,.T.);
#6617 = CIRCLE('',#6618,3.E-02);
#6618 = AXIS2_PLACEMENT_3D('',#6619,#6620,#6621);
#6619 = CARTESIAN_POINT('',(0.53,0.3,0.47));
#6620 = DIRECTION('',(0.,1.,-0.));
#6621 = DIRECTION('',(-1.,0.,0.));
#6622 = CYLINDRICAL_SURFACE('',#6623,3.E-02);
#6623 = AXIS2_PLACEMENT_3D('',#6624,#6625,#6626);
#6624 = CARTESIAN_POINT('',(0.53,-0.4,0.47));
#6625 = DIRECTION('',(0.,1.,0.));
#6626 = DIRECTION('',(-1.,0.,0.));
#6627 = ADVANCED_FACE('',(#6628),#6678,.T.);
#6628 = FACE_BOUND('',#6629,.T.);
#6629 = EDGE_LOOP('',(#6630,#6638,#6646,#6652,#6653,#6654,#6655,#6663,
    #6671,#6677));
#6630 = ORIENTED_EDGE('',*,*,#6631,.F.);
#6631 = EDGE_CURVE('',#6632,#6405,#6634,.T.);
#6632 = VERTEX_POINT('',#6633);
#6633 = CARTESIAN_POINT('',(-0.77,0.4,3.E-02));
#6634 = LINE('',#6635,#6636);
#6635 = CARTESIAN_POINT('',(-0.77,0.4,3.E-02));
#6636 = VECTOR('',#6637,1.);
#6637 = DIRECTION('',(1.,0.,0.));
#6638 = ORIENTED_EDGE('',*,*,#6639,.T.);
#6639 = EDGE_CURVE('',#6632,#6640,#6642,.T.);
#6640 = VERTEX_POINT('',#6641);
#6641 = CARTESIAN_POINT('',(-0.77,0.4,0.47));
#6642 = LINE('',#6643,#6644);
#6643 = CARTESIAN_POINT('',(-0.77,0.4,3.E-02));
#6644 = VECTOR('',#6645,1.);
#6645 = DIRECTION('',(0.,0.,1.));
#6646 = ORIENTED_EDGE('',*,*,#6647,.T.);
#6647 = EDGE_CURVE('',#6640,#6184,#6648,.T.);
#6648 = LINE('',#6649,#6650);
#6649 = CARTESIAN_POINT('',(-0.77,0.4,0.47));
#6650 = VECTOR('',#6651,1.);
#6651 = DIRECTION('',(1.,0.,0.));
#6652 = ORIENTED_EDGE('',*,*,#6183,.T.);
#6653 = ORIENTED_EDGE('',*,*,#6217,.F.);
#6654 = ORIENTED_EDGE('',*,*,#6567,.T.);
#6655 = ORIENTED_EDGE('',*,*,#6656,.T.);
#6656 = EDGE_CURVE('',#6568,#6657,#6659,.T.);
#6657 = VERTEX_POINT('',#6658);
#6658 = CARTESIAN_POINT('',(0.77,0.4,0.47));
#6659 = LINE('',#6660,#6661);
#6660 = CARTESIAN_POINT('',(-0.77,0.4,0.47));
#6661 = VECTOR('',#6662,1.);
#6662 = DIRECTION('',(1.,0.,0.));
#6663 = ORIENTED_EDGE('',*,*,#6664,.F.);
#6664 = EDGE_CURVE('',#6665,#6657,#6667,.T.);
#6665 = VERTEX_POINT('',#6666);
#6666 = CARTESIAN_POINT('',(0.77,0.4,3.E-02));
#6667 = LINE('',#6668,#6669);
#6668 = CARTESIAN_POINT('',(0.77,0.4,3.E-02));
#6669 = VECTOR('',#6670,1.);
#6670 = DIRECTION('',(0.,0.,1.));
#6671 = ORIENTED_EDGE('',*,*,#6672,.F.);
#6672 = EDGE_CURVE('',#6397,#6665,#6673,.T.);
#6673 = LINE('',#6674,#6675);
#6674 = CARTESIAN_POINT('',(-0.77,0.4,3.E-02));
#6675 = VECTOR('',#6676,1.);
#6676 = DIRECTION('',(1.,0.,0.));
#6677 = ORIENTED_EDGE('',*,*,#6404,.F.);
#6678 = PLANE('',#6679);
#6679 = AXIS2_PLACEMENT_3D('',#6680,#6681,#6682);
#6680 = CARTESIAN_POINT('',(-0.77,0.4,3.E-02));
#6681 = DIRECTION('',(0.,1.,0.));
#6682 = DIRECTION('',(0.,-0.,1.));
#6683 = ADVANCED_FACE('',(#6684),#6702,.F.);
#6684 = FACE_BOUND('',#6685,.F.);
#6685 = EDGE_LOOP('',(#6686,#6694,#6700,#6701));
#6686 = ORIENTED_EDGE('',*,*,#6687,.F.);
#6687 = EDGE_CURVE('',#6688,#6232,#6690,.T.);
#6688 = VERTEX_POINT('',#6689);
#6689 = CARTESIAN_POINT('',(-0.725,0.3,0.5));
#6690 = LINE('',#6691,#6692);
#6691 = CARTESIAN_POINT('',(-0.7625,0.3,0.5));
#6692 = VECTOR('',#6693,1.);
#6693 = DIRECTION('',(1.,0.,0.));
#6694 = ORIENTED_EDGE('',*,*,#6695,.T.);
#6695 = EDGE_CURVE('',#6688,#6192,#6696,.T.);
#6696 = LINE('',#6697,#6698);
#6697 = CARTESIAN_POINT('',(-0.725,0.3,0.75));
#6698 = VECTOR('',#6699,1.);
#6699 = DIRECTION('',(-0.,-0.,-1.));
#6700 = ORIENTED_EDGE('',*,*,#6199,.F.);
#6701 = ORIENTED_EDGE('',*,*,#6231,.F.);
#6702 = PLANE('',#6703);
#6703 = AXIS2_PLACEMENT_3D('',#6704,#6705,#6706);
#6704 = CARTESIAN_POINT('',(-0.725,0.3,0.75));
#6705 = DIRECTION('',(0.,-1.,0.));
#6706 = DIRECTION('',(1.,0.,0.));
#6707 = ADVANCED_FACE('',(#6708),#6726,.F.);
#6708 = FACE_BOUND('',#6709,.F.);
#6709 = EDGE_LOOP('',(#6710,#6711,#6719,#6725));
#6710 = ORIENTED_EDGE('',*,*,#6695,.F.);
#6711 = ORIENTED_EDGE('',*,*,#6712,.F.);
#6712 = EDGE_CURVE('',#6713,#6688,#6715,.T.);
#6713 = VERTEX_POINT('',#6714);
#6714 = CARTESIAN_POINT('',(-0.725,0.4,0.5));
#6715 = LINE('',#6716,#6717);
#6716 = CARTESIAN_POINT('',(-0.725,5.E-02,0.5));
#6717 = VECTOR('',#6718,1.);
#6718 = DIRECTION('',(0.,-1.,0.));
#6719 = ORIENTED_EDGE('',*,*,#6720,.F.);
#6720 = EDGE_CURVE('',#6184,#6713,#6721,.T.);
#6721 = LINE('',#6722,#6723);
#6722 = CARTESIAN_POINT('',(-0.725,0.4,0.375));
#6723 = VECTOR('',#6724,1.);
#6724 = DIRECTION('',(0.,0.,1.));
#6725 = ORIENTED_EDGE('',*,*,#6191,.F.);
#6726 = PLANE('',#6727);
#6727 = AXIS2_PLACEMENT_3D('',#6728,#6729,#6730);
#6728 = CARTESIAN_POINT('',(-0.725,0.5,0.75));
#6729 = DIRECTION('',(-1.,0.,0.));
#6730 = DIRECTION('',(0.,-1.,0.));
#6731 = ADVANCED_FACE('',(#6732),#6750,.F.);
#6732 = FACE_BOUND('',#6733,.F.);
#6733 = EDGE_LOOP('',(#6734,#6742,#6748,#6749));
#6734 = ORIENTED_EDGE('',*,*,#6735,.F.);
#6735 = EDGE_CURVE('',#6736,#6265,#6738,.T.);
#6736 = VERTEX_POINT('',#6737);
#6737 = CARTESIAN_POINT('',(-0.725,-0.3,0.5));
#6738 = LINE('',#6739,#6740);
#6739 = CARTESIAN_POINT('',(-0.725,-0.3,0.75));
#6740 = VECTOR('',#6741,1.);
#6741 = DIRECTION('',(-0.,-0.,-1.));
#6742 = ORIENTED_EDGE('',*,*,#6743,.F.);
#6743 = EDGE_CURVE('',#6241,#6736,#6744,.T.);
#6744 = LINE('',#6745,#6746);
#6745 = CARTESIAN_POINT('',(-3.75E-02,-0.3,0.5));
#6746 = VECTOR('',#6747,1.);
#6747 = DIRECTION('',(-1.,0.,0.));
#6748 = ORIENTED_EDGE('',*,*,#6248,.T.);
#6749 = ORIENTED_EDGE('',*,*,#6274,.F.);
#6750 = PLANE('',#6751);
#6751 = AXIS2_PLACEMENT_3D('',#6752,#6753,#6754);
#6752 = CARTESIAN_POINT('',(0.725,-0.3,0.75));
#6753 = DIRECTION('',(0.,1.,0.));
#6754 = DIRECTION('',(-1.,0.,0.));
#6755 = ADVANCED_FACE('',(#6756),#6783,.T.);
#6756 = FACE_BOUND('',#6757,.T.);
#6757 = EDGE_LOOP('',(#6758,#6766,#6772,#6773,#6779,#6780,#6781,#6782));
#6758 = ORIENTED_EDGE('',*,*,#6759,.F.);
#6759 = EDGE_CURVE('',#6760,#6713,#6762,.T.);
#6760 = VERTEX_POINT('',#6761);
#6761 = CARTESIAN_POINT('',(-0.77,0.4,0.5));
#6762 = LINE('',#6763,#6764);
#6763 = CARTESIAN_POINT('',(-0.8,0.4,0.5));
#6764 = VECTOR('',#6765,1.);
#6765 = DIRECTION('',(1.,0.,0.));
#6766 = ORIENTED_EDGE('',*,*,#6767,.F.);
#6767 = EDGE_CURVE('',#6316,#6760,#6768,.T.);
#6768 = LINE('',#6769,#6770);
#6769 = CARTESIAN_POINT('',(-0.77,-0.4,0.5));
#6770 = VECTOR('',#6771,1.);
#6771 = DIRECTION('',(0.,1.,0.));
#6772 = ORIENTED_EDGE('',*,*,#6324,.T.);
#6773 = ORIENTED_EDGE('',*,*,#6774,.F.);
#6774 = EDGE_CURVE('',#6736,#6325,#6775,.T.);
#6775 = LINE('',#6776,#6777);
#6776 = CARTESIAN_POINT('',(-0.725,-0.35,0.5));
#6777 = VECTOR('',#6778,1.);
#6778 = DIRECTION('',(0.,-1.,0.));
#6779 = ORIENTED_EDGE('',*,*,#6743,.F.);
#6780 = ORIENTED_EDGE('',*,*,#6240,.T.);
#6781 = ORIENTED_EDGE('',*,*,#6687,.F.);
#6782 = ORIENTED_EDGE('',*,*,#6712,.F.);
#6783 = PLANE('',#6784);
#6784 = AXIS2_PLACEMENT_3D('',#6785,#6786,#6787);
#6785 = CARTESIAN_POINT('',(-0.8,-0.4,0.5));
#6786 = DIRECTION('',(0.,0.,1.));
#6787 = DIRECTION('',(1.,0.,-0.));
#6788 = ADVANCED_FACE('',(#6789),#6795,.F.);
#6789 = FACE_BOUND('',#6790,.F.);
#6790 = EDGE_LOOP('',(#6791,#6792,#6793,#6794));
#6791 = ORIENTED_EDGE('',*,*,#6774,.F.);
#6792 = ORIENTED_EDGE('',*,*,#6735,.T.);
#6793 = ORIENTED_EDGE('',*,*,#6264,.F.);
#6794 = ORIENTED_EDGE('',*,*,#6332,.T.);
#6795 = PLANE('',#6796);
#6796 = AXIS2_PLACEMENT_3D('',#6797,#6798,#6799);
#6797 = CARTESIAN_POINT('',(-0.725,-0.3,0.75));
#6798 = DIRECTION('',(-1.,0.,0.));
#6799 = DIRECTION('',(0.,-1.,0.));
#6800 = ADVANCED_FACE('',(#6801),#6858,.F.);
#6801 = FACE_BOUND('',#6802,.F.);
#6802 = EDGE_LOOP('',(#6803,#6813,#6819,#6820,#6828,#6836,#6844,#6852));
#6803 = ORIENTED_EDGE('',*,*,#6804,.F.);
#6804 = EDGE_CURVE('',#6805,#6807,#6809,.T.);
#6805 = VERTEX_POINT('',#6806);
#6806 = CARTESIAN_POINT('',(-0.77,0.4,-3.469446951954E-18));
#6807 = VERTEX_POINT('',#6808);
#6808 = CARTESIAN_POINT('',(-0.725,0.4,0.));
#6809 = LINE('',#6810,#6811);
#6810 = CARTESIAN_POINT('',(-0.8,0.4,0.));
#6811 = VECTOR('',#6812,1.);
#6812 = DIRECTION('',(1.,0.,0.));
#6813 = ORIENTED_EDGE('',*,*,#6814,.F.);
#6814 = EDGE_CURVE('',#6289,#6805,#6815,.T.);
#6815 = LINE('',#6816,#6817);
#6816 = CARTESIAN_POINT('',(-0.77,-0.4,-3.469446951954E-18));
#6817 = VECTOR('',#6818,1.);
#6818 = DIRECTION('',(0.,1.,0.));
#6819 = ORIENTED_EDGE('',*,*,#6288,.T.);
#6820 = ORIENTED_EDGE('',*,*,#6821,.F.);
#6821 = EDGE_CURVE('',#6822,#6291,#6824,.T.);
#6822 = VERTEX_POINT('',#6823);
#6823 = CARTESIAN_POINT('',(-0.725,-0.3,0.));
#6824 = LINE('',#6825,#6826);
#6825 = CARTESIAN_POINT('',(-0.725,-0.35,0.));
#6826 = VECTOR('',#6827,1.);
#6827 = DIRECTION('',(0.,-1.,0.));
#6828 = ORIENTED_EDGE('',*,*,#6829,.F.);
#6829 = EDGE_CURVE('',#6830,#6822,#6832,.T.);
#6830 = VERTEX_POINT('',#6831);
#6831 = CARTESIAN_POINT('',(-0.53,-0.3,-3.469446951954E-18));
#6832 = LINE('',#6833,#6834);
#6833 = CARTESIAN_POINT('',(-3.75E-02,-0.3,0.));
#6834 = VECTOR('',#6835,1.);
#6835 = DIRECTION('',(-1.,0.,0.));
#6836 = ORIENTED_EDGE('',*,*,#6837,.T.);
#6837 = EDGE_CURVE('',#6830,#6838,#6840,.T.);
#6838 = VERTEX_POINT('',#6839);
#6839 = CARTESIAN_POINT('',(-0.53,0.3,-3.469446951954E-18));
#6840 = LINE('',#6841,#6842);
#6841 = CARTESIAN_POINT('',(-0.53,-0.4,-3.469446951954E-18));
#6842 = VECTOR('',#6843,1.);
#6843 = DIRECTION('',(0.,1.,0.));
#6844 = ORIENTED_EDGE('',*,*,#6845,.F.);
#6845 = EDGE_CURVE('',#6846,#6838,#6848,.T.);
#6846 = VERTEX_POINT('',#6847);
#6847 = CARTESIAN_POINT('',(-0.725,0.3,0.));
#6848 = LINE('',#6849,#6850);
#6849 = CARTESIAN_POINT('',(-0.7625,0.3,0.));
#6850 = VECTOR('',#6851,1.);
#6851 = DIRECTION('',(1.,0.,0.));
#6852 = ORIENTED_EDGE('',*,*,#6853,.F.);
#6853 = EDGE_CURVE('',#6807,#6846,#6854,.T.);
#6854 = LINE('',#6855,#6856);
#6855 = CARTESIAN_POINT('',(-0.725,5.E-02,0.));
#6856 = VECTOR('',#6857,1.);
#6857 = DIRECTION('',(0.,-1.,0.));
#6858 = PLANE('',#6859);
#6859 = AXIS2_PLACEMENT_3D('',#6860,#6861,#6862);
#6860 = CARTESIAN_POINT('',(-0.8,-0.4,0.));
#6861 = DIRECTION('',(0.,0.,1.));
#6862 = DIRECTION('',(1.,0.,-0.));
#6863 = ADVANCED_FACE('',(#6864),#6883,.T.);
#6864 = FACE_BOUND('',#6865,.T.);
#6865 = EDGE_LOOP('',(#6866,#6874,#6881,#6882));
#6866 = ORIENTED_EDGE('',*,*,#6867,.T.);
#6867 = EDGE_CURVE('',#6299,#6868,#6870,.T.);
#6868 = VERTEX_POINT('',#6869);
#6869 = CARTESIAN_POINT('',(-0.8,0.4,3.E-02));
#6870 = LINE('',#6871,#6872);
#6871 = CARTESIAN_POINT('',(-0.8,-0.4,3.E-02));
#6872 = VECTOR('',#6873,1.);
#6873 = DIRECTION('',(0.,1.,0.));
#6874 = ORIENTED_EDGE('',*,*,#6875,.T.);
#6875 = EDGE_CURVE('',#6868,#6805,#6876,.T.);
#6876 = CIRCLE('',#6877,3.E-02);
#6877 = AXIS2_PLACEMENT_3D('',#6878,#6879,#6880);
#6878 = CARTESIAN_POINT('',(-0.77,0.4,3.E-02));
#6879 = DIRECTION('',(0.,-1.,0.));
#6880 = DIRECTION('',(0.,0.,1.));
#6881 = ORIENTED_EDGE('',*,*,#6814,.F.);
#6882 = ORIENTED_EDGE('',*,*,#6298,.F.);
#6883 = CYLINDRICAL_SURFACE('',#6884,3.E-02);
#6884 = AXIS2_PLACEMENT_3D('',#6885,#6886,#6887);
#6885 = CARTESIAN_POINT('',(-0.77,-0.4,3.E-02));
#6886 = DIRECTION('',(0.,1.,0.));
#6887 = DIRECTION('',(-1.,0.,0.));
#6888 = ADVANCED_FACE('',(#6889),#6900,.F.);
#6889 = FACE_BOUND('',#6890,.F.);
#6890 = EDGE_LOOP('',(#6891,#6892,#6898,#6899));
#6891 = ORIENTED_EDGE('',*,*,#6355,.T.);
#6892 = ORIENTED_EDGE('',*,*,#6893,.T.);
#6893 = EDGE_CURVE('',#6356,#6822,#6894,.T.);
#6894 = LINE('',#6895,#6896);
#6895 = CARTESIAN_POINT('',(-0.725,-0.3,0.75));
#6896 = VECTOR('',#6897,1.);
#6897 = DIRECTION('',(-0.,-0.,-1.));
#6898 = ORIENTED_EDGE('',*,*,#6821,.T.);
#6899 = ORIENTED_EDGE('',*,*,#6341,.T.);
#6900 = PLANE('',#6901);
#6901 = AXIS2_PLACEMENT_3D('',#6902,#6903,#6904);
#6902 = CARTESIAN_POINT('',(-0.725,-0.3,0.75));
#6903 = DIRECTION('',(-1.,0.,0.));
#6904 = DIRECTION('',(0.,-1.,0.));
#6905 = ADVANCED_FACE('',(#6906),#6924,.F.);
#6906 = FACE_BOUND('',#6907,.F.);
#6907 = EDGE_LOOP('',(#6908,#6909,#6910,#6918));
#6908 = ORIENTED_EDGE('',*,*,#6307,.F.);
#6909 = ORIENTED_EDGE('',*,*,#6867,.T.);
#6910 = ORIENTED_EDGE('',*,*,#6911,.T.);
#6911 = EDGE_CURVE('',#6868,#6912,#6914,.T.);
#6912 = VERTEX_POINT('',#6913);
#6913 = CARTESIAN_POINT('',(-0.8,0.4,0.47));
#6914 = LINE('',#6915,#6916);
#6915 = CARTESIAN_POINT('',(-0.8,0.4,0.));
#6916 = VECTOR('',#6917,1.);
#6917 = DIRECTION('',(0.,0.,1.));
#6918 = ORIENTED_EDGE('',*,*,#6919,.F.);
#6919 = EDGE_CURVE('',#6308,#6912,#6920,.T.);
#6920 = LINE('',#6921,#6922);
#6921 = CARTESIAN_POINT('',(-0.8,-0.4,0.47));
#6922 = VECTOR('',#6923,1.);
#6923 = DIRECTION('',(0.,1.,0.));
#6924 = PLANE('',#6925);
#6925 = AXIS2_PLACEMENT_3D('',#6926,#6927,#6928);
#6926 = CARTESIAN_POINT('',(-0.8,-0.4,0.));
#6927 = DIRECTION('',(1.,0.,0.));
#6928 = DIRECTION('',(0.,0.,1.));
#6929 = ADVANCED_FACE('',(#6930),#6942,.T.);
#6930 = FACE_BOUND('',#6931,.T.);
#6931 = EDGE_LOOP('',(#6932,#6933,#6934,#6941));
#6932 = ORIENTED_EDGE('',*,*,#6315,.T.);
#6933 = ORIENTED_EDGE('',*,*,#6767,.T.);
#6934 = ORIENTED_EDGE('',*,*,#6935,.F.);
#6935 = EDGE_CURVE('',#6912,#6760,#6936,.T.);
#6936 = CIRCLE('',#6937,3.E-02);
#6937 = AXIS2_PLACEMENT_3D('',#6938,#6939,#6940);
#6938 = CARTESIAN_POINT('',(-0.77,0.4,0.47));
#6939 = DIRECTION('',(0.,1.,0.));
#6940 = DIRECTION('',(0.,-0.,1.));
#6941 = ORIENTED_EDGE('',*,*,#6919,.F.);
#6942 = CYLINDRICAL_SURFACE('',#6943,3.E-02);
#6943 = AXIS2_PLACEMENT_3D('',#6944,#6945,#6946);
#6944 = CARTESIAN_POINT('',(-0.77,-0.4,0.47));
#6945 = DIRECTION('',(0.,1.,0.));
#6946 = DIRECTION('',(-1.,0.,0.));
#6947 = ADVANCED_FACE('',(#6948),#6960,.F.);
#6948 = FACE_BOUND('',#6949,.F.);
#6949 = EDGE_LOOP('',(#6950,#6951,#6952,#6959));
#6950 = ORIENTED_EDGE('',*,*,#6893,.F.);
#6951 = ORIENTED_EDGE('',*,*,#6436,.T.);
#6952 = ORIENTED_EDGE('',*,*,#6953,.T.);
#6953 = EDGE_CURVE('',#6429,#6830,#6954,.T.);
#6954 = CIRCLE('',#6955,3.E-02);
#6955 = AXIS2_PLACEMENT_3D('',#6956,#6957,#6958);
#6956 = CARTESIAN_POINT('',(-0.53,-0.3,3.E-02));
#6957 = DIRECTION('',(-0.,1.,0.));
#6958 = DIRECTION('',(1.,0.,0.));
#6959 = ORIENTED_EDGE('',*,*,#6829,.T.);
#6960 = PLANE('',#6961);
#6961 = AXIS2_PLACEMENT_3D('',#6962,#6963,#6964);
#6962 = CARTESIAN_POINT('',(0.725,-0.3,0.75));
#6963 = DIRECTION('',(0.,1.,0.));
#6964 = DIRECTION('',(-1.,0.,0.));
#6965 = ADVANCED_FACE('',(#6966),#6978,.T.);
#6966 = FACE_BOUND('',#6967,.T.);
#6967 = EDGE_LOOP('',(#6968,#6969,#6970,#6971));
#6968 = ORIENTED_EDGE('',*,*,#6428,.F.);
#6969 = ORIENTED_EDGE('',*,*,#6953,.T.);
#6970 = ORIENTED_EDGE('',*,*,#6837,.T.);
#6971 = ORIENTED_EDGE('',*,*,#6972,.F.);
#6972 = EDGE_CURVE('',#6421,#6838,#6973,.T.);
#6973 = CIRCLE('',#6974,3.E-02);
#6974 = AXIS2_PLACEMENT_3D('',#6975,#6976,#6977);
#6975 = CARTESIAN_POINT('',(-0.53,0.3,3.E-02));
#6976 = DIRECTION('',(-0.,1.,0.));
#6977 = DIRECTION('',(1.,0.,0.));
#6978 = CYLINDRICAL_SURFACE('',#6979,3.E-02);
#6979 = AXIS2_PLACEMENT_3D('',#6980,#6981,#6982);
#6980 = CARTESIAN_POINT('',(-0.53,-0.4,3.E-02));
#6981 = DIRECTION('',(0.,1.,0.));
#6982 = DIRECTION('',(1.,0.,0.));
#6983 = ADVANCED_FACE('',(#6984),#6995,.F.);
#6984 = FACE_BOUND('',#6985,.F.);
#6985 = EDGE_LOOP('',(#6986,#6987,#6993,#6994));
#6986 = ORIENTED_EDGE('',*,*,#6420,.T.);
#6987 = ORIENTED_EDGE('',*,*,#6988,.T.);
#6988 = EDGE_CURVE('',#6413,#6846,#6989,.T.);
#6989 = LINE('',#6990,#6991);
#6990 = CARTESIAN_POINT('',(-0.725,0.3,0.75));
#6991 = VECTOR('',#6992,1.);
#6992 = DIRECTION('',(-0.,-0.,-1.));
#6993 = ORIENTED_EDGE('',*,*,#6845,.T.);
#6994 = ORIENTED_EDGE('',*,*,#6972,.F.);
#6995 = PLANE('',#6996);
#6996 = AXIS2_PLACEMENT_3D('',#6997,#6998,#6999);
#6997 = CARTESIAN_POINT('',(-0.725,0.3,0.75));
#6998 = DIRECTION('',(0.,-1.,0.));
#6999 = DIRECTION('',(1.,0.,0.));
#7000 = ADVANCED_FACE('',(#7001),#7012,.F.);
#7001 = FACE_BOUND('',#7002,.F.);
#7002 = EDGE_LOOP('',(#7003,#7004,#7005,#7011));
#7003 = ORIENTED_EDGE('',*,*,#6988,.F.);
#7004 = ORIENTED_EDGE('',*,*,#6412,.T.);
#7005 = ORIENTED_EDGE('',*,*,#7006,.F.);
#7006 = EDGE_CURVE('',#6807,#6405,#7007,.T.);
#7007 = LINE('',#7008,#7009);
#7008 = CARTESIAN_POINT('',(-0.725,0.4,0.375));
#7009 = VECTOR('',#7010,1.);
#7010 = DIRECTION('',(0.,0.,1.));
#7011 = ORIENTED_EDGE('',*,*,#6853,.T.);
#7012 = PLANE('',#7013);
#7013 = AXIS2_PLACEMENT_3D('',#7014,#7015,#7016);
#7014 = CARTESIAN_POINT('',(-0.725,0.5,0.75));
#7015 = DIRECTION('',(-1.,0.,0.));
#7016 = DIRECTION('',(0.,-1.,0.));
#7017 = ADVANCED_FACE('',(#7018),#7043,.F.);
#7018 = FACE_BOUND('',#7019,.F.);
#7019 = EDGE_LOOP('',(#7020,#7021,#7029,#7037));
#7020 = ORIENTED_EDGE('',*,*,#6396,.T.);
#7021 = ORIENTED_EDGE('',*,*,#7022,.T.);
#7022 = EDGE_CURVE('',#6389,#7023,#7025,.T.);
#7023 = VERTEX_POINT('',#7024);
#7024 = CARTESIAN_POINT('',(0.725,0.3,0.));
#7025 = LINE('',#7026,#7027);
#7026 = CARTESIAN_POINT('',(0.725,0.3,0.75));
#7027 = VECTOR('',#7028,1.);
#7028 = DIRECTION('',(-0.,-0.,-1.));
#7029 = ORIENTED_EDGE('',*,*,#7030,.T.);
#7030 = EDGE_CURVE('',#7023,#7031,#7033,.T.);
#7031 = VERTEX_POINT('',#7032);
#7032 = CARTESIAN_POINT('',(0.725,0.4,0.));
#7033 = LINE('',#7034,#7035);
#7034 = CARTESIAN_POINT('',(0.725,-5.E-02,0.));
#7035 = VECTOR('',#7036,1.);
#7036 = DIRECTION('',(0.,1.,0.));
#7037 = ORIENTED_EDGE('',*,*,#7038,.F.);
#7038 = EDGE_CURVE('',#6397,#7031,#7039,.T.);
#7039 = LINE('',#7040,#7041);
#7040 = CARTESIAN_POINT('',(0.725,0.4,0.375));
#7041 = VECTOR('',#7042,1.);
#7042 = DIRECTION('',(0.,0.,-1.));
#7043 = PLANE('',#7044);
#7044 = AXIS2_PLACEMENT_3D('',#7045,#7046,#7047);
#7045 = CARTESIAN_POINT('',(0.725,0.3,0.75));
#7046 = DIRECTION('',(1.,0.,0.));
#7047 = DIRECTION('',(-0.,1.,0.));
#7048 = ADVANCED_FACE('',(#7049),#7068,.F.);
#7049 = FACE_BOUND('',#7050,.F.);
#7050 = EDGE_LOOP('',(#7051,#7052,#7053,#7062));
#7051 = ORIENTED_EDGE('',*,*,#7022,.F.);
#7052 = ORIENTED_EDGE('',*,*,#6388,.T.);
#7053 = ORIENTED_EDGE('',*,*,#7054,.F.);
#7054 = EDGE_CURVE('',#7055,#6381,#7057,.T.);
#7055 = VERTEX_POINT('',#7056);
#7056 = CARTESIAN_POINT('',(0.53,0.3,-3.469446951954E-18));
#7057 = CIRCLE('',#7058,3.E-02);
#7058 = AXIS2_PLACEMENT_3D('',#7059,#7060,#7061);
#7059 = CARTESIAN_POINT('',(0.53,0.3,3.E-02));
#7060 = DIRECTION('',(0.,1.,-0.));
#7061 = DIRECTION('',(-1.,0.,0.));
#7062 = ORIENTED_EDGE('',*,*,#7063,.T.);
#7063 = EDGE_CURVE('',#7055,#7023,#7064,.T.);
#7064 = LINE('',#7065,#7066);
#7065 = CARTESIAN_POINT('',(-0.1125,0.3,0.));
#7066 = VECTOR('',#7067,1.);
#7067 = DIRECTION('',(1.,0.,0.));
#7068 = PLANE('',#7069);
#7069 = AXIS2_PLACEMENT_3D('',#7070,#7071,#7072);
#7070 = CARTESIAN_POINT('',(-0.725,0.3,0.75));
#7071 = DIRECTION('',(0.,-1.,0.));
#7072 = DIRECTION('',(1.,0.,0.));
#7073 = ADVANCED_FACE('',(#7074),#7093,.T.);
#7074 = FACE_BOUND('',#7075,.T.);
#7075 = EDGE_LOOP('',(#7076,#7077,#7085,#7092));
#7076 = ORIENTED_EDGE('',*,*,#7054,.F.);
#7077 = ORIENTED_EDGE('',*,*,#7078,.F.);
#7078 = EDGE_CURVE('',#7079,#7055,#7081,.T.);
#7079 = VERTEX_POINT('',#7080);
#7080 = CARTESIAN_POINT('',(0.53,-0.3,-3.469446951954E-18));
#7081 = LINE('',#7082,#7083);
#7082 = CARTESIAN_POINT('',(0.53,-0.4,-3.469446951954E-18));
#7083 = VECTOR('',#7084,1.);
#7084 = DIRECTION('',(0.,1.,0.));
#7085 = ORIENTED_EDGE('',*,*,#7086,.T.);
#7086 = EDGE_CURVE('',#7079,#6373,#7087,.T.);
#7087 = CIRCLE('',#7088,3.E-02);
#7088 = AXIS2_PLACEMENT_3D('',#7089,#7090,#7091);
#7089 = CARTESIAN_POINT('',(0.53,-0.3,3.E-02));
#7090 = DIRECTION('',(0.,1.,-0.));
#7091 = DIRECTION('',(-1.,0.,0.));
#7092 = ORIENTED_EDGE('',*,*,#6380,.T.);
#7093 = CYLINDRICAL_SURFACE('',#7094,3.E-02);
#7094 = AXIS2_PLACEMENT_3D('',#7095,#7096,#7097);
#7095 = CARTESIAN_POINT('',(0.53,-0.4,3.E-02));
#7096 = DIRECTION('',(0.,1.,0.));
#7097 = DIRECTION('',(-1.,0.,0.));
#7098 = ADVANCED_FACE('',(#7099),#7117,.F.);
#7099 = FACE_BOUND('',#7100,.F.);
#7100 = EDGE_LOOP('',(#7101,#7102,#7110,#7116));
#7101 = ORIENTED_EDGE('',*,*,#6372,.T.);
#7102 = ORIENTED_EDGE('',*,*,#7103,.T.);
#7103 = EDGE_CURVE('',#6365,#7104,#7106,.T.);
#7104 = VERTEX_POINT('',#7105);
#7105 = CARTESIAN_POINT('',(0.725,-0.3,0.));
#7106 = LINE('',#7107,#7108);
#7107 = CARTESIAN_POINT('',(0.725,-0.3,0.75));
#7108 = VECTOR('',#7109,1.);
#7109 = DIRECTION('',(-0.,-0.,-1.));
#7110 = ORIENTED_EDGE('',*,*,#7111,.T.);
#7111 = EDGE_CURVE('',#7104,#7079,#7112,.T.);
#7112 = LINE('',#7113,#7114);
#7113 = CARTESIAN_POINT('',(0.6125,-0.3,0.));
#7114 = VECTOR('',#7115,1.);
#7115 = DIRECTION('',(-1.,0.,0.));
#7116 = ORIENTED_EDGE('',*,*,#7086,.T.);
#7117 = PLANE('',#7118);
#7118 = AXIS2_PLACEMENT_3D('',#7119,#7120,#7121);
#7119 = CARTESIAN_POINT('',(0.725,-0.3,0.75));
#7120 = DIRECTION('',(0.,1.,0.));
#7121 = DIRECTION('',(-1.,0.,0.));
#7122 = ADVANCED_FACE('',(#7123),#7134,.F.);
#7123 = FACE_BOUND('',#7124,.F.);
#7124 = EDGE_LOOP('',(#7125,#7126,#7127,#7128));
#7125 = ORIENTED_EDGE('',*,*,#7103,.F.);
#7126 = ORIENTED_EDGE('',*,*,#6364,.T.);
#7127 = ORIENTED_EDGE('',*,*,#6486,.T.);
#7128 = ORIENTED_EDGE('',*,*,#7129,.T.);
#7129 = EDGE_CURVE('',#6477,#7104,#7130,.T.);
#7130 = LINE('',#7131,#7132);
#7131 = CARTESIAN_POINT('',(0.725,-0.45,0.));
#7132 = VECTOR('',#7133,1.);
#7133 = DIRECTION('',(0.,1.,0.));
#7134 = PLANE('',#7135);
#7135 = AXIS2_PLACEMENT_3D('',#7136,#7137,#7138);
#7136 = CARTESIAN_POINT('',(0.725,-0.5,0.75));
#7137 = DIRECTION('',(1.,0.,0.));
#7138 = DIRECTION('',(-0.,1.,0.));
#7139 = ADVANCED_FACE('',(#7140),#7165,.T.);
#7140 = FACE_BOUND('',#7141,.T.);
#7141 = EDGE_LOOP('',(#7142,#7150,#7151,#7159));
#7142 = ORIENTED_EDGE('',*,*,#7143,.T.);
#7143 = EDGE_CURVE('',#7144,#6445,#7146,.T.);
#7144 = VERTEX_POINT('',#7145);
#7145 = CARTESIAN_POINT('',(0.277128129211,0.32,1.5E-02));
#7146 = LINE('',#7147,#7148);
#7147 = CARTESIAN_POINT('',(0.277128129211,0.32,1.5E-02));
#7148 = VECTOR('',#7149,1.);
#7149 = DIRECTION('',(0.,0.,1.));
#7150 = ORIENTED_EDGE('',*,*,#6444,.T.);
#7151 = ORIENTED_EDGE('',*,*,#7152,.F.);
#7152 = EDGE_CURVE('',#7153,#6447,#7155,.T.);
#7153 = VERTEX_POINT('',#7154);
#7154 = CARTESIAN_POINT('',(0.277128129211,-0.32,1.5E-02));
#7155 = LINE('',#7156,#7157);
#7156 = CARTESIAN_POINT('',(0.277128129211,-0.32,1.5E-02));
#7157 = VECTOR('',#7158,1.);
#7158 = DIRECTION('',(0.,0.,1.));
#7159 = ORIENTED_EDGE('',*,*,#7160,.F.);
#7160 = EDGE_CURVE('',#7144,#7153,#7161,.T.);
#7161 = LINE('',#7162,#7163);
#7162 = CARTESIAN_POINT('',(0.277128129211,0.32,1.5E-02));
#7163 = VECTOR('',#7164,1.);
#7164 = DIRECTION('',(0.,-1.,0.));
#7165 = PLANE('',#7166);
#7166 = AXIS2_PLACEMENT_3D('',#7167,#7168,#7169);
#7167 = CARTESIAN_POINT('',(0.277128129211,0.32,1.5E-02));
#7168 = DIRECTION('',(1.,0.,0.));
#7169 = DIRECTION('',(0.,-1.,0.));
#7170 = ADVANCED_FACE('',(#7171),#7189,.T.);
#7171 = FACE_BOUND('',#7172,.T.);
#7172 = EDGE_LOOP('',(#7173,#7181,#7182,#7183));
#7173 = ORIENTED_EDGE('',*,*,#7174,.T.);
#7174 = EDGE_CURVE('',#7175,#6455,#7177,.T.);
#7175 = VERTEX_POINT('',#7176);
#7176 = CARTESIAN_POINT('',(-0.277128129211,0.,1.5E-02));
#7177 = LINE('',#7178,#7179);
#7178 = CARTESIAN_POINT('',(-0.277128129211,0.,1.5E-02));
#7179 = VECTOR('',#7180,1.);
#7180 = DIRECTION('',(0.,0.,1.));
#7181 = ORIENTED_EDGE('',*,*,#6462,.T.);
#7182 = ORIENTED_EDGE('',*,*,#7143,.F.);
#7183 = ORIENTED_EDGE('',*,*,#7184,.F.);
#7184 = EDGE_CURVE('',#7175,#7144,#7185,.T.);
#7185 = LINE('',#7186,#7187);
#7186 = CARTESIAN_POINT('',(-0.277128129211,0.,1.5E-02));
#7187 = VECTOR('',#7188,1.);
#7188 = DIRECTION('',(0.866025403784,0.5,0.));
#7189 = PLANE('',#7190);
#7190 = AXIS2_PLACEMENT_3D('',#7191,#7192,#7193);
#7191 = CARTESIAN_POINT('',(-0.277128129211,0.,1.5E-02));
#7192 = DIRECTION('',(-0.5,0.866025403784,0.));
#7193 = DIRECTION('',(0.866025403784,0.5,0.));
#7194 = ADVANCED_FACE('',(#7195),#7206,.T.);
#7195 = FACE_BOUND('',#7196,.T.);
#7196 = EDGE_LOOP('',(#7197,#7198,#7199,#7200));
#7197 = ORIENTED_EDGE('',*,*,#7152,.T.);
#7198 = ORIENTED_EDGE('',*,*,#6454,.T.);
#7199 = ORIENTED_EDGE('',*,*,#7174,.F.);
#7200 = ORIENTED_EDGE('',*,*,#7201,.F.);
#7201 = EDGE_CURVE('',#7153,#7175,#7202,.T.);
#7202 = LINE('',#7203,#7204);
#7203 = CARTESIAN_POINT('',(0.277128129211,-0.32,1.5E-02));
#7204 = VECTOR('',#7205,1.);
#7205 = DIRECTION('',(-0.866025403784,0.5,0.));
#7206 = PLANE('',#7207);
#7207 = AXIS2_PLACEMENT_3D('',#7208,#7209,#7210);
#7208 = CARTESIAN_POINT('',(0.277128129211,-0.32,1.5E-02));
#7209 = DIRECTION('',(-0.5,-0.866025403784,0.));
#7210 = DIRECTION('',(-0.866025403784,0.5,0.));
#7211 = ADVANCED_FACE('',(#7212),#7234,.F.);
#7212 = FACE_BOUND('',#7213,.F.);
#7213 = EDGE_LOOP('',(#7214,#7222,#7223,#7224,#7225,#7226,#7227,#7228));
#7214 = ORIENTED_EDGE('',*,*,#7215,.F.);
#7215 = EDGE_CURVE('',#7031,#7216,#7218,.T.);
#7216 = VERTEX_POINT('',#7217);
#7217 = CARTESIAN_POINT('',(0.77,0.4,-3.469446951954E-18));
#7218 = LINE('',#7219,#7220);
#7219 = CARTESIAN_POINT('',(0.5,0.4,0.));
#7220 = VECTOR('',#7221,1.);
#7221 = DIRECTION('',(1.,0.,0.));
#7222 = ORIENTED_EDGE('',*,*,#7030,.F.);
#7223 = ORIENTED_EDGE('',*,*,#7063,.F.);
#7224 = ORIENTED_EDGE('',*,*,#7078,.F.);
#7225 = ORIENTED_EDGE('',*,*,#7111,.F.);
#7226 = ORIENTED_EDGE('',*,*,#7129,.F.);
#7227 = ORIENTED_EDGE('',*,*,#6476,.T.);
#7228 = ORIENTED_EDGE('',*,*,#7229,.T.);
#7229 = EDGE_CURVE('',#6479,#7216,#7230,.T.);
#7230 = LINE('',#7231,#7232);
#7231 = CARTESIAN_POINT('',(0.77,-0.4,-3.469446951954E-18));
#7232 = VECTOR('',#7233,1.);
#7233 = DIRECTION('',(0.,1.,0.));
#7234 = PLANE('',#7235);
#7235 = AXIS2_PLACEMENT_3D('',#7236,#7237,#7238);
#7236 = CARTESIAN_POINT('',(0.5,-0.4,0.));
#7237 = DIRECTION('',(0.,0.,1.));
#7238 = DIRECTION('',(1.,0.,-0.));
#7239 = ADVANCED_FACE('',(#7240),#7259,.T.);
#7240 = FACE_BOUND('',#7241,.T.);
#7241 = EDGE_LOOP('',(#7242,#7243,#7244,#7253));
#7242 = ORIENTED_EDGE('',*,*,#6528,.T.);
#7243 = ORIENTED_EDGE('',*,*,#7229,.T.);
#7244 = ORIENTED_EDGE('',*,*,#7245,.F.);
#7245 = EDGE_CURVE('',#7246,#7216,#7248,.T.);
#7246 = VERTEX_POINT('',#7247);
#7247 = CARTESIAN_POINT('',(0.8,0.4,3.E-02));
#7248 = CIRCLE('',#7249,3.E-02);
#7249 = AXIS2_PLACEMENT_3D('',#7250,#7251,#7252);
#7250 = CARTESIAN_POINT('',(0.77,0.4,3.E-02));
#7251 = DIRECTION('',(0.,1.,0.));
#7252 = DIRECTION('',(0.,-0.,1.));
#7253 = ORIENTED_EDGE('',*,*,#7254,.F.);
#7254 = EDGE_CURVE('',#6521,#7246,#7255,.T.);
#7255 = LINE('',#7256,#7257);
#7256 = CARTESIAN_POINT('',(0.8,-0.4,3.E-02));
#7257 = VECTOR('',#7258,1.);
#7258 = DIRECTION('',(0.,1.,0.));
#7259 = CYLINDRICAL_SURFACE('',#7260,3.E-02);
#7260 = AXIS2_PLACEMENT_3D('',#7261,#7262,#7263);
#7261 = CARTESIAN_POINT('',(0.77,-0.4,3.E-02));
#7262 = DIRECTION('',(0.,1.,0.));
#7263 = DIRECTION('',(1.,0.,0.));
#7264 = ADVANCED_FACE('',(#7265),#7283,.T.);
#7265 = FACE_BOUND('',#7266,.T.);
#7266 = EDGE_LOOP('',(#7267,#7268,#7269,#7277));
#7267 = ORIENTED_EDGE('',*,*,#6520,.F.);
#7268 = ORIENTED_EDGE('',*,*,#7254,.T.);
#7269 = ORIENTED_EDGE('',*,*,#7270,.T.);
#7270 = EDGE_CURVE('',#7246,#7271,#7273,.T.);
#7271 = VERTEX_POINT('',#7272);
#7272 = CARTESIAN_POINT('',(0.8,0.4,0.47));
#7273 = LINE('',#7274,#7275);
#7274 = CARTESIAN_POINT('',(0.8,0.4,0.));
#7275 = VECTOR('',#7276,1.);
#7276 = DIRECTION('',(0.,0.,1.));
#7277 = ORIENTED_EDGE('',*,*,#7278,.F.);
#7278 = EDGE_CURVE('',#6512,#7271,#7279,.T.);
#7279 = LINE('',#7280,#7281);
#7280 = CARTESIAN_POINT('',(0.8,-0.4,0.47));
#7281 = VECTOR('',#7282,1.);
#7282 = DIRECTION('',(0.,1.,0.));
#7283 = PLANE('',#7284);
#7284 = AXIS2_PLACEMENT_3D('',#7285,#7286,#7287);
#7285 = CARTESIAN_POINT('',(0.8,-0.4,0.));
#7286 = DIRECTION('',(1.,0.,0.));
#7287 = DIRECTION('',(0.,0.,1.));
#7288 = ADVANCED_FACE('',(#7289),#7308,.T.);
#7289 = FACE_BOUND('',#7290,.T.);
#7290 = EDGE_LOOP('',(#7291,#7292,#7301,#7307));
#7291 = ORIENTED_EDGE('',*,*,#7278,.T.);
#7292 = ORIENTED_EDGE('',*,*,#7293,.T.);
#7293 = EDGE_CURVE('',#7271,#7294,#7296,.T.);
#7294 = VERTEX_POINT('',#7295);
#7295 = CARTESIAN_POINT('',(0.77,0.4,0.5));
#7296 = CIRCLE('',#7297,3.E-02);
#7297 = AXIS2_PLACEMENT_3D('',#7298,#7299,#7300);
#7298 = CARTESIAN_POINT('',(0.77,0.4,0.47));
#7299 = DIRECTION('',(0.,-1.,0.));
#7300 = DIRECTION('',(0.,0.,1.));
#7301 = ORIENTED_EDGE('',*,*,#7302,.F.);
#7302 = EDGE_CURVE('',#6504,#7294,#7303,.T.);
#7303 = LINE('',#7304,#7305);
#7304 = CARTESIAN_POINT('',(0.77,-0.4,0.5));
#7305 = VECTOR('',#7306,1.);
#7306 = DIRECTION('',(0.,1.,0.));
#7307 = ORIENTED_EDGE('',*,*,#6511,.F.);
#7308 = CYLINDRICAL_SURFACE('',#7309,3.E-02);
#7309 = AXIS2_PLACEMENT_3D('',#7310,#7311,#7312);
#7310 = CARTESIAN_POINT('',(0.77,-0.4,0.47));
#7311 = DIRECTION('',(0.,1.,0.));
#7312 = DIRECTION('',(1.,0.,0.));
#7313 = ADVANCED_FACE('',(#7314),#7355,.T.);
#7314 = FACE_BOUND('',#7315,.T.);
#7315 = EDGE_LOOP('',(#7316,#7324,#7332,#7338,#7339,#7347,#7353,#7354));
#7316 = ORIENTED_EDGE('',*,*,#7317,.F.);
#7317 = EDGE_CURVE('',#7318,#7294,#7320,.T.);
#7318 = VERTEX_POINT('',#7319);
#7319 = CARTESIAN_POINT('',(0.725,0.4,0.5));
#7320 = LINE('',#7321,#7322);
#7321 = CARTESIAN_POINT('',(0.5,0.4,0.5));
#7322 = VECTOR('',#7323,1.);
#7323 = DIRECTION('',(1.,0.,0.));
#7324 = ORIENTED_EDGE('',*,*,#7325,.F.);
#7325 = EDGE_CURVE('',#7326,#7318,#7328,.T.);
#7326 = VERTEX_POINT('',#7327);
#7327 = CARTESIAN_POINT('',(0.725,0.3,0.5));
#7328 = LINE('',#7329,#7330);
#7329 = CARTESIAN_POINT('',(0.725,-5.E-02,0.5));
#7330 = VECTOR('',#7331,1.);
#7331 = DIRECTION('',(0.,1.,0.));
#7332 = ORIENTED_EDGE('',*,*,#7333,.F.);
#7333 = EDGE_CURVE('',#6609,#7326,#7334,.T.);
#7334 = LINE('',#7335,#7336);
#7335 = CARTESIAN_POINT('',(-0.1125,0.3,0.5));
#7336 = VECTOR('',#7337,1.);
#7337 = DIRECTION('',(1.,0.,0.));
#7338 = ORIENTED_EDGE('',*,*,#6608,.F.);
#7339 = ORIENTED_EDGE('',*,*,#7340,.F.);
#7340 = EDGE_CURVE('',#7341,#6600,#7343,.T.);
#7341 = VERTEX_POINT('',#7342);
#7342 = CARTESIAN_POINT('',(0.725,-0.3,0.5));
#7343 = LINE('',#7344,#7345);
#7344 = CARTESIAN_POINT('',(0.6125,-0.3,0.5));
#7345 = VECTOR('',#7346,1.);
#7346 = DIRECTION('',(-1.,0.,0.));
#7347 = ORIENTED_EDGE('',*,*,#7348,.F.);
#7348 = EDGE_CURVE('',#6496,#7341,#7349,.T.);
#7349 = LINE('',#7350,#7351);
#7350 = CARTESIAN_POINT('',(0.725,-0.45,0.5));
#7351 = VECTOR('',#7352,1.);
#7352 = DIRECTION('',(0.,1.,0.));
#7353 = ORIENTED_EDGE('',*,*,#6503,.T.);
#7354 = ORIENTED_EDGE('',*,*,#7302,.T.);
#7355 = PLANE('',#7356);
#7356 = AXIS2_PLACEMENT_3D('',#7357,#7358,#7359);
#7357 = CARTESIAN_POINT('',(0.5,-0.4,0.5));
#7358 = DIRECTION('',(0.,0.,1.));
#7359 = DIRECTION('',(1.,0.,-0.));
#7360 = ADVANCED_FACE('',(#7361),#7372,.F.);
#7361 = FACE_BOUND('',#7362,.F.);
#7362 = EDGE_LOOP('',(#7363,#7369,#7370,#7371));
#7363 = ORIENTED_EDGE('',*,*,#7364,.F.);
#7364 = EDGE_CURVE('',#7341,#6544,#7365,.T.);
#7365 = LINE('',#7366,#7367);
#7366 = CARTESIAN_POINT('',(0.725,-0.3,0.75));
#7367 = VECTOR('',#7368,1.);
#7368 = DIRECTION('',(-0.,-0.,-1.));
#7369 = ORIENTED_EDGE('',*,*,#7348,.F.);
#7370 = ORIENTED_EDGE('',*,*,#6495,.T.);
#7371 = ORIENTED_EDGE('',*,*,#6553,.F.);
#7372 = PLANE('',#7373);
#7373 = AXIS2_PLACEMENT_3D('',#7374,#7375,#7376);
#7374 = CARTESIAN_POINT('',(0.725,-0.5,0.75));
#7375 = DIRECTION('',(1.,0.,0.));
#7376 = DIRECTION('',(-0.,1.,0.));
#7377 = ADVANCED_FACE('',(#7378),#7384,.F.);
#7378 = FACE_BOUND('',#7379,.F.);
#7379 = EDGE_LOOP('',(#7380,#7381,#7382,#7383));
#7380 = ORIENTED_EDGE('',*,*,#7340,.F.);
#7381 = ORIENTED_EDGE('',*,*,#7364,.T.);
#7382 = ORIENTED_EDGE('',*,*,#6543,.F.);
#7383 = ORIENTED_EDGE('',*,*,#6599,.T.);
#7384 = PLANE('',#7385);
#7385 = AXIS2_PLACEMENT_3D('',#7386,#7387,#7388);
#7386 = CARTESIAN_POINT('',(0.725,-0.3,0.75));
#7387 = DIRECTION('',(0.,1.,0.));
#7388 = DIRECTION('',(-1.,0.,0.));
#7389 = ADVANCED_FACE('',(#7390),#7406,.F.);
#7390 = FACE_BOUND('',#7391,.F.);
#7391 = EDGE_LOOP('',(#7392,#7393,#7399,#7400));
#7392 = ORIENTED_EDGE('',*,*,#7325,.F.);
#7393 = ORIENTED_EDGE('',*,*,#7394,.T.);
#7394 = EDGE_CURVE('',#7326,#6577,#7395,.T.);
#7395 = LINE('',#7396,#7397);
#7396 = CARTESIAN_POINT('',(0.725,0.3,0.75));
#7397 = VECTOR('',#7398,1.);
#7398 = DIRECTION('',(-0.,-0.,-1.));
#7399 = ORIENTED_EDGE('',*,*,#6584,.F.);
#7400 = ORIENTED_EDGE('',*,*,#7401,.F.);
#7401 = EDGE_CURVE('',#7318,#6568,#7402,.T.);
#7402 = LINE('',#7403,#7404);
#7403 = CARTESIAN_POINT('',(0.725,0.4,0.375));
#7404 = VECTOR('',#7405,1.);
#7405 = DIRECTION('',(0.,0.,-1.));
#7406 = PLANE('',#7407);
#7407 = AXIS2_PLACEMENT_3D('',#7408,#7409,#7410);
#7408 = CARTESIAN_POINT('',(0.725,0.3,0.75));
#7409 = DIRECTION('',(1.,0.,0.));
#7410 = DIRECTION('',(-0.,1.,0.));
#7411 = ADVANCED_FACE('',(#7412),#7418,.F.);
#7412 = FACE_BOUND('',#7413,.F.);
#7413 = EDGE_LOOP('',(#7414,#7415,#7416,#7417));
#7414 = ORIENTED_EDGE('',*,*,#7394,.F.);
#7415 = ORIENTED_EDGE('',*,*,#7333,.F.);
#7416 = ORIENTED_EDGE('',*,*,#6616,.F.);
#7417 = ORIENTED_EDGE('',*,*,#6576,.F.);
#7418 = PLANE('',#7419);
#7419 = AXIS2_PLACEMENT_3D('',#7420,#7421,#7422);
#7420 = CARTESIAN_POINT('',(-0.725,0.3,0.75));
#7421 = DIRECTION('',(0.,-1.,0.));
#7422 = DIRECTION('',(1.,0.,0.));
#7423 = ADVANCED_FACE('',(#7424),#7436,.T.);
#7424 = FACE_BOUND('',#7425,.T.);
#7425 = EDGE_LOOP('',(#7426,#7427,#7428,#7429,#7430,#7431,#7432,#7433,
    #7434,#7435));
#7426 = ORIENTED_EDGE('',*,*,#6804,.F.);
#7427 = ORIENTED_EDGE('',*,*,#6875,.F.);
#7428 = ORIENTED_EDGE('',*,*,#6911,.T.);
#7429 = ORIENTED_EDGE('',*,*,#6935,.T.);
#7430 = ORIENTED_EDGE('',*,*,#6759,.T.);
#7431 = ORIENTED_EDGE('',*,*,#6720,.F.);
#7432 = ORIENTED_EDGE('',*,*,#6647,.F.);
#7433 = ORIENTED_EDGE('',*,*,#6639,.F.);
#7434 = ORIENTED_EDGE('',*,*,#6631,.T.);
#7435 = ORIENTED_EDGE('',*,*,#7006,.F.);
#7436 = PLANE('',#7437);
#7437 = AXIS2_PLACEMENT_3D('',#7438,#7439,#7440);
#7438 = CARTESIAN_POINT('',(-0.8,0.4,0.));
#7439 = DIRECTION('',(0.,1.,0.));
#7440 = DIRECTION('',(0.,-0.,1.));
#7441 = ADVANCED_FACE('',(#7442),#7454,.T.);
#7442 = FACE_BOUND('',#7443,.T.);
#7443 = EDGE_LOOP('',(#7444,#7445,#7446,#7447,#7448,#7449,#7450,#7451,
    #7452,#7453));
#7444 = ORIENTED_EDGE('',*,*,#7215,.F.);
#7445 = ORIENTED_EDGE('',*,*,#7038,.F.);
#7446 = ORIENTED_EDGE('',*,*,#6672,.T.);
#7447 = ORIENTED_EDGE('',*,*,#6664,.T.);
#7448 = ORIENTED_EDGE('',*,*,#6656,.F.);
#7449 = ORIENTED_EDGE('',*,*,#7401,.F.);
#7450 = ORIENTED_EDGE('',*,*,#7317,.T.);
#7451 = ORIENTED_EDGE('',*,*,#7293,.F.);
#7452 = ORIENTED_EDGE('',*,*,#7270,.F.);
#7453 = ORIENTED_EDGE('',*,*,#7245,.T.);
#7454 = PLANE('',#7455);
#7455 = AXIS2_PLACEMENT_3D('',#7456,#7457,#7458);
#7456 = CARTESIAN_POINT('',(0.5,0.4,0.));
#7457 = DIRECTION('',(0.,1.,0.));
#7458 = DIRECTION('',(0.,-0.,1.));
#7459 = ADVANCED_FACE('',(#7460),#7465,.T.);
#7460 = FACE_BOUND('',#7461,.T.);
#7461 = EDGE_LOOP('',(#7462,#7463,#7464));
#7462 = ORIENTED_EDGE('',*,*,#7184,.T.);
#7463 = ORIENTED_EDGE('',*,*,#7160,.T.);
#7464 = ORIENTED_EDGE('',*,*,#7201,.T.);
#7465 = PLANE('',#7466);
#7466 = AXIS2_PLACEMENT_3D('',#7467,#7468,#7469);
#7467 = CARTESIAN_POINT('',(9.237604307034E-02,0.,1.5E-02));
#7468 = DIRECTION('',(-0.,-0.,-1.));
#7469 = DIRECTION('',(-1.,0.,0.));
#7470 = ( GEOMETRIC_REPRESENTATION_CONTEXT(3) 
GLOBAL_UNCERTAINTY_ASSIGNED_CONTEXT((#7474)) 
GLOBAL_UNIT_ASSIGNED_CONTEXT((#7471,#7472,#7473)) REPRESENTATION_CONTEXT
('Context #1','3D Context with UNIT and UNCERTAINTY') );
#7471 = ( LENGTH_UNIT() NAMED_UNIT(*) SI_UNIT(.MILLI.,.METRE.) );
#7472 = ( NAMED_UNIT(*) PLANE_ANGLE_UNIT() SI_UNIT($,.RADIAN.) );
#7473 = ( NAMED_UNIT(*) SI_UNIT($,.STERADIAN.) SOLID_ANGLE_UNIT() );
#7474 = UNCERTAINTY_MEASURE_WITH_UNIT(LENGTH_MEASURE(1.E-07),#7471,
  'distance_accuracy_value','confusion accuracy');
#7475 = CONTEXT_DEPENDENT_SHAPE_REPRESENTATION(#7476,#7478);
#7476 = ( REPRESENTATION_RELATIONSHIP('','',#5946,#10) 
REPRESENTATION_RELATIONSHIP_WITH_TRANSFORMATION(#7477) 
SHAPE_REPRESENTATION_RELATIONSHIP() );
#7477 = ITEM_DEFINED_TRANSFORMATION('','',#11,#47);
#7478 = PRODUCT_DEFINITION_SHAPE('Placement','Placement of an item',
  #7479);
#7479 = NEXT_ASSEMBLY_USAGE_OCCURRENCE('9','D2','',#5,#5941,$);
#7480 = PRODUCT_RELATED_PRODUCT_CATEGORY('part',$,(#5943));
#7481 = CONTEXT_DEPENDENT_SHAPE_REPRESENTATION(#7482,#7484);
#7482 = ( REPRESENTATION_RELATIONSHIP('','',#965,#10) 
REPRESENTATION_RELATIONSHIP_WITH_TRANSFORMATION(#7483) 
SHAPE_REPRESENTATION_RELATIONSHIP() );
#7483 = ITEM_DEFINED_TRANSFORMATION('','',#11,#51);
#7484 = PRODUCT_DEFINITION_SHAPE('Placement','Placement of an item',
  #7485);
#7485 = NEXT_ASSEMBLY_USAGE_OCCURRENCE('10','R1','',#5,#960,$);
#7486 = CONTEXT_DEPENDENT_SHAPE_REPRESENTATION(#7487,#7489);
#7487 = ( REPRESENTATION_RELATIONSHIP('','',#965,#10) 
REPRESENTATION_RELATIONSHIP_WITH_TRANSFORMATION(#7488) 
SHAPE_REPRESENTATION_RELATIONSHIP() );
#7488 = ITEM_DEFINED_TRANSFORMATION('','',#11,#55);
#7489 = PRODUCT_DEFINITION_SHAPE('Placement','Placement of an item',
  #7490);
#7490 = NEXT_ASSEMBLY_USAGE_OCCURRENCE('11','R7','',#5,#960,$);
#7491 = CONTEXT_DEPENDENT_SHAPE_REPRESENTATION(#7492,#7494);
#7492 = ( REPRESENTATION_RELATIONSHIP('','',#92,#10) 
REPRESENTATION_RELATIONSHIP_WITH_TRANSFORMATION(#7493) 
SHAPE_REPRESENTATION_RELATIONSHIP() );
#7493 = ITEM_DEFINED_TRANSFORMATION('','',#11,#59);
#7494 = PRODUCT_DEFINITION_SHAPE('Placement','Placement of an item',
  #7495);
#7495 = NEXT_ASSEMBLY_USAGE_OCCURRENCE('12','R8','',#5,#87,$);
#7496 = CONTEXT_DEPENDENT_SHAPE_REPRESENTATION(#7497,#7499);
#7497 = ( REPRESENTATION_RELATIONSHIP('','',#965,#10) 
REPRESENTATION_RELATIONSHIP_WITH_TRANSFORMATION(#7498) 
SHAPE_REPRESENTATION_RELATIONSHIP() );
#7498 = ITEM_DEFINED_TRANSFORMATION('','',#11,#63);
#7499 = PRODUCT_DEFINITION_SHAPE('Placement','Placement of an item',
  #7500);
#7500 = NEXT_ASSEMBLY_USAGE_OCCURRENCE('13','R6','',#5,#960,$);
#7501 = SHAPE_DEFINITION_REPRESENTATION(#7502,#7508);
#7502 = PRODUCT_DEFINITION_SHAPE('','',#7503);
#7503 = PRODUCT_DEFINITION('design','',#7504,#7507);
#7504 = PRODUCT_DEFINITION_FORMATION('','',#7505);
#7505 = PRODUCT('C_0603_1608Metric','C_0603_1608Metric','',(#7506));
#7506 = PRODUCT_CONTEXT('',#2,'mechanical');
#7507 = PRODUCT_DEFINITION_CONTEXT('part definition',#2,'design');
#7508 = ADVANCED_BREP_SHAPE_REPRESENTATION('',(#11,#7509),#8363);
#7509 = MANIFOLD_SOLID_BREP('',#7510);
#7510 = CLOSED_SHELL('',(#7511,#7587,#7618,#7643,#7668,#7692,#7716,#7741
    ,#7766,#7783,#7869,#7901,#7925,#7950,#7974,#7999,#8023,#8048,#8065,
    #8151,#8182,#8207,#8232,#8256,#8280,#8305,#8330,#8347));
#7511 = ADVANCED_FACE('',(#7512),#7582,.F.);
#7512 = FACE_BOUND('',#7513,.F.);
#7513 = EDGE_LOOP('',(#7514,#7524,#7533,#7541,#7550,#7558,#7567,#7575));
#7514 = ORIENTED_EDGE('',*,*,#7515,.F.);
#7515 = EDGE_CURVE('',#7516,#7518,#7520,.T.);
#7516 = VERTEX_POINT('',#7517);
#7517 = CARTESIAN_POINT('',(-0.8,-0.4,3.E-02));
#7518 = VERTEX_POINT('',#7519);
#7519 = CARTESIAN_POINT('',(-0.8,-0.4,0.77));
#7520 = LINE('',#7521,#7522);
#7521 = CARTESIAN_POINT('',(-0.8,-0.4,0.));
#7522 = VECTOR('',#7523,1.);
#7523 = DIRECTION('',(0.,0.,1.));
#7524 = ORIENTED_EDGE('',*,*,#7525,.T.);
#7525 = EDGE_CURVE('',#7516,#7526,#7528,.T.);
#7526 = VERTEX_POINT('',#7527);
#7527 = CARTESIAN_POINT('',(-0.8,-0.37,0.));
#7528 = CIRCLE('',#7529,3.E-02);
#7529 = AXIS2_PLACEMENT_3D('',#7530,#7531,#7532);
#7530 = CARTESIAN_POINT('',(-0.8,-0.37,3.E-02));
#7531 = DIRECTION('',(1.,0.,-0.));
#7532 = DIRECTION('',(0.,0.,1.));
#7533 = ORIENTED_EDGE('',*,*,#7534,.T.);
#7534 = EDGE_CURVE('',#7526,#7535,#7537,.T.);
#7535 = VERTEX_POINT('',#7536);
#7536 = CARTESIAN_POINT('',(-0.8,0.37,0.));
#7537 = LINE('',#7538,#7539);
#7538 = CARTESIAN_POINT('',(-0.8,-0.4,0.));
#7539 = VECTOR('',#7540,1.);
#7540 = DIRECTION('',(0.,1.,0.));
#7541 = ORIENTED_EDGE('',*,*,#7542,.F.);
#7542 = EDGE_CURVE('',#7543,#7535,#7545,.T.);
#7543 = VERTEX_POINT('',#7544);
#7544 = CARTESIAN_POINT('',(-0.8,0.4,3.E-02));
#7545 = CIRCLE('',#7546,3.E-02);
#7546 = AXIS2_PLACEMENT_3D('',#7547,#7548,#7549);
#7547 = CARTESIAN_POINT('',(-0.8,0.37,3.E-02));
#7548 = DIRECTION('',(-1.,0.,0.));
#7549 = DIRECTION('',(0.,0.,1.));
#7550 = ORIENTED_EDGE('',*,*,#7551,.T.);
#7551 = EDGE_CURVE('',#7543,#7552,#7554,.T.);
#7552 = VERTEX_POINT('',#7553);
#7553 = CARTESIAN_POINT('',(-0.8,0.4,0.77));
#7554 = LINE('',#7555,#7556);
#7555 = CARTESIAN_POINT('',(-0.8,0.4,0.));
#7556 = VECTOR('',#7557,1.);
#7557 = DIRECTION('',(0.,0.,1.));
#7558 = ORIENTED_EDGE('',*,*,#7559,.T.);
#7559 = EDGE_CURVE('',#7552,#7560,#7562,.T.);
#7560 = VERTEX_POINT('',#7561);
#7561 = CARTESIAN_POINT('',(-0.8,0.37,0.8));
#7562 = CIRCLE('',#7563,3.E-02);
#7563 = AXIS2_PLACEMENT_3D('',#7564,#7565,#7566);
#7564 = CARTESIAN_POINT('',(-0.8,0.37,0.77));
#7565 = DIRECTION('',(1.,0.,-0.));
#7566 = DIRECTION('',(0.,0.,1.));
#7567 = ORIENTED_EDGE('',*,*,#7568,.F.);
#7568 = EDGE_CURVE('',#7569,#7560,#7571,.T.);
#7569 = VERTEX_POINT('',#7570);
#7570 = CARTESIAN_POINT('',(-0.8,-0.37,0.8));
#7571 = LINE('',#7572,#7573);
#7572 = CARTESIAN_POINT('',(-0.8,-0.4,0.8));
#7573 = VECTOR('',#7574,1.);
#7574 = DIRECTION('',(0.,1.,0.));
#7575 = ORIENTED_EDGE('',*,*,#7576,.F.);
#7576 = EDGE_CURVE('',#7518,#7569,#7577,.T.);
#7577 = CIRCLE('',#7578,3.E-02);
#7578 = AXIS2_PLACEMENT_3D('',#7579,#7580,#7581);
#7579 = CARTESIAN_POINT('',(-0.8,-0.37,0.77));
#7580 = DIRECTION('',(-1.,0.,0.));
#7581 = DIRECTION('',(0.,0.,1.));
#7582 = PLANE('',#7583);
#7583 = AXIS2_PLACEMENT_3D('',#7584,#7585,#7586);
#7584 = CARTESIAN_POINT('',(-0.8,-0.4,0.));
#7585 = DIRECTION('',(1.,0.,0.));
#7586 = DIRECTION('',(0.,0.,1.));
#7587 = ADVANCED_FACE('',(#7588),#7613,.F.);
#7588 = FACE_BOUND('',#7589,.F.);
#7589 = EDGE_LOOP('',(#7590,#7600,#7606,#7607));
#7590 = ORIENTED_EDGE('',*,*,#7591,.F.);
#7591 = EDGE_CURVE('',#7592,#7594,#7596,.T.);
#7592 = VERTEX_POINT('',#7593);
#7593 = CARTESIAN_POINT('',(-0.5,-0.4,3.E-02));
#7594 = VERTEX_POINT('',#7595);
#7595 = CARTESIAN_POINT('',(-0.5,-0.4,0.77));
#7596 = LINE('',#7597,#7598);
#7597 = CARTESIAN_POINT('',(-0.5,-0.4,0.));
#7598 = VECTOR('',#7599,1.);
#7599 = DIRECTION('',(0.,0.,1.));
#7600 = ORIENTED_EDGE('',*,*,#7601,.F.);
#7601 = EDGE_CURVE('',#7516,#7592,#7602,.T.);
#7602 = LINE('',#7603,#7604);
#7603 = CARTESIAN_POINT('',(-0.8,-0.4,3.E-02));
#7604 = VECTOR('',#7605,1.);
#7605 = DIRECTION('',(1.,0.,0.));
#7606 = ORIENTED_EDGE('',*,*,#7515,.T.);
#7607 = ORIENTED_EDGE('',*,*,#7608,.T.);
#7608 = EDGE_CURVE('',#7518,#7594,#7609,.T.);
#7609 = LINE('',#7610,#7611);
#7610 = CARTESIAN_POINT('',(-0.8,-0.4,0.77));
#7611 = VECTOR('',#7612,1.);
#7612 = DIRECTION('',(1.,0.,0.));
#7613 = PLANE('',#7614);
#7614 = AXIS2_PLACEMENT_3D('',#7615,#7616,#7617);
#7615 = CARTESIAN_POINT('',(-0.8,-0.4,0.));
#7616 = DIRECTION('',(0.,1.,0.));
#7617 = DIRECTION('',(0.,-0.,1.));
#7618 = ADVANCED_FACE('',(#7619),#7638,.T.);
#7619 = FACE_BOUND('',#7620,.T.);
#7620 = EDGE_LOOP('',(#7621,#7622,#7630,#7637));
#7621 = ORIENTED_EDGE('',*,*,#7525,.T.);
#7622 = ORIENTED_EDGE('',*,*,#7623,.T.);
#7623 = EDGE_CURVE('',#7526,#7624,#7626,.T.);
#7624 = VERTEX_POINT('',#7625);
#7625 = CARTESIAN_POINT('',(-0.5,-0.37,0.));
#7626 = LINE('',#7627,#7628);
#7627 = CARTESIAN_POINT('',(-0.8,-0.37,0.));
#7628 = VECTOR('',#7629,1.);
#7629 = DIRECTION('',(1.,0.,0.));
#7630 = ORIENTED_EDGE('',*,*,#7631,.F.);
#7631 = EDGE_CURVE('',#7592,#7624,#7632,.T.);
#7632 = CIRCLE('',#7633,3.E-02);
#7633 = AXIS2_PLACEMENT_3D('',#7634,#7635,#7636);
#7634 = CARTESIAN_POINT('',(-0.5,-0.37,3.E-02));
#7635 = DIRECTION('',(1.,0.,-0.));
#7636 = DIRECTION('',(0.,0.,1.));
#7637 = ORIENTED_EDGE('',*,*,#7601,.F.);
#7638 = CYLINDRICAL_SURFACE('',#7639,3.E-02);
#7639 = AXIS2_PLACEMENT_3D('',#7640,#7641,#7642);
#7640 = CARTESIAN_POINT('',(-0.8,-0.37,3.E-02));
#7641 = DIRECTION('',(1.,0.,0.));
#7642 = DIRECTION('',(0.,-1.,0.));
#7643 = ADVANCED_FACE('',(#7644),#7663,.T.);
#7644 = FACE_BOUND('',#7645,.T.);
#7645 = EDGE_LOOP('',(#7646,#7647,#7656,#7662));
#7646 = ORIENTED_EDGE('',*,*,#7608,.T.);
#7647 = ORIENTED_EDGE('',*,*,#7648,.T.);
#7648 = EDGE_CURVE('',#7594,#7649,#7651,.T.);
#7649 = VERTEX_POINT('',#7650);
#7650 = CARTESIAN_POINT('',(-0.5,-0.37,0.8));
#7651 = CIRCLE('',#7652,3.E-02);
#7652 = AXIS2_PLACEMENT_3D('',#7653,#7654,#7655);
#7653 = CARTESIAN_POINT('',(-0.5,-0.37,0.77));
#7654 = DIRECTION('',(-1.,0.,0.));
#7655 = DIRECTION('',(0.,0.,1.));
#7656 = ORIENTED_EDGE('',*,*,#7657,.F.);
#7657 = EDGE_CURVE('',#7569,#7649,#7658,.T.);
#7658 = LINE('',#7659,#7660);
#7659 = CARTESIAN_POINT('',(-0.8,-0.37,0.8));
#7660 = VECTOR('',#7661,1.);
#7661 = DIRECTION('',(1.,0.,0.));
#7662 = ORIENTED_EDGE('',*,*,#7576,.F.);
#7663 = CYLINDRICAL_SURFACE('',#7664,3.E-02);
#7664 = AXIS2_PLACEMENT_3D('',#7665,#7666,#7667);
#7665 = CARTESIAN_POINT('',(-0.8,-0.37,0.77));
#7666 = DIRECTION('',(1.,0.,0.));
#7667 = DIRECTION('',(0.,-1.,0.));
#7668 = ADVANCED_FACE('',(#7669),#7687,.F.);
#7669 = FACE_BOUND('',#7670,.F.);
#7670 = EDGE_LOOP('',(#7671,#7672,#7673,#7681));
#7671 = ORIENTED_EDGE('',*,*,#7534,.F.);
#7672 = ORIENTED_EDGE('',*,*,#7623,.T.);
#7673 = ORIENTED_EDGE('',*,*,#7674,.T.);
#7674 = EDGE_CURVE('',#7624,#7675,#7677,.T.);
#7675 = VERTEX_POINT('',#7676);
#7676 = CARTESIAN_POINT('',(-0.5,0.37,0.));
#7677 = LINE('',#7678,#7679);
#7678 = CARTESIAN_POINT('',(-0.5,-0.4,0.));
#7679 = VECTOR('',#7680,1.);
#7680 = DIRECTION('',(0.,1.,0.));
#7681 = ORIENTED_EDGE('',*,*,#7682,.F.);
#7682 = EDGE_CURVE('',#7535,#7675,#7683,.T.);
#7683 = LINE('',#7684,#7685);
#7684 = CARTESIAN_POINT('',(-0.8,0.37,0.));
#7685 = VECTOR('',#7686,1.);
#7686 = DIRECTION('',(1.,0.,0.));
#7687 = PLANE('',#7688);
#7688 = AXIS2_PLACEMENT_3D('',#7689,#7690,#7691);
#7689 = CARTESIAN_POINT('',(-0.8,-0.4,0.));
#7690 = DIRECTION('',(0.,0.,1.));
#7691 = DIRECTION('',(1.,0.,-0.));
#7692 = ADVANCED_FACE('',(#7693),#7711,.T.);
#7693 = FACE_BOUND('',#7694,.T.);
#7694 = EDGE_LOOP('',(#7695,#7696,#7697,#7705));
#7695 = ORIENTED_EDGE('',*,*,#7568,.F.);
#7696 = ORIENTED_EDGE('',*,*,#7657,.T.);
#7697 = ORIENTED_EDGE('',*,*,#7698,.T.);
#7698 = EDGE_CURVE('',#7649,#7699,#7701,.T.);
#7699 = VERTEX_POINT('',#7700);
#7700 = CARTESIAN_POINT('',(-0.5,0.37,0.8));
#7701 = LINE('',#7702,#7703);
#7702 = CARTESIAN_POINT('',(-0.5,-0.4,0.8));
#7703 = VECTOR('',#7704,1.);
#7704 = DIRECTION('',(0.,1.,0.));
#7705 = ORIENTED_EDGE('',*,*,#7706,.F.);
#7706 = EDGE_CURVE('',#7560,#7699,#7707,.T.);
#7707 = LINE('',#7708,#7709);
#7708 = CARTESIAN_POINT('',(-0.8,0.37,0.8));
#7709 = VECTOR('',#7710,1.);
#7710 = DIRECTION('',(1.,0.,0.));
#7711 = PLANE('',#7712);
#7712 = AXIS2_PLACEMENT_3D('',#7713,#7714,#7715);
#7713 = CARTESIAN_POINT('',(-0.8,-0.4,0.8));
#7714 = DIRECTION('',(0.,0.,1.));
#7715 = DIRECTION('',(1.,0.,-0.));
#7716 = ADVANCED_FACE('',(#7717),#7736,.T.);
#7717 = FACE_BOUND('',#7718,.T.);
#7718 = EDGE_LOOP('',(#7719,#7727,#7734,#7735));
#7719 = ORIENTED_EDGE('',*,*,#7720,.T.);
#7720 = EDGE_CURVE('',#7543,#7721,#7723,.T.);
#7721 = VERTEX_POINT('',#7722);
#7722 = CARTESIAN_POINT('',(-0.5,0.4,3.E-02));
#7723 = LINE('',#7724,#7725);
#7724 = CARTESIAN_POINT('',(-0.8,0.4,3.E-02));
#7725 = VECTOR('',#7726,1.);
#7726 = DIRECTION('',(1.,0.,0.));
#7727 = ORIENTED_EDGE('',*,*,#7728,.T.);
#7728 = EDGE_CURVE('',#7721,#7675,#7729,.T.);
#7729 = CIRCLE('',#7730,3.E-02);
#7730 = AXIS2_PLACEMENT_3D('',#7731,#7732,#7733);
#7731 = CARTESIAN_POINT('',(-0.5,0.37,3.E-02));
#7732 = DIRECTION('',(-1.,0.,0.));
#7733 = DIRECTION('',(0.,0.,1.));
#7734 = ORIENTED_EDGE('',*,*,#7682,.F.);
#7735 = ORIENTED_EDGE('',*,*,#7542,.F.);
#7736 = CYLINDRICAL_SURFACE('',#7737,3.E-02);
#7737 = AXIS2_PLACEMENT_3D('',#7738,#7739,#7740);
#7738 = CARTESIAN_POINT('',(-0.8,0.37,3.E-02));
#7739 = DIRECTION('',(1.,0.,0.));
#7740 = DIRECTION('',(-0.,1.,0.));
#7741 = ADVANCED_FACE('',(#7742),#7761,.T.);
#7742 = FACE_BOUND('',#7743,.T.);
#7743 = EDGE_LOOP('',(#7744,#7745,#7746,#7755));
#7744 = ORIENTED_EDGE('',*,*,#7559,.T.);
#7745 = ORIENTED_EDGE('',*,*,#7706,.T.);
#7746 = ORIENTED_EDGE('',*,*,#7747,.F.);
#7747 = EDGE_CURVE('',#7748,#7699,#7750,.T.);
#7748 = VERTEX_POINT('',#7749);
#7749 = CARTESIAN_POINT('',(-0.5,0.4,0.77));
#7750 = CIRCLE('',#7751,3.E-02);
#7751 = AXIS2_PLACEMENT_3D('',#7752,#7753,#7754);
#7752 = CARTESIAN_POINT('',(-0.5,0.37,0.77));
#7753 = DIRECTION('',(1.,0.,-0.));
#7754 = DIRECTION('',(0.,0.,1.));
#7755 = ORIENTED_EDGE('',*,*,#7756,.F.);
#7756 = EDGE_CURVE('',#7552,#7748,#7757,.T.);
#7757 = LINE('',#7758,#7759);
#7758 = CARTESIAN_POINT('',(-0.8,0.4,0.77));
#7759 = VECTOR('',#7760,1.);
#7760 = DIRECTION('',(1.,0.,0.));
#7761 = CYLINDRICAL_SURFACE('',#7762,3.E-02);
#7762 = AXIS2_PLACEMENT_3D('',#7763,#7764,#7765);
#7763 = CARTESIAN_POINT('',(-0.8,0.37,0.77));
#7764 = DIRECTION('',(1.,0.,0.));
#7765 = DIRECTION('',(-0.,1.,0.));
#7766 = ADVANCED_FACE('',(#7767),#7778,.T.);
#7767 = FACE_BOUND('',#7768,.T.);
#7768 = EDGE_LOOP('',(#7769,#7775,#7776,#7777));
#7769 = ORIENTED_EDGE('',*,*,#7770,.F.);
#7770 = EDGE_CURVE('',#7721,#7748,#7771,.T.);
#7771 = LINE('',#7772,#7773);
#7772 = CARTESIAN_POINT('',(-0.5,0.4,0.));
#7773 = VECTOR('',#7774,1.);
#7774 = DIRECTION('',(0.,0.,1.));
#7775 = ORIENTED_EDGE('',*,*,#7720,.F.);
#7776 = ORIENTED_EDGE('',*,*,#7551,.T.);
#7777 = ORIENTED_EDGE('',*,*,#7756,.T.);
#7778 = PLANE('',#7779);
#7779 = AXIS2_PLACEMENT_3D('',#7780,#7781,#7782);
#7780 = CARTESIAN_POINT('',(-0.8,0.4,0.));
#7781 = DIRECTION('',(0.,1.,0.));
#7782 = DIRECTION('',(0.,-0.,1.));
#7783 = ADVANCED_FACE('',(#7784,#7794),#7864,.T.);
#7784 = FACE_BOUND('',#7785,.T.);
#7785 = EDGE_LOOP('',(#7786,#7787,#7788,#7789,#7790,#7791,#7792,#7793));
#7786 = ORIENTED_EDGE('',*,*,#7591,.F.);
#7787 = ORIENTED_EDGE('',*,*,#7631,.T.);
#7788 = ORIENTED_EDGE('',*,*,#7674,.T.);
#7789 = ORIENTED_EDGE('',*,*,#7728,.F.);
#7790 = ORIENTED_EDGE('',*,*,#7770,.T.);
#7791 = ORIENTED_EDGE('',*,*,#7747,.T.);
#7792 = ORIENTED_EDGE('',*,*,#7698,.F.);
#7793 = ORIENTED_EDGE('',*,*,#7648,.F.);
#7794 = FACE_BOUND('',#7795,.T.);
#7795 = EDGE_LOOP('',(#7796,#7807,#7815,#7824,#7832,#7841,#7849,#7858));
#7796 = ORIENTED_EDGE('',*,*,#7797,.F.);
#7797 = EDGE_CURVE('',#7798,#7800,#7802,.T.);
#7798 = VERTEX_POINT('',#7799);
#7799 = CARTESIAN_POINT('',(-0.5,-0.37,6.E-02));
#7800 = VERTEX_POINT('',#7801);
#7801 = CARTESIAN_POINT('',(-0.5,-0.34,3.E-02));
#7802 = CIRCLE('',#7803,3.E-02);
#7803 = AXIS2_PLACEMENT_3D('',#7804,#7805,#7806);
#7804 = CARTESIAN_POINT('',(-0.5,-0.34,6.E-02));
#7805 = DIRECTION('',(1.,0.,-0.));
#7806 = DIRECTION('',(0.,0.,1.));
#7807 = ORIENTED_EDGE('',*,*,#7808,.T.);
#7808 = EDGE_CURVE('',#7798,#7809,#7811,.T.);
#7809 = VERTEX_POINT('',#7810);
#7810 = CARTESIAN_POINT('',(-0.5,-0.37,0.74));
#7811 = LINE('',#7812,#7813);
#7812 = CARTESIAN_POINT('',(-0.5,-0.37,3.E-02));
#7813 = VECTOR('',#7814,1.);
#7814 = DIRECTION('',(0.,0.,1.));
#7815 = ORIENTED_EDGE('',*,*,#7816,.T.);
#7816 = EDGE_CURVE('',#7809,#7817,#7819,.T.);
#7817 = VERTEX_POINT('',#7818);
#7818 = CARTESIAN_POINT('',(-0.5,-0.34,0.77));
#7819 = CIRCLE('',#7820,3.E-02);
#7820 = AXIS2_PLACEMENT_3D('',#7821,#7822,#7823);
#7821 = CARTESIAN_POINT('',(-0.5,-0.34,0.74));
#7822 = DIRECTION('',(-1.,0.,0.));
#7823 = DIRECTION('',(0.,0.,1.));
#7824 = ORIENTED_EDGE('',*,*,#7825,.T.);
#7825 = EDGE_CURVE('',#7817,#7826,#7828,.T.);
#7826 = VERTEX_POINT('',#7827);
#7827 = CARTESIAN_POINT('',(-0.5,0.34,0.77));
#7828 = LINE('',#7829,#7830);
#7829 = CARTESIAN_POINT('',(-0.5,-0.37,0.77));
#7830 = VECTOR('',#7831,1.);
#7831 = DIRECTION('',(0.,1.,0.));
#7832 = ORIENTED_EDGE('',*,*,#7833,.F.);
#7833 = EDGE_CURVE('',#7834,#7826,#7836,.T.);
#7834 = VERTEX_POINT('',#7835);
#7835 = CARTESIAN_POINT('',(-0.5,0.37,0.74));
#7836 = CIRCLE('',#7837,3.E-02);
#7837 = AXIS2_PLACEMENT_3D('',#7838,#7839,#7840);
#7838 = CARTESIAN_POINT('',(-0.5,0.34,0.74));
#7839 = DIRECTION('',(1.,0.,-0.));
#7840 = DIRECTION('',(0.,0.,1.));
#7841 = ORIENTED_EDGE('',*,*,#7842,.F.);
#7842 = EDGE_CURVE('',#7843,#7834,#7845,.T.);
#7843 = VERTEX_POINT('',#7844);
#7844 = CARTESIAN_POINT('',(-0.5,0.37,6.E-02));
#7845 = LINE('',#7846,#7847);
#7846 = CARTESIAN_POINT('',(-0.5,0.37,3.E-02));
#7847 = VECTOR('',#7848,1.);
#7848 = DIRECTION('',(0.,0.,1.));
#7849 = ORIENTED_EDGE('',*,*,#7850,.T.);
#7850 = EDGE_CURVE('',#7843,#7851,#7853,.T.);
#7851 = VERTEX_POINT('',#7852);
#7852 = CARTESIAN_POINT('',(-0.5,0.34,3.E-02));
#7853 = CIRCLE('',#7854,3.E-02);
#7854 = AXIS2_PLACEMENT_3D('',#7855,#7856,#7857);
#7855 = CARTESIAN_POINT('',(-0.5,0.34,6.E-02));
#7856 = DIRECTION('',(-1.,0.,0.));
#7857 = DIRECTION('',(0.,0.,1.));
#7858 = ORIENTED_EDGE('',*,*,#7859,.F.);
#7859 = EDGE_CURVE('',#7800,#7851,#7860,.T.);
#7860 = LINE('',#7861,#7862);
#7861 = CARTESIAN_POINT('',(-0.5,-0.37,3.E-02));
#7862 = VECTOR('',#7863,1.);
#7863 = DIRECTION('',(0.,1.,0.));
#7864 = PLANE('',#7865);
#7865 = AXIS2_PLACEMENT_3D('',#7866,#7867,#7868);
#7866 = CARTESIAN_POINT('',(-0.5,-0.4,0.));
#7867 = DIRECTION('',(1.,0.,0.));
#7868 = DIRECTION('',(0.,0.,1.));
#7869 = ADVANCED_FACE('',(#7870),#7896,.T.);
#7870 = FACE_BOUND('',#7871,.T.);
#7871 = EDGE_LOOP('',(#7872,#7873,#7881,#7890));
#7872 = ORIENTED_EDGE('',*,*,#7797,.T.);
#7873 = ORIENTED_EDGE('',*,*,#7874,.T.);
#7874 = EDGE_CURVE('',#7800,#7875,#7877,.T.);
#7875 = VERTEX_POINT('',#7876);
#7876 = CARTESIAN_POINT('',(0.5,-0.34,3.E-02));
#7877 = LINE('',#7878,#7879);
#7878 = CARTESIAN_POINT('',(-0.5,-0.34,3.E-02));
#7879 = VECTOR('',#7880,1.);
#7880 = DIRECTION('',(1.,0.,0.));
#7881 = ORIENTED_EDGE('',*,*,#7882,.F.);
#7882 = EDGE_CURVE('',#7883,#7875,#7885,.T.);
#7883 = VERTEX_POINT('',#7884);
#7884 = CARTESIAN_POINT('',(0.5,-0.37,6.E-02));
#7885 = CIRCLE('',#7886,3.E-02);
#7886 = AXIS2_PLACEMENT_3D('',#7887,#7888,#7889);
#7887 = CARTESIAN_POINT('',(0.5,-0.34,6.E-02));
#7888 = DIRECTION('',(1.,0.,-0.));
#7889 = DIRECTION('',(0.,0.,1.));
#7890 = ORIENTED_EDGE('',*,*,#7891,.F.);
#7891 = EDGE_CURVE('',#7798,#7883,#7892,.T.);
#7892 = LINE('',#7893,#7894);
#7893 = CARTESIAN_POINT('',(-0.5,-0.37,6.E-02));
#7894 = VECTOR('',#7895,1.);
#7895 = DIRECTION('',(1.,0.,0.));
#7896 = CYLINDRICAL_SURFACE('',#7897,3.E-02);
#7897 = AXIS2_PLACEMENT_3D('',#7898,#7899,#7900);
#7898 = CARTESIAN_POINT('',(-0.5,-0.34,6.E-02));
#7899 = DIRECTION('',(1.,0.,0.));
#7900 = DIRECTION('',(0.,-1.,0.));
#7901 = ADVANCED_FACE('',(#7902),#7920,.F.);
#7902 = FACE_BOUND('',#7903,.F.);
#7903 = EDGE_LOOP('',(#7904,#7905,#7906,#7914));
#7904 = ORIENTED_EDGE('',*,*,#7859,.F.);
#7905 = ORIENTED_EDGE('',*,*,#7874,.T.);
#7906 = ORIENTED_EDGE('',*,*,#7907,.T.);
#7907 = EDGE_CURVE('',#7875,#7908,#7910,.T.);
#7908 = VERTEX_POINT('',#7909);
#7909 = CARTESIAN_POINT('',(0.5,0.34,3.E-02));
#7910 = LINE('',#7911,#7912);
#7911 = CARTESIAN_POINT('',(0.5,-0.37,3.E-02));
#7912 = VECTOR('',#7913,1.);
#7913 = DIRECTION('',(0.,1.,0.));
#7914 = ORIENTED_EDGE('',*,*,#7915,.F.);
#7915 = EDGE_CURVE('',#7851,#7908,#7916,.T.);
#7916 = LINE('',#7917,#7918);
#7917 = CARTESIAN_POINT('',(-0.5,0.34,3.E-02));
#7918 = VECTOR('',#7919,1.);
#7919 = DIRECTION('',(1.,0.,0.));
#7920 = PLANE('',#7921);
#7921 = AXIS2_PLACEMENT_3D('',#7922,#7923,#7924);
#7922 = CARTESIAN_POINT('',(-0.5,-0.37,3.E-02));
#7923 = DIRECTION('',(0.,0.,1.));
#7924 = DIRECTION('',(1.,0.,-0.));
#7925 = ADVANCED_FACE('',(#7926),#7945,.T.);
#7926 = FACE_BOUND('',#7927,.T.);
#7927 = EDGE_LOOP('',(#7928,#7936,#7943,#7944));
#7928 = ORIENTED_EDGE('',*,*,#7929,.T.);
#7929 = EDGE_CURVE('',#7843,#7930,#7932,.T.);
#7930 = VERTEX_POINT('',#7931);
#7931 = CARTESIAN_POINT('',(0.5,0.37,6.E-02));
#7932 = LINE('',#7933,#7934);
#7933 = CARTESIAN_POINT('',(-0.5,0.37,6.E-02));
#7934 = VECTOR('',#7935,1.);
#7935 = DIRECTION('',(1.,0.,0.));
#7936 = ORIENTED_EDGE('',*,*,#7937,.T.);
#7937 = EDGE_CURVE('',#7930,#7908,#7938,.T.);
#7938 = CIRCLE('',#7939,3.E-02);
#7939 = AXIS2_PLACEMENT_3D('',#7940,#7941,#7942);
#7940 = CARTESIAN_POINT('',(0.5,0.34,6.E-02));
#7941 = DIRECTION('',(-1.,0.,0.));
#7942 = DIRECTION('',(0.,0.,1.));
#7943 = ORIENTED_EDGE('',*,*,#7915,.F.);
#7944 = ORIENTED_EDGE('',*,*,#7850,.F.);
#7945 = CYLINDRICAL_SURFACE('',#7946,3.E-02);
#7946 = AXIS2_PLACEMENT_3D('',#7947,#7948,#7949);
#7947 = CARTESIAN_POINT('',(-0.5,0.34,6.E-02));
#7948 = DIRECTION('',(1.,0.,0.));
#7949 = DIRECTION('',(-0.,1.,0.));
#7950 = ADVANCED_FACE('',(#7951),#7969,.T.);
#7951 = FACE_BOUND('',#7952,.T.);
#7952 = EDGE_LOOP('',(#7953,#7961,#7962,#7963));
#7953 = ORIENTED_EDGE('',*,*,#7954,.F.);
#7954 = EDGE_CURVE('',#7930,#7955,#7957,.T.);
#7955 = VERTEX_POINT('',#7956);
#7956 = CARTESIAN_POINT('',(0.5,0.37,0.74));
#7957 = LINE('',#7958,#7959);
#7958 = CARTESIAN_POINT('',(0.5,0.37,3.E-02));
#7959 = VECTOR('',#7960,1.);
#7960 = DIRECTION('',(0.,0.,1.));
#7961 = ORIENTED_EDGE('',*,*,#7929,.F.);
#7962 = ORIENTED_EDGE('',*,*,#7842,.T.);
#7963 = ORIENTED_EDGE('',*,*,#7964,.T.);
#7964 = EDGE_CURVE('',#7834,#7955,#7965,.T.);
#7965 = LINE('',#7966,#7967);
#7966 = CARTESIAN_POINT('',(-0.5,0.37,0.74));
#7967 = VECTOR('',#7968,1.);
#7968 = DIRECTION('',(1.,0.,0.));
#7969 = PLANE('',#7970);
#7970 = AXIS2_PLACEMENT_3D('',#7971,#7972,#7973);
#7971 = CARTESIAN_POINT('',(-0.5,0.37,3.E-02));
#7972 = DIRECTION('',(0.,1.,0.));
#7973 = DIRECTION('',(0.,-0.,1.));
#7974 = ADVANCED_FACE('',(#7975),#7994,.T.);
#7975 = FACE_BOUND('',#7976,.T.);
#7976 = EDGE_LOOP('',(#7977,#7978,#7986,#7993));
#7977 = ORIENTED_EDGE('',*,*,#7833,.T.);
#7978 = ORIENTED_EDGE('',*,*,#7979,.T.);
#7979 = EDGE_CURVE('',#7826,#7980,#7982,.T.);
#7980 = VERTEX_POINT('',#7981);
#7981 = CARTESIAN_POINT('',(0.5,0.34,0.77));
#7982 = LINE('',#7983,#7984);
#7983 = CARTESIAN_POINT('',(-0.5,0.34,0.77));
#7984 = VECTOR('',#7985,1.);
#7985 = DIRECTION('',(1.,0.,0.));
#7986 = ORIENTED_EDGE('',*,*,#7987,.F.);
#7987 = EDGE_CURVE('',#7955,#7980,#7988,.T.);
#7988 = CIRCLE('',#7989,3.E-02);
#7989 = AXIS2_PLACEMENT_3D('',#7990,#7991,#7992);
#7990 = CARTESIAN_POINT('',(0.5,0.34,0.74));
#7991 = DIRECTION('',(1.,0.,-0.));
#7992 = DIRECTION('',(0.,0.,1.));
#7993 = ORIENTED_EDGE('',*,*,#7964,.F.);
#7994 = CYLINDRICAL_SURFACE('',#7995,3.E-02);
#7995 = AXIS2_PLACEMENT_3D('',#7996,#7997,#7998);
#7996 = CARTESIAN_POINT('',(-0.5,0.34,0.74));
#7997 = DIRECTION('',(1.,0.,0.));
#7998 = DIRECTION('',(-0.,1.,0.));
#7999 = ADVANCED_FACE('',(#8000),#8018,.T.);
#8000 = FACE_BOUND('',#8001,.T.);
#8001 = EDGE_LOOP('',(#8002,#8003,#8011,#8017));
#8002 = ORIENTED_EDGE('',*,*,#7825,.F.);
#8003 = ORIENTED_EDGE('',*,*,#8004,.T.);
#8004 = EDGE_CURVE('',#7817,#8005,#8007,.T.);
#8005 = VERTEX_POINT('',#8006);
#8006 = CARTESIAN_POINT('',(0.5,-0.34,0.77));
#8007 = LINE('',#8008,#8009);
#8008 = CARTESIAN_POINT('',(-0.5,-0.34,0.77));
#8009 = VECTOR('',#8010,1.);
#8010 = DIRECTION('',(1.,0.,0.));
#8011 = ORIENTED_EDGE('',*,*,#8012,.T.);
#8012 = EDGE_CURVE('',#8005,#7980,#8013,.T.);
#8013 = LINE('',#8014,#8015);
#8014 = CARTESIAN_POINT('',(0.5,-0.37,0.77));
#8015 = VECTOR('',#8016,1.);
#8016 = DIRECTION('',(0.,1.,0.));
#8017 = ORIENTED_EDGE('',*,*,#7979,.F.);
#8018 = PLANE('',#8019);
#8019 = AXIS2_PLACEMENT_3D('',#8020,#8021,#8022);
#8020 = CARTESIAN_POINT('',(-0.5,-0.37,0.77));
#8021 = DIRECTION('',(0.,0.,1.));
#8022 = DIRECTION('',(1.,0.,-0.));
#8023 = ADVANCED_FACE('',(#8024),#8043,.T.);
#8024 = FACE_BOUND('',#8025,.T.);
#8025 = EDGE_LOOP('',(#8026,#8034,#8041,#8042));
#8026 = ORIENTED_EDGE('',*,*,#8027,.T.);
#8027 = EDGE_CURVE('',#7809,#8028,#8030,.T.);
#8028 = VERTEX_POINT('',#8029);
#8029 = CARTESIAN_POINT('',(0.5,-0.37,0.74));
#8030 = LINE('',#8031,#8032);
#8031 = CARTESIAN_POINT('',(-0.5,-0.37,0.74));
#8032 = VECTOR('',#8033,1.);
#8033 = DIRECTION('',(1.,0.,0.));
#8034 = ORIENTED_EDGE('',*,*,#8035,.T.);
#8035 = EDGE_CURVE('',#8028,#8005,#8036,.T.);
#8036 = CIRCLE('',#8037,3.E-02);
#8037 = AXIS2_PLACEMENT_3D('',#8038,#8039,#8040);
#8038 = CARTESIAN_POINT('',(0.5,-0.34,0.74));
#8039 = DIRECTION('',(-1.,0.,0.));
#8040 = DIRECTION('',(0.,0.,1.));
#8041 = ORIENTED_EDGE('',*,*,#8004,.F.);
#8042 = ORIENTED_EDGE('',*,*,#7816,.F.);
#8043 = CYLINDRICAL_SURFACE('',#8044,3.E-02);
#8044 = AXIS2_PLACEMENT_3D('',#8045,#8046,#8047);
#8045 = CARTESIAN_POINT('',(-0.5,-0.34,0.74));
#8046 = DIRECTION('',(1.,0.,0.));
#8047 = DIRECTION('',(0.,-1.,0.));
#8048 = ADVANCED_FACE('',(#8049),#8060,.F.);
#8049 = FACE_BOUND('',#8050,.F.);
#8050 = EDGE_LOOP('',(#8051,#8057,#8058,#8059));
#8051 = ORIENTED_EDGE('',*,*,#8052,.F.);
#8052 = EDGE_CURVE('',#7883,#8028,#8053,.T.);
#8053 = LINE('',#8054,#8055);
#8054 = CARTESIAN_POINT('',(0.5,-0.37,3.E-02));
#8055 = VECTOR('',#8056,1.);
#8056 = DIRECTION('',(0.,0.,1.));
#8057 = ORIENTED_EDGE('',*,*,#7891,.F.);
#8058 = ORIENTED_EDGE('',*,*,#7808,.T.);
#8059 = ORIENTED_EDGE('',*,*,#8027,.T.);
#8060 = PLANE('',#8061);
#8061 = AXIS2_PLACEMENT_3D('',#8062,#8063,#8064);
#8062 = CARTESIAN_POINT('',(-0.5,-0.37,3.E-02));
#8063 = DIRECTION('',(0.,1.,0.));
#8064 = DIRECTION('',(0.,-0.,1.));
#8065 = ADVANCED_FACE('',(#8066,#8136),#8146,.F.);
#8066 = FACE_BOUND('',#8067,.F.);
#8067 = EDGE_LOOP('',(#8068,#8078,#8087,#8095,#8104,#8112,#8121,#8129));
#8068 = ORIENTED_EDGE('',*,*,#8069,.F.);
#8069 = EDGE_CURVE('',#8070,#8072,#8074,.T.);
#8070 = VERTEX_POINT('',#8071);
#8071 = CARTESIAN_POINT('',(0.5,-0.4,3.E-02));
#8072 = VERTEX_POINT('',#8073);
#8073 = CARTESIAN_POINT('',(0.5,-0.4,0.77));
#8074 = LINE('',#8075,#8076);
#8075 = CARTESIAN_POINT('',(0.5,-0.4,0.));
#8076 = VECTOR('',#8077,1.);
#8077 = DIRECTION('',(0.,0.,1.));
#8078 = ORIENTED_EDGE('',*,*,#8079,.T.);
#8079 = EDGE_CURVE('',#8070,#8080,#8082,.T.);
#8080 = VERTEX_POINT('',#8081);
#8081 = CARTESIAN_POINT('',(0.5,-0.37,0.));
#8082 = CIRCLE('',#8083,3.E-02);
#8083 = AXIS2_PLACEMENT_3D('',#8084,#8085,#8086);
#8084 = CARTESIAN_POINT('',(0.5,-0.37,3.E-02));
#8085 = DIRECTION('',(1.,0.,-0.));
#8086 = DIRECTION('',(0.,0.,1.));
#8087 = ORIENTED_EDGE('',*,*,#8088,.T.);
#8088 = EDGE_CURVE('',#8080,#8089,#8091,.T.);
#8089 = VERTEX_POINT('',#8090);
#8090 = CARTESIAN_POINT('',(0.5,0.37,0.));
#8091 = LINE('',#8092,#8093);
#8092 = CARTESIAN_POINT('',(0.5,-0.4,0.));
#8093 = VECTOR('',#8094,1.);
#8094 = DIRECTION('',(0.,1.,0.));
#8095 = ORIENTED_EDGE('',*,*,#8096,.F.);
#8096 = EDGE_CURVE('',#8097,#8089,#8099,.T.);
#8097 = VERTEX_POINT('',#8098);
#8098 = CARTESIAN_POINT('',(0.5,0.4,3.E-02));
#8099 = CIRCLE('',#8100,3.E-02);
#8100 = AXIS2_PLACEMENT_3D('',#8101,#8102,#8103);
#8101 = CARTESIAN_POINT('',(0.5,0.37,3.E-02));
#8102 = DIRECTION('',(-1.,0.,0.));
#8103 = DIRECTION('',(0.,0.,1.));
#8104 = ORIENTED_EDGE('',*,*,#8105,.T.);
#8105 = EDGE_CURVE('',#8097,#8106,#8108,.T.);
#8106 = VERTEX_POINT('',#8107);
#8107 = CARTESIAN_POINT('',(0.5,0.4,0.77));
#8108 = LINE('',#8109,#8110);
#8109 = CARTESIAN_POINT('',(0.5,0.4,0.));
#8110 = VECTOR('',#8111,1.);
#8111 = DIRECTION('',(0.,0.,1.));
#8112 = ORIENTED_EDGE('',*,*,#8113,.T.);
#8113 = EDGE_CURVE('',#8106,#8114,#8116,.T.);
#8114 = VERTEX_POINT('',#8115);
#8115 = CARTESIAN_POINT('',(0.5,0.37,0.8));
#8116 = CIRCLE('',#8117,3.E-02);
#8117 = AXIS2_PLACEMENT_3D('',#8118,#8119,#8120);
#8118 = CARTESIAN_POINT('',(0.5,0.37,0.77));
#8119 = DIRECTION('',(1.,0.,-0.));
#8120 = DIRECTION('',(0.,0.,1.));
#8121 = ORIENTED_EDGE('',*,*,#8122,.F.);
#8122 = EDGE_CURVE('',#8123,#8114,#8125,.T.);
#8123 = VERTEX_POINT('',#8124);
#8124 = CARTESIAN_POINT('',(0.5,-0.37,0.8));
#8125 = LINE('',#8126,#8127);
#8126 = CARTESIAN_POINT('',(0.5,-0.4,0.8));
#8127 = VECTOR('',#8128,1.);
#8128 = DIRECTION('',(0.,1.,0.));
#8129 = ORIENTED_EDGE('',*,*,#8130,.F.);
#8130 = EDGE_CURVE('',#8072,#8123,#8131,.T.);
#8131 = CIRCLE('',#8132,3.E-02);
#8132 = AXIS2_PLACEMENT_3D('',#8133,#8134,#8135);
#8133 = CARTESIAN_POINT('',(0.5,-0.37,0.77));
#8134 = DIRECTION('',(-1.,0.,0.));
#8135 = DIRECTION('',(0.,0.,1.));
#8136 = FACE_BOUND('',#8137,.F.);
#8137 = EDGE_LOOP('',(#8138,#8139,#8140,#8141,#8142,#8143,#8144,#8145));
#8138 = ORIENTED_EDGE('',*,*,#7882,.F.);
#8139 = ORIENTED_EDGE('',*,*,#8052,.T.);
#8140 = ORIENTED_EDGE('',*,*,#8035,.T.);
#8141 = ORIENTED_EDGE('',*,*,#8012,.T.);
#8142 = ORIENTED_EDGE('',*,*,#7987,.F.);
#8143 = ORIENTED_EDGE('',*,*,#7954,.F.);
#8144 = ORIENTED_EDGE('',*,*,#7937,.T.);
#8145 = ORIENTED_EDGE('',*,*,#7907,.F.);
#8146 = PLANE('',#8147);
#8147 = AXIS2_PLACEMENT_3D('',#8148,#8149,#8150);
#8148 = CARTESIAN_POINT('',(0.5,-0.4,0.));
#8149 = DIRECTION('',(1.,0.,0.));
#8150 = DIRECTION('',(0.,0.,1.));
#8151 = ADVANCED_FACE('',(#8152),#8177,.F.);
#8152 = FACE_BOUND('',#8153,.F.);
#8153 = EDGE_LOOP('',(#8154,#8164,#8170,#8171));
#8154 = ORIENTED_EDGE('',*,*,#8155,.F.);
#8155 = EDGE_CURVE('',#8156,#8158,#8160,.T.);
#8156 = VERTEX_POINT('',#8157);
#8157 = CARTESIAN_POINT('',(0.8,-0.4,3.E-02));
#8158 = VERTEX_POINT('',#8159);
#8159 = CARTESIAN_POINT('',(0.8,-0.4,0.77));
#8160 = LINE('',#8161,#8162);
#8161 = CARTESIAN_POINT('',(0.8,-0.4,0.));
#8162 = VECTOR('',#8163,1.);
#8163 = DIRECTION('',(0.,0.,1.));
#8164 = ORIENTED_EDGE('',*,*,#8165,.F.);
#8165 = EDGE_CURVE('',#8070,#8156,#8166,.T.);
#8166 = LINE('',#8167,#8168);
#8167 = CARTESIAN_POINT('',(0.5,-0.4,3.E-02));
#8168 = VECTOR('',#8169,1.);
#8169 = DIRECTION('',(1.,0.,0.));
#8170 = ORIENTED_EDGE('',*,*,#8069,.T.);
#8171 = ORIENTED_EDGE('',*,*,#8172,.T.);
#8172 = EDGE_CURVE('',#8072,#8158,#8173,.T.);
#8173 = LINE('',#8174,#8175);
#8174 = CARTESIAN_POINT('',(0.5,-0.4,0.77));
#8175 = VECTOR('',#8176,1.);
#8176 = DIRECTION('',(1.,0.,0.));
#8177 = PLANE('',#8178);
#8178 = AXIS2_PLACEMENT_3D('',#8179,#8180,#8181);
#8179 = CARTESIAN_POINT('',(0.5,-0.4,0.));
#8180 = DIRECTION('',(0.,1.,0.));
#8181 = DIRECTION('',(0.,-0.,1.));
#8182 = ADVANCED_FACE('',(#8183),#8202,.T.);
#8183 = FACE_BOUND('',#8184,.T.);
#8184 = EDGE_LOOP('',(#8185,#8186,#8194,#8201));
#8185 = ORIENTED_EDGE('',*,*,#8079,.T.);
#8186 = ORIENTED_EDGE('',*,*,#8187,.T.);
#8187 = EDGE_CURVE('',#8080,#8188,#8190,.T.);
#8188 = VERTEX_POINT('',#8189);
#8189 = CARTESIAN_POINT('',(0.8,-0.37,0.));
#8190 = LINE('',#8191,#8192);
#8191 = CARTESIAN_POINT('',(0.5,-0.37,0.));
#8192 = VECTOR('',#8193,1.);
#8193 = DIRECTION('',(1.,0.,0.));
#8194 = ORIENTED_EDGE('',*,*,#8195,.F.);
#8195 = EDGE_CURVE('',#8156,#8188,#8196,.T.);
#8196 = CIRCLE('',#8197,3.E-02);
#8197 = AXIS2_PLACEMENT_3D('',#8198,#8199,#8200);
#8198 = CARTESIAN_POINT('',(0.8,-0.37,3.E-02));
#8199 = DIRECTION('',(1.,0.,-0.));
#8200 = DIRECTION('',(0.,0.,1.));
#8201 = ORIENTED_EDGE('',*,*,#8165,.F.);
#8202 = CYLINDRICAL_SURFACE('',#8203,3.E-02);
#8203 = AXIS2_PLACEMENT_3D('',#8204,#8205,#8206);
#8204 = CARTESIAN_POINT('',(0.5,-0.37,3.E-02));
#8205 = DIRECTION('',(1.,0.,0.));
#8206 = DIRECTION('',(0.,-1.,0.));
#8207 = ADVANCED_FACE('',(#8208),#8227,.T.);
#8208 = FACE_BOUND('',#8209,.T.);
#8209 = EDGE_LOOP('',(#8210,#8211,#8220,#8226));
#8210 = ORIENTED_EDGE('',*,*,#8172,.T.);
#8211 = ORIENTED_EDGE('',*,*,#8212,.T.);
#8212 = EDGE_CURVE('',#8158,#8213,#8215,.T.);
#8213 = VERTEX_POINT('',#8214);
#8214 = CARTESIAN_POINT('',(0.8,-0.37,0.8));
#8215 = CIRCLE('',#8216,3.E-02);
#8216 = AXIS2_PLACEMENT_3D('',#8217,#8218,#8219);
#8217 = CARTESIAN_POINT('',(0.8,-0.37,0.77));
#8218 = DIRECTION('',(-1.,0.,0.));
#8219 = DIRECTION('',(0.,0.,1.));
#8220 = ORIENTED_EDGE('',*,*,#8221,.F.);
#8221 = EDGE_CURVE('',#8123,#8213,#8222,.T.);
#8222 = LINE('',#8223,#8224);
#8223 = CARTESIAN_POINT('',(0.5,-0.37,0.8));
#8224 = VECTOR('',#8225,1.);
#8225 = DIRECTION('',(1.,0.,0.));
#8226 = ORIENTED_EDGE('',*,*,#8130,.F.);
#8227 = CYLINDRICAL_SURFACE('',#8228,3.E-02);
#8228 = AXIS2_PLACEMENT_3D('',#8229,#8230,#8231);
#8229 = CARTESIAN_POINT('',(0.5,-0.37,0.77));
#8230 = DIRECTION('',(1.,0.,0.));
#8231 = DIRECTION('',(0.,-1.,0.));
#8232 = ADVANCED_FACE('',(#8233),#8251,.F.);
#8233 = FACE_BOUND('',#8234,.F.);
#8234 = EDGE_LOOP('',(#8235,#8236,#8237,#8245));
#8235 = ORIENTED_EDGE('',*,*,#8088,.F.);
#8236 = ORIENTED_EDGE('',*,*,#8187,.T.);
#8237 = ORIENTED_EDGE('',*,*,#8238,.T.);
#8238 = EDGE_CURVE('',#8188,#8239,#8241,.T.);
#8239 = VERTEX_POINT('',#8240);
#8240 = CARTESIAN_POINT('',(0.8,0.37,0.));
#8241 = LINE('',#8242,#8243);
#8242 = CARTESIAN_POINT('',(0.8,-0.4,0.));
#8243 = VECTOR('',#8244,1.);
#8244 = DIRECTION('',(0.,1.,0.));
#8245 = ORIENTED_EDGE('',*,*,#8246,.F.);
#8246 = EDGE_CURVE('',#8089,#8239,#8247,.T.);
#8247 = LINE('',#8248,#8249);
#8248 = CARTESIAN_POINT('',(0.5,0.37,0.));
#8249 = VECTOR('',#8250,1.);
#8250 = DIRECTION('',(1.,0.,0.));
#8251 = PLANE('',#8252);
#8252 = AXIS2_PLACEMENT_3D('',#8253,#8254,#8255);
#8253 = CARTESIAN_POINT('',(0.5,-0.4,0.));
#8254 = DIRECTION('',(0.,0.,1.));
#8255 = DIRECTION('',(1.,0.,-0.));
#8256 = ADVANCED_FACE('',(#8257),#8275,.T.);
#8257 = FACE_BOUND('',#8258,.T.);
#8258 = EDGE_LOOP('',(#8259,#8260,#8261,#8269));
#8259 = ORIENTED_EDGE('',*,*,#8122,.F.);
#8260 = ORIENTED_EDGE('',*,*,#8221,.T.);
#8261 = ORIENTED_EDGE('',*,*,#8262,.T.);
#8262 = EDGE_CURVE('',#8213,#8263,#8265,.T.);
#8263 = VERTEX_POINT('',#8264);
#8264 = CARTESIAN_POINT('',(0.8,0.37,0.8));
#8265 = LINE('',#8266,#8267);
#8266 = CARTESIAN_POINT('',(0.8,-0.4,0.8));
#8267 = VECTOR('',#8268,1.);
#8268 = DIRECTION('',(0.,1.,0.));
#8269 = ORIENTED_EDGE('',*,*,#8270,.F.);
#8270 = EDGE_CURVE('',#8114,#8263,#8271,.T.);
#8271 = LINE('',#8272,#8273);
#8272 = CARTESIAN_POINT('',(0.5,0.37,0.8));
#8273 = VECTOR('',#8274,1.);
#8274 = DIRECTION('',(1.,0.,0.));
#8275 = PLANE('',#8276);
#8276 = AXIS2_PLACEMENT_3D('',#8277,#8278,#8279);
#8277 = CARTESIAN_POINT('',(0.5,-0.4,0.8));
#8278 = DIRECTION('',(0.,0.,1.));
#8279 = DIRECTION('',(1.,0.,-0.));
#8280 = ADVANCED_FACE('',(#8281),#8300,.T.);
#8281 = FACE_BOUND('',#8282,.T.);
#8282 = EDGE_LOOP('',(#8283,#8291,#8298,#8299));
#8283 = ORIENTED_EDGE('',*,*,#8284,.T.);
#8284 = EDGE_CURVE('',#8097,#8285,#8287,.T.);
#8285 = VERTEX_POINT('',#8286);
#8286 = CARTESIAN_POINT('',(0.8,0.4,3.E-02));
#8287 = LINE('',#8288,#8289);
#8288 = CARTESIAN_POINT('',(0.5,0.4,3.E-02));
#8289 = VECTOR('',#8290,1.);
#8290 = DIRECTION('',(1.,0.,0.));
#8291 = ORIENTED_EDGE('',*,*,#8292,.T.);
#8292 = EDGE_CURVE('',#8285,#8239,#8293,.T.);
#8293 = CIRCLE('',#8294,3.E-02);
#8294 = AXIS2_PLACEMENT_3D('',#8295,#8296,#8297);
#8295 = CARTESIAN_POINT('',(0.8,0.37,3.E-02));
#8296 = DIRECTION('',(-1.,0.,0.));
#8297 = DIRECTION('',(0.,0.,1.));
#8298 = ORIENTED_EDGE('',*,*,#8246,.F.);
#8299 = ORIENTED_EDGE('',*,*,#8096,.F.);
#8300 = CYLINDRICAL_SURFACE('',#8301,3.E-02);
#8301 = AXIS2_PLACEMENT_3D('',#8302,#8303,#8304);
#8302 = CARTESIAN_POINT('',(0.5,0.37,3.E-02));
#8303 = DIRECTION('',(1.,0.,0.));
#8304 = DIRECTION('',(-0.,1.,0.));
#8305 = ADVANCED_FACE('',(#8306),#8325,.T.);
#8306 = FACE_BOUND('',#8307,.T.);
#8307 = EDGE_LOOP('',(#8308,#8309,#8310,#8319));
#8308 = ORIENTED_EDGE('',*,*,#8113,.T.);
#8309 = ORIENTED_EDGE('',*,*,#8270,.T.);
#8310 = ORIENTED_EDGE('',*,*,#8311,.F.);
#8311 = EDGE_CURVE('',#8312,#8263,#8314,.T.);
#8312 = VERTEX_POINT('',#8313);
#8313 = CARTESIAN_POINT('',(0.8,0.4,0.77));
#8314 = CIRCLE('',#8315,3.E-02);
#8315 = AXIS2_PLACEMENT_3D('',#8316,#8317,#8318);
#8316 = CARTESIAN_POINT('',(0.8,0.37,0.77));
#8317 = DIRECTION('',(1.,0.,-0.));
#8318 = DIRECTION('',(0.,0.,1.));
#8319 = ORIENTED_EDGE('',*,*,#8320,.F.);
#8320 = EDGE_CURVE('',#8106,#8312,#8321,.T.);
#8321 = LINE('',#8322,#8323);
#8322 = CARTESIAN_POINT('',(0.5,0.4,0.77));
#8323 = VECTOR('',#8324,1.);
#8324 = DIRECTION('',(1.,0.,0.));
#8325 = CYLINDRICAL_SURFACE('',#8326,3.E-02);
#8326 = AXIS2_PLACEMENT_3D('',#8327,#8328,#8329);
#8327 = CARTESIAN_POINT('',(0.5,0.37,0.77));
#8328 = DIRECTION('',(1.,0.,0.));
#8329 = DIRECTION('',(-0.,1.,0.));
#8330 = ADVANCED_FACE('',(#8331),#8342,.T.);
#8331 = FACE_BOUND('',#8332,.T.);
#8332 = EDGE_LOOP('',(#8333,#8339,#8340,#8341));
#8333 = ORIENTED_EDGE('',*,*,#8334,.F.);
#8334 = EDGE_CURVE('',#8285,#8312,#8335,.T.);
#8335 = LINE('',#8336,#8337);
#8336 = CARTESIAN_POINT('',(0.8,0.4,0.));
#8337 = VECTOR('',#8338,1.);
#8338 = DIRECTION('',(0.,0.,1.));
#8339 = ORIENTED_EDGE('',*,*,#8284,.F.);
#8340 = ORIENTED_EDGE('',*,*,#8105,.T.);
#8341 = ORIENTED_EDGE('',*,*,#8320,.T.);
#8342 = PLANE('',#8343);
#8343 = AXIS2_PLACEMENT_3D('',#8344,#8345,#8346);
#8344 = CARTESIAN_POINT('',(0.5,0.4,0.));
#8345 = DIRECTION('',(0.,1.,0.));
#8346 = DIRECTION('',(0.,-0.,1.));
#8347 = ADVANCED_FACE('',(#8348),#8358,.T.);
#8348 = FACE_BOUND('',#8349,.T.);
#8349 = EDGE_LOOP('',(#8350,#8351,#8352,#8353,#8354,#8355,#8356,#8357));
#8350 = ORIENTED_EDGE('',*,*,#8155,.F.);
#8351 = ORIENTED_EDGE('',*,*,#8195,.T.);
#8352 = ORIENTED_EDGE('',*,*,#8238,.T.);
#8353 = ORIENTED_EDGE('',*,*,#8292,.F.);
#8354 = ORIENTED_EDGE('',*,*,#8334,.T.);
#8355 = ORIENTED_EDGE('',*,*,#8311,.T.);
#8356 = ORIENTED_EDGE('',*,*,#8262,.F.);
#8357 = ORIENTED_EDGE('',*,*,#8212,.F.);
#8358 = PLANE('',#8359);
#8359 = AXIS2_PLACEMENT_3D('',#8360,#8361,#8362);
#8360 = CARTESIAN_POINT('',(0.8,-0.4,0.));
#8361 = DIRECTION('',(1.,0.,0.));
#8362 = DIRECTION('',(0.,0.,1.));
#8363 = ( GEOMETRIC_REPRESENTATION_CONTEXT(3) 
GLOBAL_UNCERTAINTY_ASSIGNED_CONTEXT((#8367)) 
GLOBAL_UNIT_ASSIGNED_CONTEXT((#8364,#8365,#8366)) REPRESENTATION_CONTEXT
('Context #1','3D Context with UNIT and UNCERTAINTY') );
#8364 = ( LENGTH_UNIT() NAMED_UNIT(*) SI_UNIT(.MILLI.,.METRE.) );
#8365 = ( NAMED_UNIT(*) PLANE_ANGLE_UNIT() SI_UNIT($,.RADIAN.) );
#8366 = ( NAMED_UNIT(*) SI_UNIT($,.STERADIAN.) SOLID_ANGLE_UNIT() );
#8367 = UNCERTAINTY_MEASURE_WITH_UNIT(LENGTH_MEASURE(1.E-07),#8364,
  'distance_accuracy_value','confusion accuracy');
#8368 = CONTEXT_DEPENDENT_SHAPE_REPRESENTATION(#8369,#8371);
#8369 = ( REPRESENTATION_RELATIONSHIP('','',#7508,#10) 
REPRESENTATION_RELATIONSHIP_WITH_TRANSFORMATION(#8370) 
SHAPE_REPRESENTATION_RELATIONSHIP() );
#8370 = ITEM_DEFINED_TRANSFORMATION('','',#11,#67);
#8371 = PRODUCT_DEFINITION_SHAPE('Placement','Placement of an item',
  #8372);
#8372 = NEXT_ASSEMBLY_USAGE_OCCURRENCE('14','C3','',#5,#7503,$);
#8373 = PRODUCT_RELATED_PRODUCT_CATEGORY('part',$,(#7505));
#8374 = SHAPE_DEFINITION_REPRESENTATION(#8375,#8381);
#8375 = PRODUCT_DEFINITION_SHAPE('','',#8376);
#8376 = PRODUCT_DEFINITION('design','',#8377,#8380);
#8377 = PRODUCT_DEFINITION_FORMATION('','',#8378);
#8378 = PRODUCT('ST_VL53L1x','ST_VL53L1x','',(#8379));
#8379 = PRODUCT_CONTEXT('',#2,'mechanical');
#8380 = PRODUCT_DEFINITION_CONTEXT('part definition',#2,'design');
#8381 = SHAPE_REPRESENTATION('',(#11,#8382,#8532,#9724,#9874,#9927,#9980
    ,#10130,#10346,#10496,#10646,#10796,#10946,#11096,#11246,#11396,
    #11546,#11696,#11846),#11996);
#8382 = MANIFOLD_SOLID_BREP('',#8383);
#8383 = CLOSED_SHELL('',(#8384,#8424,#8455,#8486,#8508,#8520));
#8384 = ADVANCED_FACE('',(#8385),#8419,.T.);
#8385 = FACE_BOUND('',#8386,.T.);
#8386 = EDGE_LOOP('',(#8387,#8397,#8405,#8413));
#8387 = ORIENTED_EDGE('',*,*,#8388,.T.);
#8388 = EDGE_CURVE('',#8389,#8391,#8393,.T.);
#8389 = VERTEX_POINT('',#8390);
#8390 = CARTESIAN_POINT('',(-2.4,1.2,0.));
#8391 = VERTEX_POINT('',#8392);
#8392 = CARTESIAN_POINT('',(-2.4,1.2,0.25));
#8393 = LINE('',#8394,#8395);
#8394 = CARTESIAN_POINT('',(-2.4,1.2,0.));
#8395 = VECTOR('',#8396,1.);
#8396 = DIRECTION('',(0.,0.,1.));
#8397 = ORIENTED_EDGE('',*,*,#8398,.T.);
#8398 = EDGE_CURVE('',#8391,#8399,#8401,.T.);
#8399 = VERTEX_POINT('',#8400);
#8400 = CARTESIAN_POINT('',(2.4,1.2,0.25));
#8401 = LINE('',#8402,#8403);
#8402 = CARTESIAN_POINT('',(-2.4,1.2,0.25));
#8403 = VECTOR('',#8404,1.);
#8404 = DIRECTION('',(1.,0.,0.));
#8405 = ORIENTED_EDGE('',*,*,#8406,.F.);
#8406 = EDGE_CURVE('',#8407,#8399,#8409,.T.);
#8407 = VERTEX_POINT('',#8408);
#8408 = CARTESIAN_POINT('',(2.4,1.2,0.));
#8409 = LINE('',#8410,#8411);
#8410 = CARTESIAN_POINT('',(2.4,1.2,0.));
#8411 = VECTOR('',#8412,1.);
#8412 = DIRECTION('',(0.,0.,1.));
#8413 = ORIENTED_EDGE('',*,*,#8414,.F.);
#8414 = EDGE_CURVE('',#8389,#8407,#8415,.T.);
#8415 = LINE('',#8416,#8417);
#8416 = CARTESIAN_POINT('',(-2.4,1.2,0.));
#8417 = VECTOR('',#8418,1.);
#8418 = DIRECTION('',(1.,0.,0.));
#8419 = PLANE('',#8420);
#8420 = AXIS2_PLACEMENT_3D('',#8421,#8422,#8423);
#8421 = CARTESIAN_POINT('',(-2.4,1.2,0.));
#8422 = DIRECTION('',(0.,1.,0.));
#8423 = DIRECTION('',(1.,0.,0.));
#8424 = ADVANCED_FACE('',(#8425),#8450,.T.);
#8425 = FACE_BOUND('',#8426,.T.);
#8426 = EDGE_LOOP('',(#8427,#8428,#8436,#8444));
#8427 = ORIENTED_EDGE('',*,*,#8406,.T.);
#8428 = ORIENTED_EDGE('',*,*,#8429,.T.);
#8429 = EDGE_CURVE('',#8399,#8430,#8432,.T.);
#8430 = VERTEX_POINT('',#8431);
#8431 = CARTESIAN_POINT('',(2.4,-1.2,0.25));
#8432 = LINE('',#8433,#8434);
#8433 = CARTESIAN_POINT('',(2.4,1.2,0.25));
#8434 = VECTOR('',#8435,1.);
#8435 = DIRECTION('',(0.,-1.,0.));
#8436 = ORIENTED_EDGE('',*,*,#8437,.F.);
#8437 = EDGE_CURVE('',#8438,#8430,#8440,.T.);
#8438 = VERTEX_POINT('',#8439);
#8439 = CARTESIAN_POINT('',(2.4,-1.2,0.));
#8440 = LINE('',#8441,#8442);
#8441 = CARTESIAN_POINT('',(2.4,-1.2,0.));
#8442 = VECTOR('',#8443,1.);
#8443 = DIRECTION('',(0.,0.,1.));
#8444 = ORIENTED_EDGE('',*,*,#8445,.F.);
#8445 = EDGE_CURVE('',#8407,#8438,#8446,.T.);
#8446 = LINE('',#8447,#8448);
#8447 = CARTESIAN_POINT('',(2.4,1.2,0.));
#8448 = VECTOR('',#8449,1.);
#8449 = DIRECTION('',(0.,-1.,0.));
#8450 = PLANE('',#8451);
#8451 = AXIS2_PLACEMENT_3D('',#8452,#8453,#8454);
#8452 = CARTESIAN_POINT('',(2.4,1.2,0.));
#8453 = DIRECTION('',(1.,0.,0.));
#8454 = DIRECTION('',(0.,-1.,0.));
#8455 = ADVANCED_FACE('',(#8456),#8481,.T.);
#8456 = FACE_BOUND('',#8457,.T.);
#8457 = EDGE_LOOP('',(#8458,#8459,#8467,#8475));
#8458 = ORIENTED_EDGE('',*,*,#8437,.T.);
#8459 = ORIENTED_EDGE('',*,*,#8460,.T.);
#8460 = EDGE_CURVE('',#8430,#8461,#8463,.T.);
#8461 = VERTEX_POINT('',#8462);
#8462 = CARTESIAN_POINT('',(-2.4,-1.2,0.25));
#8463 = LINE('',#8464,#8465);
#8464 = CARTESIAN_POINT('',(2.4,-1.2,0.25));
#8465 = VECTOR('',#8466,1.);
#8466 = DIRECTION('',(-1.,0.,0.));
#8467 = ORIENTED_EDGE('',*,*,#8468,.F.);
#8468 = EDGE_CURVE('',#8469,#8461,#8471,.T.);
#8469 = VERTEX_POINT('',#8470);
#8470 = CARTESIAN_POINT('',(-2.4,-1.2,0.));
#8471 = LINE('',#8472,#8473);
#8472 = CARTESIAN_POINT('',(-2.4,-1.2,0.));
#8473 = VECTOR('',#8474,1.);
#8474 = DIRECTION('',(0.,0.,1.));
#8475 = ORIENTED_EDGE('',*,*,#8476,.F.);
#8476 = EDGE_CURVE('',#8438,#8469,#8477,.T.);
#8477 = LINE('',#8478,#8479);
#8478 = CARTESIAN_POINT('',(2.4,-1.2,0.));
#8479 = VECTOR('',#8480,1.);
#8480 = DIRECTION('',(-1.,0.,0.));
#8481 = PLANE('',#8482);
#8482 = AXIS2_PLACEMENT_3D('',#8483,#8484,#8485);
#8483 = CARTESIAN_POINT('',(2.4,-1.2,0.));
#8484 = DIRECTION('',(0.,-1.,0.));
#8485 = DIRECTION('',(-1.,0.,0.));
#8486 = ADVANCED_FACE('',(#8487),#8503,.T.);
#8487 = FACE_BOUND('',#8488,.T.);
#8488 = EDGE_LOOP('',(#8489,#8490,#8496,#8497));
#8489 = ORIENTED_EDGE('',*,*,#8468,.T.);
#8490 = ORIENTED_EDGE('',*,*,#8491,.T.);
#8491 = EDGE_CURVE('',#8461,#8391,#8492,.T.);
#8492 = LINE('',#8493,#8494);
#8493 = CARTESIAN_POINT('',(-2.4,-1.2,0.25));
#8494 = VECTOR('',#8495,1.);
#8495 = DIRECTION('',(0.,1.,0.));
#8496 = ORIENTED_EDGE('',*,*,#8388,.F.);
#8497 = ORIENTED_EDGE('',*,*,#8498,.F.);
#8498 = EDGE_CURVE('',#8469,#8389,#8499,.T.);
#8499 = LINE('',#8500,#8501);
#8500 = CARTESIAN_POINT('',(-2.4,-1.2,0.));
#8501 = VECTOR('',#8502,1.);
#8502 = DIRECTION('',(0.,1.,0.));
#8503 = PLANE('',#8504);
#8504 = AXIS2_PLACEMENT_3D('',#8505,#8506,#8507);
#8505 = CARTESIAN_POINT('',(-2.4,-1.2,0.));
#8506 = DIRECTION('',(-1.,0.,0.));
#8507 = DIRECTION('',(0.,1.,0.));
#8508 = ADVANCED_FACE('',(#8509),#8515,.F.);
#8509 = FACE_BOUND('',#8510,.T.);
#8510 = EDGE_LOOP('',(#8511,#8512,#8513,#8514));
#8511 = ORIENTED_EDGE('',*,*,#8414,.T.);
#8512 = ORIENTED_EDGE('',*,*,#8445,.T.);
#8513 = ORIENTED_EDGE('',*,*,#8476,.T.);
#8514 = ORIENTED_EDGE('',*,*,#8498,.T.);
#8515 = PLANE('',#8516);
#8516 = AXIS2_PLACEMENT_3D('',#8517,#8518,#8519);
#8517 = CARTESIAN_POINT('',(0.,0.,0.));
#8518 = DIRECTION('',(0.,0.,1.));
#8519 = DIRECTION('',(1.,0.,-0.));
#8520 = ADVANCED_FACE('',(#8521),#8527,.T.);
#8521 = FACE_BOUND('',#8522,.F.);
#8522 = EDGE_LOOP('',(#8523,#8524,#8525,#8526));
#8523 = ORIENTED_EDGE('',*,*,#8398,.T.);
#8524 = ORIENTED_EDGE('',*,*,#8429,.T.);
#8525 = ORIENTED_EDGE('',*,*,#8460,.T.);
#8526 = ORIENTED_EDGE('',*,*,#8491,.T.);
#8527 = PLANE('',#8528);
#8528 = AXIS2_PLACEMENT_3D('',#8529,#8530,#8531);
#8529 = CARTESIAN_POINT('',(0.,0.,0.25));
#8530 = DIRECTION('',(0.,0.,1.));
#8531 = DIRECTION('',(1.,0.,-0.));
#8532 = MANIFOLD_SOLID_BREP('',#8533);
#8533 = CLOSED_SHELL('',(#8534,#8576,#8607,#8638,#8753,#9001,#9018,#9035
    ,#9052,#9069,#9109,#9126,#9143,#9160,#9177,#9194,#9211,#9228,#9263,
    #9287,#9311,#9335,#9360,#9377,#9394,#9425,#9449,#9473,#9490,#9521,
    #9545,#9569,#9586,#9609,#9632,#9644,#9656,#9681,#9706,#9715));
#8534 = ADVANCED_FACE('',(#8535),#8571,.T.);
#8535 = FACE_BOUND('',#8536,.T.);
#8536 = EDGE_LOOP('',(#8537,#8548,#8556,#8565));
#8537 = ORIENTED_EDGE('',*,*,#8538,.T.);
#8538 = EDGE_CURVE('',#8539,#8541,#8543,.T.);
#8539 = VERTEX_POINT('',#8540);
#8540 = CARTESIAN_POINT('',(2.45,1.15,0.25));
#8541 = VERTEX_POINT('',#8542);
#8542 = CARTESIAN_POINT('',(2.35,1.25,0.25));
#8543 = CIRCLE('',#8544,0.1);
#8544 = AXIS2_PLACEMENT_3D('',#8545,#8546,#8547);
#8545 = CARTESIAN_POINT('',(2.35,1.15,0.25));
#8546 = DIRECTION('',(0.,0.,1.));
#8547 = DIRECTION('',(1.,0.,-0.));
#8548 = ORIENTED_EDGE('',*,*,#8549,.T.);
#8549 = EDGE_CURVE('',#8541,#8550,#8552,.T.);
#8550 = VERTEX_POINT('',#8551);
#8551 = CARTESIAN_POINT('',(2.35,1.25,1.56));
#8552 = LINE('',#8553,#8554);
#8553 = CARTESIAN_POINT('',(2.35,1.25,0.25));
#8554 = VECTOR('',#8555,1.);
#8555 = DIRECTION('',(0.,0.,1.));
#8556 = ORIENTED_EDGE('',*,*,#8557,.F.);
#8557 = EDGE_CURVE('',#8558,#8550,#8560,.T.);
#8558 = VERTEX_POINT('',#8559);
#8559 = CARTESIAN_POINT('',(2.45,1.15,1.56));
#8560 = CIRCLE('',#8561,0.1);
#8561 = AXIS2_PLACEMENT_3D('',#8562,#8563,#8564);
#8562 = CARTESIAN_POINT('',(2.35,1.15,1.56));
#8563 = DIRECTION('',(0.,0.,1.));
#8564 = DIRECTION('',(1.,0.,-0.));
#8565 = ORIENTED_EDGE('',*,*,#8566,.F.);
#8566 = EDGE_CURVE('',#8539,#8558,#8567,.T.);
#8567 = LINE('',#8568,#8569);
#8568 = CARTESIAN_POINT('',(2.45,1.15,0.25));
#8569 = VECTOR('',#8570,1.);
#8570 = DIRECTION('',(0.,0.,1.));
#8571 = CYLINDRICAL_SURFACE('',#8572,0.1);
#8572 = AXIS2_PLACEMENT_3D('',#8573,#8574,#8575);
#8573 = CARTESIAN_POINT('',(2.35,1.15,0.25));
#8574 = DIRECTION('',(-0.,-0.,-1.));
#8575 = DIRECTION('',(1.,0.,0.));
#8576 = ADVANCED_FACE('',(#8577),#8602,.T.);
#8577 = FACE_BOUND('',#8578,.T.);
#8578 = EDGE_LOOP('',(#8579,#8580,#8588,#8596));
#8579 = ORIENTED_EDGE('',*,*,#8566,.T.);
#8580 = ORIENTED_EDGE('',*,*,#8581,.T.);
#8581 = EDGE_CURVE('',#8558,#8582,#8584,.T.);
#8582 = VERTEX_POINT('',#8583);
#8583 = CARTESIAN_POINT('',(2.45,-1.15,1.56));
#8584 = LINE('',#8585,#8586);
#8585 = CARTESIAN_POINT('',(2.45,1.15,1.56));
#8586 = VECTOR('',#8587,1.);
#8587 = DIRECTION('',(0.,-1.,0.));
#8588 = ORIENTED_EDGE('',*,*,#8589,.F.);
#8589 = EDGE_CURVE('',#8590,#8582,#8592,.T.);
#8590 = VERTEX_POINT('',#8591);
#8591 = CARTESIAN_POINT('',(2.45,-1.15,0.25));
#8592 = LINE('',#8593,#8594);
#8593 = CARTESIAN_POINT('',(2.45,-1.15,0.25));
#8594 = VECTOR('',#8595,1.);
#8595 = DIRECTION('',(0.,0.,1.));
#8596 = ORIENTED_EDGE('',*,*,#8597,.F.);
#8597 = EDGE_CURVE('',#8539,#8590,#8598,.T.);
#8598 = LINE('',#8599,#8600);
#8599 = CARTESIAN_POINT('',(2.45,1.15,0.25));
#8600 = VECTOR('',#8601,1.);
#8601 = DIRECTION('',(0.,-1.,0.));
#8602 = PLANE('',#8603);
#8603 = AXIS2_PLACEMENT_3D('',#8604,#8605,#8606);
#8604 = CARTESIAN_POINT('',(2.45,1.15,0.25));
#8605 = DIRECTION('',(1.,0.,0.));
#8606 = DIRECTION('',(0.,-1.,0.));
#8607 = ADVANCED_FACE('',(#8608),#8633,.F.);
#8608 = FACE_BOUND('',#8609,.F.);
#8609 = EDGE_LOOP('',(#8610,#8611,#8619,#8627));
#8610 = ORIENTED_EDGE('',*,*,#8549,.T.);
#8611 = ORIENTED_EDGE('',*,*,#8612,.T.);
#8612 = EDGE_CURVE('',#8550,#8613,#8615,.T.);
#8613 = VERTEX_POINT('',#8614);
#8614 = CARTESIAN_POINT('',(0.45,1.25,1.56));
#8615 = LINE('',#8616,#8617);
#8616 = CARTESIAN_POINT('',(2.35,1.25,1.56));
#8617 = VECTOR('',#8618,1.);
#8618 = DIRECTION('',(-1.,0.,0.));
#8619 = ORIENTED_EDGE('',*,*,#8620,.F.);
#8620 = EDGE_CURVE('',#8621,#8613,#8623,.T.);
#8621 = VERTEX_POINT('',#8622);
#8622 = CARTESIAN_POINT('',(0.45,1.25,0.25));
#8623 = LINE('',#8624,#8625);
#8624 = CARTESIAN_POINT('',(0.45,1.25,0.25));
#8625 = VECTOR('',#8626,1.);
#8626 = DIRECTION('',(0.,0.,1.));
#8627 = ORIENTED_EDGE('',*,*,#8628,.F.);
#8628 = EDGE_CURVE('',#8541,#8621,#8629,.T.);
#8629 = LINE('',#8630,#8631);
#8630 = CARTESIAN_POINT('',(2.35,1.25,0.25));
#8631 = VECTOR('',#8632,1.);
#8632 = DIRECTION('',(-1.,0.,0.));
#8633 = PLANE('',#8634);
#8634 = AXIS2_PLACEMENT_3D('',#8635,#8636,#8637);
#8635 = CARTESIAN_POINT('',(2.35,1.25,0.25));
#8636 = DIRECTION('',(0.,-1.,0.));
#8637 = DIRECTION('',(-1.,0.,0.));
#8638 = ADVANCED_FACE('',(#8639),#8748,.F.);
#8639 = FACE_BOUND('',#8640,.T.);
#8640 = EDGE_LOOP('',(#8641,#8642,#8643,#8652,#8660,#8668,#8676,#8684,
    #8692,#8701,#8709,#8717,#8725,#8733,#8741,#8747));
#8641 = ORIENTED_EDGE('',*,*,#8538,.F.);
#8642 = ORIENTED_EDGE('',*,*,#8597,.T.);
#8643 = ORIENTED_EDGE('',*,*,#8644,.F.);
#8644 = EDGE_CURVE('',#8645,#8590,#8647,.T.);
#8645 = VERTEX_POINT('',#8646);
#8646 = CARTESIAN_POINT('',(2.35,-1.25,0.25));
#8647 = CIRCLE('',#8648,0.1);
#8648 = AXIS2_PLACEMENT_3D('',#8649,#8650,#8651);
#8649 = CARTESIAN_POINT('',(2.35,-1.15,0.25));
#8650 = DIRECTION('',(0.,0.,1.));
#8651 = DIRECTION('',(1.,0.,-0.));
#8652 = ORIENTED_EDGE('',*,*,#8653,.F.);
#8653 = EDGE_CURVE('',#8654,#8645,#8656,.T.);
#8654 = VERTEX_POINT('',#8655);
#8655 = CARTESIAN_POINT('',(0.45,-1.25,0.25));
#8656 = LINE('',#8657,#8658);
#8657 = CARTESIAN_POINT('',(0.45,-1.25,0.25));
#8658 = VECTOR('',#8659,1.);
#8659 = DIRECTION('',(1.,0.,0.));
#8660 = ORIENTED_EDGE('',*,*,#8661,.F.);
#8661 = EDGE_CURVE('',#8662,#8654,#8664,.T.);
#8662 = VERTEX_POINT('',#8663);
#8663 = CARTESIAN_POINT('',(0.4,-1.2,0.25));
#8664 = LINE('',#8665,#8666);
#8665 = CARTESIAN_POINT('',(0.4,-1.2,0.25));
#8666 = VECTOR('',#8667,1.);
#8667 = DIRECTION('',(0.707106781187,-0.707106781187,0.));
#8668 = ORIENTED_EDGE('',*,*,#8669,.F.);
#8669 = EDGE_CURVE('',#8670,#8662,#8672,.T.);
#8670 = VERTEX_POINT('',#8671);
#8671 = CARTESIAN_POINT('',(-0.4,-1.2,0.25));
#8672 = LINE('',#8673,#8674);
#8673 = CARTESIAN_POINT('',(-0.4,-1.2,0.25));
#8674 = VECTOR('',#8675,1.);
#8675 = DIRECTION('',(1.,0.,0.));
#8676 = ORIENTED_EDGE('',*,*,#8677,.F.);
#8677 = EDGE_CURVE('',#8678,#8670,#8680,.T.);
#8678 = VERTEX_POINT('',#8679);
#8679 = CARTESIAN_POINT('',(-0.45,-1.25,0.25));
#8680 = LINE('',#8681,#8682);
#8681 = CARTESIAN_POINT('',(-0.45,-1.25,0.25));
#8682 = VECTOR('',#8683,1.);
#8683 = DIRECTION('',(0.707106781187,0.707106781187,0.));
#8684 = ORIENTED_EDGE('',*,*,#8685,.F.);
#8685 = EDGE_CURVE('',#8686,#8678,#8688,.T.);
#8686 = VERTEX_POINT('',#8687);
#8687 = CARTESIAN_POINT('',(-2.35,-1.25,0.25));
#8688 = LINE('',#8689,#8690);
#8689 = CARTESIAN_POINT('',(-2.35,-1.25,0.25));
#8690 = VECTOR('',#8691,1.);
#8691 = DIRECTION('',(1.,0.,0.));
#8692 = ORIENTED_EDGE('',*,*,#8693,.F.);
#8693 = EDGE_CURVE('',#8694,#8686,#8696,.T.);
#8694 = VERTEX_POINT('',#8695);
#8695 = CARTESIAN_POINT('',(-2.45,-1.15,0.25));
#8696 = CIRCLE('',#8697,0.1);
#8697 = AXIS2_PLACEMENT_3D('',#8698,#8699,#8700);
#8698 = CARTESIAN_POINT('',(-2.35,-1.15,0.25));
#8699 = DIRECTION('',(0.,0.,1.));
#8700 = DIRECTION('',(1.,0.,-0.));
#8701 = ORIENTED_EDGE('',*,*,#8702,.T.);
#8702 = EDGE_CURVE('',#8694,#8703,#8705,.T.);
#8703 = VERTEX_POINT('',#8704);
#8704 = CARTESIAN_POINT('',(-2.45,1.05,0.25));
#8705 = LINE('',#8706,#8707);
#8706 = CARTESIAN_POINT('',(-2.45,-1.15,0.25));
#8707 = VECTOR('',#8708,1.);
#8708 = DIRECTION('',(0.,1.,0.));
#8709 = ORIENTED_EDGE('',*,*,#8710,.T.);
#8710 = EDGE_CURVE('',#8703,#8711,#8713,.T.);
#8711 = VERTEX_POINT('',#8712);
#8712 = CARTESIAN_POINT('',(-2.25,1.25,0.25));
#8713 = LINE('',#8714,#8715);
#8714 = CARTESIAN_POINT('',(-2.45,1.05,0.25));
#8715 = VECTOR('',#8716,1.);
#8716 = DIRECTION('',(0.707106781187,0.707106781187,0.));
#8717 = ORIENTED_EDGE('',*,*,#8718,.F.);
#8718 = EDGE_CURVE('',#8719,#8711,#8721,.T.);
#8719 = VERTEX_POINT('',#8720);
#8720 = CARTESIAN_POINT('',(-0.45,1.25,0.25));
#8721 = LINE('',#8722,#8723);
#8722 = CARTESIAN_POINT('',(-0.45,1.25,0.25));
#8723 = VECTOR('',#8724,1.);
#8724 = DIRECTION('',(-1.,0.,0.));
#8725 = ORIENTED_EDGE('',*,*,#8726,.F.);
#8726 = EDGE_CURVE('',#8727,#8719,#8729,.T.);
#8727 = VERTEX_POINT('',#8728);
#8728 = CARTESIAN_POINT('',(-0.4,1.2,0.25));
#8729 = LINE('',#8730,#8731);
#8730 = CARTESIAN_POINT('',(-0.4,1.2,0.25));
#8731 = VECTOR('',#8732,1.);
#8732 = DIRECTION('',(-0.707106781187,0.707106781187,0.));
#8733 = ORIENTED_EDGE('',*,*,#8734,.F.);
#8734 = EDGE_CURVE('',#8735,#8727,#8737,.T.);
#8735 = VERTEX_POINT('',#8736);
#8736 = CARTESIAN_POINT('',(0.4,1.2,0.25));
#8737 = LINE('',#8738,#8739);
#8738 = CARTESIAN_POINT('',(0.4,1.2,0.25));
#8739 = VECTOR('',#8740,1.);
#8740 = DIRECTION('',(-1.,0.,0.));
#8741 = ORIENTED_EDGE('',*,*,#8742,.F.);
#8742 = EDGE_CURVE('',#8621,#8735,#8743,.T.);
#8743 = LINE('',#8744,#8745);
#8744 = CARTESIAN_POINT('',(0.45,1.25,0.25));
#8745 = VECTOR('',#8746,1.);
#8746 = DIRECTION('',(-0.707106781187,-0.707106781187,0.));
#8747 = ORIENTED_EDGE('',*,*,#8628,.F.);
#8748 = PLANE('',#8749);
#8749 = AXIS2_PLACEMENT_3D('',#8750,#8751,#8752);
#8750 = CARTESIAN_POINT('',(1.263800587606E-02,-6.696161038576E-03,0.25)
  );
#8751 = DIRECTION('',(0.,0.,1.));
#8752 = DIRECTION('',(1.,0.,-0.));
#8753 = ADVANCED_FACE('',(#8754,#8928,#8962),#8996,.T.);
#8754 = FACE_BOUND('',#8755,.T.);
#8755 = EDGE_LOOP('',(#8756,#8757,#8758,#8759,#8767,#8775,#8783,#8791,
    #8799,#8807,#8815,#8823,#8831,#8839,#8848,#8856,#8864,#8872,#8880,
    #8889,#8897,#8905,#8913,#8921));
#8756 = ORIENTED_EDGE('',*,*,#8581,.F.);
#8757 = ORIENTED_EDGE('',*,*,#8557,.T.);
#8758 = ORIENTED_EDGE('',*,*,#8612,.T.);
#8759 = ORIENTED_EDGE('',*,*,#8760,.T.);
#8760 = EDGE_CURVE('',#8613,#8761,#8763,.T.);
#8761 = VERTEX_POINT('',#8762);
#8762 = CARTESIAN_POINT('',(0.4,1.2,1.56));
#8763 = LINE('',#8764,#8765);
#8764 = CARTESIAN_POINT('',(0.45,1.25,1.56));
#8765 = VECTOR('',#8766,1.);
#8766 = DIRECTION('',(-0.707106781187,-0.707106781187,0.));
#8767 = ORIENTED_EDGE('',*,*,#8768,.T.);
#8768 = EDGE_CURVE('',#8761,#8769,#8771,.T.);
#8769 = VERTEX_POINT('',#8770);
#8770 = CARTESIAN_POINT('',(0.35,1.2,1.56));
#8771 = LINE('',#8772,#8773);
#8772 = CARTESIAN_POINT('',(0.4,1.2,1.56));
#8773 = VECTOR('',#8774,1.);
#8774 = DIRECTION('',(-1.,0.,0.));
#8775 = ORIENTED_EDGE('',*,*,#8776,.T.);
#8776 = EDGE_CURVE('',#8769,#8777,#8779,.T.);
#8777 = VERTEX_POINT('',#8778);
#8778 = CARTESIAN_POINT('',(0.35,0.5,1.56));
#8779 = LINE('',#8780,#8781);
#8780 = CARTESIAN_POINT('',(0.35,1.2,1.56));
#8781 = VECTOR('',#8782,1.);
#8782 = DIRECTION('',(0.,-1.,0.));
#8783 = ORIENTED_EDGE('',*,*,#8784,.T.);
#8784 = EDGE_CURVE('',#8777,#8785,#8787,.T.);
#8785 = VERTEX_POINT('',#8786);
#8786 = CARTESIAN_POINT('',(-0.35,0.5,1.56));
#8787 = LINE('',#8788,#8789);
#8788 = CARTESIAN_POINT('',(0.35,0.5,1.56));
#8789 = VECTOR('',#8790,1.);
#8790 = DIRECTION('',(-1.,0.,0.));
#8791 = ORIENTED_EDGE('',*,*,#8792,.T.);
#8792 = EDGE_CURVE('',#8785,#8793,#8795,.T.);
#8793 = VERTEX_POINT('',#8794);
#8794 = CARTESIAN_POINT('',(-0.35,1.2,1.56));
#8795 = LINE('',#8796,#8797);
#8796 = CARTESIAN_POINT('',(-0.35,0.5,1.56));
#8797 = VECTOR('',#8798,1.);
#8798 = DIRECTION('',(0.,1.,0.));
#8799 = ORIENTED_EDGE('',*,*,#8800,.T.);
#8800 = EDGE_CURVE('',#8793,#8801,#8803,.T.);
#8801 = VERTEX_POINT('',#8802);
#8802 = CARTESIAN_POINT('',(-0.4,1.2,1.56));
#8803 = LINE('',#8804,#8805);
#8804 = CARTESIAN_POINT('',(0.4,1.2,1.56));
#8805 = VECTOR('',#8806,1.);
#8806 = DIRECTION('',(-1.,0.,0.));
#8807 = ORIENTED_EDGE('',*,*,#8808,.T.);
#8808 = EDGE_CURVE('',#8801,#8809,#8811,.T.);
#8809 = VERTEX_POINT('',#8810);
#8810 = CARTESIAN_POINT('',(-0.45,1.25,1.56));
#8811 = LINE('',#8812,#8813);
#8812 = CARTESIAN_POINT('',(-0.4,1.2,1.56));
#8813 = VECTOR('',#8814,1.);
#8814 = DIRECTION('',(-0.707106781187,0.707106781187,0.));
#8815 = ORIENTED_EDGE('',*,*,#8816,.T.);
#8816 = EDGE_CURVE('',#8809,#8817,#8819,.T.);
#8817 = VERTEX_POINT('',#8818);
#8818 = CARTESIAN_POINT('',(-2.25,1.25,1.56));
#8819 = LINE('',#8820,#8821);
#8820 = CARTESIAN_POINT('',(-0.45,1.25,1.56));
#8821 = VECTOR('',#8822,1.);
#8822 = DIRECTION('',(-1.,0.,0.));
#8823 = ORIENTED_EDGE('',*,*,#8824,.F.);
#8824 = EDGE_CURVE('',#8825,#8817,#8827,.T.);
#8825 = VERTEX_POINT('',#8826);
#8826 = CARTESIAN_POINT('',(-2.45,1.05,1.56));
#8827 = LINE('',#8828,#8829);
#8828 = CARTESIAN_POINT('',(-2.45,1.05,1.56));
#8829 = VECTOR('',#8830,1.);
#8830 = DIRECTION('',(0.707106781187,0.707106781187,0.));
#8831 = ORIENTED_EDGE('',*,*,#8832,.F.);
#8832 = EDGE_CURVE('',#8833,#8825,#8835,.T.);
#8833 = VERTEX_POINT('',#8834);
#8834 = CARTESIAN_POINT('',(-2.45,-1.15,1.56));
#8835 = LINE('',#8836,#8837);
#8836 = CARTESIAN_POINT('',(-2.45,-1.15,1.56));
#8837 = VECTOR('',#8838,1.);
#8838 = DIRECTION('',(0.,1.,0.));
#8839 = ORIENTED_EDGE('',*,*,#8840,.T.);
#8840 = EDGE_CURVE('',#8833,#8841,#8843,.T.);
#8841 = VERTEX_POINT('',#8842);
#8842 = CARTESIAN_POINT('',(-2.35,-1.25,1.56));
#8843 = CIRCLE('',#8844,0.1);
#8844 = AXIS2_PLACEMENT_3D('',#8845,#8846,#8847);
#8845 = CARTESIAN_POINT('',(-2.35,-1.15,1.56));
#8846 = DIRECTION('',(0.,0.,1.));
#8847 = DIRECTION('',(1.,0.,-0.));
#8848 = ORIENTED_EDGE('',*,*,#8849,.T.);
#8849 = EDGE_CURVE('',#8841,#8850,#8852,.T.);
#8850 = VERTEX_POINT('',#8851);
#8851 = CARTESIAN_POINT('',(-0.45,-1.25,1.56));
#8852 = LINE('',#8853,#8854);
#8853 = CARTESIAN_POINT('',(-2.35,-1.25,1.56));
#8854 = VECTOR('',#8855,1.);
#8855 = DIRECTION('',(1.,0.,0.));
#8856 = ORIENTED_EDGE('',*,*,#8857,.T.);
#8857 = EDGE_CURVE('',#8850,#8858,#8860,.T.);
#8858 = VERTEX_POINT('',#8859);
#8859 = CARTESIAN_POINT('',(-0.4,-1.2,1.56));
#8860 = LINE('',#8861,#8862);
#8861 = CARTESIAN_POINT('',(-0.45,-1.25,1.56));
#8862 = VECTOR('',#8863,1.);
#8863 = DIRECTION('',(0.707106781187,0.707106781187,0.));
#8864 = ORIENTED_EDGE('',*,*,#8865,.T.);
#8865 = EDGE_CURVE('',#8858,#8866,#8868,.T.);
#8866 = VERTEX_POINT('',#8867);
#8867 = CARTESIAN_POINT('',(-0.35,-1.2,1.56));
#8868 = LINE('',#8869,#8870);
#8869 = CARTESIAN_POINT('',(-0.4,-1.2,1.56));
#8870 = VECTOR('',#8871,1.);
#8871 = DIRECTION('',(1.,0.,0.));
#8872 = ORIENTED_EDGE('',*,*,#8873,.F.);
#8873 = EDGE_CURVE('',#8874,#8866,#8876,.T.);
#8874 = VERTEX_POINT('',#8875);
#8875 = CARTESIAN_POINT('',(-0.35,-0.85,1.56));
#8876 = LINE('',#8877,#8878);
#8877 = CARTESIAN_POINT('',(-0.35,-0.85,1.56));
#8878 = VECTOR('',#8879,1.);
#8879 = DIRECTION('',(0.,-1.,0.));
#8880 = ORIENTED_EDGE('',*,*,#8881,.F.);
#8881 = EDGE_CURVE('',#8882,#8874,#8884,.T.);
#8882 = VERTEX_POINT('',#8883);
#8883 = CARTESIAN_POINT('',(0.35,-0.85,1.56));
#8884 = CIRCLE('',#8885,0.35);
#8885 = AXIS2_PLACEMENT_3D('',#8886,#8887,#8888);
#8886 = CARTESIAN_POINT('',(0.,-0.85,1.56));
#8887 = DIRECTION('',(0.,0.,1.));
#8888 = DIRECTION('',(1.,0.,-0.));
#8889 = ORIENTED_EDGE('',*,*,#8890,.F.);
#8890 = EDGE_CURVE('',#8891,#8882,#8893,.T.);
#8891 = VERTEX_POINT('',#8892);
#8892 = CARTESIAN_POINT('',(0.35,-1.2,1.56));
#8893 = LINE('',#8894,#8895);
#8894 = CARTESIAN_POINT('',(0.35,-1.2,1.56));
#8895 = VECTOR('',#8896,1.);
#8896 = DIRECTION('',(0.,1.,0.));
#8897 = ORIENTED_EDGE('',*,*,#8898,.T.);
#8898 = EDGE_CURVE('',#8891,#8899,#8901,.T.);
#8899 = VERTEX_POINT('',#8900);
#8900 = CARTESIAN_POINT('',(0.4,-1.2,1.56));
#8901 = LINE('',#8902,#8903);
#8902 = CARTESIAN_POINT('',(-0.4,-1.2,1.56));
#8903 = VECTOR('',#8904,1.);
#8904 = DIRECTION('',(1.,0.,0.));
#8905 = ORIENTED_EDGE('',*,*,#8906,.T.);
#8906 = EDGE_CURVE('',#8899,#8907,#8909,.T.);
#8907 = VERTEX_POINT('',#8908);
#8908 = CARTESIAN_POINT('',(0.45,-1.25,1.56));
#8909 = LINE('',#8910,#8911);
#8910 = CARTESIAN_POINT('',(0.4,-1.2,1.56));
#8911 = VECTOR('',#8912,1.);
#8912 = DIRECTION('',(0.707106781187,-0.707106781187,0.));
#8913 = ORIENTED_EDGE('',*,*,#8914,.T.);
#8914 = EDGE_CURVE('',#8907,#8915,#8917,.T.);
#8915 = VERTEX_POINT('',#8916);
#8916 = CARTESIAN_POINT('',(2.35,-1.25,1.56));
#8917 = LINE('',#8918,#8919);
#8918 = CARTESIAN_POINT('',(0.45,-1.25,1.56));
#8919 = VECTOR('',#8920,1.);
#8920 = DIRECTION('',(1.,0.,0.));
#8921 = ORIENTED_EDGE('',*,*,#8922,.T.);
#8922 = EDGE_CURVE('',#8915,#8582,#8923,.T.);
#8923 = CIRCLE('',#8924,0.1);
#8924 = AXIS2_PLACEMENT_3D('',#8925,#8926,#8927);
#8925 = CARTESIAN_POINT('',(2.35,-1.15,1.56));
#8926 = DIRECTION('',(0.,0.,1.));
#8927 = DIRECTION('',(1.,0.,-0.));
#8928 = FACE_BOUND('',#8929,.T.);
#8929 = EDGE_LOOP('',(#8930,#8940,#8948,#8956));
#8930 = ORIENTED_EDGE('',*,*,#8931,.T.);
#8931 = EDGE_CURVE('',#8932,#8934,#8936,.T.);
#8932 = VERTEX_POINT('',#8933);
#8933 = CARTESIAN_POINT('',(-2.2,-1.,1.56));
#8934 = VERTEX_POINT('',#8935);
#8935 = CARTESIAN_POINT('',(-2.2,1.,1.56));
#8936 = LINE('',#8937,#8938);
#8937 = CARTESIAN_POINT('',(-2.2,-1.,1.56));
#8938 = VECTOR('',#8939,1.);
#8939 = DIRECTION('',(0.,1.,0.));
#8940 = ORIENTED_EDGE('',*,*,#8941,.T.);
#8941 = EDGE_CURVE('',#8934,#8942,#8944,.T.);
#8942 = VERTEX_POINT('',#8943);
#8943 = CARTESIAN_POINT('',(-0.63,1.,1.56));
#8944 = LINE('',#8945,#8946);
#8945 = CARTESIAN_POINT('',(-2.2,1.,1.56));
#8946 = VECTOR('',#8947,1.);
#8947 = DIRECTION('',(1.,0.,0.));
#8948 = ORIENTED_EDGE('',*,*,#8949,.T.);
#8949 = EDGE_CURVE('',#8942,#8950,#8952,.T.);
#8950 = VERTEX_POINT('',#8951);
#8951 = CARTESIAN_POINT('',(-0.63,-1.,1.56));
#8952 = LINE('',#8953,#8954);
#8953 = CARTESIAN_POINT('',(-0.63,1.,1.56));
#8954 = VECTOR('',#8955,1.);
#8955 = DIRECTION('',(0.,-1.,0.));
#8956 = ORIENTED_EDGE('',*,*,#8957,.T.);
#8957 = EDGE_CURVE('',#8950,#8932,#8958,.T.);
#8958 = LINE('',#8959,#8960);
#8959 = CARTESIAN_POINT('',(-0.63,-1.,1.56));
#8960 = VECTOR('',#8961,1.);
#8961 = DIRECTION('',(-1.,0.,0.));
#8962 = FACE_BOUND('',#8963,.T.);
#8963 = EDGE_LOOP('',(#8964,#8974,#8982,#8990));
#8964 = ORIENTED_EDGE('',*,*,#8965,.T.);
#8965 = EDGE_CURVE('',#8966,#8968,#8970,.T.);
#8966 = VERTEX_POINT('',#8967);
#8967 = CARTESIAN_POINT('',(0.63,-1.,1.56));
#8968 = VERTEX_POINT('',#8969);
#8969 = CARTESIAN_POINT('',(0.63,1.,1.56));
#8970 = LINE('',#8971,#8972);
#8971 = CARTESIAN_POINT('',(0.63,-1.,1.56));
#8972 = VECTOR('',#8973,1.);
#8973 = DIRECTION('',(0.,1.,0.));
#8974 = ORIENTED_EDGE('',*,*,#8975,.T.);
#8975 = EDGE_CURVE('',#8968,#8976,#8978,.T.);
#8976 = VERTEX_POINT('',#8977);
#8977 = CARTESIAN_POINT('',(2.2,1.,1.56));
#8978 = LINE('',#8979,#8980);
#8979 = CARTESIAN_POINT('',(0.63,1.,1.56));
#8980 = VECTOR('',#8981,1.);
#8981 = DIRECTION('',(1.,0.,0.));
#8982 = ORIENTED_EDGE('',*,*,#8983,.T.);
#8983 = EDGE_CURVE('',#8976,#8984,#8986,.T.);
#8984 = VERTEX_POINT('',#8985);
#8985 = CARTESIAN_POINT('',(2.2,-1.,1.56));
#8986 = LINE('',#8987,#8988);
#8987 = CARTESIAN_POINT('',(2.2,1.,1.56));
#8988 = VECTOR('',#8989,1.);
#8989 = DIRECTION('',(0.,-1.,0.));
#8990 = ORIENTED_EDGE('',*,*,#8991,.T.);
#8991 = EDGE_CURVE('',#8984,#8966,#8992,.T.);
#8992 = LINE('',#8993,#8994);
#8993 = CARTESIAN_POINT('',(2.2,-1.,1.56));
#8994 = VECTOR('',#8995,1.);
#8995 = DIRECTION('',(-1.,0.,0.));
#8996 = PLANE('',#8997);
#8997 = AXIS2_PLACEMENT_3D('',#8998,#8999,#9000);
#8998 = CARTESIAN_POINT('',(1.263800587606E-02,-6.696161038576E-03,1.56)
  );
#8999 = DIRECTION('',(0.,0.,1.));
#9000 = DIRECTION('',(1.,0.,-0.));
#9001 = ADVANCED_FACE('',(#9002),#9013,.T.);
#9002 = FACE_BOUND('',#9003,.T.);
#9003 = EDGE_LOOP('',(#9004,#9005,#9006,#9007));
#9004 = ORIENTED_EDGE('',*,*,#8644,.T.);
#9005 = ORIENTED_EDGE('',*,*,#8589,.T.);
#9006 = ORIENTED_EDGE('',*,*,#8922,.F.);
#9007 = ORIENTED_EDGE('',*,*,#9008,.F.);
#9008 = EDGE_CURVE('',#8645,#8915,#9009,.T.);
#9009 = LINE('',#9010,#9011);
#9010 = CARTESIAN_POINT('',(2.35,-1.25,0.25));
#9011 = VECTOR('',#9012,1.);
#9012 = DIRECTION('',(0.,0.,1.));
#9013 = CYLINDRICAL_SURFACE('',#9014,0.1);
#9014 = AXIS2_PLACEMENT_3D('',#9015,#9016,#9017);
#9015 = CARTESIAN_POINT('',(2.35,-1.15,0.25));
#9016 = DIRECTION('',(-0.,-0.,-1.));
#9017 = DIRECTION('',(1.,0.,0.));
#9018 = ADVANCED_FACE('',(#9019),#9030,.F.);
#9019 = FACE_BOUND('',#9020,.F.);
#9020 = EDGE_LOOP('',(#9021,#9022,#9023,#9029));
#9021 = ORIENTED_EDGE('',*,*,#8620,.T.);
#9022 = ORIENTED_EDGE('',*,*,#8760,.T.);
#9023 = ORIENTED_EDGE('',*,*,#9024,.F.);
#9024 = EDGE_CURVE('',#8735,#8761,#9025,.T.);
#9025 = LINE('',#9026,#9027);
#9026 = CARTESIAN_POINT('',(0.4,1.2,0.25));
#9027 = VECTOR('',#9028,1.);
#9028 = DIRECTION('',(0.,0.,1.));
#9029 = ORIENTED_EDGE('',*,*,#8742,.F.);
#9030 = PLANE('',#9031);
#9031 = AXIS2_PLACEMENT_3D('',#9032,#9033,#9034);
#9032 = CARTESIAN_POINT('',(0.45,1.25,0.25));
#9033 = DIRECTION('',(0.707106781187,-0.707106781187,0.));
#9034 = DIRECTION('',(-0.707106781187,-0.707106781187,0.));
#9035 = ADVANCED_FACE('',(#9036),#9047,.F.);
#9036 = FACE_BOUND('',#9037,.F.);
#9037 = EDGE_LOOP('',(#9038,#9044,#9045,#9046));
#9038 = ORIENTED_EDGE('',*,*,#9039,.T.);
#9039 = EDGE_CURVE('',#8654,#8907,#9040,.T.);
#9040 = LINE('',#9041,#9042);
#9041 = CARTESIAN_POINT('',(0.45,-1.25,0.25));
#9042 = VECTOR('',#9043,1.);
#9043 = DIRECTION('',(0.,0.,1.));
#9044 = ORIENTED_EDGE('',*,*,#8914,.T.);
#9045 = ORIENTED_EDGE('',*,*,#9008,.F.);
#9046 = ORIENTED_EDGE('',*,*,#8653,.F.);
#9047 = PLANE('',#9048);
#9048 = AXIS2_PLACEMENT_3D('',#9049,#9050,#9051);
#9049 = CARTESIAN_POINT('',(0.45,-1.25,0.25));
#9050 = DIRECTION('',(0.,1.,0.));
#9051 = DIRECTION('',(1.,0.,0.));
#9052 = ADVANCED_FACE('',(#9053),#9064,.F.);
#9053 = FACE_BOUND('',#9054,.F.);
#9054 = EDGE_LOOP('',(#9055,#9061,#9062,#9063));
#9055 = ORIENTED_EDGE('',*,*,#9056,.T.);
#9056 = EDGE_CURVE('',#8662,#8899,#9057,.T.);
#9057 = LINE('',#9058,#9059);
#9058 = CARTESIAN_POINT('',(0.4,-1.2,0.25));
#9059 = VECTOR('',#9060,1.);
#9060 = DIRECTION('',(0.,0.,1.));
#9061 = ORIENTED_EDGE('',*,*,#8906,.T.);
#9062 = ORIENTED_EDGE('',*,*,#9039,.F.);
#9063 = ORIENTED_EDGE('',*,*,#8661,.F.);
#9064 = PLANE('',#9065);
#9065 = AXIS2_PLACEMENT_3D('',#9066,#9067,#9068);
#9066 = CARTESIAN_POINT('',(0.4,-1.2,0.25));
#9067 = DIRECTION('',(0.707106781187,0.707106781187,0.));
#9068 = DIRECTION('',(0.707106781187,-0.707106781187,0.));
#9069 = ADVANCED_FACE('',(#9070),#9104,.F.);
#9070 = FACE_BOUND('',#9071,.F.);
#9071 = EDGE_LOOP('',(#9072,#9073,#9079,#9080,#9088,#9096,#9102,#9103));
#9072 = ORIENTED_EDGE('',*,*,#8669,.F.);
#9073 = ORIENTED_EDGE('',*,*,#9074,.T.);
#9074 = EDGE_CURVE('',#8670,#8858,#9075,.T.);
#9075 = LINE('',#9076,#9077);
#9076 = CARTESIAN_POINT('',(-0.4,-1.2,0.25));
#9077 = VECTOR('',#9078,1.);
#9078 = DIRECTION('',(0.,0.,1.));
#9079 = ORIENTED_EDGE('',*,*,#8865,.T.);
#9080 = ORIENTED_EDGE('',*,*,#9081,.T.);
#9081 = EDGE_CURVE('',#8866,#9082,#9084,.T.);
#9082 = VERTEX_POINT('',#9083);
#9083 = CARTESIAN_POINT('',(-0.35,-1.2,1.53));
#9084 = LINE('',#9085,#9086);
#9085 = CARTESIAN_POINT('',(-0.35,-1.2,1.56));
#9086 = VECTOR('',#9087,1.);
#9087 = DIRECTION('',(-0.,-0.,-1.));
#9088 = ORIENTED_EDGE('',*,*,#9089,.T.);
#9089 = EDGE_CURVE('',#9082,#9090,#9092,.T.);
#9090 = VERTEX_POINT('',#9091);
#9091 = CARTESIAN_POINT('',(0.35,-1.2,1.53));
#9092 = LINE('',#9093,#9094);
#9093 = CARTESIAN_POINT('',(-0.35,-1.2,1.53));
#9094 = VECTOR('',#9095,1.);
#9095 = DIRECTION('',(1.,0.,0.));
#9096 = ORIENTED_EDGE('',*,*,#9097,.F.);
#9097 = EDGE_CURVE('',#8891,#9090,#9098,.T.);
#9098 = LINE('',#9099,#9100);
#9099 = CARTESIAN_POINT('',(0.35,-1.2,1.56));
#9100 = VECTOR('',#9101,1.);
#9101 = DIRECTION('',(-0.,-0.,-1.));
#9102 = ORIENTED_EDGE('',*,*,#8898,.T.);
#9103 = ORIENTED_EDGE('',*,*,#9056,.F.);
#9104 = PLANE('',#9105);
#9105 = AXIS2_PLACEMENT_3D('',#9106,#9107,#9108);
#9106 = CARTESIAN_POINT('',(-0.4,-1.2,0.25));
#9107 = DIRECTION('',(0.,1.,0.));
#9108 = DIRECTION('',(1.,0.,0.));
#9109 = ADVANCED_FACE('',(#9110),#9121,.F.);
#9110 = FACE_BOUND('',#9111,.F.);
#9111 = EDGE_LOOP('',(#9112,#9118,#9119,#9120));
#9112 = ORIENTED_EDGE('',*,*,#9113,.T.);
#9113 = EDGE_CURVE('',#8678,#8850,#9114,.T.);
#9114 = LINE('',#9115,#9116);
#9115 = CARTESIAN_POINT('',(-0.45,-1.25,0.25));
#9116 = VECTOR('',#9117,1.);
#9117 = DIRECTION('',(0.,0.,1.));
#9118 = ORIENTED_EDGE('',*,*,#8857,.T.);
#9119 = ORIENTED_EDGE('',*,*,#9074,.F.);
#9120 = ORIENTED_EDGE('',*,*,#8677,.F.);
#9121 = PLANE('',#9122);
#9122 = AXIS2_PLACEMENT_3D('',#9123,#9124,#9125);
#9123 = CARTESIAN_POINT('',(-0.45,-1.25,0.25));
#9124 = DIRECTION('',(-0.707106781187,0.707106781187,0.));
#9125 = DIRECTION('',(0.707106781187,0.707106781187,0.));
#9126 = ADVANCED_FACE('',(#9127),#9138,.F.);
#9127 = FACE_BOUND('',#9128,.F.);
#9128 = EDGE_LOOP('',(#9129,#9135,#9136,#9137));
#9129 = ORIENTED_EDGE('',*,*,#9130,.T.);
#9130 = EDGE_CURVE('',#8686,#8841,#9131,.T.);
#9131 = LINE('',#9132,#9133);
#9132 = CARTESIAN_POINT('',(-2.35,-1.25,0.25));
#9133 = VECTOR('',#9134,1.);
#9134 = DIRECTION('',(0.,0.,1.));
#9135 = ORIENTED_EDGE('',*,*,#8849,.T.);
#9136 = ORIENTED_EDGE('',*,*,#9113,.F.);
#9137 = ORIENTED_EDGE('',*,*,#8685,.F.);
#9138 = PLANE('',#9139);
#9139 = AXIS2_PLACEMENT_3D('',#9140,#9141,#9142);
#9140 = CARTESIAN_POINT('',(-2.35,-1.25,0.25));
#9141 = DIRECTION('',(0.,1.,0.));
#9142 = DIRECTION('',(1.,0.,0.));
#9143 = ADVANCED_FACE('',(#9144),#9155,.T.);
#9144 = FACE_BOUND('',#9145,.T.);
#9145 = EDGE_LOOP('',(#9146,#9147,#9148,#9149));
#9146 = ORIENTED_EDGE('',*,*,#8693,.T.);
#9147 = ORIENTED_EDGE('',*,*,#9130,.T.);
#9148 = ORIENTED_EDGE('',*,*,#8840,.F.);
#9149 = ORIENTED_EDGE('',*,*,#9150,.F.);
#9150 = EDGE_CURVE('',#8694,#8833,#9151,.T.);
#9151 = LINE('',#9152,#9153);
#9152 = CARTESIAN_POINT('',(-2.45,-1.15,0.25));
#9153 = VECTOR('',#9154,1.);
#9154 = DIRECTION('',(0.,0.,1.));
#9155 = CYLINDRICAL_SURFACE('',#9156,0.1);
#9156 = AXIS2_PLACEMENT_3D('',#9157,#9158,#9159);
#9157 = CARTESIAN_POINT('',(-2.35,-1.15,0.25));
#9158 = DIRECTION('',(-0.,-0.,-1.));
#9159 = DIRECTION('',(1.,0.,0.));
#9160 = ADVANCED_FACE('',(#9161),#9172,.T.);
#9161 = FACE_BOUND('',#9162,.T.);
#9162 = EDGE_LOOP('',(#9163,#9164,#9165,#9171));
#9163 = ORIENTED_EDGE('',*,*,#9150,.T.);
#9164 = ORIENTED_EDGE('',*,*,#8832,.T.);
#9165 = ORIENTED_EDGE('',*,*,#9166,.F.);
#9166 = EDGE_CURVE('',#8703,#8825,#9167,.T.);
#9167 = LINE('',#9168,#9169);
#9168 = CARTESIAN_POINT('',(-2.45,1.05,0.25));
#9169 = VECTOR('',#9170,1.);
#9170 = DIRECTION('',(0.,0.,1.));
#9171 = ORIENTED_EDGE('',*,*,#8702,.F.);
#9172 = PLANE('',#9173);
#9173 = AXIS2_PLACEMENT_3D('',#9174,#9175,#9176);
#9174 = CARTESIAN_POINT('',(-2.45,-1.15,0.25));
#9175 = DIRECTION('',(-1.,0.,0.));
#9176 = DIRECTION('',(0.,1.,0.));
#9177 = ADVANCED_FACE('',(#9178),#9189,.T.);
#9178 = FACE_BOUND('',#9179,.T.);
#9179 = EDGE_LOOP('',(#9180,#9181,#9182,#9188));
#9180 = ORIENTED_EDGE('',*,*,#9166,.T.);
#9181 = ORIENTED_EDGE('',*,*,#8824,.T.);
#9182 = ORIENTED_EDGE('',*,*,#9183,.F.);
#9183 = EDGE_CURVE('',#8711,#8817,#9184,.T.);
#9184 = LINE('',#9185,#9186);
#9185 = CARTESIAN_POINT('',(-2.25,1.25,0.25));
#9186 = VECTOR('',#9187,1.);
#9187 = DIRECTION('',(0.,0.,1.));
#9188 = ORIENTED_EDGE('',*,*,#8710,.F.);
#9189 = PLANE('',#9190);
#9190 = AXIS2_PLACEMENT_3D('',#9191,#9192,#9193);
#9191 = CARTESIAN_POINT('',(-2.45,1.05,0.25));
#9192 = DIRECTION('',(-0.707106781187,0.707106781187,0.));
#9193 = DIRECTION('',(0.707106781187,0.707106781187,0.));
#9194 = ADVANCED_FACE('',(#9195),#9206,.F.);
#9195 = FACE_BOUND('',#9196,.F.);
#9196 = EDGE_LOOP('',(#9197,#9203,#9204,#9205));
#9197 = ORIENTED_EDGE('',*,*,#9198,.T.);
#9198 = EDGE_CURVE('',#8719,#8809,#9199,.T.);
#9199 = LINE('',#9200,#9201);
#9200 = CARTESIAN_POINT('',(-0.45,1.25,0.25));
#9201 = VECTOR('',#9202,1.);
#9202 = DIRECTION('',(0.,0.,1.));
#9203 = ORIENTED_EDGE('',*,*,#8816,.T.);
#9204 = ORIENTED_EDGE('',*,*,#9183,.F.);
#9205 = ORIENTED_EDGE('',*,*,#8718,.F.);
#9206 = PLANE('',#9207);
#9207 = AXIS2_PLACEMENT_3D('',#9208,#9209,#9210);
#9208 = CARTESIAN_POINT('',(-0.45,1.25,0.25));
#9209 = DIRECTION('',(0.,-1.,0.));
#9210 = DIRECTION('',(-1.,0.,0.));
#9211 = ADVANCED_FACE('',(#9212),#9223,.F.);
#9212 = FACE_BOUND('',#9213,.F.);
#9213 = EDGE_LOOP('',(#9214,#9220,#9221,#9222));
#9214 = ORIENTED_EDGE('',*,*,#9215,.T.);
#9215 = EDGE_CURVE('',#8727,#8801,#9216,.T.);
#9216 = LINE('',#9217,#9218);
#9217 = CARTESIAN_POINT('',(-0.4,1.2,0.25));
#9218 = VECTOR('',#9219,1.);
#9219 = DIRECTION('',(0.,0.,1.));
#9220 = ORIENTED_EDGE('',*,*,#8808,.T.);
#9221 = ORIENTED_EDGE('',*,*,#9198,.F.);
#9222 = ORIENTED_EDGE('',*,*,#8726,.F.);
#9223 = PLANE('',#9224);
#9224 = AXIS2_PLACEMENT_3D('',#9225,#9226,#9227);
#9225 = CARTESIAN_POINT('',(-0.4,1.2,0.25));
#9226 = DIRECTION('',(-0.707106781187,-0.707106781187,0.));
#9227 = DIRECTION('',(-0.707106781187,0.707106781187,0.));
#9228 = ADVANCED_FACE('',(#9229),#9258,.F.);
#9229 = FACE_BOUND('',#9230,.F.);
#9230 = EDGE_LOOP('',(#9231,#9232,#9233,#9234,#9242,#9250,#9256,#9257));
#9231 = ORIENTED_EDGE('',*,*,#8734,.F.);
#9232 = ORIENTED_EDGE('',*,*,#9024,.T.);
#9233 = ORIENTED_EDGE('',*,*,#8768,.T.);
#9234 = ORIENTED_EDGE('',*,*,#9235,.T.);
#9235 = EDGE_CURVE('',#8769,#9236,#9238,.T.);
#9236 = VERTEX_POINT('',#9237);
#9237 = CARTESIAN_POINT('',(0.35,1.2,1.53));
#9238 = LINE('',#9239,#9240);
#9239 = CARTESIAN_POINT('',(0.35,1.2,1.56));
#9240 = VECTOR('',#9241,1.);
#9241 = DIRECTION('',(-0.,-0.,-1.));
#9242 = ORIENTED_EDGE('',*,*,#9243,.F.);
#9243 = EDGE_CURVE('',#9244,#9236,#9246,.T.);
#9244 = VERTEX_POINT('',#9245);
#9245 = CARTESIAN_POINT('',(-0.35,1.2,1.53));
#9246 = LINE('',#9247,#9248);
#9247 = CARTESIAN_POINT('',(-0.35,1.2,1.53));
#9248 = VECTOR('',#9249,1.);
#9249 = DIRECTION('',(1.,0.,0.));
#9250 = ORIENTED_EDGE('',*,*,#9251,.F.);
#9251 = EDGE_CURVE('',#8793,#9244,#9252,.T.);
#9252 = LINE('',#9253,#9254);
#9253 = CARTESIAN_POINT('',(-0.35,1.2,1.56));
#9254 = VECTOR('',#9255,1.);
#9255 = DIRECTION('',(-0.,-0.,-1.));
#9256 = ORIENTED_EDGE('',*,*,#8800,.T.);
#9257 = ORIENTED_EDGE('',*,*,#9215,.F.);
#9258 = PLANE('',#9259);
#9259 = AXIS2_PLACEMENT_3D('',#9260,#9261,#9262);
#9260 = CARTESIAN_POINT('',(0.4,1.2,0.25));
#9261 = DIRECTION('',(0.,-1.,0.));
#9262 = DIRECTION('',(-1.,0.,0.));
#9263 = ADVANCED_FACE('',(#9264),#9282,.T.);
#9264 = FACE_BOUND('',#9265,.T.);
#9265 = EDGE_LOOP('',(#9266,#9267,#9275,#9281));
#9266 = ORIENTED_EDGE('',*,*,#9235,.T.);
#9267 = ORIENTED_EDGE('',*,*,#9268,.T.);
#9268 = EDGE_CURVE('',#9236,#9269,#9271,.T.);
#9269 = VERTEX_POINT('',#9270);
#9270 = CARTESIAN_POINT('',(0.35,0.5,1.53));
#9271 = LINE('',#9272,#9273);
#9272 = CARTESIAN_POINT('',(0.35,1.2,1.53));
#9273 = VECTOR('',#9274,1.);
#9274 = DIRECTION('',(0.,-1.,0.));
#9275 = ORIENTED_EDGE('',*,*,#9276,.F.);
#9276 = EDGE_CURVE('',#8777,#9269,#9277,.T.);
#9277 = LINE('',#9278,#9279);
#9278 = CARTESIAN_POINT('',(0.35,0.5,1.56));
#9279 = VECTOR('',#9280,1.);
#9280 = DIRECTION('',(-0.,-0.,-1.));
#9281 = ORIENTED_EDGE('',*,*,#8776,.F.);
#9282 = PLANE('',#9283);
#9283 = AXIS2_PLACEMENT_3D('',#9284,#9285,#9286);
#9284 = CARTESIAN_POINT('',(0.35,1.2,1.56));
#9285 = DIRECTION('',(-1.,0.,0.));
#9286 = DIRECTION('',(0.,-1.,0.));
#9287 = ADVANCED_FACE('',(#9288),#9306,.F.);
#9288 = FACE_BOUND('',#9289,.F.);
#9289 = EDGE_LOOP('',(#9290,#9291,#9299,#9305));
#9290 = ORIENTED_EDGE('',*,*,#9097,.T.);
#9291 = ORIENTED_EDGE('',*,*,#9292,.T.);
#9292 = EDGE_CURVE('',#9090,#9293,#9295,.T.);
#9293 = VERTEX_POINT('',#9294);
#9294 = CARTESIAN_POINT('',(0.35,-0.85,1.53));
#9295 = LINE('',#9296,#9297);
#9296 = CARTESIAN_POINT('',(0.35,-1.2,1.53));
#9297 = VECTOR('',#9298,1.);
#9298 = DIRECTION('',(0.,1.,0.));
#9299 = ORIENTED_EDGE('',*,*,#9300,.F.);
#9300 = EDGE_CURVE('',#8882,#9293,#9301,.T.);
#9301 = LINE('',#9302,#9303);
#9302 = CARTESIAN_POINT('',(0.35,-0.85,1.56));
#9303 = VECTOR('',#9304,1.);
#9304 = DIRECTION('',(-0.,-0.,-1.));
#9305 = ORIENTED_EDGE('',*,*,#8890,.F.);
#9306 = PLANE('',#9307);
#9307 = AXIS2_PLACEMENT_3D('',#9308,#9309,#9310);
#9308 = CARTESIAN_POINT('',(0.35,-1.2,1.56));
#9309 = DIRECTION('',(1.,0.,0.));
#9310 = DIRECTION('',(-0.,1.,0.));
#9311 = ADVANCED_FACE('',(#9312),#9330,.T.);
#9312 = FACE_BOUND('',#9313,.T.);
#9313 = EDGE_LOOP('',(#9314,#9315,#9323,#9329));
#9314 = ORIENTED_EDGE('',*,*,#9276,.T.);
#9315 = ORIENTED_EDGE('',*,*,#9316,.T.);
#9316 = EDGE_CURVE('',#9269,#9317,#9319,.T.);
#9317 = VERTEX_POINT('',#9318);
#9318 = CARTESIAN_POINT('',(-0.35,0.5,1.53));
#9319 = LINE('',#9320,#9321);
#9320 = CARTESIAN_POINT('',(0.35,0.5,1.53));
#9321 = VECTOR('',#9322,1.);
#9322 = DIRECTION('',(-1.,0.,0.));
#9323 = ORIENTED_EDGE('',*,*,#9324,.F.);
#9324 = EDGE_CURVE('',#8785,#9317,#9325,.T.);
#9325 = LINE('',#9326,#9327);
#9326 = CARTESIAN_POINT('',(-0.35,0.5,1.56));
#9327 = VECTOR('',#9328,1.);
#9328 = DIRECTION('',(-0.,-0.,-1.));
#9329 = ORIENTED_EDGE('',*,*,#8784,.F.);
#9330 = PLANE('',#9331);
#9331 = AXIS2_PLACEMENT_3D('',#9332,#9333,#9334);
#9332 = CARTESIAN_POINT('',(0.35,0.5,1.56));
#9333 = DIRECTION('',(0.,1.,0.));
#9334 = DIRECTION('',(-1.,0.,0.));
#9335 = ADVANCED_FACE('',(#9336),#9355,.F.);
#9336 = FACE_BOUND('',#9337,.F.);
#9337 = EDGE_LOOP('',(#9338,#9339,#9348,#9354));
#9338 = ORIENTED_EDGE('',*,*,#9300,.T.);
#9339 = ORIENTED_EDGE('',*,*,#9340,.T.);
#9340 = EDGE_CURVE('',#9293,#9341,#9343,.T.);
#9341 = VERTEX_POINT('',#9342);
#9342 = CARTESIAN_POINT('',(-0.35,-0.85,1.53));
#9343 = CIRCLE('',#9344,0.35);
#9344 = AXIS2_PLACEMENT_3D('',#9345,#9346,#9347);
#9345 = CARTESIAN_POINT('',(0.,-0.85,1.53));
#9346 = DIRECTION('',(0.,0.,1.));
#9347 = DIRECTION('',(1.,0.,-0.));
#9348 = ORIENTED_EDGE('',*,*,#9349,.F.);
#9349 = EDGE_CURVE('',#8874,#9341,#9350,.T.);
#9350 = LINE('',#9351,#9352);
#9351 = CARTESIAN_POINT('',(-0.35,-0.85,1.56));
#9352 = VECTOR('',#9353,1.);
#9353 = DIRECTION('',(-0.,-0.,-1.));
#9354 = ORIENTED_EDGE('',*,*,#8881,.F.);
#9355 = CYLINDRICAL_SURFACE('',#9356,0.35);
#9356 = AXIS2_PLACEMENT_3D('',#9357,#9358,#9359);
#9357 = CARTESIAN_POINT('',(0.,-0.85,1.56));
#9358 = DIRECTION('',(0.,0.,1.));
#9359 = DIRECTION('',(1.,0.,-0.));
#9360 = ADVANCED_FACE('',(#9361),#9372,.T.);
#9361 = FACE_BOUND('',#9362,.T.);
#9362 = EDGE_LOOP('',(#9363,#9364,#9370,#9371));
#9363 = ORIENTED_EDGE('',*,*,#9324,.T.);
#9364 = ORIENTED_EDGE('',*,*,#9365,.T.);
#9365 = EDGE_CURVE('',#9317,#9244,#9366,.T.);
#9366 = LINE('',#9367,#9368);
#9367 = CARTESIAN_POINT('',(-0.35,0.5,1.53));
#9368 = VECTOR('',#9369,1.);
#9369 = DIRECTION('',(0.,1.,0.));
#9370 = ORIENTED_EDGE('',*,*,#9251,.F.);
#9371 = ORIENTED_EDGE('',*,*,#8792,.F.);
#9372 = PLANE('',#9373);
#9373 = AXIS2_PLACEMENT_3D('',#9374,#9375,#9376);
#9374 = CARTESIAN_POINT('',(-0.35,0.5,1.56));
#9375 = DIRECTION('',(1.,0.,0.));
#9376 = DIRECTION('',(-0.,1.,0.));
#9377 = ADVANCED_FACE('',(#9378),#9389,.F.);
#9378 = FACE_BOUND('',#9379,.F.);
#9379 = EDGE_LOOP('',(#9380,#9381,#9387,#9388));
#9380 = ORIENTED_EDGE('',*,*,#9349,.T.);
#9381 = ORIENTED_EDGE('',*,*,#9382,.T.);
#9382 = EDGE_CURVE('',#9341,#9082,#9383,.T.);
#9383 = LINE('',#9384,#9385);
#9384 = CARTESIAN_POINT('',(-0.35,-0.85,1.53));
#9385 = VECTOR('',#9386,1.);
#9386 = DIRECTION('',(0.,-1.,0.));
#9387 = ORIENTED_EDGE('',*,*,#9081,.F.);
#9388 = ORIENTED_EDGE('',*,*,#8873,.F.);
#9389 = PLANE('',#9390);
#9390 = AXIS2_PLACEMENT_3D('',#9391,#9392,#9393);
#9391 = CARTESIAN_POINT('',(-0.35,-0.85,1.56));
#9392 = DIRECTION('',(-1.,0.,0.));
#9393 = DIRECTION('',(0.,-1.,0.));
#9394 = ADVANCED_FACE('',(#9395),#9420,.T.);
#9395 = FACE_BOUND('',#9396,.T.);
#9396 = EDGE_LOOP('',(#9397,#9405,#9413,#9419));
#9397 = ORIENTED_EDGE('',*,*,#9398,.T.);
#9398 = EDGE_CURVE('',#8932,#9399,#9401,.T.);
#9399 = VERTEX_POINT('',#9400);
#9400 = CARTESIAN_POINT('',(-2.2,-1.,1.36));
#9401 = LINE('',#9402,#9403);
#9402 = CARTESIAN_POINT('',(-2.2,-1.,1.56));
#9403 = VECTOR('',#9404,1.);
#9404 = DIRECTION('',(-0.,-0.,-1.));
#9405 = ORIENTED_EDGE('',*,*,#9406,.T.);
#9406 = EDGE_CURVE('',#9399,#9407,#9409,.T.);
#9407 = VERTEX_POINT('',#9408);
#9408 = CARTESIAN_POINT('',(-2.2,1.,1.36));
#9409 = LINE('',#9410,#9411);
#9410 = CARTESIAN_POINT('',(-2.2,-1.,1.36));
#9411 = VECTOR('',#9412,1.);
#9412 = DIRECTION('',(0.,1.,0.));
#9413 = ORIENTED_EDGE('',*,*,#9414,.F.);
#9414 = EDGE_CURVE('',#8934,#9407,#9415,.T.);
#9415 = LINE('',#9416,#9417);
#9416 = CARTESIAN_POINT('',(-2.2,1.,1.56));
#9417 = VECTOR('',#9418,1.);
#9418 = DIRECTION('',(-0.,-0.,-1.));
#9419 = ORIENTED_EDGE('',*,*,#8931,.F.);
#9420 = PLANE('',#9421);
#9421 = AXIS2_PLACEMENT_3D('',#9422,#9423,#9424);
#9422 = CARTESIAN_POINT('',(-2.2,-1.,1.56));
#9423 = DIRECTION('',(1.,0.,0.));
#9424 = DIRECTION('',(-0.,1.,0.));
#9425 = ADVANCED_FACE('',(#9426),#9444,.T.);
#9426 = FACE_BOUND('',#9427,.T.);
#9427 = EDGE_LOOP('',(#9428,#9436,#9442,#9443));
#9428 = ORIENTED_EDGE('',*,*,#9429,.T.);
#9429 = EDGE_CURVE('',#8950,#9430,#9432,.T.);
#9430 = VERTEX_POINT('',#9431);
#9431 = CARTESIAN_POINT('',(-0.63,-1.,1.36));
#9432 = LINE('',#9433,#9434);
#9433 = CARTESIAN_POINT('',(-0.63,-1.,1.56));
#9434 = VECTOR('',#9435,1.);
#9435 = DIRECTION('',(-0.,-0.,-1.));
#9436 = ORIENTED_EDGE('',*,*,#9437,.T.);
#9437 = EDGE_CURVE('',#9430,#9399,#9438,.T.);
#9438 = LINE('',#9439,#9440);
#9439 = CARTESIAN_POINT('',(-0.63,-1.,1.36));
#9440 = VECTOR('',#9441,1.);
#9441 = DIRECTION('',(-1.,0.,0.));
#9442 = ORIENTED_EDGE('',*,*,#9398,.F.);
#9443 = ORIENTED_EDGE('',*,*,#8957,.F.);
#9444 = PLANE('',#9445);
#9445 = AXIS2_PLACEMENT_3D('',#9446,#9447,#9448);
#9446 = CARTESIAN_POINT('',(-0.63,-1.,1.56));
#9447 = DIRECTION('',(0.,1.,0.));
#9448 = DIRECTION('',(-1.,0.,0.));
#9449 = ADVANCED_FACE('',(#9450),#9468,.T.);
#9450 = FACE_BOUND('',#9451,.T.);
#9451 = EDGE_LOOP('',(#9452,#9460,#9466,#9467));
#9452 = ORIENTED_EDGE('',*,*,#9453,.T.);
#9453 = EDGE_CURVE('',#8942,#9454,#9456,.T.);
#9454 = VERTEX_POINT('',#9455);
#9455 = CARTESIAN_POINT('',(-0.63,1.,1.36));
#9456 = LINE('',#9457,#9458);
#9457 = CARTESIAN_POINT('',(-0.63,1.,1.56));
#9458 = VECTOR('',#9459,1.);
#9459 = DIRECTION('',(-0.,-0.,-1.));
#9460 = ORIENTED_EDGE('',*,*,#9461,.T.);
#9461 = EDGE_CURVE('',#9454,#9430,#9462,.T.);
#9462 = LINE('',#9463,#9464);
#9463 = CARTESIAN_POINT('',(-0.63,1.,1.36));
#9464 = VECTOR('',#9465,1.);
#9465 = DIRECTION('',(0.,-1.,0.));
#9466 = ORIENTED_EDGE('',*,*,#9429,.F.);
#9467 = ORIENTED_EDGE('',*,*,#8949,.F.);
#9468 = PLANE('',#9469);
#9469 = AXIS2_PLACEMENT_3D('',#9470,#9471,#9472);
#9470 = CARTESIAN_POINT('',(-0.63,1.,1.56));
#9471 = DIRECTION('',(-1.,0.,0.));
#9472 = DIRECTION('',(0.,-1.,0.));
#9473 = ADVANCED_FACE('',(#9474),#9485,.T.);
#9474 = FACE_BOUND('',#9475,.T.);
#9475 = EDGE_LOOP('',(#9476,#9477,#9483,#9484));
#9476 = ORIENTED_EDGE('',*,*,#9414,.T.);
#9477 = ORIENTED_EDGE('',*,*,#9478,.T.);
#9478 = EDGE_CURVE('',#9407,#9454,#9479,.T.);
#9479 = LINE('',#9480,#9481);
#9480 = CARTESIAN_POINT('',(-2.2,1.,1.36));
#9481 = VECTOR('',#9482,1.);
#9482 = DIRECTION('',(1.,0.,0.));
#9483 = ORIENTED_EDGE('',*,*,#9453,.F.);
#9484 = ORIENTED_EDGE('',*,*,#8941,.F.);
#9485 = PLANE('',#9486);
#9486 = AXIS2_PLACEMENT_3D('',#9487,#9488,#9489);
#9487 = CARTESIAN_POINT('',(-2.2,1.,1.56));
#9488 = DIRECTION('',(0.,-1.,0.));
#9489 = DIRECTION('',(1.,0.,0.));
#9490 = ADVANCED_FACE('',(#9491),#9516,.T.);
#9491 = FACE_BOUND('',#9492,.T.);
#9492 = EDGE_LOOP('',(#9493,#9501,#9509,#9515));
#9493 = ORIENTED_EDGE('',*,*,#9494,.T.);
#9494 = EDGE_CURVE('',#8966,#9495,#9497,.T.);
#9495 = VERTEX_POINT('',#9496);
#9496 = CARTESIAN_POINT('',(0.63,-1.,1.36));
#9497 = LINE('',#9498,#9499);
#9498 = CARTESIAN_POINT('',(0.63,-1.,1.56));
#9499 = VECTOR('',#9500,1.);
#9500 = DIRECTION('',(-0.,-0.,-1.));
#9501 = ORIENTED_EDGE('',*,*,#9502,.T.);
#9502 = EDGE_CURVE('',#9495,#9503,#9505,.T.);
#9503 = VERTEX_POINT('',#9504);
#9504 = CARTESIAN_POINT('',(0.63,1.,1.36));
#9505 = LINE('',#9506,#9507);
#9506 = CARTESIAN_POINT('',(0.63,-1.,1.36));
#9507 = VECTOR('',#9508,1.);
#9508 = DIRECTION('',(0.,1.,0.));
#9509 = ORIENTED_EDGE('',*,*,#9510,.F.);
#9510 = EDGE_CURVE('',#8968,#9503,#9511,.T.);
#9511 = LINE('',#9512,#9513);
#9512 = CARTESIAN_POINT('',(0.63,1.,1.56));
#9513 = VECTOR('',#9514,1.);
#9514 = DIRECTION('',(-0.,-0.,-1.));
#9515 = ORIENTED_EDGE('',*,*,#8965,.F.);
#9516 = PLANE('',#9517);
#9517 = AXIS2_PLACEMENT_3D('',#9518,#9519,#9520);
#9518 = CARTESIAN_POINT('',(0.63,-1.,1.56));
#9519 = DIRECTION('',(1.,0.,0.));
#9520 = DIRECTION('',(-0.,1.,0.));
#9521 = ADVANCED_FACE('',(#9522),#9540,.T.);
#9522 = FACE_BOUND('',#9523,.T.);
#9523 = EDGE_LOOP('',(#9524,#9532,#9538,#9539));
#9524 = ORIENTED_EDGE('',*,*,#9525,.T.);
#9525 = EDGE_CURVE('',#8984,#9526,#9528,.T.);
#9526 = VERTEX_POINT('',#9527);
#9527 = CARTESIAN_POINT('',(2.2,-1.,1.36));
#9528 = LINE('',#9529,#9530);
#9529 = CARTESIAN_POINT('',(2.2,-1.,1.56));
#9530 = VECTOR('',#9531,1.);
#9531 = DIRECTION('',(-0.,-0.,-1.));
#9532 = ORIENTED_EDGE('',*,*,#9533,.T.);
#9533 = EDGE_CURVE('',#9526,#9495,#9534,.T.);
#9534 = LINE('',#9535,#9536);
#9535 = CARTESIAN_POINT('',(2.2,-1.,1.36));
#9536 = VECTOR('',#9537,1.);
#9537 = DIRECTION('',(-1.,0.,0.));
#9538 = ORIENTED_EDGE('',*,*,#9494,.F.);
#9539 = ORIENTED_EDGE('',*,*,#8991,.F.);
#9540 = PLANE('',#9541);
#9541 = AXIS2_PLACEMENT_3D('',#9542,#9543,#9544);
#9542 = CARTESIAN_POINT('',(2.2,-1.,1.56));
#9543 = DIRECTION('',(0.,1.,0.));
#9544 = DIRECTION('',(-1.,0.,0.));
#9545 = ADVANCED_FACE('',(#9546),#9564,.T.);
#9546 = FACE_BOUND('',#9547,.T.);
#9547 = EDGE_LOOP('',(#9548,#9556,#9562,#9563));
#9548 = ORIENTED_EDGE('',*,*,#9549,.T.);
#9549 = EDGE_CURVE('',#8976,#9550,#9552,.T.);
#9550 = VERTEX_POINT('',#9551);
#9551 = CARTESIAN_POINT('',(2.2,1.,1.36));
#9552 = LINE('',#9553,#9554);
#9553 = CARTESIAN_POINT('',(2.2,1.,1.56));
#9554 = VECTOR('',#9555,1.);
#9555 = DIRECTION('',(-0.,-0.,-1.));
#9556 = ORIENTED_EDGE('',*,*,#9557,.T.);
#9557 = EDGE_CURVE('',#9550,#9526,#9558,.T.);
#9558 = LINE('',#9559,#9560);
#9559 = CARTESIAN_POINT('',(2.2,1.,1.36));
#9560 = VECTOR('',#9561,1.);
#9561 = DIRECTION('',(0.,-1.,0.));
#9562 = ORIENTED_EDGE('',*,*,#9525,.F.);
#9563 = ORIENTED_EDGE('',*,*,#8983,.F.);
#9564 = PLANE('',#9565);
#9565 = AXIS2_PLACEMENT_3D('',#9566,#9567,#9568);
#9566 = CARTESIAN_POINT('',(2.2,1.,1.56));
#9567 = DIRECTION('',(-1.,0.,0.));
#9568 = DIRECTION('',(0.,-1.,0.));
#9569 = ADVANCED_FACE('',(#9570),#9581,.T.);
#9570 = FACE_BOUND('',#9571,.T.);
#9571 = EDGE_LOOP('',(#9572,#9573,#9579,#9580));
#9572 = ORIENTED_EDGE('',*,*,#9510,.T.);
#9573 = ORIENTED_EDGE('',*,*,#9574,.T.);
#9574 = EDGE_CURVE('',#9503,#9550,#9575,.T.);
#9575 = LINE('',#9576,#9577);
#9576 = CARTESIAN_POINT('',(0.63,1.,1.36));
#9577 = VECTOR('',#9578,1.);
#9578 = DIRECTION('',(1.,0.,0.));
#9579 = ORIENTED_EDGE('',*,*,#9549,.F.);
#9580 = ORIENTED_EDGE('',*,*,#8975,.F.);
#9581 = PLANE('',#9582);
#9582 = AXIS2_PLACEMENT_3D('',#9583,#9584,#9585);
#9583 = CARTESIAN_POINT('',(0.63,1.,1.56));
#9584 = DIRECTION('',(0.,-1.,0.));
#9585 = DIRECTION('',(1.,0.,0.));
#9586 = ADVANCED_FACE('',(#9587,#9593),#9604,.T.);
#9587 = FACE_BOUND('',#9588,.T.);
#9588 = EDGE_LOOP('',(#9589,#9590,#9591,#9592));
#9589 = ORIENTED_EDGE('',*,*,#9340,.T.);
#9590 = ORIENTED_EDGE('',*,*,#9382,.T.);
#9591 = ORIENTED_EDGE('',*,*,#9089,.T.);
#9592 = ORIENTED_EDGE('',*,*,#9292,.T.);
#9593 = FACE_BOUND('',#9594,.T.);
#9594 = EDGE_LOOP('',(#9595));
#9595 = ORIENTED_EDGE('',*,*,#9596,.F.);
#9596 = EDGE_CURVE('',#9597,#9597,#9599,.T.);
#9597 = VERTEX_POINT('',#9598);
#9598 = CARTESIAN_POINT('',(0.25,-0.85,1.53));
#9599 = CIRCLE('',#9600,0.25);
#9600 = AXIS2_PLACEMENT_3D('',#9601,#9602,#9603);
#9601 = CARTESIAN_POINT('',(0.,-0.85,1.53));
#9602 = DIRECTION('',(0.,0.,1.));
#9603 = DIRECTION('',(1.,0.,-0.));
#9604 = PLANE('',#9605);
#9605 = AXIS2_PLACEMENT_3D('',#9606,#9607,#9608);
#9606 = CARTESIAN_POINT('',(-3.E-17,2.708118550994E-02,1.53));
#9607 = DIRECTION('',(0.,0.,1.));
#9608 = DIRECTION('',(1.,0.,-0.));
#9609 = ADVANCED_FACE('',(#9610,#9616),#9627,.T.);
#9610 = FACE_BOUND('',#9611,.T.);
#9611 = EDGE_LOOP('',(#9612,#9613,#9614,#9615));
#9612 = ORIENTED_EDGE('',*,*,#9243,.F.);
#9613 = ORIENTED_EDGE('',*,*,#9365,.F.);
#9614 = ORIENTED_EDGE('',*,*,#9316,.F.);
#9615 = ORIENTED_EDGE('',*,*,#9268,.F.);
#9616 = FACE_BOUND('',#9617,.T.);
#9617 = EDGE_LOOP('',(#9618));
#9618 = ORIENTED_EDGE('',*,*,#9619,.F.);
#9619 = EDGE_CURVE('',#9620,#9620,#9622,.T.);
#9620 = VERTEX_POINT('',#9621);
#9621 = CARTESIAN_POINT('',(0.25,0.85,1.53));
#9622 = CIRCLE('',#9623,0.25);
#9623 = AXIS2_PLACEMENT_3D('',#9624,#9625,#9626);
#9624 = CARTESIAN_POINT('',(0.,0.85,1.53));
#9625 = DIRECTION('',(0.,0.,1.));
#9626 = DIRECTION('',(1.,0.,-0.));
#9627 = PLANE('',#9628);
#9628 = AXIS2_PLACEMENT_3D('',#9629,#9630,#9631);
#9629 = CARTESIAN_POINT('',(-3.E-17,2.708118550994E-02,1.53));
#9630 = DIRECTION('',(0.,0.,1.));
#9631 = DIRECTION('',(1.,0.,-0.));
#9632 = ADVANCED_FACE('',(#9633),#9639,.T.);
#9633 = FACE_BOUND('',#9634,.F.);
#9634 = EDGE_LOOP('',(#9635,#9636,#9637,#9638));
#9635 = ORIENTED_EDGE('',*,*,#9478,.T.);
#9636 = ORIENTED_EDGE('',*,*,#9461,.T.);
#9637 = ORIENTED_EDGE('',*,*,#9437,.T.);
#9638 = ORIENTED_EDGE('',*,*,#9406,.T.);
#9639 = PLANE('',#9640);
#9640 = AXIS2_PLACEMENT_3D('',#9641,#9642,#9643);
#9641 = CARTESIAN_POINT('',(-2.3E-16,1.4E-16,1.36));
#9642 = DIRECTION('',(0.,0.,1.));
#9643 = DIRECTION('',(1.,0.,-0.));
#9644 = ADVANCED_FACE('',(#9645),#9651,.T.);
#9645 = FACE_BOUND('',#9646,.F.);
#9646 = EDGE_LOOP('',(#9647,#9648,#9649,#9650));
#9647 = ORIENTED_EDGE('',*,*,#9574,.T.);
#9648 = ORIENTED_EDGE('',*,*,#9557,.T.);
#9649 = ORIENTED_EDGE('',*,*,#9533,.T.);
#9650 = ORIENTED_EDGE('',*,*,#9502,.T.);
#9651 = PLANE('',#9652);
#9652 = AXIS2_PLACEMENT_3D('',#9653,#9654,#9655);
#9653 = CARTESIAN_POINT('',(-2.3E-16,1.4E-16,1.36));
#9654 = DIRECTION('',(0.,0.,1.));
#9655 = DIRECTION('',(1.,0.,-0.));
#9656 = ADVANCED_FACE('',(#9657),#9676,.F.);
#9657 = FACE_BOUND('',#9658,.F.);
#9658 = EDGE_LOOP('',(#9659,#9660,#9668,#9675));
#9659 = ORIENTED_EDGE('',*,*,#9596,.F.);
#9660 = ORIENTED_EDGE('',*,*,#9661,.T.);
#9661 = EDGE_CURVE('',#9597,#9662,#9664,.T.);
#9662 = VERTEX_POINT('',#9663);
#9663 = CARTESIAN_POINT('',(0.25,-0.85,1.51));
#9664 = LINE('',#9665,#9666);
#9665 = CARTESIAN_POINT('',(0.25,-0.85,1.56));
#9666 = VECTOR('',#9667,1.);
#9667 = DIRECTION('',(-0.,-0.,-1.));
#9668 = ORIENTED_EDGE('',*,*,#9669,.T.);
#9669 = EDGE_CURVE('',#9662,#9662,#9670,.T.);
#9670 = CIRCLE('',#9671,0.25);
#9671 = AXIS2_PLACEMENT_3D('',#9672,#9673,#9674);
#9672 = CARTESIAN_POINT('',(0.,-0.85,1.51));
#9673 = DIRECTION('',(0.,0.,1.));
#9674 = DIRECTION('',(1.,0.,-0.));
#9675 = ORIENTED_EDGE('',*,*,#9661,.F.);
#9676 = CYLINDRICAL_SURFACE('',#9677,0.25);
#9677 = AXIS2_PLACEMENT_3D('',#9678,#9679,#9680);
#9678 = CARTESIAN_POINT('',(0.,-0.85,1.56));
#9679 = DIRECTION('',(0.,0.,1.));
#9680 = DIRECTION('',(1.,0.,-0.));
#9681 = ADVANCED_FACE('',(#9682),#9701,.F.);
#9682 = FACE_BOUND('',#9683,.F.);
#9683 = EDGE_LOOP('',(#9684,#9685,#9693,#9700));
#9684 = ORIENTED_EDGE('',*,*,#9619,.F.);
#9685 = ORIENTED_EDGE('',*,*,#9686,.T.);
#9686 = EDGE_CURVE('',#9620,#9687,#9689,.T.);
#9687 = VERTEX_POINT('',#9688);
#9688 = CARTESIAN_POINT('',(0.25,0.85,1.51));
#9689 = LINE('',#9690,#9691);
#9690 = CARTESIAN_POINT('',(0.25,0.85,1.56));
#9691 = VECTOR('',#9692,1.);
#9692 = DIRECTION('',(-0.,-0.,-1.));
#9693 = ORIENTED_EDGE('',*,*,#9694,.T.);
#9694 = EDGE_CURVE('',#9687,#9687,#9695,.T.);
#9695 = CIRCLE('',#9696,0.25);
#9696 = AXIS2_PLACEMENT_3D('',#9697,#9698,#9699);
#9697 = CARTESIAN_POINT('',(0.,0.85,1.51));
#9698 = DIRECTION('',(0.,0.,1.));
#9699 = DIRECTION('',(1.,0.,-0.));
#9700 = ORIENTED_EDGE('',*,*,#9686,.F.);
#9701 = CYLINDRICAL_SURFACE('',#9702,0.25);
#9702 = AXIS2_PLACEMENT_3D('',#9703,#9704,#9705);
#9703 = CARTESIAN_POINT('',(0.,0.85,1.56));
#9704 = DIRECTION('',(0.,0.,1.));
#9705 = DIRECTION('',(1.,0.,-0.));
#9706 = ADVANCED_FACE('',(#9707),#9710,.T.);
#9707 = FACE_BOUND('',#9708,.T.);
#9708 = EDGE_LOOP('',(#9709));
#9709 = ORIENTED_EDGE('',*,*,#9669,.T.);
#9710 = PLANE('',#9711);
#9711 = AXIS2_PLACEMENT_3D('',#9712,#9713,#9714);
#9712 = CARTESIAN_POINT('',(-2.E-17,-1.E-17,1.51));
#9713 = DIRECTION('',(0.,0.,1.));
#9714 = DIRECTION('',(1.,0.,-0.));
#9715 = ADVANCED_FACE('',(#9716),#9719,.T.);
#9716 = FACE_BOUND('',#9717,.T.);
#9717 = EDGE_LOOP('',(#9718));
#9718 = ORIENTED_EDGE('',*,*,#9694,.T.);
#9719 = PLANE('',#9720);
#9720 = AXIS2_PLACEMENT_3D('',#9721,#9722,#9723);
#9721 = CARTESIAN_POINT('',(-2.E-17,-1.E-17,1.51));
#9722 = DIRECTION('',(0.,0.,1.));
#9723 = DIRECTION('',(1.,0.,-0.));
#9724 = MANIFOLD_SOLID_BREP('',#9725);
#9725 = CLOSED_SHELL('',(#9726,#9766,#9797,#9828,#9850,#9862));
#9726 = ADVANCED_FACE('',(#9727),#9761,.T.);
#9727 = FACE_BOUND('',#9728,.F.);
#9728 = EDGE_LOOP('',(#9729,#9739,#9747,#9755));
#9729 = ORIENTED_EDGE('',*,*,#9730,.T.);
#9730 = EDGE_CURVE('',#9731,#9733,#9735,.T.);
#9731 = VERTEX_POINT('',#9732);
#9732 = CARTESIAN_POINT('',(-0.75,0.88,1.36));
#9733 = VERTEX_POINT('',#9734);
#9734 = CARTESIAN_POINT('',(-0.75,0.88,1.56));
#9735 = LINE('',#9736,#9737);
#9736 = CARTESIAN_POINT('',(-0.75,0.88,1.36));
#9737 = VECTOR('',#9738,1.);
#9738 = DIRECTION('',(0.,0.,1.));
#9739 = ORIENTED_EDGE('',*,*,#9740,.T.);
#9740 = EDGE_CURVE('',#9733,#9741,#9743,.T.);
#9741 = VERTEX_POINT('',#9742);
#9742 = CARTESIAN_POINT('',(-2.08,0.88,1.56));
#9743 = LINE('',#9744,#9745);
#9744 = CARTESIAN_POINT('',(-0.75,0.88,1.56));
#9745 = VECTOR('',#9746,1.);
#9746 = DIRECTION('',(-1.,-0.,-0.));
#9747 = ORIENTED_EDGE('',*,*,#9748,.F.);
#9748 = EDGE_CURVE('',#9749,#9741,#9751,.T.);
#9749 = VERTEX_POINT('',#9750);
#9750 = CARTESIAN_POINT('',(-2.08,0.88,1.36));
#9751 = LINE('',#9752,#9753);
#9752 = CARTESIAN_POINT('',(-2.08,0.88,1.36));
#9753 = VECTOR('',#9754,1.);
#9754 = DIRECTION('',(0.,0.,1.));
#9755 = ORIENTED_EDGE('',*,*,#9756,.F.);
#9756 = EDGE_CURVE('',#9731,#9749,#9757,.T.);
#9757 = LINE('',#9758,#9759);
#9758 = CARTESIAN_POINT('',(-0.75,0.88,1.36));
#9759 = VECTOR('',#9760,1.);
#9760 = DIRECTION('',(-1.,-0.,-0.));
#9761 = PLANE('',#9762);
#9762 = AXIS2_PLACEMENT_3D('',#9763,#9764,#9765);
#9763 = CARTESIAN_POINT('',(-0.75,0.88,1.36));
#9764 = DIRECTION('',(0.,1.,0.));
#9765 = DIRECTION('',(1.,0.,0.));
#9766 = ADVANCED_FACE('',(#9767),#9792,.T.);
#9767 = FACE_BOUND('',#9768,.F.);
#9768 = EDGE_LOOP('',(#9769,#9770,#9778,#9786));
#9769 = ORIENTED_EDGE('',*,*,#9748,.T.);
#9770 = ORIENTED_EDGE('',*,*,#9771,.T.);
#9771 = EDGE_CURVE('',#9741,#9772,#9774,.T.);
#9772 = VERTEX_POINT('',#9773);
#9773 = CARTESIAN_POINT('',(-2.08,-0.88,1.56));
#9774 = LINE('',#9775,#9776);
#9775 = CARTESIAN_POINT('',(-2.08,0.88,1.56));
#9776 = VECTOR('',#9777,1.);
#9777 = DIRECTION('',(-0.,-1.,-0.));
#9778 = ORIENTED_EDGE('',*,*,#9779,.F.);
#9779 = EDGE_CURVE('',#9780,#9772,#9782,.T.);
#9780 = VERTEX_POINT('',#9781);
#9781 = CARTESIAN_POINT('',(-2.08,-0.88,1.36));
#9782 = LINE('',#9783,#9784);
#9783 = CARTESIAN_POINT('',(-2.08,-0.88,1.36));
#9784 = VECTOR('',#9785,1.);
#9785 = DIRECTION('',(0.,0.,1.));
#9786 = ORIENTED_EDGE('',*,*,#9787,.F.);
#9787 = EDGE_CURVE('',#9749,#9780,#9788,.T.);
#9788 = LINE('',#9789,#9790);
#9789 = CARTESIAN_POINT('',(-2.08,0.88,1.36));
#9790 = VECTOR('',#9791,1.);
#9791 = DIRECTION('',(-0.,-1.,-0.));
#9792 = PLANE('',#9793);
#9793 = AXIS2_PLACEMENT_3D('',#9794,#9795,#9796);
#9794 = CARTESIAN_POINT('',(-2.08,0.88,1.36));
#9795 = DIRECTION('',(-1.,-0.,-0.));
#9796 = DIRECTION('',(0.,1.,0.));
#9797 = ADVANCED_FACE('',(#9798),#9823,.T.);
#9798 = FACE_BOUND('',#9799,.F.);
#9799 = EDGE_LOOP('',(#9800,#9801,#9809,#9817));
#9800 = ORIENTED_EDGE('',*,*,#9779,.T.);
#9801 = ORIENTED_EDGE('',*,*,#9802,.T.);
#9802 = EDGE_CURVE('',#9772,#9803,#9805,.T.);
#9803 = VERTEX_POINT('',#9804);
#9804 = CARTESIAN_POINT('',(-0.75,-0.88,1.56));
#9805 = LINE('',#9806,#9807);
#9806 = CARTESIAN_POINT('',(-2.08,-0.88,1.56));
#9807 = VECTOR('',#9808,1.);
#9808 = DIRECTION('',(1.,0.,0.));
#9809 = ORIENTED_EDGE('',*,*,#9810,.F.);
#9810 = EDGE_CURVE('',#9811,#9803,#9813,.T.);
#9811 = VERTEX_POINT('',#9812);
#9812 = CARTESIAN_POINT('',(-0.75,-0.88,1.36));
#9813 = LINE('',#9814,#9815);
#9814 = CARTESIAN_POINT('',(-0.75,-0.88,1.36));
#9815 = VECTOR('',#9816,1.);
#9816 = DIRECTION('',(0.,0.,1.));
#9817 = ORIENTED_EDGE('',*,*,#9818,.F.);
#9818 = EDGE_CURVE('',#9780,#9811,#9819,.T.);
#9819 = LINE('',#9820,#9821);
#9820 = CARTESIAN_POINT('',(-2.08,-0.88,1.36));
#9821 = VECTOR('',#9822,1.);
#9822 = DIRECTION('',(1.,0.,0.));
#9823 = PLANE('',#9824);
#9824 = AXIS2_PLACEMENT_3D('',#9825,#9826,#9827);
#9825 = CARTESIAN_POINT('',(-2.08,-0.88,1.36));
#9826 = DIRECTION('',(-0.,-1.,-0.));
#9827 = DIRECTION('',(-1.,0.,0.));
#9828 = ADVANCED_FACE('',(#9829),#9845,.T.);
#9829 = FACE_BOUND('',#9830,.F.);
#9830 = EDGE_LOOP('',(#9831,#9832,#9838,#9839));
#9831 = ORIENTED_EDGE('',*,*,#9810,.T.);
#9832 = ORIENTED_EDGE('',*,*,#9833,.T.);
#9833 = EDGE_CURVE('',#9803,#9733,#9834,.T.);
#9834 = LINE('',#9835,#9836);
#9835 = CARTESIAN_POINT('',(-0.75,-0.88,1.56));
#9836 = VECTOR('',#9837,1.);
#9837 = DIRECTION('',(0.,1.,0.));
#9838 = ORIENTED_EDGE('',*,*,#9730,.F.);
#9839 = ORIENTED_EDGE('',*,*,#9840,.F.);
#9840 = EDGE_CURVE('',#9811,#9731,#9841,.T.);
#9841 = LINE('',#9842,#9843);
#9842 = CARTESIAN_POINT('',(-0.75,-0.88,1.36));
#9843 = VECTOR('',#9844,1.);
#9844 = DIRECTION('',(0.,1.,0.));
#9845 = PLANE('',#9846);
#9846 = AXIS2_PLACEMENT_3D('',#9847,#9848,#9849);
#9847 = CARTESIAN_POINT('',(-0.75,-0.88,1.36));
#9848 = DIRECTION('',(1.,0.,0.));
#9849 = DIRECTION('',(0.,-1.,0.));
#9850 = ADVANCED_FACE('',(#9851),#9857,.F.);
#9851 = FACE_BOUND('',#9852,.F.);
#9852 = EDGE_LOOP('',(#9853,#9854,#9855,#9856));
#9853 = ORIENTED_EDGE('',*,*,#9756,.T.);
#9854 = ORIENTED_EDGE('',*,*,#9787,.T.);
#9855 = ORIENTED_EDGE('',*,*,#9818,.T.);
#9856 = ORIENTED_EDGE('',*,*,#9840,.T.);
#9857 = PLANE('',#9858);
#9858 = AXIS2_PLACEMENT_3D('',#9859,#9860,#9861);
#9859 = CARTESIAN_POINT('',(-1.415,0.,1.36));
#9860 = DIRECTION('',(0.,0.,1.));
#9861 = DIRECTION('',(1.,0.,-0.));
#9862 = ADVANCED_FACE('',(#9863),#9869,.T.);
#9863 = FACE_BOUND('',#9864,.T.);
#9864 = EDGE_LOOP('',(#9865,#9866,#9867,#9868));
#9865 = ORIENTED_EDGE('',*,*,#9740,.T.);
#9866 = ORIENTED_EDGE('',*,*,#9771,.T.);
#9867 = ORIENTED_EDGE('',*,*,#9802,.T.);
#9868 = ORIENTED_EDGE('',*,*,#9833,.T.);
#9869 = PLANE('',#9870);
#9870 = AXIS2_PLACEMENT_3D('',#9871,#9872,#9873);
#9871 = CARTESIAN_POINT('',(-1.415,0.,1.56));
#9872 = DIRECTION('',(0.,0.,1.));
#9873 = DIRECTION('',(1.,0.,-0.));
#9874 = MANIFOLD_SOLID_BREP('',#9875);
#9875 = CLOSED_SHELL('',(#9876,#9909,#9918));
#9876 = ADVANCED_FACE('',(#9877),#9904,.T.);
#9877 = FACE_BOUND('',#9878,.T.);
#9878 = EDGE_LOOP('',(#9879,#9888,#9896,#9903));
#9879 = ORIENTED_EDGE('',*,*,#9880,.T.);
#9880 = EDGE_CURVE('',#9881,#9881,#9883,.T.);
#9881 = VERTEX_POINT('',#9882);
#9882 = CARTESIAN_POINT('',(1.905,0.,1.36));
#9883 = CIRCLE('',#9884,0.425);
#9884 = AXIS2_PLACEMENT_3D('',#9885,#9886,#9887);
#9885 = CARTESIAN_POINT('',(1.48,0.,1.36));
#9886 = DIRECTION('',(0.,0.,1.));
#9887 = DIRECTION('',(1.,0.,-0.));
#9888 = ORIENTED_EDGE('',*,*,#9889,.T.);
#9889 = EDGE_CURVE('',#9881,#9890,#9892,.T.);
#9890 = VERTEX_POINT('',#9891);
#9891 = CARTESIAN_POINT('',(1.905,0.,1.41));
#9892 = LINE('',#9893,#9894);
#9893 = CARTESIAN_POINT('',(1.905,-1.E-16,1.36));
#9894 = VECTOR('',#9895,1.);
#9895 = DIRECTION('',(0.,0.,1.));
#9896 = ORIENTED_EDGE('',*,*,#9897,.F.);
#9897 = EDGE_CURVE('',#9890,#9890,#9898,.T.);
#9898 = CIRCLE('',#9899,0.425);
#9899 = AXIS2_PLACEMENT_3D('',#9900,#9901,#9902);
#9900 = CARTESIAN_POINT('',(1.48,0.,1.41));
#9901 = DIRECTION('',(0.,0.,1.));
#9902 = DIRECTION('',(1.,0.,-0.));
#9903 = ORIENTED_EDGE('',*,*,#9889,.F.);
#9904 = CYLINDRICAL_SURFACE('',#9905,0.425);
#9905 = AXIS2_PLACEMENT_3D('',#9906,#9907,#9908);
#9906 = CARTESIAN_POINT('',(1.48,0.,1.36));
#9907 = DIRECTION('',(-0.,-0.,-1.));
#9908 = DIRECTION('',(1.,0.,0.));
#9909 = ADVANCED_FACE('',(#9910),#9913,.F.);
#9910 = FACE_BOUND('',#9911,.T.);
#9911 = EDGE_LOOP('',(#9912));
#9912 = ORIENTED_EDGE('',*,*,#9880,.F.);
#9913 = PLANE('',#9914);
#9914 = AXIS2_PLACEMENT_3D('',#9915,#9916,#9917);
#9915 = CARTESIAN_POINT('',(1.48,0.,1.36));
#9916 = DIRECTION('',(0.,0.,1.));
#9917 = DIRECTION('',(1.,0.,-0.));
#9918 = ADVANCED_FACE('',(#9919),#9922,.T.);
#9919 = FACE_BOUND('',#9920,.F.);
#9920 = EDGE_LOOP('',(#9921));
#9921 = ORIENTED_EDGE('',*,*,#9897,.F.);
#9922 = PLANE('',#9923);
#9923 = AXIS2_PLACEMENT_3D('',#9924,#9925,#9926);
#9924 = CARTESIAN_POINT('',(1.48,0.,1.41));
#9925 = DIRECTION('',(0.,0.,1.));
#9926 = DIRECTION('',(1.,0.,-0.));
#9927 = MANIFOLD_SOLID_BREP('',#9928);
#9928 = CLOSED_SHELL('',(#9929,#9962,#9971));
#9929 = ADVANCED_FACE('',(#9930),#9957,.T.);
#9930 = FACE_BOUND('',#9931,.T.);
#9931 = EDGE_LOOP('',(#9932,#9941,#9949,#9956));
#9932 = ORIENTED_EDGE('',*,*,#9933,.T.);
#9933 = EDGE_CURVE('',#9934,#9934,#9936,.T.);
#9934 = VERTEX_POINT('',#9935);
#9935 = CARTESIAN_POINT('',(-1.17,0.,1.36));
#9936 = CIRCLE('',#9937,0.35);
#9937 = AXIS2_PLACEMENT_3D('',#9938,#9939,#9940);
#9938 = CARTESIAN_POINT('',(-1.52,0.,1.36));
#9939 = DIRECTION('',(0.,0.,1.));
#9940 = DIRECTION('',(1.,0.,-0.));
#9941 = ORIENTED_EDGE('',*,*,#9942,.T.);
#9942 = EDGE_CURVE('',#9934,#9943,#9945,.T.);
#9943 = VERTEX_POINT('',#9944);
#9944 = CARTESIAN_POINT('',(-1.17,0.,1.41));
#9945 = LINE('',#9946,#9947);
#9946 = CARTESIAN_POINT('',(-1.17,-9.E-17,1.36));
#9947 = VECTOR('',#9948,1.);
#9948 = DIRECTION('',(0.,0.,1.));
#9949 = ORIENTED_EDGE('',*,*,#9950,.F.);
#9950 = EDGE_CURVE('',#9943,#9943,#9951,.T.);
#9951 = CIRCLE('',#9952,0.35);
#9952 = AXIS2_PLACEMENT_3D('',#9953,#9954,#9955);
#9953 = CARTESIAN_POINT('',(-1.52,0.,1.41));
#9954 = DIRECTION('',(0.,0.,1.));
#9955 = DIRECTION('',(1.,0.,-0.));
#9956 = ORIENTED_EDGE('',*,*,#9942,.F.);
#9957 = CYLINDRICAL_SURFACE('',#9958,0.35);
#9958 = AXIS2_PLACEMENT_3D('',#9959,#9960,#9961);
#9959 = CARTESIAN_POINT('',(-1.52,0.,1.36));
#9960 = DIRECTION('',(-0.,-0.,-1.));
#9961 = DIRECTION('',(1.,0.,0.));
#9962 = ADVANCED_FACE('',(#9963),#9966,.F.);
#9963 = FACE_BOUND('',#9964,.T.);
#9964 = EDGE_LOOP('',(#9965));
#9965 = ORIENTED_EDGE('',*,*,#9933,.F.);
#9966 = PLANE('',#9967);
#9967 = AXIS2_PLACEMENT_3D('',#9968,#9969,#9970);
#9968 = CARTESIAN_POINT('',(-1.52,0.,1.36));
#9969 = DIRECTION('',(0.,0.,1.));
#9970 = DIRECTION('',(1.,0.,-0.));
#9971 = ADVANCED_FACE('',(#9972),#9975,.T.);
#9972 = FACE_BOUND('',#9973,.F.);
#9973 = EDGE_LOOP('',(#9974));
#9974 = ORIENTED_EDGE('',*,*,#9950,.F.);
#9975 = PLANE('',#9976);
#9976 = AXIS2_PLACEMENT_3D('',#9977,#9978,#9979);
#9977 = CARTESIAN_POINT('',(-1.52,0.,1.41));
#9978 = DIRECTION('',(0.,0.,1.));
#9979 = DIRECTION('',(1.,0.,-0.));
#9980 = MANIFOLD_SOLID_BREP('',#9981);
#9981 = CLOSED_SHELL('',(#9982,#10022,#10053,#10084,#10106,#10118));
#9982 = ADVANCED_FACE('',(#9983),#10017,.T.);
#9983 = FACE_BOUND('',#9984,.T.);
#9984 = EDGE_LOOP('',(#9985,#9995,#10003,#10011));
#9985 = ORIENTED_EDGE('',*,*,#9986,.T.);
#9986 = EDGE_CURVE('',#9987,#9989,#9991,.T.);
#9987 = VERTEX_POINT('',#9988);
#9988 = CARTESIAN_POINT('',(0.75,0.88,1.36));
#9989 = VERTEX_POINT('',#9990);
#9990 = CARTESIAN_POINT('',(0.75,0.88,1.56));
#9991 = LINE('',#9992,#9993);
#9992 = CARTESIAN_POINT('',(0.75,0.88,1.36));
#9993 = VECTOR('',#9994,1.);
#9994 = DIRECTION('',(0.,0.,1.));
#9995 = ORIENTED_EDGE('',*,*,#9996,.T.);
#9996 = EDGE_CURVE('',#9989,#9997,#9999,.T.);
#9997 = VERTEX_POINT('',#9998);
#9998 = CARTESIAN_POINT('',(2.08,0.88,1.56));
#9999 = LINE('',#10000,#10001);
#10000 = CARTESIAN_POINT('',(0.75,0.88,1.56));
#10001 = VECTOR('',#10002,1.);
#10002 = DIRECTION('',(1.,0.,0.));
#10003 = ORIENTED_EDGE('',*,*,#10004,.F.);
#10004 = EDGE_CURVE('',#10005,#9997,#10007,.T.);
#10005 = VERTEX_POINT('',#10006);
#10006 = CARTESIAN_POINT('',(2.08,0.88,1.36));
#10007 = LINE('',#10008,#10009);
#10008 = CARTESIAN_POINT('',(2.08,0.88,1.36));
#10009 = VECTOR('',#10010,1.);
#10010 = DIRECTION('',(0.,0.,1.));
#10011 = ORIENTED_EDGE('',*,*,#10012,.F.);
#10012 = EDGE_CURVE('',#9987,#10005,#10013,.T.);
#10013 = LINE('',#10014,#10015);
#10014 = CARTESIAN_POINT('',(0.75,0.88,1.36));
#10015 = VECTOR('',#10016,1.);
#10016 = DIRECTION('',(1.,0.,0.));
#10017 = PLANE('',#10018);
#10018 = AXIS2_PLACEMENT_3D('',#10019,#10020,#10021);
#10019 = CARTESIAN_POINT('',(0.75,0.88,1.36));
#10020 = DIRECTION('',(0.,1.,0.));
#10021 = DIRECTION('',(1.,0.,0.));
#10022 = ADVANCED_FACE('',(#10023),#10048,.T.);
#10023 = FACE_BOUND('',#10024,.T.);
#10024 = EDGE_LOOP('',(#10025,#10026,#10034,#10042));
#10025 = ORIENTED_EDGE('',*,*,#10004,.T.);
#10026 = ORIENTED_EDGE('',*,*,#10027,.T.);
#10027 = EDGE_CURVE('',#9997,#10028,#10030,.T.);
#10028 = VERTEX_POINT('',#10029);
#10029 = CARTESIAN_POINT('',(2.08,-0.88,1.56));
#10030 = LINE('',#10031,#10032);
#10031 = CARTESIAN_POINT('',(2.08,0.88,1.56));
#10032 = VECTOR('',#10033,1.);
#10033 = DIRECTION('',(0.,-1.,0.));
#10034 = ORIENTED_EDGE('',*,*,#10035,.F.);
#10035 = EDGE_CURVE('',#10036,#10028,#10038,.T.);
#10036 = VERTEX_POINT('',#10037);
#10037 = CARTESIAN_POINT('',(2.08,-0.88,1.36));
#10038 = LINE('',#10039,#10040);
#10039 = CARTESIAN_POINT('',(2.08,-0.88,1.36));
#10040 = VECTOR('',#10041,1.);
#10041 = DIRECTION('',(0.,0.,1.));
#10042 = ORIENTED_EDGE('',*,*,#10043,.F.);
#10043 = EDGE_CURVE('',#10005,#10036,#10044,.T.);
#10044 = LINE('',#10045,#10046);
#10045 = CARTESIAN_POINT('',(2.08,0.88,1.36));
#10046 = VECTOR('',#10047,1.);
#10047 = DIRECTION('',(0.,-1.,0.));
#10048 = PLANE('',#10049);
#10049 = AXIS2_PLACEMENT_3D('',#10050,#10051,#10052);
#10050 = CARTESIAN_POINT('',(2.08,0.88,1.36));
#10051 = DIRECTION('',(1.,0.,0.));
#10052 = DIRECTION('',(0.,-1.,0.));
#10053 = ADVANCED_FACE('',(#10054),#10079,.T.);
#10054 = FACE_BOUND('',#10055,.T.);
#10055 = EDGE_LOOP('',(#10056,#10057,#10065,#10073));
#10056 = ORIENTED_EDGE('',*,*,#10035,.T.);
#10057 = ORIENTED_EDGE('',*,*,#10058,.T.);
#10058 = EDGE_CURVE('',#10028,#10059,#10061,.T.);
#10059 = VERTEX_POINT('',#10060);
#10060 = CARTESIAN_POINT('',(0.75,-0.88,1.56));
#10061 = LINE('',#10062,#10063);
#10062 = CARTESIAN_POINT('',(2.08,-0.88,1.56));
#10063 = VECTOR('',#10064,1.);
#10064 = DIRECTION('',(-1.,0.,0.));
#10065 = ORIENTED_EDGE('',*,*,#10066,.F.);
#10066 = EDGE_CURVE('',#10067,#10059,#10069,.T.);
#10067 = VERTEX_POINT('',#10068);
#10068 = CARTESIAN_POINT('',(0.75,-0.88,1.36));
#10069 = LINE('',#10070,#10071);
#10070 = CARTESIAN_POINT('',(0.75,-0.88,1.36));
#10071 = VECTOR('',#10072,1.);
#10072 = DIRECTION('',(0.,0.,1.));
#10073 = ORIENTED_EDGE('',*,*,#10074,.F.);
#10074 = EDGE_CURVE('',#10036,#10067,#10075,.T.);
#10075 = LINE('',#10076,#10077);
#10076 = CARTESIAN_POINT('',(2.08,-0.88,1.36));
#10077 = VECTOR('',#10078,1.);
#10078 = DIRECTION('',(-1.,0.,0.));
#10079 = PLANE('',#10080);
#10080 = AXIS2_PLACEMENT_3D('',#10081,#10082,#10083);
#10081 = CARTESIAN_POINT('',(2.08,-0.88,1.36));
#10082 = DIRECTION('',(0.,-1.,0.));
#10083 = DIRECTION('',(-1.,0.,0.));
#10084 = ADVANCED_FACE('',(#10085),#10101,.T.);
#10085 = FACE_BOUND('',#10086,.T.);
#10086 = EDGE_LOOP('',(#10087,#10088,#10094,#10095));
#10087 = ORIENTED_EDGE('',*,*,#10066,.T.);
#10088 = ORIENTED_EDGE('',*,*,#10089,.T.);
#10089 = EDGE_CURVE('',#10059,#9989,#10090,.T.);
#10090 = LINE('',#10091,#10092);
#10091 = CARTESIAN_POINT('',(0.75,-0.88,1.56));
#10092 = VECTOR('',#10093,1.);
#10093 = DIRECTION('',(0.,1.,0.));
#10094 = ORIENTED_EDGE('',*,*,#9986,.F.);
#10095 = ORIENTED_EDGE('',*,*,#10096,.F.);
#10096 = EDGE_CURVE('',#10067,#9987,#10097,.T.);
#10097 = LINE('',#10098,#10099);
#10098 = CARTESIAN_POINT('',(0.75,-0.88,1.36));
#10099 = VECTOR('',#10100,1.);
#10100 = DIRECTION('',(0.,1.,0.));
#10101 = PLANE('',#10102);
#10102 = AXIS2_PLACEMENT_3D('',#10103,#10104,#10105);
#10103 = CARTESIAN_POINT('',(0.75,-0.88,1.36));
#10104 = DIRECTION('',(-1.,0.,0.));
#10105 = DIRECTION('',(0.,1.,0.));
#10106 = ADVANCED_FACE('',(#10107),#10113,.F.);
#10107 = FACE_BOUND('',#10108,.T.);
#10108 = EDGE_LOOP('',(#10109,#10110,#10111,#10112));
#10109 = ORIENTED_EDGE('',*,*,#10012,.T.);
#10110 = ORIENTED_EDGE('',*,*,#10043,.T.);
#10111 = ORIENTED_EDGE('',*,*,#10074,.T.);
#10112 = ORIENTED_EDGE('',*,*,#10096,.T.);
#10113 = PLANE('',#10114);
#10114 = AXIS2_PLACEMENT_3D('',#10115,#10116,#10117);
#10115 = CARTESIAN_POINT('',(1.415,0.,1.36));
#10116 = DIRECTION('',(0.,0.,1.));
#10117 = DIRECTION('',(1.,0.,-0.));
#10118 = ADVANCED_FACE('',(#10119),#10125,.T.);
#10119 = FACE_BOUND('',#10120,.F.);
#10120 = EDGE_LOOP('',(#10121,#10122,#10123,#10124));
#10121 = ORIENTED_EDGE('',*,*,#9996,.T.);
#10122 = ORIENTED_EDGE('',*,*,#10027,.T.);
#10123 = ORIENTED_EDGE('',*,*,#10058,.T.);
#10124 = ORIENTED_EDGE('',*,*,#10089,.T.);
#10125 = PLANE('',#10126);
#10126 = AXIS2_PLACEMENT_3D('',#10127,#10128,#10129);
#10127 = CARTESIAN_POINT('',(1.415,0.,1.56));
#10128 = DIRECTION('',(0.,0.,1.));
#10129 = DIRECTION('',(1.,0.,-0.));
#10130 = MANIFOLD_SOLID_BREP('',#10131);
#10131 = CLOSED_SHELL('',(#10132,#10172,#10203,#10234,#10265,#10296,
    #10318,#10332));
#10132 = ADVANCED_FACE('',(#10133),#10167,.T.);
#10133 = FACE_BOUND('',#10134,.T.);
#10134 = EDGE_LOOP('',(#10135,#10145,#10153,#10161));
#10135 = ORIENTED_EDGE('',*,*,#10136,.T.);
#10136 = EDGE_CURVE('',#10137,#10139,#10141,.T.);
#10137 = VERTEX_POINT('',#10138);
#10138 = CARTESIAN_POINT('',(-1.93,0.55,0.));
#10139 = VERTEX_POINT('',#10140);
#10140 = CARTESIAN_POINT('',(-1.93,0.55,-1.E-02));
#10141 = LINE('',#10142,#10143);
#10142 = CARTESIAN_POINT('',(-1.93,0.55,0.));
#10143 = VECTOR('',#10144,1.);
#10144 = DIRECTION('',(0.,0.,-1.));
#10145 = ORIENTED_EDGE('',*,*,#10146,.T.);
#10146 = EDGE_CURVE('',#10139,#10147,#10149,.T.);
#10147 = VERTEX_POINT('',#10148);
#10148 = CARTESIAN_POINT('',(-1.35,0.55,-1.E-02));
#10149 = LINE('',#10150,#10151);
#10150 = CARTESIAN_POINT('',(-1.93,0.55,-1.E-02));
#10151 = VECTOR('',#10152,1.);
#10152 = DIRECTION('',(1.,1.224646799147E-16,0.));
#10153 = ORIENTED_EDGE('',*,*,#10154,.F.);
#10154 = EDGE_CURVE('',#10155,#10147,#10157,.T.);
#10155 = VERTEX_POINT('',#10156);
#10156 = CARTESIAN_POINT('',(-1.35,0.55,0.));
#10157 = LINE('',#10158,#10159);
#10158 = CARTESIAN_POINT('',(-1.35,0.55,0.));
#10159 = VECTOR('',#10160,1.);
#10160 = DIRECTION('',(0.,0.,-1.));
#10161 = ORIENTED_EDGE('',*,*,#10162,.F.);
#10162 = EDGE_CURVE('',#10137,#10155,#10163,.T.);
#10163 = LINE('',#10164,#10165);
#10164 = CARTESIAN_POINT('',(-1.93,0.55,0.));
#10165 = VECTOR('',#10166,1.);
#10166 = DIRECTION('',(1.,1.224646799147E-16,0.));
#10167 = PLANE('',#10168);
#10168 = AXIS2_PLACEMENT_3D('',#10169,#10170,#10171);
#10169 = CARTESIAN_POINT('',(-1.93,0.55,0.));
#10170 = DIRECTION('',(1.224646799147E-16,-1.,0.));
#10171 = DIRECTION('',(1.,1.224646799147E-16,0.));
#10172 = ADVANCED_FACE('',(#10173),#10198,.T.);
#10173 = FACE_BOUND('',#10174,.T.);
#10174 = EDGE_LOOP('',(#10175,#10176,#10184,#10192));
#10175 = ORIENTED_EDGE('',*,*,#10154,.T.);
#10176 = ORIENTED_EDGE('',*,*,#10177,.T.);
#10177 = EDGE_CURVE('',#10147,#10178,#10180,.T.);
#10178 = VERTEX_POINT('',#10179);
#10179 = CARTESIAN_POINT('',(-1.35,1.05,-1.E-02));
#10180 = LINE('',#10181,#10182);
#10181 = CARTESIAN_POINT('',(-1.35,0.55,-1.E-02));
#10182 = VECTOR('',#10183,1.);
#10183 = DIRECTION('',(-1.224646799147E-16,1.,0.));
#10184 = ORIENTED_EDGE('',*,*,#10185,.F.);
#10185 = EDGE_CURVE('',#10186,#10178,#10188,.T.);
#10186 = VERTEX_POINT('',#10187);
#10187 = CARTESIAN_POINT('',(-1.35,1.05,0.));
#10188 = LINE('',#10189,#10190);
#10189 = CARTESIAN_POINT('',(-1.35,1.05,0.));
#10190 = VECTOR('',#10191,1.);
#10191 = DIRECTION('',(0.,0.,-1.));
#10192 = ORIENTED_EDGE('',*,*,#10193,.F.);
#10193 = EDGE_CURVE('',#10155,#10186,#10194,.T.);
#10194 = LINE('',#10195,#10196);
#10195 = CARTESIAN_POINT('',(-1.35,0.55,0.));
#10196 = VECTOR('',#10197,1.);
#10197 = DIRECTION('',(-1.224646799147E-16,1.,0.));
#10198 = PLANE('',#10199);
#10199 = AXIS2_PLACEMENT_3D('',#10200,#10201,#10202);
#10200 = CARTESIAN_POINT('',(-1.35,0.55,0.));
#10201 = DIRECTION('',(1.,1.224646799147E-16,0.));
#10202 = DIRECTION('',(-1.224646799147E-16,1.,0.));
#10203 = ADVANCED_FACE('',(#10204),#10229,.T.);
#10204 = FACE_BOUND('',#10205,.T.);
#10205 = EDGE_LOOP('',(#10206,#10207,#10215,#10223));
#10206 = ORIENTED_EDGE('',*,*,#10185,.T.);
#10207 = ORIENTED_EDGE('',*,*,#10208,.T.);
#10208 = EDGE_CURVE('',#10178,#10209,#10211,.T.);
#10209 = VERTEX_POINT('',#10210);
#10210 = CARTESIAN_POINT('',(-1.85,1.05,-1.E-02));
#10211 = LINE('',#10212,#10213);
#10212 = CARTESIAN_POINT('',(-1.35,1.05,-1.E-02));
#10213 = VECTOR('',#10214,1.);
#10214 = DIRECTION('',(-1.,-1.224646799147E-16,0.));
#10215 = ORIENTED_EDGE('',*,*,#10216,.F.);
#10216 = EDGE_CURVE('',#10217,#10209,#10219,.T.);
#10217 = VERTEX_POINT('',#10218);
#10218 = CARTESIAN_POINT('',(-1.85,1.05,0.));
#10219 = LINE('',#10220,#10221);
#10220 = CARTESIAN_POINT('',(-1.85,1.05,0.));
#10221 = VECTOR('',#10222,1.);
#10222 = DIRECTION('',(0.,0.,-1.));
#10223 = ORIENTED_EDGE('',*,*,#10224,.F.);
#10224 = EDGE_CURVE('',#10186,#10217,#10225,.T.);
#10225 = LINE('',#10226,#10227);
#10226 = CARTESIAN_POINT('',(-1.35,1.05,0.));
#10227 = VECTOR('',#10228,1.);
#10228 = DIRECTION('',(-1.,-1.224646799147E-16,0.));
#10229 = PLANE('',#10230);
#10230 = AXIS2_PLACEMENT_3D('',#10231,#10232,#10233);
#10231 = CARTESIAN_POINT('',(-1.35,1.05,0.));
#10232 = DIRECTION('',(-1.224646799147E-16,1.,0.));
#10233 = DIRECTION('',(-1.,-1.224646799147E-16,0.));
#10234 = ADVANCED_FACE('',(#10235),#10260,.T.);
#10235 = FACE_BOUND('',#10236,.T.);
#10236 = EDGE_LOOP('',(#10237,#10238,#10246,#10254));
#10237 = ORIENTED_EDGE('',*,*,#10216,.T.);
#10238 = ORIENTED_EDGE('',*,*,#10239,.T.);
#10239 = EDGE_CURVE('',#10209,#10240,#10242,.T.);
#10240 = VERTEX_POINT('',#10241);
#10241 = CARTESIAN_POINT('',(-1.85,0.8,-1.E-02));
#10242 = LINE('',#10243,#10244);
#10243 = CARTESIAN_POINT('',(-1.85,1.05,-1.E-02));
#10244 = VECTOR('',#10245,1.);
#10245 = DIRECTION('',(1.224646799147E-16,-1.,0.));
#10246 = ORIENTED_EDGE('',*,*,#10247,.F.);
#10247 = EDGE_CURVE('',#10248,#10240,#10250,.T.);
#10248 = VERTEX_POINT('',#10249);
#10249 = CARTESIAN_POINT('',(-1.85,0.8,0.));
#10250 = LINE('',#10251,#10252);
#10251 = CARTESIAN_POINT('',(-1.85,0.8,0.));
#10252 = VECTOR('',#10253,1.);
#10253 = DIRECTION('',(0.,0.,-1.));
#10254 = ORIENTED_EDGE('',*,*,#10255,.F.);
#10255 = EDGE_CURVE('',#10217,#10248,#10256,.T.);
#10256 = LINE('',#10257,#10258);
#10257 = CARTESIAN_POINT('',(-1.85,1.05,0.));
#10258 = VECTOR('',#10259,1.);
#10259 = DIRECTION('',(1.224646799147E-16,-1.,0.));
#10260 = PLANE('',#10261);
#10261 = AXIS2_PLACEMENT_3D('',#10262,#10263,#10264);
#10262 = CARTESIAN_POINT('',(-1.85,1.05,0.));
#10263 = DIRECTION('',(-1.,-1.224646799147E-16,-0.));
#10264 = DIRECTION('',(1.224646799147E-16,-1.,0.));
#10265 = ADVANCED_FACE('',(#10266),#10291,.T.);
#10266 = FACE_BOUND('',#10267,.T.);
#10267 = EDGE_LOOP('',(#10268,#10269,#10277,#10285));
#10268 = ORIENTED_EDGE('',*,*,#10247,.T.);
#10269 = ORIENTED_EDGE('',*,*,#10270,.T.);
#10270 = EDGE_CURVE('',#10240,#10271,#10273,.T.);
#10271 = VERTEX_POINT('',#10272);
#10272 = CARTESIAN_POINT('',(-1.93,0.8,-1.E-02));
#10273 = LINE('',#10274,#10275);
#10274 = CARTESIAN_POINT('',(-1.85,0.8,-1.E-02));
#10275 = VECTOR('',#10276,1.);
#10276 = DIRECTION('',(-1.,-1.224646799147E-16,0.));
#10277 = ORIENTED_EDGE('',*,*,#10278,.F.);
#10278 = EDGE_CURVE('',#10279,#10271,#10281,.T.);
#10279 = VERTEX_POINT('',#10280);
#10280 = CARTESIAN_POINT('',(-1.93,0.8,0.));
#10281 = LINE('',#10282,#10283);
#10282 = CARTESIAN_POINT('',(-1.93,0.8,0.));
#10283 = VECTOR('',#10284,1.);
#10284 = DIRECTION('',(0.,0.,-1.));
#10285 = ORIENTED_EDGE('',*,*,#10286,.F.);
#10286 = EDGE_CURVE('',#10248,#10279,#10287,.T.);
#10287 = LINE('',#10288,#10289);
#10288 = CARTESIAN_POINT('',(-1.85,0.8,0.));
#10289 = VECTOR('',#10290,1.);
#10290 = DIRECTION('',(-1.,-1.224646799147E-16,0.));
#10291 = PLANE('',#10292);
#10292 = AXIS2_PLACEMENT_3D('',#10293,#10294,#10295);
#10293 = CARTESIAN_POINT('',(-1.85,0.8,0.));
#10294 = DIRECTION('',(-1.224646799147E-16,1.,0.));
#10295 = DIRECTION('',(-1.,-1.224646799147E-16,0.));
#10296 = ADVANCED_FACE('',(#10297),#10313,.T.);
#10297 = FACE_BOUND('',#10298,.T.);
#10298 = EDGE_LOOP('',(#10299,#10300,#10306,#10307));
#10299 = ORIENTED_EDGE('',*,*,#10278,.T.);
#10300 = ORIENTED_EDGE('',*,*,#10301,.T.);
#10301 = EDGE_CURVE('',#10271,#10139,#10302,.T.);
#10302 = LINE('',#10303,#10304);
#10303 = CARTESIAN_POINT('',(-1.93,0.8,-1.E-02));
#10304 = VECTOR('',#10305,1.);
#10305 = DIRECTION('',(1.224646799147E-16,-1.,0.));
#10306 = ORIENTED_EDGE('',*,*,#10136,.F.);
#10307 = ORIENTED_EDGE('',*,*,#10308,.F.);
#10308 = EDGE_CURVE('',#10279,#10137,#10309,.T.);
#10309 = LINE('',#10310,#10311);
#10310 = CARTESIAN_POINT('',(-1.93,0.8,0.));
#10311 = VECTOR('',#10312,1.);
#10312 = DIRECTION('',(1.224646799147E-16,-1.,0.));
#10313 = PLANE('',#10314);
#10314 = AXIS2_PLACEMENT_3D('',#10315,#10316,#10317);
#10315 = CARTESIAN_POINT('',(-1.93,0.8,0.));
#10316 = DIRECTION('',(-1.,-1.224646799147E-16,-0.));
#10317 = DIRECTION('',(1.224646799147E-16,-1.,0.));
#10318 = ADVANCED_FACE('',(#10319),#10327,.T.);
#10319 = FACE_BOUND('',#10320,.T.);
#10320 = EDGE_LOOP('',(#10321,#10322,#10323,#10324,#10325,#10326));
#10321 = ORIENTED_EDGE('',*,*,#10162,.T.);
#10322 = ORIENTED_EDGE('',*,*,#10193,.T.);
#10323 = ORIENTED_EDGE('',*,*,#10224,.T.);
#10324 = ORIENTED_EDGE('',*,*,#10255,.T.);
#10325 = ORIENTED_EDGE('',*,*,#10286,.T.);
#10326 = ORIENTED_EDGE('',*,*,#10308,.T.);
#10327 = PLANE('',#10328);
#10328 = AXIS2_PLACEMENT_3D('',#10329,#10330,#10331);
#10329 = CARTESIAN_POINT('',(-1.630740740741,0.790740740741,0.));
#10330 = DIRECTION('',(0.,0.,1.));
#10331 = DIRECTION('',(1.,0.,-0.));
#10332 = ADVANCED_FACE('',(#10333),#10341,.F.);
#10333 = FACE_BOUND('',#10334,.F.);
#10334 = EDGE_LOOP('',(#10335,#10336,#10337,#10338,#10339,#10340));
#10335 = ORIENTED_EDGE('',*,*,#10146,.T.);
#10336 = ORIENTED_EDGE('',*,*,#10177,.T.);
#10337 = ORIENTED_EDGE('',*,*,#10208,.T.);
#10338 = ORIENTED_EDGE('',*,*,#10239,.T.);
#10339 = ORIENTED_EDGE('',*,*,#10270,.T.);
#10340 = ORIENTED_EDGE('',*,*,#10301,.T.);
#10341 = PLANE('',#10342);
#10342 = AXIS2_PLACEMENT_3D('',#10343,#10344,#10345);
#10343 = CARTESIAN_POINT('',(-1.630740740741,0.790740740741,-1.E-02));
#10344 = DIRECTION('',(0.,0.,1.));
#10345 = DIRECTION('',(1.,0.,-0.));
#10346 = MANIFOLD_SOLID_BREP('',#10347);
#10347 = CLOSED_SHELL('',(#10348,#10388,#10428,#10450,#10472,#10484));
#10348 = ADVANCED_FACE('',(#10349),#10383,.F.);
#10349 = FACE_BOUND('',#10350,.T.);
#10350 = EDGE_LOOP('',(#10351,#10361,#10369,#10377));
#10351 = ORIENTED_EDGE('',*,*,#10352,.F.);
#10352 = EDGE_CURVE('',#10353,#10355,#10357,.T.);
#10353 = VERTEX_POINT('',#10354);
#10354 = CARTESIAN_POINT('',(1.85,-0.25,-1.E-02));
#10355 = VERTEX_POINT('',#10356);
#10356 = CARTESIAN_POINT('',(1.85,-0.25,0.));
#10357 = LINE('',#10358,#10359);
#10358 = CARTESIAN_POINT('',(1.85,-0.25,-1.E-02));
#10359 = VECTOR('',#10360,1.);
#10360 = DIRECTION('',(0.,0.,1.));
#10361 = ORIENTED_EDGE('',*,*,#10362,.T.);
#10362 = EDGE_CURVE('',#10353,#10363,#10365,.T.);
#10363 = VERTEX_POINT('',#10364);
#10364 = CARTESIAN_POINT('',(1.85,0.25,-1.E-02));
#10365 = LINE('',#10366,#10367);
#10366 = CARTESIAN_POINT('',(1.85,-0.25,-1.E-02));
#10367 = VECTOR('',#10368,1.);
#10368 = DIRECTION('',(0.,1.,0.));
#10369 = ORIENTED_EDGE('',*,*,#10370,.T.);
#10370 = EDGE_CURVE('',#10363,#10371,#10373,.T.);
#10371 = VERTEX_POINT('',#10372);
#10372 = CARTESIAN_POINT('',(1.85,0.25,0.));
#10373 = LINE('',#10374,#10375);
#10374 = CARTESIAN_POINT('',(1.85,0.25,-1.E-02));
#10375 = VECTOR('',#10376,1.);
#10376 = DIRECTION('',(0.,0.,1.));
#10377 = ORIENTED_EDGE('',*,*,#10378,.F.);
#10378 = EDGE_CURVE('',#10355,#10371,#10379,.T.);
#10379 = LINE('',#10380,#10381);
#10380 = CARTESIAN_POINT('',(1.85,-0.25,0.));
#10381 = VECTOR('',#10382,1.);
#10382 = DIRECTION('',(0.,1.,0.));
#10383 = PLANE('',#10384);
#10384 = AXIS2_PLACEMENT_3D('',#10385,#10386,#10387);
#10385 = CARTESIAN_POINT('',(1.85,-0.25,-1.E-02));
#10386 = DIRECTION('',(-1.,-0.,-0.));
#10387 = DIRECTION('',(0.,0.,-1.));
#10388 = ADVANCED_FACE('',(#10389),#10423,.T.);
#10389 = FACE_BOUND('',#10390,.F.);
#10390 = EDGE_LOOP('',(#10391,#10401,#10409,#10417));
#10391 = ORIENTED_EDGE('',*,*,#10392,.F.);
#10392 = EDGE_CURVE('',#10393,#10395,#10397,.T.);
#10393 = VERTEX_POINT('',#10394);
#10394 = CARTESIAN_POINT('',(1.35,-0.25,-1.E-02));
#10395 = VERTEX_POINT('',#10396);
#10396 = CARTESIAN_POINT('',(1.35,-0.25,0.));
#10397 = LINE('',#10398,#10399);
#10398 = CARTESIAN_POINT('',(1.35,-0.25,-1.E-02));
#10399 = VECTOR('',#10400,1.);
#10400 = DIRECTION('',(0.,0.,1.));
#10401 = ORIENTED_EDGE('',*,*,#10402,.T.);
#10402 = EDGE_CURVE('',#10393,#10403,#10405,.T.);
#10403 = VERTEX_POINT('',#10404);
#10404 = CARTESIAN_POINT('',(1.35,0.25,-1.E-02));
#10405 = LINE('',#10406,#10407);
#10406 = CARTESIAN_POINT('',(1.35,-0.25,-1.E-02));
#10407 = VECTOR('',#10408,1.);
#10408 = DIRECTION('',(0.,1.,0.));
#10409 = ORIENTED_EDGE('',*,*,#10410,.T.);
#10410 = EDGE_CURVE('',#10403,#10411,#10413,.T.);
#10411 = VERTEX_POINT('',#10412);
#10412 = CARTESIAN_POINT('',(1.35,0.25,0.));
#10413 = LINE('',#10414,#10415);
#10414 = CARTESIAN_POINT('',(1.35,0.25,-1.E-02));
#10415 = VECTOR('',#10416,1.);
#10416 = DIRECTION('',(0.,0.,1.));
#10417 = ORIENTED_EDGE('',*,*,#10418,.F.);
#10418 = EDGE_CURVE('',#10395,#10411,#10419,.T.);
#10419 = LINE('',#10420,#10421);
#10420 = CARTESIAN_POINT('',(1.35,-0.25,0.));
#10421 = VECTOR('',#10422,1.);
#10422 = DIRECTION('',(0.,1.,0.));
#10423 = PLANE('',#10424);
#10424 = AXIS2_PLACEMENT_3D('',#10425,#10426,#10427);
#10425 = CARTESIAN_POINT('',(1.35,-0.25,-1.E-02));
#10426 = DIRECTION('',(-1.,-0.,-0.));
#10427 = DIRECTION('',(0.,0.,-1.));
#10428 = ADVANCED_FACE('',(#10429),#10445,.F.);
#10429 = FACE_BOUND('',#10430,.T.);
#10430 = EDGE_LOOP('',(#10431,#10437,#10438,#10444));
#10431 = ORIENTED_EDGE('',*,*,#10432,.F.);
#10432 = EDGE_CURVE('',#10353,#10393,#10433,.T.);
#10433 = LINE('',#10434,#10435);
#10434 = CARTESIAN_POINT('',(1.85,-0.25,-1.E-02));
#10435 = VECTOR('',#10436,1.);
#10436 = DIRECTION('',(-1.,-0.,-0.));
#10437 = ORIENTED_EDGE('',*,*,#10352,.T.);
#10438 = ORIENTED_EDGE('',*,*,#10439,.T.);
#10439 = EDGE_CURVE('',#10355,#10395,#10440,.T.);
#10440 = LINE('',#10441,#10442);
#10441 = CARTESIAN_POINT('',(1.85,-0.25,0.));
#10442 = VECTOR('',#10443,1.);
#10443 = DIRECTION('',(-1.,-0.,-0.));
#10444 = ORIENTED_EDGE('',*,*,#10392,.F.);
#10445 = PLANE('',#10446);
#10446 = AXIS2_PLACEMENT_3D('',#10447,#10448,#10449);
#10447 = CARTESIAN_POINT('',(1.85,-0.25,-1.E-02));
#10448 = DIRECTION('',(0.,1.,0.));
#10449 = DIRECTION('',(0.,0.,-1.));
#10450 = ADVANCED_FACE('',(#10451),#10467,.T.);
#10451 = FACE_BOUND('',#10452,.F.);
#10452 = EDGE_LOOP('',(#10453,#10459,#10460,#10466));
#10453 = ORIENTED_EDGE('',*,*,#10454,.F.);
#10454 = EDGE_CURVE('',#10363,#10403,#10455,.T.);
#10455 = LINE('',#10456,#10457);
#10456 = CARTESIAN_POINT('',(1.85,0.25,-1.E-02));
#10457 = VECTOR('',#10458,1.);
#10458 = DIRECTION('',(-1.,-0.,-0.));
#10459 = ORIENTED_EDGE('',*,*,#10370,.T.);
#10460 = ORIENTED_EDGE('',*,*,#10461,.T.);
#10461 = EDGE_CURVE('',#10371,#10411,#10462,.T.);
#10462 = LINE('',#10463,#10464);
#10463 = CARTESIAN_POINT('',(1.85,0.25,0.));
#10464 = VECTOR('',#10465,1.);
#10465 = DIRECTION('',(-1.,-0.,-0.));
#10466 = ORIENTED_EDGE('',*,*,#10410,.F.);
#10467 = PLANE('',#10468);
#10468 = AXIS2_PLACEMENT_3D('',#10469,#10470,#10471);
#10469 = CARTESIAN_POINT('',(1.85,0.25,-1.E-02));
#10470 = DIRECTION('',(0.,1.,0.));
#10471 = DIRECTION('',(0.,0.,-1.));
#10472 = ADVANCED_FACE('',(#10473),#10479,.F.);
#10473 = FACE_BOUND('',#10474,.T.);
#10474 = EDGE_LOOP('',(#10475,#10476,#10477,#10478));
#10475 = ORIENTED_EDGE('',*,*,#10362,.F.);
#10476 = ORIENTED_EDGE('',*,*,#10432,.T.);
#10477 = ORIENTED_EDGE('',*,*,#10402,.T.);
#10478 = ORIENTED_EDGE('',*,*,#10454,.F.);
#10479 = PLANE('',#10480);
#10480 = AXIS2_PLACEMENT_3D('',#10481,#10482,#10483);
#10481 = CARTESIAN_POINT('',(1.85,-0.25,-1.E-02));
#10482 = DIRECTION('',(0.,0.,1.));
#10483 = DIRECTION('',(1.,0.,-0.));
#10484 = ADVANCED_FACE('',(#10485),#10491,.T.);
#10485 = FACE_BOUND('',#10486,.F.);
#10486 = EDGE_LOOP('',(#10487,#10488,#10489,#10490));
#10487 = ORIENTED_EDGE('',*,*,#10378,.F.);
#10488 = ORIENTED_EDGE('',*,*,#10439,.T.);
#10489 = ORIENTED_EDGE('',*,*,#10418,.T.);
#10490 = ORIENTED_EDGE('',*,*,#10461,.F.);
#10491 = PLANE('',#10492);
#10492 = AXIS2_PLACEMENT_3D('',#10493,#10494,#10495);
#10493 = CARTESIAN_POINT('',(1.85,-0.25,0.));
#10494 = DIRECTION('',(0.,0.,1.));
#10495 = DIRECTION('',(1.,0.,-0.));
#10496 = MANIFOLD_SOLID_BREP('',#10497);
#10497 = CLOSED_SHELL('',(#10498,#10538,#10578,#10600,#10622,#10634));
#10498 = ADVANCED_FACE('',(#10499),#10533,.F.);
#10499 = FACE_BOUND('',#10500,.F.);
#10500 = EDGE_LOOP('',(#10501,#10511,#10519,#10527));
#10501 = ORIENTED_EDGE('',*,*,#10502,.F.);
#10502 = EDGE_CURVE('',#10503,#10505,#10507,.T.);
#10503 = VERTEX_POINT('',#10504);
#10504 = CARTESIAN_POINT('',(-1.85,-0.25,-1.E-02));
#10505 = VERTEX_POINT('',#10506);
#10506 = CARTESIAN_POINT('',(-1.85,-0.25,0.));
#10507 = LINE('',#10508,#10509);
#10508 = CARTESIAN_POINT('',(-1.85,-0.25,-1.E-02));
#10509 = VECTOR('',#10510,1.);
#10510 = DIRECTION('',(0.,0.,1.));
#10511 = ORIENTED_EDGE('',*,*,#10512,.T.);
#10512 = EDGE_CURVE('',#10503,#10513,#10515,.T.);
#10513 = VERTEX_POINT('',#10514);
#10514 = CARTESIAN_POINT('',(-1.85,0.25,-1.E-02));
#10515 = LINE('',#10516,#10517);
#10516 = CARTESIAN_POINT('',(-1.85,-0.25,-1.E-02));
#10517 = VECTOR('',#10518,1.);
#10518 = DIRECTION('',(0.,1.,0.));
#10519 = ORIENTED_EDGE('',*,*,#10520,.T.);
#10520 = EDGE_CURVE('',#10513,#10521,#10523,.T.);
#10521 = VERTEX_POINT('',#10522);
#10522 = CARTESIAN_POINT('',(-1.85,0.25,0.));
#10523 = LINE('',#10524,#10525);
#10524 = CARTESIAN_POINT('',(-1.85,0.25,-1.E-02));
#10525 = VECTOR('',#10526,1.);
#10526 = DIRECTION('',(0.,0.,1.));
#10527 = ORIENTED_EDGE('',*,*,#10528,.F.);
#10528 = EDGE_CURVE('',#10505,#10521,#10529,.T.);
#10529 = LINE('',#10530,#10531);
#10530 = CARTESIAN_POINT('',(-1.85,-0.25,0.));
#10531 = VECTOR('',#10532,1.);
#10532 = DIRECTION('',(0.,1.,0.));
#10533 = PLANE('',#10534);
#10534 = AXIS2_PLACEMENT_3D('',#10535,#10536,#10537);
#10535 = CARTESIAN_POINT('',(-1.85,-0.25,-1.E-02));
#10536 = DIRECTION('',(1.,0.,0.));
#10537 = DIRECTION('',(0.,0.,1.));
#10538 = ADVANCED_FACE('',(#10539),#10573,.T.);
#10539 = FACE_BOUND('',#10540,.T.);
#10540 = EDGE_LOOP('',(#10541,#10551,#10559,#10567));
#10541 = ORIENTED_EDGE('',*,*,#10542,.F.);
#10542 = EDGE_CURVE('',#10543,#10545,#10547,.T.);
#10543 = VERTEX_POINT('',#10544);
#10544 = CARTESIAN_POINT('',(-1.35,-0.25,-1.E-02));
#10545 = VERTEX_POINT('',#10546);
#10546 = CARTESIAN_POINT('',(-1.35,-0.25,0.));
#10547 = LINE('',#10548,#10549);
#10548 = CARTESIAN_POINT('',(-1.35,-0.25,-1.E-02));
#10549 = VECTOR('',#10550,1.);
#10550 = DIRECTION('',(0.,0.,1.));
#10551 = ORIENTED_EDGE('',*,*,#10552,.T.);
#10552 = EDGE_CURVE('',#10543,#10553,#10555,.T.);
#10553 = VERTEX_POINT('',#10554);
#10554 = CARTESIAN_POINT('',(-1.35,0.25,-1.E-02));
#10555 = LINE('',#10556,#10557);
#10556 = CARTESIAN_POINT('',(-1.35,-0.25,-1.E-02));
#10557 = VECTOR('',#10558,1.);
#10558 = DIRECTION('',(0.,1.,0.));
#10559 = ORIENTED_EDGE('',*,*,#10560,.T.);
#10560 = EDGE_CURVE('',#10553,#10561,#10563,.T.);
#10561 = VERTEX_POINT('',#10562);
#10562 = CARTESIAN_POINT('',(-1.35,0.25,0.));
#10563 = LINE('',#10564,#10565);
#10564 = CARTESIAN_POINT('',(-1.35,0.25,-1.E-02));
#10565 = VECTOR('',#10566,1.);
#10566 = DIRECTION('',(0.,0.,1.));
#10567 = ORIENTED_EDGE('',*,*,#10568,.F.);
#10568 = EDGE_CURVE('',#10545,#10561,#10569,.T.);
#10569 = LINE('',#10570,#10571);
#10570 = CARTESIAN_POINT('',(-1.35,-0.25,0.));
#10571 = VECTOR('',#10572,1.);
#10572 = DIRECTION('',(0.,1.,0.));
#10573 = PLANE('',#10574);
#10574 = AXIS2_PLACEMENT_3D('',#10575,#10576,#10577);
#10575 = CARTESIAN_POINT('',(-1.35,-0.25,-1.E-02));
#10576 = DIRECTION('',(1.,0.,0.));
#10577 = DIRECTION('',(0.,0.,1.));
#10578 = ADVANCED_FACE('',(#10579),#10595,.F.);
#10579 = FACE_BOUND('',#10580,.F.);
#10580 = EDGE_LOOP('',(#10581,#10587,#10588,#10594));
#10581 = ORIENTED_EDGE('',*,*,#10582,.F.);
#10582 = EDGE_CURVE('',#10503,#10543,#10583,.T.);
#10583 = LINE('',#10584,#10585);
#10584 = CARTESIAN_POINT('',(-1.85,-0.25,-1.E-02));
#10585 = VECTOR('',#10586,1.);
#10586 = DIRECTION('',(1.,0.,0.));
#10587 = ORIENTED_EDGE('',*,*,#10502,.T.);
#10588 = ORIENTED_EDGE('',*,*,#10589,.T.);
#10589 = EDGE_CURVE('',#10505,#10545,#10590,.T.);
#10590 = LINE('',#10591,#10592);
#10591 = CARTESIAN_POINT('',(-1.85,-0.25,0.));
#10592 = VECTOR('',#10593,1.);
#10593 = DIRECTION('',(1.,0.,0.));
#10594 = ORIENTED_EDGE('',*,*,#10542,.F.);
#10595 = PLANE('',#10596);
#10596 = AXIS2_PLACEMENT_3D('',#10597,#10598,#10599);
#10597 = CARTESIAN_POINT('',(-1.85,-0.25,-1.E-02));
#10598 = DIRECTION('',(0.,1.,0.));
#10599 = DIRECTION('',(0.,-0.,1.));
#10600 = ADVANCED_FACE('',(#10601),#10617,.T.);
#10601 = FACE_BOUND('',#10602,.T.);
#10602 = EDGE_LOOP('',(#10603,#10609,#10610,#10616));
#10603 = ORIENTED_EDGE('',*,*,#10604,.F.);
#10604 = EDGE_CURVE('',#10513,#10553,#10605,.T.);
#10605 = LINE('',#10606,#10607);
#10606 = CARTESIAN_POINT('',(-1.85,0.25,-1.E-02));
#10607 = VECTOR('',#10608,1.);
#10608 = DIRECTION('',(1.,0.,0.));
#10609 = ORIENTED_EDGE('',*,*,#10520,.T.);
#10610 = ORIENTED_EDGE('',*,*,#10611,.T.);
#10611 = EDGE_CURVE('',#10521,#10561,#10612,.T.);
#10612 = LINE('',#10613,#10614);
#10613 = CARTESIAN_POINT('',(-1.85,0.25,0.));
#10614 = VECTOR('',#10615,1.);
#10615 = DIRECTION('',(1.,0.,0.));
#10616 = ORIENTED_EDGE('',*,*,#10560,.F.);
#10617 = PLANE('',#10618);
#10618 = AXIS2_PLACEMENT_3D('',#10619,#10620,#10621);
#10619 = CARTESIAN_POINT('',(-1.85,0.25,-1.E-02));
#10620 = DIRECTION('',(0.,1.,0.));
#10621 = DIRECTION('',(0.,-0.,1.));
#10622 = ADVANCED_FACE('',(#10623),#10629,.F.);
#10623 = FACE_BOUND('',#10624,.F.);
#10624 = EDGE_LOOP('',(#10625,#10626,#10627,#10628));
#10625 = ORIENTED_EDGE('',*,*,#10512,.F.);
#10626 = ORIENTED_EDGE('',*,*,#10582,.T.);
#10627 = ORIENTED_EDGE('',*,*,#10552,.T.);
#10628 = ORIENTED_EDGE('',*,*,#10604,.F.);
#10629 = PLANE('',#10630);
#10630 = AXIS2_PLACEMENT_3D('',#10631,#10632,#10633);
#10631 = CARTESIAN_POINT('',(-1.85,-0.25,-1.E-02));
#10632 = DIRECTION('',(0.,0.,1.));
#10633 = DIRECTION('',(1.,0.,-0.));
#10634 = ADVANCED_FACE('',(#10635),#10641,.T.);
#10635 = FACE_BOUND('',#10636,.T.);
#10636 = EDGE_LOOP('',(#10637,#10638,#10639,#10640));
#10637 = ORIENTED_EDGE('',*,*,#10528,.F.);
#10638 = ORIENTED_EDGE('',*,*,#10589,.T.);
#10639 = ORIENTED_EDGE('',*,*,#10568,.T.);
#10640 = ORIENTED_EDGE('',*,*,#10611,.F.);
#10641 = PLANE('',#10642);
#10642 = AXIS2_PLACEMENT_3D('',#10643,#10644,#10645);
#10643 = CARTESIAN_POINT('',(-1.85,-0.25,0.));
#10644 = DIRECTION('',(0.,0.,1.));
#10645 = DIRECTION('',(1.,0.,-0.));
#10646 = MANIFOLD_SOLID_BREP('',#10647);
#10647 = CLOSED_SHELL('',(#10648,#10688,#10728,#10750,#10772,#10784));
#10648 = ADVANCED_FACE('',(#10649),#10683,.F.);
#10649 = FACE_BOUND('',#10650,.F.);
#10650 = EDGE_LOOP('',(#10651,#10661,#10669,#10677));
#10651 = ORIENTED_EDGE('',*,*,#10652,.F.);
#10652 = EDGE_CURVE('',#10653,#10655,#10657,.T.);
#10653 = VERTEX_POINT('',#10654);
#10654 = CARTESIAN_POINT('',(-1.05,0.55,-1.E-02));
#10655 = VERTEX_POINT('',#10656);
#10656 = CARTESIAN_POINT('',(-1.05,0.55,0.));
#10657 = LINE('',#10658,#10659);
#10658 = CARTESIAN_POINT('',(-1.05,0.55,-1.E-02));
#10659 = VECTOR('',#10660,1.);
#10660 = DIRECTION('',(0.,0.,1.));
#10661 = ORIENTED_EDGE('',*,*,#10662,.T.);
#10662 = EDGE_CURVE('',#10653,#10663,#10665,.T.);
#10663 = VERTEX_POINT('',#10664);
#10664 = CARTESIAN_POINT('',(-1.05,1.05,-1.E-02));
#10665 = LINE('',#10666,#10667);
#10666 = CARTESIAN_POINT('',(-1.05,0.55,-1.E-02));
#10667 = VECTOR('',#10668,1.);
#10668 = DIRECTION('',(0.,1.,0.));
#10669 = ORIENTED_EDGE('',*,*,#10670,.T.);
#10670 = EDGE_CURVE('',#10663,#10671,#10673,.T.);
#10671 = VERTEX_POINT('',#10672);
#10672 = CARTESIAN_POINT('',(-1.05,1.05,0.));
#10673 = LINE('',#10674,#10675);
#10674 = CARTESIAN_POINT('',(-1.05,1.05,-1.E-02));
#10675 = VECTOR('',#10676,1.);
#10676 = DIRECTION('',(0.,0.,1.));
#10677 = ORIENTED_EDGE('',*,*,#10678,.F.);
#10678 = EDGE_CURVE('',#10655,#10671,#10679,.T.);
#10679 = LINE('',#10680,#10681);
#10680 = CARTESIAN_POINT('',(-1.05,0.55,0.));
#10681 = VECTOR('',#10682,1.);
#10682 = DIRECTION('',(0.,1.,0.));
#10683 = PLANE('',#10684);
#10684 = AXIS2_PLACEMENT_3D('',#10685,#10686,#10687);
#10685 = CARTESIAN_POINT('',(-1.05,0.55,-1.E-02));
#10686 = DIRECTION('',(1.,0.,0.));
#10687 = DIRECTION('',(0.,0.,1.));
#10688 = ADVANCED_FACE('',(#10689),#10723,.T.);
#10689 = FACE_BOUND('',#10690,.T.);
#10690 = EDGE_LOOP('',(#10691,#10701,#10709,#10717));
#10691 = ORIENTED_EDGE('',*,*,#10692,.F.);
#10692 = EDGE_CURVE('',#10693,#10695,#10697,.T.);
#10693 = VERTEX_POINT('',#10694);
#10694 = CARTESIAN_POINT('',(-0.55,0.55,-1.E-02));
#10695 = VERTEX_POINT('',#10696);
#10696 = CARTESIAN_POINT('',(-0.55,0.55,0.));
#10697 = LINE('',#10698,#10699);
#10698 = CARTESIAN_POINT('',(-0.55,0.55,-1.E-02));
#10699 = VECTOR('',#10700,1.);
#10700 = DIRECTION('',(0.,0.,1.));
#10701 = ORIENTED_EDGE('',*,*,#10702,.T.);
#10702 = EDGE_CURVE('',#10693,#10703,#10705,.T.);
#10703 = VERTEX_POINT('',#10704);
#10704 = CARTESIAN_POINT('',(-0.55,1.05,-1.E-02));
#10705 = LINE('',#10706,#10707);
#10706 = CARTESIAN_POINT('',(-0.55,0.55,-1.E-02));
#10707 = VECTOR('',#10708,1.);
#10708 = DIRECTION('',(0.,1.,0.));
#10709 = ORIENTED_EDGE('',*,*,#10710,.T.);
#10710 = EDGE_CURVE('',#10703,#10711,#10713,.T.);
#10711 = VERTEX_POINT('',#10712);
#10712 = CARTESIAN_POINT('',(-0.55,1.05,0.));
#10713 = LINE('',#10714,#10715);
#10714 = CARTESIAN_POINT('',(-0.55,1.05,-1.E-02));
#10715 = VECTOR('',#10716,1.);
#10716 = DIRECTION('',(0.,0.,1.));
#10717 = ORIENTED_EDGE('',*,*,#10718,.F.);
#10718 = EDGE_CURVE('',#10695,#10711,#10719,.T.);
#10719 = LINE('',#10720,#10721);
#10720 = CARTESIAN_POINT('',(-0.55,0.55,0.));
#10721 = VECTOR('',#10722,1.);
#10722 = DIRECTION('',(0.,1.,0.));
#10723 = PLANE('',#10724);
#10724 = AXIS2_PLACEMENT_3D('',#10725,#10726,#10727);
#10725 = CARTESIAN_POINT('',(-0.55,0.55,-1.E-02));
#10726 = DIRECTION('',(1.,0.,0.));
#10727 = DIRECTION('',(0.,0.,1.));
#10728 = ADVANCED_FACE('',(#10729),#10745,.F.);
#10729 = FACE_BOUND('',#10730,.F.);
#10730 = EDGE_LOOP('',(#10731,#10737,#10738,#10744));
#10731 = ORIENTED_EDGE('',*,*,#10732,.F.);
#10732 = EDGE_CURVE('',#10653,#10693,#10733,.T.);
#10733 = LINE('',#10734,#10735);
#10734 = CARTESIAN_POINT('',(-1.05,0.55,-1.E-02));
#10735 = VECTOR('',#10736,1.);
#10736 = DIRECTION('',(1.,0.,0.));
#10737 = ORIENTED_EDGE('',*,*,#10652,.T.);
#10738 = ORIENTED_EDGE('',*,*,#10739,.T.);
#10739 = EDGE_CURVE('',#10655,#10695,#10740,.T.);
#10740 = LINE('',#10741,#10742);
#10741 = CARTESIAN_POINT('',(-1.05,0.55,0.));
#10742 = VECTOR('',#10743,1.);
#10743 = DIRECTION('',(1.,0.,0.));
#10744 = ORIENTED_EDGE('',*,*,#10692,.F.);
#10745 = PLANE('',#10746);
#10746 = AXIS2_PLACEMENT_3D('',#10747,#10748,#10749);
#10747 = CARTESIAN_POINT('',(-1.05,0.55,-1.E-02));
#10748 = DIRECTION('',(0.,1.,0.));
#10749 = DIRECTION('',(0.,-0.,1.));
#10750 = ADVANCED_FACE('',(#10751),#10767,.T.);
#10751 = FACE_BOUND('',#10752,.T.);
#10752 = EDGE_LOOP('',(#10753,#10759,#10760,#10766));
#10753 = ORIENTED_EDGE('',*,*,#10754,.F.);
#10754 = EDGE_CURVE('',#10663,#10703,#10755,.T.);
#10755 = LINE('',#10756,#10757);
#10756 = CARTESIAN_POINT('',(-1.05,1.05,-1.E-02));
#10757 = VECTOR('',#10758,1.);
#10758 = DIRECTION('',(1.,0.,0.));
#10759 = ORIENTED_EDGE('',*,*,#10670,.T.);
#10760 = ORIENTED_EDGE('',*,*,#10761,.T.);
#10761 = EDGE_CURVE('',#10671,#10711,#10762,.T.);
#10762 = LINE('',#10763,#10764);
#10763 = CARTESIAN_POINT('',(-1.05,1.05,0.));
#10764 = VECTOR('',#10765,1.);
#10765 = DIRECTION('',(1.,0.,0.));
#10766 = ORIENTED_EDGE('',*,*,#10710,.F.);
#10767 = PLANE('',#10768);
#10768 = AXIS2_PLACEMENT_3D('',#10769,#10770,#10771);
#10769 = CARTESIAN_POINT('',(-1.05,1.05,-1.E-02));
#10770 = DIRECTION('',(0.,1.,0.));
#10771 = DIRECTION('',(0.,-0.,1.));
#10772 = ADVANCED_FACE('',(#10773),#10779,.F.);
#10773 = FACE_BOUND('',#10774,.F.);
#10774 = EDGE_LOOP('',(#10775,#10776,#10777,#10778));
#10775 = ORIENTED_EDGE('',*,*,#10662,.F.);
#10776 = ORIENTED_EDGE('',*,*,#10732,.T.);
#10777 = ORIENTED_EDGE('',*,*,#10702,.T.);
#10778 = ORIENTED_EDGE('',*,*,#10754,.F.);
#10779 = PLANE('',#10780);
#10780 = AXIS2_PLACEMENT_3D('',#10781,#10782,#10783);
#10781 = CARTESIAN_POINT('',(-1.05,0.55,-1.E-02));
#10782 = DIRECTION('',(0.,0.,1.));
#10783 = DIRECTION('',(1.,0.,-0.));
#10784 = ADVANCED_FACE('',(#10785),#10791,.T.);
#10785 = FACE_BOUND('',#10786,.T.);
#10786 = EDGE_LOOP('',(#10787,#10788,#10789,#10790));
#10787 = ORIENTED_EDGE('',*,*,#10678,.F.);
#10788 = ORIENTED_EDGE('',*,*,#10739,.T.);
#10789 = ORIENTED_EDGE('',*,*,#10718,.T.);
#10790 = ORIENTED_EDGE('',*,*,#10761,.F.);
#10791 = PLANE('',#10792);
#10792 = AXIS2_PLACEMENT_3D('',#10793,#10794,#10795);
#10793 = CARTESIAN_POINT('',(-1.05,0.55,0.));
#10794 = DIRECTION('',(0.,0.,1.));
#10795 = DIRECTION('',(1.,0.,-0.));
#10796 = MANIFOLD_SOLID_BREP('',#10797);
#10797 = CLOSED_SHELL('',(#10798,#10838,#10878,#10900,#10922,#10934));
#10798 = ADVANCED_FACE('',(#10799),#10833,.F.);
#10799 = FACE_BOUND('',#10800,.F.);
#10800 = EDGE_LOOP('',(#10801,#10811,#10819,#10827));
#10801 = ORIENTED_EDGE('',*,*,#10802,.F.);
#10802 = EDGE_CURVE('',#10803,#10805,#10807,.T.);
#10803 = VERTEX_POINT('',#10804);
#10804 = CARTESIAN_POINT('',(-0.25,0.55,-1.E-02));
#10805 = VERTEX_POINT('',#10806);
#10806 = CARTESIAN_POINT('',(-0.25,0.55,0.));
#10807 = LINE('',#10808,#10809);
#10808 = CARTESIAN_POINT('',(-0.25,0.55,-1.E-02));
#10809 = VECTOR('',#10810,1.);
#10810 = DIRECTION('',(0.,0.,1.));
#10811 = ORIENTED_EDGE('',*,*,#10812,.T.);
#10812 = EDGE_CURVE('',#10803,#10813,#10815,.T.);
#10813 = VERTEX_POINT('',#10814);
#10814 = CARTESIAN_POINT('',(-0.25,1.05,-1.E-02));
#10815 = LINE('',#10816,#10817);
#10816 = CARTESIAN_POINT('',(-0.25,0.55,-1.E-02));
#10817 = VECTOR('',#10818,1.);
#10818 = DIRECTION('',(0.,1.,0.));
#10819 = ORIENTED_EDGE('',*,*,#10820,.T.);
#10820 = EDGE_CURVE('',#10813,#10821,#10823,.T.);
#10821 = VERTEX_POINT('',#10822);
#10822 = CARTESIAN_POINT('',(-0.25,1.05,0.));
#10823 = LINE('',#10824,#10825);
#10824 = CARTESIAN_POINT('',(-0.25,1.05,-1.E-02));
#10825 = VECTOR('',#10826,1.);
#10826 = DIRECTION('',(0.,0.,1.));
#10827 = ORIENTED_EDGE('',*,*,#10828,.F.);
#10828 = EDGE_CURVE('',#10805,#10821,#10829,.T.);
#10829 = LINE('',#10830,#10831);
#10830 = CARTESIAN_POINT('',(-0.25,0.55,0.));
#10831 = VECTOR('',#10832,1.);
#10832 = DIRECTION('',(0.,1.,0.));
#10833 = PLANE('',#10834);
#10834 = AXIS2_PLACEMENT_3D('',#10835,#10836,#10837);
#10835 = CARTESIAN_POINT('',(-0.25,0.55,-1.E-02));
#10836 = DIRECTION('',(1.,0.,0.));
#10837 = DIRECTION('',(0.,0.,1.));
#10838 = ADVANCED_FACE('',(#10839),#10873,.T.);
#10839 = FACE_BOUND('',#10840,.T.);
#10840 = EDGE_LOOP('',(#10841,#10851,#10859,#10867));
#10841 = ORIENTED_EDGE('',*,*,#10842,.F.);
#10842 = EDGE_CURVE('',#10843,#10845,#10847,.T.);
#10843 = VERTEX_POINT('',#10844);
#10844 = CARTESIAN_POINT('',(0.25,0.55,-1.E-02));
#10845 = VERTEX_POINT('',#10846);
#10846 = CARTESIAN_POINT('',(0.25,0.55,0.));
#10847 = LINE('',#10848,#10849);
#10848 = CARTESIAN_POINT('',(0.25,0.55,-1.E-02));
#10849 = VECTOR('',#10850,1.);
#10850 = DIRECTION('',(0.,0.,1.));
#10851 = ORIENTED_EDGE('',*,*,#10852,.T.);
#10852 = EDGE_CURVE('',#10843,#10853,#10855,.T.);
#10853 = VERTEX_POINT('',#10854);
#10854 = CARTESIAN_POINT('',(0.25,1.05,-1.E-02));
#10855 = LINE('',#10856,#10857);
#10856 = CARTESIAN_POINT('',(0.25,0.55,-1.E-02));
#10857 = VECTOR('',#10858,1.);
#10858 = DIRECTION('',(0.,1.,0.));
#10859 = ORIENTED_EDGE('',*,*,#10860,.T.);
#10860 = EDGE_CURVE('',#10853,#10861,#10863,.T.);
#10861 = VERTEX_POINT('',#10862);
#10862 = CARTESIAN_POINT('',(0.25,1.05,0.));
#10863 = LINE('',#10864,#10865);
#10864 = CARTESIAN_POINT('',(0.25,1.05,-1.E-02));
#10865 = VECTOR('',#10866,1.);
#10866 = DIRECTION('',(0.,0.,1.));
#10867 = ORIENTED_EDGE('',*,*,#10868,.F.);
#10868 = EDGE_CURVE('',#10845,#10861,#10869,.T.);
#10869 = LINE('',#10870,#10871);
#10870 = CARTESIAN_POINT('',(0.25,0.55,0.));
#10871 = VECTOR('',#10872,1.);
#10872 = DIRECTION('',(0.,1.,0.));
#10873 = PLANE('',#10874);
#10874 = AXIS2_PLACEMENT_3D('',#10875,#10876,#10877);
#10875 = CARTESIAN_POINT('',(0.25,0.55,-1.E-02));
#10876 = DIRECTION('',(1.,0.,0.));
#10877 = DIRECTION('',(0.,0.,1.));
#10878 = ADVANCED_FACE('',(#10879),#10895,.F.);
#10879 = FACE_BOUND('',#10880,.F.);
#10880 = EDGE_LOOP('',(#10881,#10887,#10888,#10894));
#10881 = ORIENTED_EDGE('',*,*,#10882,.F.);
#10882 = EDGE_CURVE('',#10803,#10843,#10883,.T.);
#10883 = LINE('',#10884,#10885);
#10884 = CARTESIAN_POINT('',(-0.25,0.55,-1.E-02));
#10885 = VECTOR('',#10886,1.);
#10886 = DIRECTION('',(1.,0.,0.));
#10887 = ORIENTED_EDGE('',*,*,#10802,.T.);
#10888 = ORIENTED_EDGE('',*,*,#10889,.T.);
#10889 = EDGE_CURVE('',#10805,#10845,#10890,.T.);
#10890 = LINE('',#10891,#10892);
#10891 = CARTESIAN_POINT('',(-0.25,0.55,0.));
#10892 = VECTOR('',#10893,1.);
#10893 = DIRECTION('',(1.,0.,0.));
#10894 = ORIENTED_EDGE('',*,*,#10842,.F.);
#10895 = PLANE('',#10896);
#10896 = AXIS2_PLACEMENT_3D('',#10897,#10898,#10899);
#10897 = CARTESIAN_POINT('',(-0.25,0.55,-1.E-02));
#10898 = DIRECTION('',(0.,1.,0.));
#10899 = DIRECTION('',(0.,-0.,1.));
#10900 = ADVANCED_FACE('',(#10901),#10917,.T.);
#10901 = FACE_BOUND('',#10902,.T.);
#10902 = EDGE_LOOP('',(#10903,#10909,#10910,#10916));
#10903 = ORIENTED_EDGE('',*,*,#10904,.F.);
#10904 = EDGE_CURVE('',#10813,#10853,#10905,.T.);
#10905 = LINE('',#10906,#10907);
#10906 = CARTESIAN_POINT('',(-0.25,1.05,-1.E-02));
#10907 = VECTOR('',#10908,1.);
#10908 = DIRECTION('',(1.,0.,0.));
#10909 = ORIENTED_EDGE('',*,*,#10820,.T.);
#10910 = ORIENTED_EDGE('',*,*,#10911,.T.);
#10911 = EDGE_CURVE('',#10821,#10861,#10912,.T.);
#10912 = LINE('',#10913,#10914);
#10913 = CARTESIAN_POINT('',(-0.25,1.05,0.));
#10914 = VECTOR('',#10915,1.);
#10915 = DIRECTION('',(1.,0.,0.));
#10916 = ORIENTED_EDGE('',*,*,#10860,.F.);
#10917 = PLANE('',#10918);
#10918 = AXIS2_PLACEMENT_3D('',#10919,#10920,#10921);
#10919 = CARTESIAN_POINT('',(-0.25,1.05,-1.E-02));
#10920 = DIRECTION('',(0.,1.,0.));
#10921 = DIRECTION('',(0.,-0.,1.));
#10922 = ADVANCED_FACE('',(#10923),#10929,.F.);
#10923 = FACE_BOUND('',#10924,.F.);
#10924 = EDGE_LOOP('',(#10925,#10926,#10927,#10928));
#10925 = ORIENTED_EDGE('',*,*,#10812,.F.);
#10926 = ORIENTED_EDGE('',*,*,#10882,.T.);
#10927 = ORIENTED_EDGE('',*,*,#10852,.T.);
#10928 = ORIENTED_EDGE('',*,*,#10904,.F.);
#10929 = PLANE('',#10930);
#10930 = AXIS2_PLACEMENT_3D('',#10931,#10932,#10933);
#10931 = CARTESIAN_POINT('',(-0.25,0.55,-1.E-02));
#10932 = DIRECTION('',(0.,0.,1.));
#10933 = DIRECTION('',(1.,0.,-0.));
#10934 = ADVANCED_FACE('',(#10935),#10941,.T.);
#10935 = FACE_BOUND('',#10936,.T.);
#10936 = EDGE_LOOP('',(#10937,#10938,#10939,#10940));
#10937 = ORIENTED_EDGE('',*,*,#10828,.F.);
#10938 = ORIENTED_EDGE('',*,*,#10889,.T.);
#10939 = ORIENTED_EDGE('',*,*,#10868,.T.);
#10940 = ORIENTED_EDGE('',*,*,#10911,.F.);
#10941 = PLANE('',#10942);
#10942 = AXIS2_PLACEMENT_3D('',#10943,#10944,#10945);
#10943 = CARTESIAN_POINT('',(-0.25,0.55,0.));
#10944 = DIRECTION('',(0.,0.,1.));
#10945 = DIRECTION('',(1.,0.,-0.));
#10946 = MANIFOLD_SOLID_BREP('',#10947);
#10947 = CLOSED_SHELL('',(#10948,#10988,#11028,#11050,#11072,#11084));
#10948 = ADVANCED_FACE('',(#10949),#10983,.F.);
#10949 = FACE_BOUND('',#10950,.F.);
#10950 = EDGE_LOOP('',(#10951,#10961,#10969,#10977));
#10951 = ORIENTED_EDGE('',*,*,#10952,.F.);
#10952 = EDGE_CURVE('',#10953,#10955,#10957,.T.);
#10953 = VERTEX_POINT('',#10954);
#10954 = CARTESIAN_POINT('',(0.55,0.55,-1.E-02));
#10955 = VERTEX_POINT('',#10956);
#10956 = CARTESIAN_POINT('',(0.55,0.55,0.));
#10957 = LINE('',#10958,#10959);
#10958 = CARTESIAN_POINT('',(0.55,0.55,-1.E-02));
#10959 = VECTOR('',#10960,1.);
#10960 = DIRECTION('',(0.,0.,1.));
#10961 = ORIENTED_EDGE('',*,*,#10962,.T.);
#10962 = EDGE_CURVE('',#10953,#10963,#10965,.T.);
#10963 = VERTEX_POINT('',#10964);
#10964 = CARTESIAN_POINT('',(0.55,1.05,-1.E-02));
#10965 = LINE('',#10966,#10967);
#10966 = CARTESIAN_POINT('',(0.55,0.55,-1.E-02));
#10967 = VECTOR('',#10968,1.);
#10968 = DIRECTION('',(0.,1.,0.));
#10969 = ORIENTED_EDGE('',*,*,#10970,.T.);
#10970 = EDGE_CURVE('',#10963,#10971,#10973,.T.);
#10971 = VERTEX_POINT('',#10972);
#10972 = CARTESIAN_POINT('',(0.55,1.05,0.));
#10973 = LINE('',#10974,#10975);
#10974 = CARTESIAN_POINT('',(0.55,1.05,-1.E-02));
#10975 = VECTOR('',#10976,1.);
#10976 = DIRECTION('',(0.,0.,1.));
#10977 = ORIENTED_EDGE('',*,*,#10978,.F.);
#10978 = EDGE_CURVE('',#10955,#10971,#10979,.T.);
#10979 = LINE('',#10980,#10981);
#10980 = CARTESIAN_POINT('',(0.55,0.55,0.));
#10981 = VECTOR('',#10982,1.);
#10982 = DIRECTION('',(0.,1.,0.));
#10983 = PLANE('',#10984);
#10984 = AXIS2_PLACEMENT_3D('',#10985,#10986,#10987);
#10985 = CARTESIAN_POINT('',(0.55,0.55,-1.E-02));
#10986 = DIRECTION('',(1.,0.,0.));
#10987 = DIRECTION('',(0.,0.,1.));
#10988 = ADVANCED_FACE('',(#10989),#11023,.T.);
#10989 = FACE_BOUND('',#10990,.T.);
#10990 = EDGE_LOOP('',(#10991,#11001,#11009,#11017));
#10991 = ORIENTED_EDGE('',*,*,#10992,.F.);
#10992 = EDGE_CURVE('',#10993,#10995,#10997,.T.);
#10993 = VERTEX_POINT('',#10994);
#10994 = CARTESIAN_POINT('',(1.05,0.55,-1.E-02));
#10995 = VERTEX_POINT('',#10996);
#10996 = CARTESIAN_POINT('',(1.05,0.55,0.));
#10997 = LINE('',#10998,#10999);
#10998 = CARTESIAN_POINT('',(1.05,0.55,-1.E-02));
#10999 = VECTOR('',#11000,1.);
#11000 = DIRECTION('',(0.,0.,1.));
#11001 = ORIENTED_EDGE('',*,*,#11002,.T.);
#11002 = EDGE_CURVE('',#10993,#11003,#11005,.T.);
#11003 = VERTEX_POINT('',#11004);
#11004 = CARTESIAN_POINT('',(1.05,1.05,-1.E-02));
#11005 = LINE('',#11006,#11007);
#11006 = CARTESIAN_POINT('',(1.05,0.55,-1.E-02));
#11007 = VECTOR('',#11008,1.);
#11008 = DIRECTION('',(0.,1.,0.));
#11009 = ORIENTED_EDGE('',*,*,#11010,.T.);
#11010 = EDGE_CURVE('',#11003,#11011,#11013,.T.);
#11011 = VERTEX_POINT('',#11012);
#11012 = CARTESIAN_POINT('',(1.05,1.05,0.));
#11013 = LINE('',#11014,#11015);
#11014 = CARTESIAN_POINT('',(1.05,1.05,-1.E-02));
#11015 = VECTOR('',#11016,1.);
#11016 = DIRECTION('',(0.,0.,1.));
#11017 = ORIENTED_EDGE('',*,*,#11018,.F.);
#11018 = EDGE_CURVE('',#10995,#11011,#11019,.T.);
#11019 = LINE('',#11020,#11021);
#11020 = CARTESIAN_POINT('',(1.05,0.55,0.));
#11021 = VECTOR('',#11022,1.);
#11022 = DIRECTION('',(0.,1.,0.));
#11023 = PLANE('',#11024);
#11024 = AXIS2_PLACEMENT_3D('',#11025,#11026,#11027);
#11025 = CARTESIAN_POINT('',(1.05,0.55,-1.E-02));
#11026 = DIRECTION('',(1.,0.,0.));
#11027 = DIRECTION('',(0.,0.,1.));
#11028 = ADVANCED_FACE('',(#11029),#11045,.F.);
#11029 = FACE_BOUND('',#11030,.F.);
#11030 = EDGE_LOOP('',(#11031,#11037,#11038,#11044));
#11031 = ORIENTED_EDGE('',*,*,#11032,.F.);
#11032 = EDGE_CURVE('',#10953,#10993,#11033,.T.);
#11033 = LINE('',#11034,#11035);
#11034 = CARTESIAN_POINT('',(0.55,0.55,-1.E-02));
#11035 = VECTOR('',#11036,1.);
#11036 = DIRECTION('',(1.,0.,0.));
#11037 = ORIENTED_EDGE('',*,*,#10952,.T.);
#11038 = ORIENTED_EDGE('',*,*,#11039,.T.);
#11039 = EDGE_CURVE('',#10955,#10995,#11040,.T.);
#11040 = LINE('',#11041,#11042);
#11041 = CARTESIAN_POINT('',(0.55,0.55,0.));
#11042 = VECTOR('',#11043,1.);
#11043 = DIRECTION('',(1.,0.,0.));
#11044 = ORIENTED_EDGE('',*,*,#10992,.F.);
#11045 = PLANE('',#11046);
#11046 = AXIS2_PLACEMENT_3D('',#11047,#11048,#11049);
#11047 = CARTESIAN_POINT('',(0.55,0.55,-1.E-02));
#11048 = DIRECTION('',(0.,1.,0.));
#11049 = DIRECTION('',(0.,-0.,1.));
#11050 = ADVANCED_FACE('',(#11051),#11067,.T.);
#11051 = FACE_BOUND('',#11052,.T.);
#11052 = EDGE_LOOP('',(#11053,#11059,#11060,#11066));
#11053 = ORIENTED_EDGE('',*,*,#11054,.F.);
#11054 = EDGE_CURVE('',#10963,#11003,#11055,.T.);
#11055 = LINE('',#11056,#11057);
#11056 = CARTESIAN_POINT('',(0.55,1.05,-1.E-02));
#11057 = VECTOR('',#11058,1.);
#11058 = DIRECTION('',(1.,0.,0.));
#11059 = ORIENTED_EDGE('',*,*,#10970,.T.);
#11060 = ORIENTED_EDGE('',*,*,#11061,.T.);
#11061 = EDGE_CURVE('',#10971,#11011,#11062,.T.);
#11062 = LINE('',#11063,#11064);
#11063 = CARTESIAN_POINT('',(0.55,1.05,0.));
#11064 = VECTOR('',#11065,1.);
#11065 = DIRECTION('',(1.,0.,0.));
#11066 = ORIENTED_EDGE('',*,*,#11010,.F.);
#11067 = PLANE('',#11068);
#11068 = AXIS2_PLACEMENT_3D('',#11069,#11070,#11071);
#11069 = CARTESIAN_POINT('',(0.55,1.05,-1.E-02));
#11070 = DIRECTION('',(0.,1.,0.));
#11071 = DIRECTION('',(0.,-0.,1.));
#11072 = ADVANCED_FACE('',(#11073),#11079,.F.);
#11073 = FACE_BOUND('',#11074,.F.);
#11074 = EDGE_LOOP('',(#11075,#11076,#11077,#11078));
#11075 = ORIENTED_EDGE('',*,*,#10962,.F.);
#11076 = ORIENTED_EDGE('',*,*,#11032,.T.);
#11077 = ORIENTED_EDGE('',*,*,#11002,.T.);
#11078 = ORIENTED_EDGE('',*,*,#11054,.F.);
#11079 = PLANE('',#11080);
#11080 = AXIS2_PLACEMENT_3D('',#11081,#11082,#11083);
#11081 = CARTESIAN_POINT('',(0.55,0.55,-1.E-02));
#11082 = DIRECTION('',(0.,0.,1.));
#11083 = DIRECTION('',(1.,0.,-0.));
#11084 = ADVANCED_FACE('',(#11085),#11091,.T.);
#11085 = FACE_BOUND('',#11086,.T.);
#11086 = EDGE_LOOP('',(#11087,#11088,#11089,#11090));
#11087 = ORIENTED_EDGE('',*,*,#10978,.F.);
#11088 = ORIENTED_EDGE('',*,*,#11039,.T.);
#11089 = ORIENTED_EDGE('',*,*,#11018,.T.);
#11090 = ORIENTED_EDGE('',*,*,#11061,.F.);
#11091 = PLANE('',#11092);
#11092 = AXIS2_PLACEMENT_3D('',#11093,#11094,#11095);
#11093 = CARTESIAN_POINT('',(0.55,0.55,0.));
#11094 = DIRECTION('',(0.,0.,1.));
#11095 = DIRECTION('',(1.,0.,-0.));
#11096 = MANIFOLD_SOLID_BREP('',#11097);
#11097 = CLOSED_SHELL('',(#11098,#11138,#11178,#11200,#11222,#11234));
#11098 = ADVANCED_FACE('',(#11099),#11133,.F.);
#11099 = FACE_BOUND('',#11100,.F.);
#11100 = EDGE_LOOP('',(#11101,#11111,#11119,#11127));
#11101 = ORIENTED_EDGE('',*,*,#11102,.F.);
#11102 = EDGE_CURVE('',#11103,#11105,#11107,.T.);
#11103 = VERTEX_POINT('',#11104);
#11104 = CARTESIAN_POINT('',(1.35,0.55,-1.E-02));
#11105 = VERTEX_POINT('',#11106);
#11106 = CARTESIAN_POINT('',(1.35,0.55,0.));
#11107 = LINE('',#11108,#11109);
#11108 = CARTESIAN_POINT('',(1.35,0.55,-1.E-02));
#11109 = VECTOR('',#11110,1.);
#11110 = DIRECTION('',(0.,0.,1.));
#11111 = ORIENTED_EDGE('',*,*,#11112,.T.);
#11112 = EDGE_CURVE('',#11103,#11113,#11115,.T.);
#11113 = VERTEX_POINT('',#11114);
#11114 = CARTESIAN_POINT('',(1.35,1.05,-1.E-02));
#11115 = LINE('',#11116,#11117);
#11116 = CARTESIAN_POINT('',(1.35,0.55,-1.E-02));
#11117 = VECTOR('',#11118,1.);
#11118 = DIRECTION('',(0.,1.,0.));
#11119 = ORIENTED_EDGE('',*,*,#11120,.T.);
#11120 = EDGE_CURVE('',#11113,#11121,#11123,.T.);
#11121 = VERTEX_POINT('',#11122);
#11122 = CARTESIAN_POINT('',(1.35,1.05,0.));
#11123 = LINE('',#11124,#11125);
#11124 = CARTESIAN_POINT('',(1.35,1.05,-1.E-02));
#11125 = VECTOR('',#11126,1.);
#11126 = DIRECTION('',(0.,0.,1.));
#11127 = ORIENTED_EDGE('',*,*,#11128,.F.);
#11128 = EDGE_CURVE('',#11105,#11121,#11129,.T.);
#11129 = LINE('',#11130,#11131);
#11130 = CARTESIAN_POINT('',(1.35,0.55,0.));
#11131 = VECTOR('',#11132,1.);
#11132 = DIRECTION('',(0.,1.,0.));
#11133 = PLANE('',#11134);
#11134 = AXIS2_PLACEMENT_3D('',#11135,#11136,#11137);
#11135 = CARTESIAN_POINT('',(1.35,0.55,-1.E-02));
#11136 = DIRECTION('',(1.,0.,0.));
#11137 = DIRECTION('',(0.,0.,1.));
#11138 = ADVANCED_FACE('',(#11139),#11173,.T.);
#11139 = FACE_BOUND('',#11140,.T.);
#11140 = EDGE_LOOP('',(#11141,#11151,#11159,#11167));
#11141 = ORIENTED_EDGE('',*,*,#11142,.F.);
#11142 = EDGE_CURVE('',#11143,#11145,#11147,.T.);
#11143 = VERTEX_POINT('',#11144);
#11144 = CARTESIAN_POINT('',(1.85,0.55,-1.E-02));
#11145 = VERTEX_POINT('',#11146);
#11146 = CARTESIAN_POINT('',(1.85,0.55,0.));
#11147 = LINE('',#11148,#11149);
#11148 = CARTESIAN_POINT('',(1.85,0.55,-1.E-02));
#11149 = VECTOR('',#11150,1.);
#11150 = DIRECTION('',(0.,0.,1.));
#11151 = ORIENTED_EDGE('',*,*,#11152,.T.);
#11152 = EDGE_CURVE('',#11143,#11153,#11155,.T.);
#11153 = VERTEX_POINT('',#11154);
#11154 = CARTESIAN_POINT('',(1.85,1.05,-1.E-02));
#11155 = LINE('',#11156,#11157);
#11156 = CARTESIAN_POINT('',(1.85,0.55,-1.E-02));
#11157 = VECTOR('',#11158,1.);
#11158 = DIRECTION('',(0.,1.,0.));
#11159 = ORIENTED_EDGE('',*,*,#11160,.T.);
#11160 = EDGE_CURVE('',#11153,#11161,#11163,.T.);
#11161 = VERTEX_POINT('',#11162);
#11162 = CARTESIAN_POINT('',(1.85,1.05,0.));
#11163 = LINE('',#11164,#11165);
#11164 = CARTESIAN_POINT('',(1.85,1.05,-1.E-02));
#11165 = VECTOR('',#11166,1.);
#11166 = DIRECTION('',(0.,0.,1.));
#11167 = ORIENTED_EDGE('',*,*,#11168,.F.);
#11168 = EDGE_CURVE('',#11145,#11161,#11169,.T.);
#11169 = LINE('',#11170,#11171);
#11170 = CARTESIAN_POINT('',(1.85,0.55,0.));
#11171 = VECTOR('',#11172,1.);
#11172 = DIRECTION('',(0.,1.,0.));
#11173 = PLANE('',#11174);
#11174 = AXIS2_PLACEMENT_3D('',#11175,#11176,#11177);
#11175 = CARTESIAN_POINT('',(1.85,0.55,-1.E-02));
#11176 = DIRECTION('',(1.,0.,0.));
#11177 = DIRECTION('',(0.,0.,1.));
#11178 = ADVANCED_FACE('',(#11179),#11195,.F.);
#11179 = FACE_BOUND('',#11180,.F.);
#11180 = EDGE_LOOP('',(#11181,#11187,#11188,#11194));
#11181 = ORIENTED_EDGE('',*,*,#11182,.F.);
#11182 = EDGE_CURVE('',#11103,#11143,#11183,.T.);
#11183 = LINE('',#11184,#11185);
#11184 = CARTESIAN_POINT('',(1.35,0.55,-1.E-02));
#11185 = VECTOR('',#11186,1.);
#11186 = DIRECTION('',(1.,0.,0.));
#11187 = ORIENTED_EDGE('',*,*,#11102,.T.);
#11188 = ORIENTED_EDGE('',*,*,#11189,.T.);
#11189 = EDGE_CURVE('',#11105,#11145,#11190,.T.);
#11190 = LINE('',#11191,#11192);
#11191 = CARTESIAN_POINT('',(1.35,0.55,0.));
#11192 = VECTOR('',#11193,1.);
#11193 = DIRECTION('',(1.,0.,0.));
#11194 = ORIENTED_EDGE('',*,*,#11142,.F.);
#11195 = PLANE('',#11196);
#11196 = AXIS2_PLACEMENT_3D('',#11197,#11198,#11199);
#11197 = CARTESIAN_POINT('',(1.35,0.55,-1.E-02));
#11198 = DIRECTION('',(0.,1.,0.));
#11199 = DIRECTION('',(0.,-0.,1.));
#11200 = ADVANCED_FACE('',(#11201),#11217,.T.);
#11201 = FACE_BOUND('',#11202,.T.);
#11202 = EDGE_LOOP('',(#11203,#11209,#11210,#11216));
#11203 = ORIENTED_EDGE('',*,*,#11204,.F.);
#11204 = EDGE_CURVE('',#11113,#11153,#11205,.T.);
#11205 = LINE('',#11206,#11207);
#11206 = CARTESIAN_POINT('',(1.35,1.05,-1.E-02));
#11207 = VECTOR('',#11208,1.);
#11208 = DIRECTION('',(1.,0.,0.));
#11209 = ORIENTED_EDGE('',*,*,#11120,.T.);
#11210 = ORIENTED_EDGE('',*,*,#11211,.T.);
#11211 = EDGE_CURVE('',#11121,#11161,#11212,.T.);
#11212 = LINE('',#11213,#11214);
#11213 = CARTESIAN_POINT('',(1.35,1.05,0.));
#11214 = VECTOR('',#11215,1.);
#11215 = DIRECTION('',(1.,0.,0.));
#11216 = ORIENTED_EDGE('',*,*,#11160,.F.);
#11217 = PLANE('',#11218);
#11218 = AXIS2_PLACEMENT_3D('',#11219,#11220,#11221);
#11219 = CARTESIAN_POINT('',(1.35,1.05,-1.E-02));
#11220 = DIRECTION('',(0.,1.,0.));
#11221 = DIRECTION('',(0.,-0.,1.));
#11222 = ADVANCED_FACE('',(#11223),#11229,.F.);
#11223 = FACE_BOUND('',#11224,.F.);
#11224 = EDGE_LOOP('',(#11225,#11226,#11227,#11228));
#11225 = ORIENTED_EDGE('',*,*,#11112,.F.);
#11226 = ORIENTED_EDGE('',*,*,#11182,.T.);
#11227 = ORIENTED_EDGE('',*,*,#11152,.T.);
#11228 = ORIENTED_EDGE('',*,*,#11204,.F.);
#11229 = PLANE('',#11230);
#11230 = AXIS2_PLACEMENT_3D('',#11231,#11232,#11233);
#11231 = CARTESIAN_POINT('',(1.35,0.55,-1.E-02));
#11232 = DIRECTION('',(0.,0.,1.));
#11233 = DIRECTION('',(1.,0.,-0.));
#11234 = ADVANCED_FACE('',(#11235),#11241,.T.);
#11235 = FACE_BOUND('',#11236,.T.);
#11236 = EDGE_LOOP('',(#11237,#11238,#11239,#11240));
#11237 = ORIENTED_EDGE('',*,*,#11128,.F.);
#11238 = ORIENTED_EDGE('',*,*,#11189,.T.);
#11239 = ORIENTED_EDGE('',*,*,#11168,.T.);
#11240 = ORIENTED_EDGE('',*,*,#11211,.F.);
#11241 = PLANE('',#11242);
#11242 = AXIS2_PLACEMENT_3D('',#11243,#11244,#11245);
#11243 = CARTESIAN_POINT('',(1.35,0.55,0.));
#11244 = DIRECTION('',(0.,0.,1.));
#11245 = DIRECTION('',(1.,0.,-0.));
#11246 = MANIFOLD_SOLID_BREP('',#11247);
#11247 = CLOSED_SHELL('',(#11248,#11288,#11328,#11350,#11372,#11384));
#11248 = ADVANCED_FACE('',(#11249),#11283,.F.);
#11249 = FACE_BOUND('',#11250,.F.);
#11250 = EDGE_LOOP('',(#11251,#11261,#11269,#11277));
#11251 = ORIENTED_EDGE('',*,*,#11252,.F.);
#11252 = EDGE_CURVE('',#11253,#11255,#11257,.T.);
#11253 = VERTEX_POINT('',#11254);
#11254 = CARTESIAN_POINT('',(-1.85,-1.05,-1.E-02));
#11255 = VERTEX_POINT('',#11256);
#11256 = CARTESIAN_POINT('',(-1.85,-1.05,0.));
#11257 = LINE('',#11258,#11259);
#11258 = CARTESIAN_POINT('',(-1.85,-1.05,-1.E-02));
#11259 = VECTOR('',#11260,1.);
#11260 = DIRECTION('',(0.,0.,1.));
#11261 = ORIENTED_EDGE('',*,*,#11262,.T.);
#11262 = EDGE_CURVE('',#11253,#11263,#11265,.T.);
#11263 = VERTEX_POINT('',#11264);
#11264 = CARTESIAN_POINT('',(-1.85,-0.55,-1.E-02));
#11265 = LINE('',#11266,#11267);
#11266 = CARTESIAN_POINT('',(-1.85,-1.05,-1.E-02));
#11267 = VECTOR('',#11268,1.);
#11268 = DIRECTION('',(0.,1.,0.));
#11269 = ORIENTED_EDGE('',*,*,#11270,.T.);
#11270 = EDGE_CURVE('',#11263,#11271,#11273,.T.);
#11271 = VERTEX_POINT('',#11272);
#11272 = CARTESIAN_POINT('',(-1.85,-0.55,0.));
#11273 = LINE('',#11274,#11275);
#11274 = CARTESIAN_POINT('',(-1.85,-0.55,-1.E-02));
#11275 = VECTOR('',#11276,1.);
#11276 = DIRECTION('',(0.,0.,1.));
#11277 = ORIENTED_EDGE('',*,*,#11278,.F.);
#11278 = EDGE_CURVE('',#11255,#11271,#11279,.T.);
#11279 = LINE('',#11280,#11281);
#11280 = CARTESIAN_POINT('',(-1.85,-1.05,0.));
#11281 = VECTOR('',#11282,1.);
#11282 = DIRECTION('',(0.,1.,0.));
#11283 = PLANE('',#11284);
#11284 = AXIS2_PLACEMENT_3D('',#11285,#11286,#11287);
#11285 = CARTESIAN_POINT('',(-1.85,-1.05,-1.E-02));
#11286 = DIRECTION('',(1.,0.,0.));
#11287 = DIRECTION('',(0.,0.,1.));
#11288 = ADVANCED_FACE('',(#11289),#11323,.T.);
#11289 = FACE_BOUND('',#11290,.T.);
#11290 = EDGE_LOOP('',(#11291,#11301,#11309,#11317));
#11291 = ORIENTED_EDGE('',*,*,#11292,.F.);
#11292 = EDGE_CURVE('',#11293,#11295,#11297,.T.);
#11293 = VERTEX_POINT('',#11294);
#11294 = CARTESIAN_POINT('',(-1.35,-1.05,-1.E-02));
#11295 = VERTEX_POINT('',#11296);
#11296 = CARTESIAN_POINT('',(-1.35,-1.05,0.));
#11297 = LINE('',#11298,#11299);
#11298 = CARTESIAN_POINT('',(-1.35,-1.05,-1.E-02));
#11299 = VECTOR('',#11300,1.);
#11300 = DIRECTION('',(0.,0.,1.));
#11301 = ORIENTED_EDGE('',*,*,#11302,.T.);
#11302 = EDGE_CURVE('',#11293,#11303,#11305,.T.);
#11303 = VERTEX_POINT('',#11304);
#11304 = CARTESIAN_POINT('',(-1.35,-0.55,-1.E-02));
#11305 = LINE('',#11306,#11307);
#11306 = CARTESIAN_POINT('',(-1.35,-1.05,-1.E-02));
#11307 = VECTOR('',#11308,1.);
#11308 = DIRECTION('',(0.,1.,0.));
#11309 = ORIENTED_EDGE('',*,*,#11310,.T.);
#11310 = EDGE_CURVE('',#11303,#11311,#11313,.T.);
#11311 = VERTEX_POINT('',#11312);
#11312 = CARTESIAN_POINT('',(-1.35,-0.55,0.));
#11313 = LINE('',#11314,#11315);
#11314 = CARTESIAN_POINT('',(-1.35,-0.55,-1.E-02));
#11315 = VECTOR('',#11316,1.);
#11316 = DIRECTION('',(0.,0.,1.));
#11317 = ORIENTED_EDGE('',*,*,#11318,.F.);
#11318 = EDGE_CURVE('',#11295,#11311,#11319,.T.);
#11319 = LINE('',#11320,#11321);
#11320 = CARTESIAN_POINT('',(-1.35,-1.05,0.));
#11321 = VECTOR('',#11322,1.);
#11322 = DIRECTION('',(0.,1.,0.));
#11323 = PLANE('',#11324);
#11324 = AXIS2_PLACEMENT_3D('',#11325,#11326,#11327);
#11325 = CARTESIAN_POINT('',(-1.35,-1.05,-1.E-02));
#11326 = DIRECTION('',(1.,0.,0.));
#11327 = DIRECTION('',(0.,0.,1.));
#11328 = ADVANCED_FACE('',(#11329),#11345,.F.);
#11329 = FACE_BOUND('',#11330,.F.);
#11330 = EDGE_LOOP('',(#11331,#11337,#11338,#11344));
#11331 = ORIENTED_EDGE('',*,*,#11332,.F.);
#11332 = EDGE_CURVE('',#11253,#11293,#11333,.T.);
#11333 = LINE('',#11334,#11335);
#11334 = CARTESIAN_POINT('',(-1.85,-1.05,-1.E-02));
#11335 = VECTOR('',#11336,1.);
#11336 = DIRECTION('',(1.,0.,0.));
#11337 = ORIENTED_EDGE('',*,*,#11252,.T.);
#11338 = ORIENTED_EDGE('',*,*,#11339,.T.);
#11339 = EDGE_CURVE('',#11255,#11295,#11340,.T.);
#11340 = LINE('',#11341,#11342);
#11341 = CARTESIAN_POINT('',(-1.85,-1.05,0.));
#11342 = VECTOR('',#11343,1.);
#11343 = DIRECTION('',(1.,0.,0.));
#11344 = ORIENTED_EDGE('',*,*,#11292,.F.);
#11345 = PLANE('',#11346);
#11346 = AXIS2_PLACEMENT_3D('',#11347,#11348,#11349);
#11347 = CARTESIAN_POINT('',(-1.85,-1.05,-1.E-02));
#11348 = DIRECTION('',(0.,1.,0.));
#11349 = DIRECTION('',(0.,-0.,1.));
#11350 = ADVANCED_FACE('',(#11351),#11367,.T.);
#11351 = FACE_BOUND('',#11352,.T.);
#11352 = EDGE_LOOP('',(#11353,#11359,#11360,#11366));
#11353 = ORIENTED_EDGE('',*,*,#11354,.F.);
#11354 = EDGE_CURVE('',#11263,#11303,#11355,.T.);
#11355 = LINE('',#11356,#11357);
#11356 = CARTESIAN_POINT('',(-1.85,-0.55,-1.E-02));
#11357 = VECTOR('',#11358,1.);
#11358 = DIRECTION('',(1.,0.,0.));
#11359 = ORIENTED_EDGE('',*,*,#11270,.T.);
#11360 = ORIENTED_EDGE('',*,*,#11361,.T.);
#11361 = EDGE_CURVE('',#11271,#11311,#11362,.T.);
#11362 = LINE('',#11363,#11364);
#11363 = CARTESIAN_POINT('',(-1.85,-0.55,0.));
#11364 = VECTOR('',#11365,1.);
#11365 = DIRECTION('',(1.,0.,0.));
#11366 = ORIENTED_EDGE('',*,*,#11310,.F.);
#11367 = PLANE('',#11368);
#11368 = AXIS2_PLACEMENT_3D('',#11369,#11370,#11371);
#11369 = CARTESIAN_POINT('',(-1.85,-0.55,-1.E-02));
#11370 = DIRECTION('',(0.,1.,0.));
#11371 = DIRECTION('',(0.,-0.,1.));
#11372 = ADVANCED_FACE('',(#11373),#11379,.F.);
#11373 = FACE_BOUND('',#11374,.F.);
#11374 = EDGE_LOOP('',(#11375,#11376,#11377,#11378));
#11375 = ORIENTED_EDGE('',*,*,#11262,.F.);
#11376 = ORIENTED_EDGE('',*,*,#11332,.T.);
#11377 = ORIENTED_EDGE('',*,*,#11302,.T.);
#11378 = ORIENTED_EDGE('',*,*,#11354,.F.);
#11379 = PLANE('',#11380);
#11380 = AXIS2_PLACEMENT_3D('',#11381,#11382,#11383);
#11381 = CARTESIAN_POINT('',(-1.85,-1.05,-1.E-02));
#11382 = DIRECTION('',(0.,0.,1.));
#11383 = DIRECTION('',(1.,0.,-0.));
#11384 = ADVANCED_FACE('',(#11385),#11391,.T.);
#11385 = FACE_BOUND('',#11386,.T.);
#11386 = EDGE_LOOP('',(#11387,#11388,#11389,#11390));
#11387 = ORIENTED_EDGE('',*,*,#11278,.F.);
#11388 = ORIENTED_EDGE('',*,*,#11339,.T.);
#11389 = ORIENTED_EDGE('',*,*,#11318,.T.);
#11390 = ORIENTED_EDGE('',*,*,#11361,.F.);
#11391 = PLANE('',#11392);
#11392 = AXIS2_PLACEMENT_3D('',#11393,#11394,#11395);
#11393 = CARTESIAN_POINT('',(-1.85,-1.05,0.));
#11394 = DIRECTION('',(0.,0.,1.));
#11395 = DIRECTION('',(1.,0.,-0.));
#11396 = MANIFOLD_SOLID_BREP('',#11397);
#11397 = CLOSED_SHELL('',(#11398,#11438,#11478,#11500,#11522,#11534));
#11398 = ADVANCED_FACE('',(#11399),#11433,.F.);
#11399 = FACE_BOUND('',#11400,.F.);
#11400 = EDGE_LOOP('',(#11401,#11411,#11419,#11427));
#11401 = ORIENTED_EDGE('',*,*,#11402,.F.);
#11402 = EDGE_CURVE('',#11403,#11405,#11407,.T.);
#11403 = VERTEX_POINT('',#11404);
#11404 = CARTESIAN_POINT('',(-1.05,-1.05,-1.E-02));
#11405 = VERTEX_POINT('',#11406);
#11406 = CARTESIAN_POINT('',(-1.05,-1.05,0.));
#11407 = LINE('',#11408,#11409);
#11408 = CARTESIAN_POINT('',(-1.05,-1.05,-1.E-02));
#11409 = VECTOR('',#11410,1.);
#11410 = DIRECTION('',(0.,0.,1.));
#11411 = ORIENTED_EDGE('',*,*,#11412,.T.);
#11412 = EDGE_CURVE('',#11403,#11413,#11415,.T.);
#11413 = VERTEX_POINT('',#11414);
#11414 = CARTESIAN_POINT('',(-1.05,-0.55,-1.E-02));
#11415 = LINE('',#11416,#11417);
#11416 = CARTESIAN_POINT('',(-1.05,-1.05,-1.E-02));
#11417 = VECTOR('',#11418,1.);
#11418 = DIRECTION('',(0.,1.,0.));
#11419 = ORIENTED_EDGE('',*,*,#11420,.T.);
#11420 = EDGE_CURVE('',#11413,#11421,#11423,.T.);
#11421 = VERTEX_POINT('',#11422);
#11422 = CARTESIAN_POINT('',(-1.05,-0.55,0.));
#11423 = LINE('',#11424,#11425);
#11424 = CARTESIAN_POINT('',(-1.05,-0.55,-1.E-02));
#11425 = VECTOR('',#11426,1.);
#11426 = DIRECTION('',(0.,0.,1.));
#11427 = ORIENTED_EDGE('',*,*,#11428,.F.);
#11428 = EDGE_CURVE('',#11405,#11421,#11429,.T.);
#11429 = LINE('',#11430,#11431);
#11430 = CARTESIAN_POINT('',(-1.05,-1.05,0.));
#11431 = VECTOR('',#11432,1.);
#11432 = DIRECTION('',(0.,1.,0.));
#11433 = PLANE('',#11434);
#11434 = AXIS2_PLACEMENT_3D('',#11435,#11436,#11437);
#11435 = CARTESIAN_POINT('',(-1.05,-1.05,-1.E-02));
#11436 = DIRECTION('',(1.,0.,0.));
#11437 = DIRECTION('',(0.,0.,1.));
#11438 = ADVANCED_FACE('',(#11439),#11473,.T.);
#11439 = FACE_BOUND('',#11440,.T.);
#11440 = EDGE_LOOP('',(#11441,#11451,#11459,#11467));
#11441 = ORIENTED_EDGE('',*,*,#11442,.F.);
#11442 = EDGE_CURVE('',#11443,#11445,#11447,.T.);
#11443 = VERTEX_POINT('',#11444);
#11444 = CARTESIAN_POINT('',(-0.55,-1.05,-1.E-02));
#11445 = VERTEX_POINT('',#11446);
#11446 = CARTESIAN_POINT('',(-0.55,-1.05,0.));
#11447 = LINE('',#11448,#11449);
#11448 = CARTESIAN_POINT('',(-0.55,-1.05,-1.E-02));
#11449 = VECTOR('',#11450,1.);
#11450 = DIRECTION('',(0.,0.,1.));
#11451 = ORIENTED_EDGE('',*,*,#11452,.T.);
#11452 = EDGE_CURVE('',#11443,#11453,#11455,.T.);
#11453 = VERTEX_POINT('',#11454);
#11454 = CARTESIAN_POINT('',(-0.55,-0.55,-1.E-02));
#11455 = LINE('',#11456,#11457);
#11456 = CARTESIAN_POINT('',(-0.55,-1.05,-1.E-02));
#11457 = VECTOR('',#11458,1.);
#11458 = DIRECTION('',(0.,1.,0.));
#11459 = ORIENTED_EDGE('',*,*,#11460,.T.);
#11460 = EDGE_CURVE('',#11453,#11461,#11463,.T.);
#11461 = VERTEX_POINT('',#11462);
#11462 = CARTESIAN_POINT('',(-0.55,-0.55,0.));
#11463 = LINE('',#11464,#11465);
#11464 = CARTESIAN_POINT('',(-0.55,-0.55,-1.E-02));
#11465 = VECTOR('',#11466,1.);
#11466 = DIRECTION('',(0.,0.,1.));
#11467 = ORIENTED_EDGE('',*,*,#11468,.F.);
#11468 = EDGE_CURVE('',#11445,#11461,#11469,.T.);
#11469 = LINE('',#11470,#11471);
#11470 = CARTESIAN_POINT('',(-0.55,-1.05,0.));
#11471 = VECTOR('',#11472,1.);
#11472 = DIRECTION('',(0.,1.,0.));
#11473 = PLANE('',#11474);
#11474 = AXIS2_PLACEMENT_3D('',#11475,#11476,#11477);
#11475 = CARTESIAN_POINT('',(-0.55,-1.05,-1.E-02));
#11476 = DIRECTION('',(1.,0.,0.));
#11477 = DIRECTION('',(0.,0.,1.));
#11478 = ADVANCED_FACE('',(#11479),#11495,.F.);
#11479 = FACE_BOUND('',#11480,.F.);
#11480 = EDGE_LOOP('',(#11481,#11487,#11488,#11494));
#11481 = ORIENTED_EDGE('',*,*,#11482,.F.);
#11482 = EDGE_CURVE('',#11403,#11443,#11483,.T.);
#11483 = LINE('',#11484,#11485);
#11484 = CARTESIAN_POINT('',(-1.05,-1.05,-1.E-02));
#11485 = VECTOR('',#11486,1.);
#11486 = DIRECTION('',(1.,0.,0.));
#11487 = ORIENTED_EDGE('',*,*,#11402,.T.);
#11488 = ORIENTED_EDGE('',*,*,#11489,.T.);
#11489 = EDGE_CURVE('',#11405,#11445,#11490,.T.);
#11490 = LINE('',#11491,#11492);
#11491 = CARTESIAN_POINT('',(-1.05,-1.05,0.));
#11492 = VECTOR('',#11493,1.);
#11493 = DIRECTION('',(1.,0.,0.));
#11494 = ORIENTED_EDGE('',*,*,#11442,.F.);
#11495 = PLANE('',#11496);
#11496 = AXIS2_PLACEMENT_3D('',#11497,#11498,#11499);
#11497 = CARTESIAN_POINT('',(-1.05,-1.05,-1.E-02));
#11498 = DIRECTION('',(0.,1.,0.));
#11499 = DIRECTION('',(0.,-0.,1.));
#11500 = ADVANCED_FACE('',(#11501),#11517,.T.);
#11501 = FACE_BOUND('',#11502,.T.);
#11502 = EDGE_LOOP('',(#11503,#11509,#11510,#11516));
#11503 = ORIENTED_EDGE('',*,*,#11504,.F.);
#11504 = EDGE_CURVE('',#11413,#11453,#11505,.T.);
#11505 = LINE('',#11506,#11507);
#11506 = CARTESIAN_POINT('',(-1.05,-0.55,-1.E-02));
#11507 = VECTOR('',#11508,1.);
#11508 = DIRECTION('',(1.,0.,0.));
#11509 = ORIENTED_EDGE('',*,*,#11420,.T.);
#11510 = ORIENTED_EDGE('',*,*,#11511,.T.);
#11511 = EDGE_CURVE('',#11421,#11461,#11512,.T.);
#11512 = LINE('',#11513,#11514);
#11513 = CARTESIAN_POINT('',(-1.05,-0.55,0.));
#11514 = VECTOR('',#11515,1.);
#11515 = DIRECTION('',(1.,0.,0.));
#11516 = ORIENTED_EDGE('',*,*,#11460,.F.);
#11517 = PLANE('',#11518);
#11518 = AXIS2_PLACEMENT_3D('',#11519,#11520,#11521);
#11519 = CARTESIAN_POINT('',(-1.05,-0.55,-1.E-02));
#11520 = DIRECTION('',(0.,1.,0.));
#11521 = DIRECTION('',(0.,-0.,1.));
#11522 = ADVANCED_FACE('',(#11523),#11529,.F.);
#11523 = FACE_BOUND('',#11524,.F.);
#11524 = EDGE_LOOP('',(#11525,#11526,#11527,#11528));
#11525 = ORIENTED_EDGE('',*,*,#11412,.F.);
#11526 = ORIENTED_EDGE('',*,*,#11482,.T.);
#11527 = ORIENTED_EDGE('',*,*,#11452,.T.);
#11528 = ORIENTED_EDGE('',*,*,#11504,.F.);
#11529 = PLANE('',#11530);
#11530 = AXIS2_PLACEMENT_3D('',#11531,#11532,#11533);
#11531 = CARTESIAN_POINT('',(-1.05,-1.05,-1.E-02));
#11532 = DIRECTION('',(0.,0.,1.));
#11533 = DIRECTION('',(1.,0.,-0.));
#11534 = ADVANCED_FACE('',(#11535),#11541,.T.);
#11535 = FACE_BOUND('',#11536,.T.);
#11536 = EDGE_LOOP('',(#11537,#11538,#11539,#11540));
#11537 = ORIENTED_EDGE('',*,*,#11428,.F.);
#11538 = ORIENTED_EDGE('',*,*,#11489,.T.);
#11539 = ORIENTED_EDGE('',*,*,#11468,.T.);
#11540 = ORIENTED_EDGE('',*,*,#11511,.F.);
#11541 = PLANE('',#11542);
#11542 = AXIS2_PLACEMENT_3D('',#11543,#11544,#11545);
#11543 = CARTESIAN_POINT('',(-1.05,-1.05,0.));
#11544 = DIRECTION('',(0.,0.,1.));
#11545 = DIRECTION('',(1.,0.,-0.));
#11546 = MANIFOLD_SOLID_BREP('',#11547);
#11547 = CLOSED_SHELL('',(#11548,#11588,#11628,#11650,#11672,#11684));
#11548 = ADVANCED_FACE('',(#11549),#11583,.F.);
#11549 = FACE_BOUND('',#11550,.F.);
#11550 = EDGE_LOOP('',(#11551,#11561,#11569,#11577));
#11551 = ORIENTED_EDGE('',*,*,#11552,.F.);
#11552 = EDGE_CURVE('',#11553,#11555,#11557,.T.);
#11553 = VERTEX_POINT('',#11554);
#11554 = CARTESIAN_POINT('',(-0.25,-1.05,-1.E-02));
#11555 = VERTEX_POINT('',#11556);
#11556 = CARTESIAN_POINT('',(-0.25,-1.05,0.));
#11557 = LINE('',#11558,#11559);
#11558 = CARTESIAN_POINT('',(-0.25,-1.05,-1.E-02));
#11559 = VECTOR('',#11560,1.);
#11560 = DIRECTION('',(0.,0.,1.));
#11561 = ORIENTED_EDGE('',*,*,#11562,.T.);
#11562 = EDGE_CURVE('',#11553,#11563,#11565,.T.);
#11563 = VERTEX_POINT('',#11564);
#11564 = CARTESIAN_POINT('',(-0.25,-0.55,-1.E-02));
#11565 = LINE('',#11566,#11567);
#11566 = CARTESIAN_POINT('',(-0.25,-1.05,-1.E-02));
#11567 = VECTOR('',#11568,1.);
#11568 = DIRECTION('',(0.,1.,0.));
#11569 = ORIENTED_EDGE('',*,*,#11570,.T.);
#11570 = EDGE_CURVE('',#11563,#11571,#11573,.T.);
#11571 = VERTEX_POINT('',#11572);
#11572 = CARTESIAN_POINT('',(-0.25,-0.55,0.));
#11573 = LINE('',#11574,#11575);
#11574 = CARTESIAN_POINT('',(-0.25,-0.55,-1.E-02));
#11575 = VECTOR('',#11576,1.);
#11576 = DIRECTION('',(0.,0.,1.));
#11577 = ORIENTED_EDGE('',*,*,#11578,.F.);
#11578 = EDGE_CURVE('',#11555,#11571,#11579,.T.);
#11579 = LINE('',#11580,#11581);
#11580 = CARTESIAN_POINT('',(-0.25,-1.05,0.));
#11581 = VECTOR('',#11582,1.);
#11582 = DIRECTION('',(0.,1.,0.));
#11583 = PLANE('',#11584);
#11584 = AXIS2_PLACEMENT_3D('',#11585,#11586,#11587);
#11585 = CARTESIAN_POINT('',(-0.25,-1.05,-1.E-02));
#11586 = DIRECTION('',(1.,0.,0.));
#11587 = DIRECTION('',(0.,0.,1.));
#11588 = ADVANCED_FACE('',(#11589),#11623,.T.);
#11589 = FACE_BOUND('',#11590,.T.);
#11590 = EDGE_LOOP('',(#11591,#11601,#11609,#11617));
#11591 = ORIENTED_EDGE('',*,*,#11592,.F.);
#11592 = EDGE_CURVE('',#11593,#11595,#11597,.T.);
#11593 = VERTEX_POINT('',#11594);
#11594 = CARTESIAN_POINT('',(0.25,-1.05,-1.E-02));
#11595 = VERTEX_POINT('',#11596);
#11596 = CARTESIAN_POINT('',(0.25,-1.05,0.));
#11597 = LINE('',#11598,#11599);
#11598 = CARTESIAN_POINT('',(0.25,-1.05,-1.E-02));
#11599 = VECTOR('',#11600,1.);
#11600 = DIRECTION('',(0.,0.,1.));
#11601 = ORIENTED_EDGE('',*,*,#11602,.T.);
#11602 = EDGE_CURVE('',#11593,#11603,#11605,.T.);
#11603 = VERTEX_POINT('',#11604);
#11604 = CARTESIAN_POINT('',(0.25,-0.55,-1.E-02));
#11605 = LINE('',#11606,#11607);
#11606 = CARTESIAN_POINT('',(0.25,-1.05,-1.E-02));
#11607 = VECTOR('',#11608,1.);
#11608 = DIRECTION('',(0.,1.,0.));
#11609 = ORIENTED_EDGE('',*,*,#11610,.T.);
#11610 = EDGE_CURVE('',#11603,#11611,#11613,.T.);
#11611 = VERTEX_POINT('',#11612);
#11612 = CARTESIAN_POINT('',(0.25,-0.55,0.));
#11613 = LINE('',#11614,#11615);
#11614 = CARTESIAN_POINT('',(0.25,-0.55,-1.E-02));
#11615 = VECTOR('',#11616,1.);
#11616 = DIRECTION('',(0.,0.,1.));
#11617 = ORIENTED_EDGE('',*,*,#11618,.F.);
#11618 = EDGE_CURVE('',#11595,#11611,#11619,.T.);
#11619 = LINE('',#11620,#11621);
#11620 = CARTESIAN_POINT('',(0.25,-1.05,0.));
#11621 = VECTOR('',#11622,1.);
#11622 = DIRECTION('',(0.,1.,0.));
#11623 = PLANE('',#11624);
#11624 = AXIS2_PLACEMENT_3D('',#11625,#11626,#11627);
#11625 = CARTESIAN_POINT('',(0.25,-1.05,-1.E-02));
#11626 = DIRECTION('',(1.,0.,0.));
#11627 = DIRECTION('',(0.,0.,1.));
#11628 = ADVANCED_FACE('',(#11629),#11645,.F.);
#11629 = FACE_BOUND('',#11630,.F.);
#11630 = EDGE_LOOP('',(#11631,#11637,#11638,#11644));
#11631 = ORIENTED_EDGE('',*,*,#11632,.F.);
#11632 = EDGE_CURVE('',#11553,#11593,#11633,.T.);
#11633 = LINE('',#11634,#11635);
#11634 = CARTESIAN_POINT('',(-0.25,-1.05,-1.E-02));
#11635 = VECTOR('',#11636,1.);
#11636 = DIRECTION('',(1.,0.,0.));
#11637 = ORIENTED_EDGE('',*,*,#11552,.T.);
#11638 = ORIENTED_EDGE('',*,*,#11639,.T.);
#11639 = EDGE_CURVE('',#11555,#11595,#11640,.T.);
#11640 = LINE('',#11641,#11642);
#11641 = CARTESIAN_POINT('',(-0.25,-1.05,0.));
#11642 = VECTOR('',#11643,1.);
#11643 = DIRECTION('',(1.,0.,0.));
#11644 = ORIENTED_EDGE('',*,*,#11592,.F.);
#11645 = PLANE('',#11646);
#11646 = AXIS2_PLACEMENT_3D('',#11647,#11648,#11649);
#11647 = CARTESIAN_POINT('',(-0.25,-1.05,-1.E-02));
#11648 = DIRECTION('',(0.,1.,0.));
#11649 = DIRECTION('',(0.,-0.,1.));
#11650 = ADVANCED_FACE('',(#11651),#11667,.T.);
#11651 = FACE_BOUND('',#11652,.T.);
#11652 = EDGE_LOOP('',(#11653,#11659,#11660,#11666));
#11653 = ORIENTED_EDGE('',*,*,#11654,.F.);
#11654 = EDGE_CURVE('',#11563,#11603,#11655,.T.);
#11655 = LINE('',#11656,#11657);
#11656 = CARTESIAN_POINT('',(-0.25,-0.55,-1.E-02));
#11657 = VECTOR('',#11658,1.);
#11658 = DIRECTION('',(1.,0.,0.));
#11659 = ORIENTED_EDGE('',*,*,#11570,.T.);
#11660 = ORIENTED_EDGE('',*,*,#11661,.T.);
#11661 = EDGE_CURVE('',#11571,#11611,#11662,.T.);
#11662 = LINE('',#11663,#11664);
#11663 = CARTESIAN_POINT('',(-0.25,-0.55,0.));
#11664 = VECTOR('',#11665,1.);
#11665 = DIRECTION('',(1.,0.,0.));
#11666 = ORIENTED_EDGE('',*,*,#11610,.F.);
#11667 = PLANE('',#11668);
#11668 = AXIS2_PLACEMENT_3D('',#11669,#11670,#11671);
#11669 = CARTESIAN_POINT('',(-0.25,-0.55,-1.E-02));
#11670 = DIRECTION('',(0.,1.,0.));
#11671 = DIRECTION('',(0.,-0.,1.));
#11672 = ADVANCED_FACE('',(#11673),#11679,.F.);
#11673 = FACE_BOUND('',#11674,.F.);
#11674 = EDGE_LOOP('',(#11675,#11676,#11677,#11678));
#11675 = ORIENTED_EDGE('',*,*,#11562,.F.);
#11676 = ORIENTED_EDGE('',*,*,#11632,.T.);
#11677 = ORIENTED_EDGE('',*,*,#11602,.T.);
#11678 = ORIENTED_EDGE('',*,*,#11654,.F.);
#11679 = PLANE('',#11680);
#11680 = AXIS2_PLACEMENT_3D('',#11681,#11682,#11683);
#11681 = CARTESIAN_POINT('',(-0.25,-1.05,-1.E-02));
#11682 = DIRECTION('',(0.,0.,1.));
#11683 = DIRECTION('',(1.,0.,-0.));
#11684 = ADVANCED_FACE('',(#11685),#11691,.T.);
#11685 = FACE_BOUND('',#11686,.T.);
#11686 = EDGE_LOOP('',(#11687,#11688,#11689,#11690));
#11687 = ORIENTED_EDGE('',*,*,#11578,.F.);
#11688 = ORIENTED_EDGE('',*,*,#11639,.T.);
#11689 = ORIENTED_EDGE('',*,*,#11618,.T.);
#11690 = ORIENTED_EDGE('',*,*,#11661,.F.);
#11691 = PLANE('',#11692);
#11692 = AXIS2_PLACEMENT_3D('',#11693,#11694,#11695);
#11693 = CARTESIAN_POINT('',(-0.25,-1.05,0.));
#11694 = DIRECTION('',(0.,0.,1.));
#11695 = DIRECTION('',(1.,0.,-0.));
#11696 = MANIFOLD_SOLID_BREP('',#11697);
#11697 = CLOSED_SHELL('',(#11698,#11738,#11778,#11800,#11822,#11834));
#11698 = ADVANCED_FACE('',(#11699),#11733,.F.);
#11699 = FACE_BOUND('',#11700,.F.);
#11700 = EDGE_LOOP('',(#11701,#11711,#11719,#11727));
#11701 = ORIENTED_EDGE('',*,*,#11702,.F.);
#11702 = EDGE_CURVE('',#11703,#11705,#11707,.T.);
#11703 = VERTEX_POINT('',#11704);
#11704 = CARTESIAN_POINT('',(0.55,-1.05,-1.E-02));
#11705 = VERTEX_POINT('',#11706);
#11706 = CARTESIAN_POINT('',(0.55,-1.05,0.));
#11707 = LINE('',#11708,#11709);
#11708 = CARTESIAN_POINT('',(0.55,-1.05,-1.E-02));
#11709 = VECTOR('',#11710,1.);
#11710 = DIRECTION('',(0.,0.,1.));
#11711 = ORIENTED_EDGE('',*,*,#11712,.T.);
#11712 = EDGE_CURVE('',#11703,#11713,#11715,.T.);
#11713 = VERTEX_POINT('',#11714);
#11714 = CARTESIAN_POINT('',(0.55,-0.55,-1.E-02));
#11715 = LINE('',#11716,#11717);
#11716 = CARTESIAN_POINT('',(0.55,-1.05,-1.E-02));
#11717 = VECTOR('',#11718,1.);
#11718 = DIRECTION('',(0.,1.,0.));
#11719 = ORIENTED_EDGE('',*,*,#11720,.T.);
#11720 = EDGE_CURVE('',#11713,#11721,#11723,.T.);
#11721 = VERTEX_POINT('',#11722);
#11722 = CARTESIAN_POINT('',(0.55,-0.55,0.));
#11723 = LINE('',#11724,#11725);
#11724 = CARTESIAN_POINT('',(0.55,-0.55,-1.E-02));
#11725 = VECTOR('',#11726,1.);
#11726 = DIRECTION('',(0.,0.,1.));
#11727 = ORIENTED_EDGE('',*,*,#11728,.F.);
#11728 = EDGE_CURVE('',#11705,#11721,#11729,.T.);
#11729 = LINE('',#11730,#11731);
#11730 = CARTESIAN_POINT('',(0.55,-1.05,0.));
#11731 = VECTOR('',#11732,1.);
#11732 = DIRECTION('',(0.,1.,0.));
#11733 = PLANE('',#11734);
#11734 = AXIS2_PLACEMENT_3D('',#11735,#11736,#11737);
#11735 = CARTESIAN_POINT('',(0.55,-1.05,-1.E-02));
#11736 = DIRECTION('',(1.,0.,0.));
#11737 = DIRECTION('',(0.,0.,1.));
#11738 = ADVANCED_FACE('',(#11739),#11773,.T.);
#11739 = FACE_BOUND('',#11740,.T.);
#11740 = EDGE_LOOP('',(#11741,#11751,#11759,#11767));
#11741 = ORIENTED_EDGE('',*,*,#11742,.F.);
#11742 = EDGE_CURVE('',#11743,#11745,#11747,.T.);
#11743 = VERTEX_POINT('',#11744);
#11744 = CARTESIAN_POINT('',(1.05,-1.05,-1.E-02));
#11745 = VERTEX_POINT('',#11746);
#11746 = CARTESIAN_POINT('',(1.05,-1.05,0.));
#11747 = LINE('',#11748,#11749);
#11748 = CARTESIAN_POINT('',(1.05,-1.05,-1.E-02));
#11749 = VECTOR('',#11750,1.);
#11750 = DIRECTION('',(0.,0.,1.));
#11751 = ORIENTED_EDGE('',*,*,#11752,.T.);
#11752 = EDGE_CURVE('',#11743,#11753,#11755,.T.);
#11753 = VERTEX_POINT('',#11754);
#11754 = CARTESIAN_POINT('',(1.05,-0.55,-1.E-02));
#11755 = LINE('',#11756,#11757);
#11756 = CARTESIAN_POINT('',(1.05,-1.05,-1.E-02));
#11757 = VECTOR('',#11758,1.);
#11758 = DIRECTION('',(0.,1.,0.));
#11759 = ORIENTED_EDGE('',*,*,#11760,.T.);
#11760 = EDGE_CURVE('',#11753,#11761,#11763,.T.);
#11761 = VERTEX_POINT('',#11762);
#11762 = CARTESIAN_POINT('',(1.05,-0.55,0.));
#11763 = LINE('',#11764,#11765);
#11764 = CARTESIAN_POINT('',(1.05,-0.55,-1.E-02));
#11765 = VECTOR('',#11766,1.);
#11766 = DIRECTION('',(0.,0.,1.));
#11767 = ORIENTED_EDGE('',*,*,#11768,.F.);
#11768 = EDGE_CURVE('',#11745,#11761,#11769,.T.);
#11769 = LINE('',#11770,#11771);
#11770 = CARTESIAN_POINT('',(1.05,-1.05,0.));
#11771 = VECTOR('',#11772,1.);
#11772 = DIRECTION('',(0.,1.,0.));
#11773 = PLANE('',#11774);
#11774 = AXIS2_PLACEMENT_3D('',#11775,#11776,#11777);
#11775 = CARTESIAN_POINT('',(1.05,-1.05,-1.E-02));
#11776 = DIRECTION('',(1.,0.,0.));
#11777 = DIRECTION('',(0.,0.,1.));
#11778 = ADVANCED_FACE('',(#11779),#11795,.F.);
#11779 = FACE_BOUND('',#11780,.F.);
#11780 = EDGE_LOOP('',(#11781,#11787,#11788,#11794));
#11781 = ORIENTED_EDGE('',*,*,#11782,.F.);
#11782 = EDGE_CURVE('',#11703,#11743,#11783,.T.);
#11783 = LINE('',#11784,#11785);
#11784 = CARTESIAN_POINT('',(0.55,-1.05,-1.E-02));
#11785 = VECTOR('',#11786,1.);
#11786 = DIRECTION('',(1.,0.,0.));
#11787 = ORIENTED_EDGE('',*,*,#11702,.T.);
#11788 = ORIENTED_EDGE('',*,*,#11789,.T.);
#11789 = EDGE_CURVE('',#11705,#11745,#11790,.T.);
#11790 = LINE('',#11791,#11792);
#11791 = CARTESIAN_POINT('',(0.55,-1.05,0.));
#11792 = VECTOR('',#11793,1.);
#11793 = DIRECTION('',(1.,0.,0.));
#11794 = ORIENTED_EDGE('',*,*,#11742,.F.);
#11795 = PLANE('',#11796);
#11796 = AXIS2_PLACEMENT_3D('',#11797,#11798,#11799);
#11797 = CARTESIAN_POINT('',(0.55,-1.05,-1.E-02));
#11798 = DIRECTION('',(0.,1.,0.));
#11799 = DIRECTION('',(0.,-0.,1.));
#11800 = ADVANCED_FACE('',(#11801),#11817,.T.);
#11801 = FACE_BOUND('',#11802,.T.);
#11802 = EDGE_LOOP('',(#11803,#11809,#11810,#11816));
#11803 = ORIENTED_EDGE('',*,*,#11804,.F.);
#11804 = EDGE_CURVE('',#11713,#11753,#11805,.T.);
#11805 = LINE('',#11806,#11807);
#11806 = CARTESIAN_POINT('',(0.55,-0.55,-1.E-02));
#11807 = VECTOR('',#11808,1.);
#11808 = DIRECTION('',(1.,0.,0.));
#11809 = ORIENTED_EDGE('',*,*,#11720,.T.);
#11810 = ORIENTED_EDGE('',*,*,#11811,.T.);
#11811 = EDGE_CURVE('',#11721,#11761,#11812,.T.);
#11812 = LINE('',#11813,#11814);
#11813 = CARTESIAN_POINT('',(0.55,-0.55,0.));
#11814 = VECTOR('',#11815,1.);
#11815 = DIRECTION('',(1.,0.,0.));
#11816 = ORIENTED_EDGE('',*,*,#11760,.F.);
#11817 = PLANE('',#11818);
#11818 = AXIS2_PLACEMENT_3D('',#11819,#11820,#11821);
#11819 = CARTESIAN_POINT('',(0.55,-0.55,-1.E-02));
#11820 = DIRECTION('',(0.,1.,0.));
#11821 = DIRECTION('',(0.,-0.,1.));
#11822 = ADVANCED_FACE('',(#11823),#11829,.F.);
#11823 = FACE_BOUND('',#11824,.F.);
#11824 = EDGE_LOOP('',(#11825,#11826,#11827,#11828));
#11825 = ORIENTED_EDGE('',*,*,#11712,.F.);
#11826 = ORIENTED_EDGE('',*,*,#11782,.T.);
#11827 = ORIENTED_EDGE('',*,*,#11752,.T.);
#11828 = ORIENTED_EDGE('',*,*,#11804,.F.);
#11829 = PLANE('',#11830);
#11830 = AXIS2_PLACEMENT_3D('',#11831,#11832,#11833);
#11831 = CARTESIAN_POINT('',(0.55,-1.05,-1.E-02));
#11832 = DIRECTION('',(0.,0.,1.));
#11833 = DIRECTION('',(1.,0.,-0.));
#11834 = ADVANCED_FACE('',(#11835),#11841,.T.);
#11835 = FACE_BOUND('',#11836,.T.);
#11836 = EDGE_LOOP('',(#11837,#11838,#11839,#11840));
#11837 = ORIENTED_EDGE('',*,*,#11728,.F.);
#11838 = ORIENTED_EDGE('',*,*,#11789,.T.);
#11839 = ORIENTED_EDGE('',*,*,#11768,.T.);
#11840 = ORIENTED_EDGE('',*,*,#11811,.F.);
#11841 = PLANE('',#11842);
#11842 = AXIS2_PLACEMENT_3D('',#11843,#11844,#11845);
#11843 = CARTESIAN_POINT('',(0.55,-1.05,0.));
#11844 = DIRECTION('',(0.,0.,1.));
#11845 = DIRECTION('',(1.,0.,-0.));
#11846 = MANIFOLD_SOLID_BREP('',#11847);
#11847 = CLOSED_SHELL('',(#11848,#11888,#11928,#11950,#11972,#11984));
#11848 = ADVANCED_FACE('',(#11849),#11883,.F.);
#11849 = FACE_BOUND('',#11850,.F.);
#11850 = EDGE_LOOP('',(#11851,#11861,#11869,#11877));
#11851 = ORIENTED_EDGE('',*,*,#11852,.F.);
#11852 = EDGE_CURVE('',#11853,#11855,#11857,.T.);
#11853 = VERTEX_POINT('',#11854);
#11854 = CARTESIAN_POINT('',(1.35,-1.05,-1.E-02));
#11855 = VERTEX_POINT('',#11856);
#11856 = CARTESIAN_POINT('',(1.35,-1.05,0.));
#11857 = LINE('',#11858,#11859);
#11858 = CARTESIAN_POINT('',(1.35,-1.05,-1.E-02));
#11859 = VECTOR('',#11860,1.);
#11860 = DIRECTION('',(0.,0.,1.));
#11861 = ORIENTED_EDGE('',*,*,#11862,.T.);
#11862 = EDGE_CURVE('',#11853,#11863,#11865,.T.);
#11863 = VERTEX_POINT('',#11864);
#11864 = CARTESIAN_POINT('',(1.35,-0.55,-1.E-02));
#11865 = LINE('',#11866,#11867);
#11866 = CARTESIAN_POINT('',(1.35,-1.05,-1.E-02));
#11867 = VECTOR('',#11868,1.);
#11868 = DIRECTION('',(0.,1.,0.));
#11869 = ORIENTED_EDGE('',*,*,#11870,.T.);
#11870 = EDGE_CURVE('',#11863,#11871,#11873,.T.);
#11871 = VERTEX_POINT('',#11872);
#11872 = CARTESIAN_POINT('',(1.35,-0.55,0.));
#11873 = LINE('',#11874,#11875);
#11874 = CARTESIAN_POINT('',(1.35,-0.55,-1.E-02));
#11875 = VECTOR('',#11876,1.);
#11876 = DIRECTION('',(0.,0.,1.));
#11877 = ORIENTED_EDGE('',*,*,#11878,.F.);
#11878 = EDGE_CURVE('',#11855,#11871,#11879,.T.);
#11879 = LINE('',#11880,#11881);
#11880 = CARTESIAN_POINT('',(1.35,-1.05,0.));
#11881 = VECTOR('',#11882,1.);
#11882 = DIRECTION('',(0.,1.,0.));
#11883 = PLANE('',#11884);
#11884 = AXIS2_PLACEMENT_3D('',#11885,#11886,#11887);
#11885 = CARTESIAN_POINT('',(1.35,-1.05,-1.E-02));
#11886 = DIRECTION('',(1.,0.,0.));
#11887 = DIRECTION('',(0.,0.,1.));
#11888 = ADVANCED_FACE('',(#11889),#11923,.T.);
#11889 = FACE_BOUND('',#11890,.T.);
#11890 = EDGE_LOOP('',(#11891,#11901,#11909,#11917));
#11891 = ORIENTED_EDGE('',*,*,#11892,.F.);
#11892 = EDGE_CURVE('',#11893,#11895,#11897,.T.);
#11893 = VERTEX_POINT('',#11894);
#11894 = CARTESIAN_POINT('',(1.85,-1.05,-1.E-02));
#11895 = VERTEX_POINT('',#11896);
#11896 = CARTESIAN_POINT('',(1.85,-1.05,0.));
#11897 = LINE('',#11898,#11899);
#11898 = CARTESIAN_POINT('',(1.85,-1.05,-1.E-02));
#11899 = VECTOR('',#11900,1.);
#11900 = DIRECTION('',(0.,0.,1.));
#11901 = ORIENTED_EDGE('',*,*,#11902,.T.);
#11902 = EDGE_CURVE('',#11893,#11903,#11905,.T.);
#11903 = VERTEX_POINT('',#11904);
#11904 = CARTESIAN_POINT('',(1.85,-0.55,-1.E-02));
#11905 = LINE('',#11906,#11907);
#11906 = CARTESIAN_POINT('',(1.85,-1.05,-1.E-02));
#11907 = VECTOR('',#11908,1.);
#11908 = DIRECTION('',(0.,1.,0.));
#11909 = ORIENTED_EDGE('',*,*,#11910,.T.);
#11910 = EDGE_CURVE('',#11903,#11911,#11913,.T.);
#11911 = VERTEX_POINT('',#11912);
#11912 = CARTESIAN_POINT('',(1.85,-0.55,0.));
#11913 = LINE('',#11914,#11915);
#11914 = CARTESIAN_POINT('',(1.85,-0.55,-1.E-02));
#11915 = VECTOR('',#11916,1.);
#11916 = DIRECTION('',(0.,0.,1.));
#11917 = ORIENTED_EDGE('',*,*,#11918,.F.);
#11918 = EDGE_CURVE('',#11895,#11911,#11919,.T.);
#11919 = LINE('',#11920,#11921);
#11920 = CARTESIAN_POINT('',(1.85,-1.05,0.));
#11921 = VECTOR('',#11922,1.);
#11922 = DIRECTION('',(0.,1.,0.));
#11923 = PLANE('',#11924);
#11924 = AXIS2_PLACEMENT_3D('',#11925,#11926,#11927);
#11925 = CARTESIAN_POINT('',(1.85,-1.05,-1.E-02));
#11926 = DIRECTION('',(1.,0.,0.));
#11927 = DIRECTION('',(0.,0.,1.));
#11928 = ADVANCED_FACE('',(#11929),#11945,.F.);
#11929 = FACE_BOUND('',#11930,.F.);
#11930 = EDGE_LOOP('',(#11931,#11937,#11938,#11944));
#11931 = ORIENTED_EDGE('',*,*,#11932,.F.);
#11932 = EDGE_CURVE('',#11853,#11893,#11933,.T.);
#11933 = LINE('',#11934,#11935);
#11934 = CARTESIAN_POINT('',(1.35,-1.05,-1.E-02));
#11935 = VECTOR('',#11936,1.);
#11936 = DIRECTION('',(1.,0.,0.));
#11937 = ORIENTED_EDGE('',*,*,#11852,.T.);
#11938 = ORIENTED_EDGE('',*,*,#11939,.T.);
#11939 = EDGE_CURVE('',#11855,#11895,#11940,.T.);
#11940 = LINE('',#11941,#11942);
#11941 = CARTESIAN_POINT('',(1.35,-1.05,0.));
#11942 = VECTOR('',#11943,1.);
#11943 = DIRECTION('',(1.,0.,0.));
#11944 = ORIENTED_EDGE('',*,*,#11892,.F.);
#11945 = PLANE('',#11946);
#11946 = AXIS2_PLACEMENT_3D('',#11947,#11948,#11949);
#11947 = CARTESIAN_POINT('',(1.35,-1.05,-1.E-02));
#11948 = DIRECTION('',(0.,1.,0.));
#11949 = DIRECTION('',(0.,-0.,1.));
#11950 = ADVANCED_FACE('',(#11951),#11967,.T.);
#11951 = FACE_BOUND('',#11952,.T.);
#11952 = EDGE_LOOP('',(#11953,#11959,#11960,#11966));
#11953 = ORIENTED_EDGE('',*,*,#11954,.F.);
#11954 = EDGE_CURVE('',#11863,#11903,#11955,.T.);
#11955 = LINE('',#11956,#11957);
#11956 = CARTESIAN_POINT('',(1.35,-0.55,-1.E-02));
#11957 = VECTOR('',#11958,1.);
#11958 = DIRECTION('',(1.,0.,0.));
#11959 = ORIENTED_EDGE('',*,*,#11870,.T.);
#11960 = ORIENTED_EDGE('',*,*,#11961,.T.);
#11961 = EDGE_CURVE('',#11871,#11911,#11962,.T.);
#11962 = LINE('',#11963,#11964);
#11963 = CARTESIAN_POINT('',(1.35,-0.55,0.));
#11964 = VECTOR('',#11965,1.);
#11965 = DIRECTION('',(1.,0.,0.));
#11966 = ORIENTED_EDGE('',*,*,#11910,.F.);
#11967 = PLANE('',#11968);
#11968 = AXIS2_PLACEMENT_3D('',#11969,#11970,#11971);
#11969 = CARTESIAN_POINT('',(1.35,-0.55,-1.E-02));
#11970 = DIRECTION('',(0.,1.,0.));
#11971 = DIRECTION('',(0.,-0.,1.));
#11972 = ADVANCED_FACE('',(#11973),#11979,.F.);
#11973 = FACE_BOUND('',#11974,.F.);
#11974 = EDGE_LOOP('',(#11975,#11976,#11977,#11978));
#11975 = ORIENTED_EDGE('',*,*,#11862,.F.);
#11976 = ORIENTED_EDGE('',*,*,#11932,.T.);
#11977 = ORIENTED_EDGE('',*,*,#11902,.T.);
#11978 = ORIENTED_EDGE('',*,*,#11954,.F.);
#11979 = PLANE('',#11980);
#11980 = AXIS2_PLACEMENT_3D('',#11981,#11982,#11983);
#11981 = CARTESIAN_POINT('',(1.35,-1.05,-1.E-02));
#11982 = DIRECTION('',(0.,0.,1.));
#11983 = DIRECTION('',(1.,0.,-0.));
#11984 = ADVANCED_FACE('',(#11985),#11991,.T.);
#11985 = FACE_BOUND('',#11986,.T.);
#11986 = EDGE_LOOP('',(#11987,#11988,#11989,#11990));
#11987 = ORIENTED_EDGE('',*,*,#11878,.F.);
#11988 = ORIENTED_EDGE('',*,*,#11939,.T.);
#11989 = ORIENTED_EDGE('',*,*,#11918,.T.);
#11990 = ORIENTED_EDGE('',*,*,#11961,.F.);
#11991 = PLANE('',#11992);
#11992 = AXIS2_PLACEMENT_3D('',#11993,#11994,#11995);
#11993 = CARTESIAN_POINT('',(1.35,-1.05,0.));
#11994 = DIRECTION('',(0.,0.,1.));
#11995 = DIRECTION('',(1.,0.,-0.));
#11996 = ( GEOMETRIC_REPRESENTATION_CONTEXT(3) 
GLOBAL_UNCERTAINTY_ASSIGNED_CONTEXT((#12000)) 
GLOBAL_UNIT_ASSIGNED_CONTEXT((#11997,#11998,#11999)) 
REPRESENTATION_CONTEXT('Context #1',
  '3D Context with UNIT and UNCERTAINTY') );
#11997 = ( LENGTH_UNIT() NAMED_UNIT(*) SI_UNIT(.MILLI.,.METRE.) );
#11998 = ( NAMED_UNIT(*) PLANE_ANGLE_UNIT() SI_UNIT($,.RADIAN.) );
#11999 = ( NAMED_UNIT(*) SI_UNIT($,.STERADIAN.) SOLID_ANGLE_UNIT() );
#12000 = UNCERTAINTY_MEASURE_WITH_UNIT(LENGTH_MEASURE(1.E-07),#11997,
  'distance_accuracy_value','confusion accuracy');
#12001 = CONTEXT_DEPENDENT_SHAPE_REPRESENTATION(#12002,#12004);
#12002 = ( REPRESENTATION_RELATIONSHIP('','',#8381,#10) 
REPRESENTATION_RELATIONSHIP_WITH_TRANSFORMATION(#12003) 
SHAPE_REPRESENTATION_RELATIONSHIP() );
#12003 = ITEM_DEFINED_TRANSFORMATION('','',#11,#71);
#12004 = PRODUCT_DEFINITION_SHAPE('Placement','Placement of an item',
  #12005);
#12005 = NEXT_ASSEMBLY_USAGE_OCCURRENCE('15','U1','',#5,#8376,$);
#12006 = PRODUCT_RELATED_PRODUCT_CATEGORY('part',$,(#8378));
#12007 = SHAPE_DEFINITION_REPRESENTATION(#12008,#12014);
#12008 = PRODUCT_DEFINITION_SHAPE('','',#12009);
#12009 = PRODUCT_DEFINITION('design','',#12010,#12013);
#12010 = PRODUCT_DEFINITION_FORMATION('','',#12011);
#12011 = PRODUCT('vl53l0_breakout_PCB','vl53l0_breakout_PCB','',(#12012)
  );
#12012 = PRODUCT_CONTEXT('',#2,'mechanical');
#12013 = PRODUCT_DEFINITION_CONTEXT('part definition',#2,'design');
#12014 = ADVANCED_BREP_SHAPE_REPRESENTATION('',(#11,#12015),#12617);
#12015 = MANIFOLD_SOLID_BREP('',#12016);
#12016 = CLOSED_SHELL('',(#12017,#12059,#12090,#12121,#12261,#12401,
    #12418,#12435,#12452,#12469,#12481,#12498,#12515,#12532,#12549,
    #12566,#12583,#12600));
#12017 = ADVANCED_FACE('',(#12018),#12054,.T.);
#12018 = FACE_BOUND('',#12019,.T.);
#12019 = EDGE_LOOP('',(#12020,#12030,#12039,#12047));
#12020 = ORIENTED_EDGE('',*,*,#12021,.T.);
#12021 = EDGE_CURVE('',#12022,#12024,#12026,.T.);
#12022 = VERTEX_POINT('',#12023);
#12023 = CARTESIAN_POINT('',(151.,-65.,0.));
#12024 = VERTEX_POINT('',#12025);
#12025 = CARTESIAN_POINT('',(151.,-65.,1.51));
#12026 = LINE('',#12027,#12028);
#12027 = CARTESIAN_POINT('',(151.,-65.,0.));
#12028 = VECTOR('',#12029,1.);
#12029 = DIRECTION('',(0.,0.,1.));
#12030 = ORIENTED_EDGE('',*,*,#12031,.T.);
#12031 = EDGE_CURVE('',#12024,#12032,#12034,.T.);
#12032 = VERTEX_POINT('',#12033);
#12033 = CARTESIAN_POINT('',(153.,-67.,1.51));
#12034 = CIRCLE('',#12035,1.99999850585);
#12035 = AXIS2_PLACEMENT_3D('',#12036,#12037,#12038);
#12036 = CARTESIAN_POINT('',(151.00000149415,-66.99999850585,1.51));
#12037 = DIRECTION('',(0.,0.,-1.));
#12038 = DIRECTION('',(-7.470757349539E-07,1.,0.));
#12039 = ORIENTED_EDGE('',*,*,#12040,.F.);
#12040 = EDGE_CURVE('',#12041,#12032,#12043,.T.);
#12041 = VERTEX_POINT('',#12042);
#12042 = CARTESIAN_POINT('',(153.,-67.,0.));
#12043 = LINE('',#12044,#12045);
#12044 = CARTESIAN_POINT('',(153.,-67.,0.));
#12045 = VECTOR('',#12046,1.);
#12046 = DIRECTION('',(0.,0.,1.));
#12047 = ORIENTED_EDGE('',*,*,#12048,.F.);
#12048 = EDGE_CURVE('',#12022,#12041,#12049,.T.);
#12049 = CIRCLE('',#12050,1.99999850585);
#12050 = AXIS2_PLACEMENT_3D('',#12051,#12052,#12053);
#12051 = CARTESIAN_POINT('',(151.00000149415,-66.99999850585,0.));
#12052 = DIRECTION('',(0.,0.,-1.));
#12053 = DIRECTION('',(-7.470757349539E-07,1.,0.));
#12054 = CYLINDRICAL_SURFACE('',#12055,1.99999850585);
#12055 = AXIS2_PLACEMENT_3D('',#12056,#12057,#12058);
#12056 = CARTESIAN_POINT('',(151.00000149415,-66.99999850585,0.));
#12057 = DIRECTION('',(0.,0.,-1.));
#12058 = DIRECTION('',(-7.470757349539E-07,1.,0.));
#12059 = ADVANCED_FACE('',(#12060),#12085,.T.);
#12060 = FACE_BOUND('',#12061,.T.);
#12061 = EDGE_LOOP('',(#12062,#12072,#12078,#12079));
#12062 = ORIENTED_EDGE('',*,*,#12063,.T.);
#12063 = EDGE_CURVE('',#12064,#12066,#12068,.T.);
#12064 = VERTEX_POINT('',#12065);
#12065 = CARTESIAN_POINT('',(142.4,-65.,0.));
#12066 = VERTEX_POINT('',#12067);
#12067 = CARTESIAN_POINT('',(142.4,-65.,1.51));
#12068 = LINE('',#12069,#12070);
#12069 = CARTESIAN_POINT('',(142.4,-65.,0.));
#12070 = VECTOR('',#12071,1.);
#12071 = DIRECTION('',(0.,0.,1.));
#12072 = ORIENTED_EDGE('',*,*,#12073,.T.);
#12073 = EDGE_CURVE('',#12066,#12024,#12074,.T.);
#12074 = LINE('',#12075,#12076);
#12075 = CARTESIAN_POINT('',(142.4,-65.,1.51));
#12076 = VECTOR('',#12077,1.);
#12077 = DIRECTION('',(1.,0.,0.));
#12078 = ORIENTED_EDGE('',*,*,#12021,.F.);
#12079 = ORIENTED_EDGE('',*,*,#12080,.F.);
#12080 = EDGE_CURVE('',#12064,#12022,#12081,.T.);
#12081 = LINE('',#12082,#12083);
#12082 = CARTESIAN_POINT('',(142.4,-65.,0.));
#12083 = VECTOR('',#12084,1.);
#12084 = DIRECTION('',(1.,0.,0.));
#12085 = PLANE('',#12086);
#12086 = AXIS2_PLACEMENT_3D('',#12087,#12088,#12089);
#12087 = CARTESIAN_POINT('',(142.4,-65.,0.));
#12088 = DIRECTION('',(0.,1.,0.));
#12089 = DIRECTION('',(1.,0.,0.));
#12090 = ADVANCED_FACE('',(#12091),#12116,.T.);
#12091 = FACE_BOUND('',#12092,.T.);
#12092 = EDGE_LOOP('',(#12093,#12094,#12102,#12110));
#12093 = ORIENTED_EDGE('',*,*,#12040,.T.);
#12094 = ORIENTED_EDGE('',*,*,#12095,.T.);
#12095 = EDGE_CURVE('',#12032,#12096,#12098,.T.);
#12096 = VERTEX_POINT('',#12097);
#12097 = CARTESIAN_POINT('',(153.,-81.,1.51));
#12098 = LINE('',#12099,#12100);
#12099 = CARTESIAN_POINT('',(153.,-67.,1.51));
#12100 = VECTOR('',#12101,1.);
#12101 = DIRECTION('',(0.,-1.,0.));
#12102 = ORIENTED_EDGE('',*,*,#12103,.F.);
#12103 = EDGE_CURVE('',#12104,#12096,#12106,.T.);
#12104 = VERTEX_POINT('',#12105);
#12105 = CARTESIAN_POINT('',(153.,-81.,0.));
#12106 = LINE('',#12107,#12108);
#12107 = CARTESIAN_POINT('',(153.,-81.,0.));
#12108 = VECTOR('',#12109,1.);
#12109 = DIRECTION('',(0.,0.,1.));
#12110 = ORIENTED_EDGE('',*,*,#12111,.F.);
#12111 = EDGE_CURVE('',#12041,#12104,#12112,.T.);
#12112 = LINE('',#12113,#12114);
#12113 = CARTESIAN_POINT('',(153.,-67.,0.));
#12114 = VECTOR('',#12115,1.);
#12115 = DIRECTION('',(0.,-1.,0.));
#12116 = PLANE('',#12117);
#12117 = AXIS2_PLACEMENT_3D('',#12118,#12119,#12120);
#12118 = CARTESIAN_POINT('',(153.,-67.,0.));
#12119 = DIRECTION('',(1.,0.,-0.));
#12120 = DIRECTION('',(0.,-1.,0.));
#12121 = ADVANCED_FACE('',(#12122,#12168,#12179,#12190,#12201,#12212,
    #12223,#12234,#12245),#12256,.F.);
#12122 = FACE_BOUND('',#12123,.F.);
#12123 = EDGE_LOOP('',(#12124,#12125,#12126,#12135,#12143,#12152,#12160,
    #12167));
#12124 = ORIENTED_EDGE('',*,*,#12048,.F.);
#12125 = ORIENTED_EDGE('',*,*,#12080,.F.);
#12126 = ORIENTED_EDGE('',*,*,#12127,.F.);
#12127 = EDGE_CURVE('',#12128,#12064,#12130,.T.);
#12128 = VERTEX_POINT('',#12129);
#12129 = CARTESIAN_POINT('',(141.,-66.4,0.));
#12130 = CIRCLE('',#12131,1.400001685468);
#12131 = AXIS2_PLACEMENT_3D('',#12132,#12133,#12134);
#12132 = CARTESIAN_POINT('',(142.40000168546,-66.40000168546,0.));
#12133 = DIRECTION('',(0.,0.,-1.));
#12134 = DIRECTION('',(-0.999999999999,1.203903620217E-06,0.));
#12135 = ORIENTED_EDGE('',*,*,#12136,.F.);
#12136 = EDGE_CURVE('',#12137,#12128,#12139,.T.);
#12137 = VERTEX_POINT('',#12138);
#12138 = CARTESIAN_POINT('',(141.,-81.8,0.));
#12139 = LINE('',#12140,#12141);
#12140 = CARTESIAN_POINT('',(141.,-81.8,0.));
#12141 = VECTOR('',#12142,1.);
#12142 = DIRECTION('',(0.,1.,0.));
#12143 = ORIENTED_EDGE('',*,*,#12144,.F.);
#12144 = EDGE_CURVE('',#12145,#12137,#12147,.T.);
#12145 = VERTEX_POINT('',#12146);
#12146 = CARTESIAN_POINT('',(142.2,-83.,0.));
#12147 = CIRCLE('',#12148,1.200000469195);
#12148 = AXIS2_PLACEMENT_3D('',#12149,#12150,#12151);
#12149 = CARTESIAN_POINT('',(142.20000046919,-81.7999995308,0.));
#12150 = DIRECTION('',(0.,0.,-1.));
#12151 = DIRECTION('',(-3.909953616065E-07,-1.,-0.));
#12152 = ORIENTED_EDGE('',*,*,#12153,.F.);
#12153 = EDGE_CURVE('',#12154,#12145,#12156,.T.);
#12154 = VERTEX_POINT('',#12155);
#12155 = CARTESIAN_POINT('',(151.,-83.,0.));
#12156 = LINE('',#12157,#12158);
#12157 = CARTESIAN_POINT('',(151.,-83.,0.));
#12158 = VECTOR('',#12159,1.);
#12159 = DIRECTION('',(-1.,0.,0.));
#12160 = ORIENTED_EDGE('',*,*,#12161,.F.);
#12161 = EDGE_CURVE('',#12104,#12154,#12162,.T.);
#12162 = CIRCLE('',#12163,1.99999850585);
#12163 = AXIS2_PLACEMENT_3D('',#12164,#12165,#12166);
#12164 = CARTESIAN_POINT('',(151.00000149415,-81.00000149415,0.));
#12165 = DIRECTION('',(0.,0.,-1.));
#12166 = DIRECTION('',(1.,7.470757349539E-07,0.));
#12167 = ORIENTED_EDGE('',*,*,#12111,.F.);
#12168 = FACE_BOUND('',#12169,.F.);
#12169 = EDGE_LOOP('',(#12170));
#12170 = ORIENTED_EDGE('',*,*,#12171,.T.);
#12171 = EDGE_CURVE('',#12172,#12172,#12174,.T.);
#12172 = VERTEX_POINT('',#12173);
#12173 = CARTESIAN_POINT('',(143.,-80.85,0.));
#12174 = CIRCLE('',#12175,0.5);
#12175 = AXIS2_PLACEMENT_3D('',#12176,#12177,#12178);
#12176 = CARTESIAN_POINT('',(143.,-80.35,0.));
#12177 = DIRECTION('',(-0.,0.,-1.));
#12178 = DIRECTION('',(-0.,-1.,0.));
#12179 = FACE_BOUND('',#12180,.F.);
#12180 = EDGE_LOOP('',(#12181));
#12181 = ORIENTED_EDGE('',*,*,#12182,.T.);
#12182 = EDGE_CURVE('',#12183,#12183,#12185,.T.);
#12183 = VERTEX_POINT('',#12184);
#12184 = CARTESIAN_POINT('',(143.,-78.31,0.));
#12185 = CIRCLE('',#12186,0.5);
#12186 = AXIS2_PLACEMENT_3D('',#12187,#12188,#12189);
#12187 = CARTESIAN_POINT('',(143.,-77.81,0.));
#12188 = DIRECTION('',(-0.,0.,-1.));
#12189 = DIRECTION('',(-0.,-1.,0.));
#12190 = FACE_BOUND('',#12191,.F.);
#12191 = EDGE_LOOP('',(#12192));
#12192 = ORIENTED_EDGE('',*,*,#12193,.T.);
#12193 = EDGE_CURVE('',#12194,#12194,#12196,.T.);
#12194 = VERTEX_POINT('',#12195);
#12195 = CARTESIAN_POINT('',(143.,-75.77,0.));
#12196 = CIRCLE('',#12197,0.5);
#12197 = AXIS2_PLACEMENT_3D('',#12198,#12199,#12200);
#12198 = CARTESIAN_POINT('',(143.,-75.27,0.));
#12199 = DIRECTION('',(-0.,0.,-1.));
#12200 = DIRECTION('',(-0.,-1.,0.));
#12201 = FACE_BOUND('',#12202,.F.);
#12202 = EDGE_LOOP('',(#12203));
#12203 = ORIENTED_EDGE('',*,*,#12204,.T.);
#12204 = EDGE_CURVE('',#12205,#12205,#12207,.T.);
#12205 = VERTEX_POINT('',#12206);
#12206 = CARTESIAN_POINT('',(151.,-82.1,0.));
#12207 = CIRCLE('',#12208,1.1);
#12208 = AXIS2_PLACEMENT_3D('',#12209,#12210,#12211);
#12209 = CARTESIAN_POINT('',(151.,-81.,0.));
#12210 = DIRECTION('',(-0.,0.,-1.));
#12211 = DIRECTION('',(-0.,-1.,0.));
#12212 = FACE_BOUND('',#12213,.F.);
#12213 = EDGE_LOOP('',(#12214));
#12214 = ORIENTED_EDGE('',*,*,#12215,.T.);
#12215 = EDGE_CURVE('',#12216,#12216,#12218,.T.);
#12216 = VERTEX_POINT('',#12217);
#12217 = CARTESIAN_POINT('',(143.,-73.23,0.));
#12218 = CIRCLE('',#12219,0.5);
#12219 = AXIS2_PLACEMENT_3D('',#12220,#12221,#12222);
#12220 = CARTESIAN_POINT('',(143.,-72.73,0.));
#12221 = DIRECTION('',(-0.,0.,-1.));
#12222 = DIRECTION('',(-0.,-1.,0.));
#12223 = FACE_BOUND('',#12224,.F.);
#12224 = EDGE_LOOP('',(#12225));
#12225 = ORIENTED_EDGE('',*,*,#12226,.T.);
#12226 = EDGE_CURVE('',#12227,#12227,#12229,.T.);
#12227 = VERTEX_POINT('',#12228);
#12228 = CARTESIAN_POINT('',(143.,-70.69,0.));
#12229 = CIRCLE('',#12230,0.5);
#12230 = AXIS2_PLACEMENT_3D('',#12231,#12232,#12233);
#12231 = CARTESIAN_POINT('',(143.,-70.19,0.));
#12232 = DIRECTION('',(-0.,0.,-1.));
#12233 = DIRECTION('',(-0.,-1.,0.));
#12234 = FACE_BOUND('',#12235,.F.);
#12235 = EDGE_LOOP('',(#12236));
#12236 = ORIENTED_EDGE('',*,*,#12237,.T.);
#12237 = EDGE_CURVE('',#12238,#12238,#12240,.T.);
#12238 = VERTEX_POINT('',#12239);
#12239 = CARTESIAN_POINT('',(143.,-68.15,0.));
#12240 = CIRCLE('',#12241,0.5);
#12241 = AXIS2_PLACEMENT_3D('',#12242,#12243,#12244);
#12242 = CARTESIAN_POINT('',(143.,-67.65,0.));
#12243 = DIRECTION('',(-0.,0.,-1.));
#12244 = DIRECTION('',(-0.,-1.,0.));
#12245 = FACE_BOUND('',#12246,.F.);
#12246 = EDGE_LOOP('',(#12247));
#12247 = ORIENTED_EDGE('',*,*,#12248,.T.);
#12248 = EDGE_CURVE('',#12249,#12249,#12251,.T.);
#12249 = VERTEX_POINT('',#12250);
#12250 = CARTESIAN_POINT('',(151.,-68.1,0.));
#12251 = CIRCLE('',#12252,1.1);
#12252 = AXIS2_PLACEMENT_3D('',#12253,#12254,#12255);
#12253 = CARTESIAN_POINT('',(151.,-67.,0.));
#12254 = DIRECTION('',(-0.,0.,-1.));
#12255 = DIRECTION('',(-0.,-1.,0.));
#12256 = PLANE('',#12257);
#12257 = AXIS2_PLACEMENT_3D('',#12258,#12259,#12260);
#12258 = CARTESIAN_POINT('',(0.,0.,0.));
#12259 = DIRECTION('',(0.,0.,1.));
#12260 = DIRECTION('',(1.,0.,-0.));
#12261 = ADVANCED_FACE('',(#12262,#12308,#12319,#12330,#12341,#12352,
    #12363,#12374,#12385),#12396,.T.);
#12262 = FACE_BOUND('',#12263,.T.);
#12263 = EDGE_LOOP('',(#12264,#12265,#12266,#12275,#12283,#12292,#12300,
    #12307));
#12264 = ORIENTED_EDGE('',*,*,#12031,.F.);
#12265 = ORIENTED_EDGE('',*,*,#12073,.F.);
#12266 = ORIENTED_EDGE('',*,*,#12267,.F.);
#12267 = EDGE_CURVE('',#12268,#12066,#12270,.T.);
#12268 = VERTEX_POINT('',#12269);
#12269 = CARTESIAN_POINT('',(141.,-66.4,1.51));
#12270 = CIRCLE('',#12271,1.400001685468);
#12271 = AXIS2_PLACEMENT_3D('',#12272,#12273,#12274);
#12272 = CARTESIAN_POINT('',(142.40000168546,-66.40000168546,1.51));
#12273 = DIRECTION('',(0.,0.,-1.));
#12274 = DIRECTION('',(-0.999999999999,1.203903620217E-06,0.));
#12275 = ORIENTED_EDGE('',*,*,#12276,.F.);
#12276 = EDGE_CURVE('',#12277,#12268,#12279,.T.);
#12277 = VERTEX_POINT('',#12278);
#12278 = CARTESIAN_POINT('',(141.,-81.8,1.51));
#12279 = LINE('',#12280,#12281);
#12280 = CARTESIAN_POINT('',(141.,-81.8,1.51));
#12281 = VECTOR('',#12282,1.);
#12282 = DIRECTION('',(0.,1.,0.));
#12283 = ORIENTED_EDGE('',*,*,#12284,.F.);
#12284 = EDGE_CURVE('',#12285,#12277,#12287,.T.);
#12285 = VERTEX_POINT('',#12286);
#12286 = CARTESIAN_POINT('',(142.2,-83.,1.51));
#12287 = CIRCLE('',#12288,1.200000469195);
#12288 = AXIS2_PLACEMENT_3D('',#12289,#12290,#12291);
#12289 = CARTESIAN_POINT('',(142.20000046919,-81.7999995308,1.51));
#12290 = DIRECTION('',(0.,0.,-1.));
#12291 = DIRECTION('',(-3.909953616065E-07,-1.,-0.));
#12292 = ORIENTED_EDGE('',*,*,#12293,.F.);
#12293 = EDGE_CURVE('',#12294,#12285,#12296,.T.);
#12294 = VERTEX_POINT('',#12295);
#12295 = CARTESIAN_POINT('',(151.,-83.,1.51));
#12296 = LINE('',#12297,#12298);
#12297 = CARTESIAN_POINT('',(151.,-83.,1.51));
#12298 = VECTOR('',#12299,1.);
#12299 = DIRECTION('',(-1.,0.,0.));
#12300 = ORIENTED_EDGE('',*,*,#12301,.F.);
#12301 = EDGE_CURVE('',#12096,#12294,#12302,.T.);
#12302 = CIRCLE('',#12303,1.99999850585);
#12303 = AXIS2_PLACEMENT_3D('',#12304,#12305,#12306);
#12304 = CARTESIAN_POINT('',(151.00000149415,-81.00000149415,1.51));
#12305 = DIRECTION('',(0.,0.,-1.));
#12306 = DIRECTION('',(1.,7.470757349539E-07,0.));
#12307 = ORIENTED_EDGE('',*,*,#12095,.F.);
#12308 = FACE_BOUND('',#12309,.T.);
#12309 = EDGE_LOOP('',(#12310));
#12310 = ORIENTED_EDGE('',*,*,#12311,.T.);
#12311 = EDGE_CURVE('',#12312,#12312,#12314,.T.);
#12312 = VERTEX_POINT('',#12313);
#12313 = CARTESIAN_POINT('',(143.,-80.85,1.51));
#12314 = CIRCLE('',#12315,0.5);
#12315 = AXIS2_PLACEMENT_3D('',#12316,#12317,#12318);
#12316 = CARTESIAN_POINT('',(143.,-80.35,1.51));
#12317 = DIRECTION('',(-0.,0.,-1.));
#12318 = DIRECTION('',(-0.,-1.,0.));
#12319 = FACE_BOUND('',#12320,.T.);
#12320 = EDGE_LOOP('',(#12321));
#12321 = ORIENTED_EDGE('',*,*,#12322,.T.);
#12322 = EDGE_CURVE('',#12323,#12323,#12325,.T.);
#12323 = VERTEX_POINT('',#12324);
#12324 = CARTESIAN_POINT('',(143.,-78.31,1.51));
#12325 = CIRCLE('',#12326,0.5);
#12326 = AXIS2_PLACEMENT_3D('',#12327,#12328,#12329);
#12327 = CARTESIAN_POINT('',(143.,-77.81,1.51));
#12328 = DIRECTION('',(-0.,0.,-1.));
#12329 = DIRECTION('',(-0.,-1.,0.));
#12330 = FACE_BOUND('',#12331,.T.);
#12331 = EDGE_LOOP('',(#12332));
#12332 = ORIENTED_EDGE('',*,*,#12333,.T.);
#12333 = EDGE_CURVE('',#12334,#12334,#12336,.T.);
#12334 = VERTEX_POINT('',#12335);
#12335 = CARTESIAN_POINT('',(143.,-75.77,1.51));
#12336 = CIRCLE('',#12337,0.5);
#12337 = AXIS2_PLACEMENT_3D('',#12338,#12339,#12340);
#12338 = CARTESIAN_POINT('',(143.,-75.27,1.51));
#12339 = DIRECTION('',(-0.,0.,-1.));
#12340 = DIRECTION('',(-0.,-1.,0.));
#12341 = FACE_BOUND('',#12342,.T.);
#12342 = EDGE_LOOP('',(#12343));
#12343 = ORIENTED_EDGE('',*,*,#12344,.T.);
#12344 = EDGE_CURVE('',#12345,#12345,#12347,.T.);
#12345 = VERTEX_POINT('',#12346);
#12346 = CARTESIAN_POINT('',(151.,-82.1,1.51));
#12347 = CIRCLE('',#12348,1.1);
#12348 = AXIS2_PLACEMENT_3D('',#12349,#12350,#12351);
#12349 = CARTESIAN_POINT('',(151.,-81.,1.51));
#12350 = DIRECTION('',(-0.,0.,-1.));
#12351 = DIRECTION('',(-0.,-1.,0.));
#12352 = FACE_BOUND('',#12353,.T.);
#12353 = EDGE_LOOP('',(#12354));
#12354 = ORIENTED_EDGE('',*,*,#12355,.T.);
#12355 = EDGE_CURVE('',#12356,#12356,#12358,.T.);
#12356 = VERTEX_POINT('',#12357);
#12357 = CARTESIAN_POINT('',(143.,-73.23,1.51));
#12358 = CIRCLE('',#12359,0.5);
#12359 = AXIS2_PLACEMENT_3D('',#12360,#12361,#12362);
#12360 = CARTESIAN_POINT('',(143.,-72.73,1.51));
#12361 = DIRECTION('',(-0.,0.,-1.));
#12362 = DIRECTION('',(-0.,-1.,0.));
#12363 = FACE_BOUND('',#12364,.T.);
#12364 = EDGE_LOOP('',(#12365));
#12365 = ORIENTED_EDGE('',*,*,#12366,.T.);
#12366 = EDGE_CURVE('',#12367,#12367,#12369,.T.);
#12367 = VERTEX_POINT('',#12368);
#12368 = CARTESIAN_POINT('',(143.,-70.69,1.51));
#12369 = CIRCLE('',#12370,0.5);
#12370 = AXIS2_PLACEMENT_3D('',#12371,#12372,#12373);
#12371 = CARTESIAN_POINT('',(143.,-70.19,1.51));
#12372 = DIRECTION('',(-0.,0.,-1.));
#12373 = DIRECTION('',(-0.,-1.,0.));
#12374 = FACE_BOUND('',#12375,.T.);
#12375 = EDGE_LOOP('',(#12376));
#12376 = ORIENTED_EDGE('',*,*,#12377,.T.);
#12377 = EDGE_CURVE('',#12378,#12378,#12380,.T.);
#12378 = VERTEX_POINT('',#12379);
#12379 = CARTESIAN_POINT('',(143.,-68.15,1.51));
#12380 = CIRCLE('',#12381,0.5);
#12381 = AXIS2_PLACEMENT_3D('',#12382,#12383,#12384);
#12382 = CARTESIAN_POINT('',(143.,-67.65,1.51));
#12383 = DIRECTION('',(-0.,0.,-1.));
#12384 = DIRECTION('',(-0.,-1.,0.));
#12385 = FACE_BOUND('',#12386,.T.);
#12386 = EDGE_LOOP('',(#12387));
#12387 = ORIENTED_EDGE('',*,*,#12388,.T.);
#12388 = EDGE_CURVE('',#12389,#12389,#12391,.T.);
#12389 = VERTEX_POINT('',#12390);
#12390 = CARTESIAN_POINT('',(151.,-68.1,1.51));
#12391 = CIRCLE('',#12392,1.1);
#12392 = AXIS2_PLACEMENT_3D('',#12393,#12394,#12395);
#12393 = CARTESIAN_POINT('',(151.,-67.,1.51));
#12394 = DIRECTION('',(-0.,0.,-1.));
#12395 = DIRECTION('',(-0.,-1.,0.));
#12396 = PLANE('',#12397);
#12397 = AXIS2_PLACEMENT_3D('',#12398,#12399,#12400);
#12398 = CARTESIAN_POINT('',(0.,0.,1.51));
#12399 = DIRECTION('',(0.,0.,1.));
#12400 = DIRECTION('',(1.,0.,-0.));
#12401 = ADVANCED_FACE('',(#12402),#12413,.T.);
#12402 = FACE_BOUND('',#12403,.T.);
#12403 = EDGE_LOOP('',(#12404,#12410,#12411,#12412));
#12404 = ORIENTED_EDGE('',*,*,#12405,.T.);
#12405 = EDGE_CURVE('',#12128,#12268,#12406,.T.);
#12406 = LINE('',#12407,#12408);
#12407 = CARTESIAN_POINT('',(141.,-66.4,0.));
#12408 = VECTOR('',#12409,1.);
#12409 = DIRECTION('',(0.,0.,1.));
#12410 = ORIENTED_EDGE('',*,*,#12267,.T.);
#12411 = ORIENTED_EDGE('',*,*,#12063,.F.);
#12412 = ORIENTED_EDGE('',*,*,#12127,.F.);
#12413 = CYLINDRICAL_SURFACE('',#12414,1.400001685468);
#12414 = AXIS2_PLACEMENT_3D('',#12415,#12416,#12417);
#12415 = CARTESIAN_POINT('',(142.40000168546,-66.40000168546,0.));
#12416 = DIRECTION('',(0.,0.,-1.));
#12417 = DIRECTION('',(-0.999999999999,1.203903620217E-06,0.));
#12418 = ADVANCED_FACE('',(#12419),#12430,.T.);
#12419 = FACE_BOUND('',#12420,.T.);
#12420 = EDGE_LOOP('',(#12421,#12422,#12423,#12429));
#12421 = ORIENTED_EDGE('',*,*,#12103,.T.);
#12422 = ORIENTED_EDGE('',*,*,#12301,.T.);
#12423 = ORIENTED_EDGE('',*,*,#12424,.F.);
#12424 = EDGE_CURVE('',#12154,#12294,#12425,.T.);
#12425 = LINE('',#12426,#12427);
#12426 = CARTESIAN_POINT('',(151.,-83.,0.));
#12427 = VECTOR('',#12428,1.);
#12428 = DIRECTION('',(0.,0.,1.));
#12429 = ORIENTED_EDGE('',*,*,#12161,.F.);
#12430 = CYLINDRICAL_SURFACE('',#12431,1.99999850585);
#12431 = AXIS2_PLACEMENT_3D('',#12432,#12433,#12434);
#12432 = CARTESIAN_POINT('',(151.00000149415,-81.00000149415,0.));
#12433 = DIRECTION('',(0.,0.,-1.));
#12434 = DIRECTION('',(1.,7.470757349539E-07,0.));
#12435 = ADVANCED_FACE('',(#12436),#12447,.T.);
#12436 = FACE_BOUND('',#12437,.T.);
#12437 = EDGE_LOOP('',(#12438,#12444,#12445,#12446));
#12438 = ORIENTED_EDGE('',*,*,#12439,.T.);
#12439 = EDGE_CURVE('',#12137,#12277,#12440,.T.);
#12440 = LINE('',#12441,#12442);
#12441 = CARTESIAN_POINT('',(141.,-81.8,0.));
#12442 = VECTOR('',#12443,1.);
#12443 = DIRECTION('',(0.,0.,1.));
#12444 = ORIENTED_EDGE('',*,*,#12276,.T.);
#12445 = ORIENTED_EDGE('',*,*,#12405,.F.);
#12446 = ORIENTED_EDGE('',*,*,#12136,.F.);
#12447 = PLANE('',#12448);
#12448 = AXIS2_PLACEMENT_3D('',#12449,#12450,#12451);
#12449 = CARTESIAN_POINT('',(141.,-81.8,0.));
#12450 = DIRECTION('',(-1.,0.,0.));
#12451 = DIRECTION('',(0.,1.,0.));
#12452 = ADVANCED_FACE('',(#12453),#12464,.T.);
#12453 = FACE_BOUND('',#12454,.T.);
#12454 = EDGE_LOOP('',(#12455,#12456,#12457,#12463));
#12455 = ORIENTED_EDGE('',*,*,#12424,.T.);
#12456 = ORIENTED_EDGE('',*,*,#12293,.T.);
#12457 = ORIENTED_EDGE('',*,*,#12458,.F.);
#12458 = EDGE_CURVE('',#12145,#12285,#12459,.T.);
#12459 = LINE('',#12460,#12461);
#12460 = CARTESIAN_POINT('',(142.2,-83.,0.));
#12461 = VECTOR('',#12462,1.);
#12462 = DIRECTION('',(0.,0.,1.));
#12463 = ORIENTED_EDGE('',*,*,#12153,.F.);
#12464 = PLANE('',#12465);
#12465 = AXIS2_PLACEMENT_3D('',#12466,#12467,#12468);
#12466 = CARTESIAN_POINT('',(151.,-83.,0.));
#12467 = DIRECTION('',(0.,-1.,0.));
#12468 = DIRECTION('',(-1.,0.,0.));
#12469 = ADVANCED_FACE('',(#12470),#12476,.T.);
#12470 = FACE_BOUND('',#12471,.T.);
#12471 = EDGE_LOOP('',(#12472,#12473,#12474,#12475));
#12472 = ORIENTED_EDGE('',*,*,#12458,.T.);
#12473 = ORIENTED_EDGE('',*,*,#12284,.T.);
#12474 = ORIENTED_EDGE('',*,*,#12439,.F.);
#12475 = ORIENTED_EDGE('',*,*,#12144,.F.);
#12476 = CYLINDRICAL_SURFACE('',#12477,1.200000469195);
#12477 = AXIS2_PLACEMENT_3D('',#12478,#12479,#12480);
#12478 = CARTESIAN_POINT('',(142.20000046919,-81.7999995308,0.));
#12479 = DIRECTION('',(0.,0.,-1.));
#12480 = DIRECTION('',(-3.909953616065E-07,-1.,-0.));
#12481 = ADVANCED_FACE('',(#12482),#12493,.F.);
#12482 = FACE_BOUND('',#12483,.T.);
#12483 = EDGE_LOOP('',(#12484,#12485,#12491,#12492));
#12484 = ORIENTED_EDGE('',*,*,#12171,.T.);
#12485 = ORIENTED_EDGE('',*,*,#12486,.T.);
#12486 = EDGE_CURVE('',#12172,#12312,#12487,.T.);
#12487 = LINE('',#12488,#12489);
#12488 = CARTESIAN_POINT('',(143.,-80.85,-4.6E-02));
#12489 = VECTOR('',#12490,1.);
#12490 = DIRECTION('',(0.,0.,1.));
#12491 = ORIENTED_EDGE('',*,*,#12311,.F.);
#12492 = ORIENTED_EDGE('',*,*,#12486,.F.);
#12493 = CYLINDRICAL_SURFACE('',#12494,0.5);
#12494 = AXIS2_PLACEMENT_3D('',#12495,#12496,#12497);
#12495 = CARTESIAN_POINT('',(143.,-80.35,-4.6E-02));
#12496 = DIRECTION('',(-0.,-0.,-1.));
#12497 = DIRECTION('',(-0.,-1.,0.));
#12498 = ADVANCED_FACE('',(#12499),#12510,.F.);
#12499 = FACE_BOUND('',#12500,.T.);
#12500 = EDGE_LOOP('',(#12501,#12502,#12508,#12509));
#12501 = ORIENTED_EDGE('',*,*,#12182,.T.);
#12502 = ORIENTED_EDGE('',*,*,#12503,.T.);
#12503 = EDGE_CURVE('',#12183,#12323,#12504,.T.);
#12504 = LINE('',#12505,#12506);
#12505 = CARTESIAN_POINT('',(143.,-78.31,-4.6E-02));
#12506 = VECTOR('',#12507,1.);
#12507 = DIRECTION('',(0.,0.,1.));
#12508 = ORIENTED_EDGE('',*,*,#12322,.F.);
#12509 = ORIENTED_EDGE('',*,*,#12503,.F.);
#12510 = CYLINDRICAL_SURFACE('',#12511,0.5);
#12511 = AXIS2_PLACEMENT_3D('',#12512,#12513,#12514);
#12512 = CARTESIAN_POINT('',(143.,-77.81,-4.6E-02));
#12513 = DIRECTION('',(-0.,-0.,-1.));
#12514 = DIRECTION('',(-0.,-1.,0.));
#12515 = ADVANCED_FACE('',(#12516),#12527,.F.);
#12516 = FACE_BOUND('',#12517,.T.);
#12517 = EDGE_LOOP('',(#12518,#12519,#12525,#12526));
#12518 = ORIENTED_EDGE('',*,*,#12193,.T.);
#12519 = ORIENTED_EDGE('',*,*,#12520,.T.);
#12520 = EDGE_CURVE('',#12194,#12334,#12521,.T.);
#12521 = LINE('',#12522,#12523);
#12522 = CARTESIAN_POINT('',(143.,-75.77,-4.6E-02));
#12523 = VECTOR('',#12524,1.);
#12524 = DIRECTION('',(0.,0.,1.));
#12525 = ORIENTED_EDGE('',*,*,#12333,.F.);
#12526 = ORIENTED_EDGE('',*,*,#12520,.F.);
#12527 = CYLINDRICAL_SURFACE('',#12528,0.5);
#12528 = AXIS2_PLACEMENT_3D('',#12529,#12530,#12531);
#12529 = CARTESIAN_POINT('',(143.,-75.27,-4.6E-02));
#12530 = DIRECTION('',(-0.,-0.,-1.));
#12531 = DIRECTION('',(-0.,-1.,0.));
#12532 = ADVANCED_FACE('',(#12533),#12544,.F.);
#12533 = FACE_BOUND('',#12534,.T.);
#12534 = EDGE_LOOP('',(#12535,#12536,#12542,#12543));
#12535 = ORIENTED_EDGE('',*,*,#12204,.T.);
#12536 = ORIENTED_EDGE('',*,*,#12537,.T.);
#12537 = EDGE_CURVE('',#12205,#12345,#12538,.T.);
#12538 = LINE('',#12539,#12540);
#12539 = CARTESIAN_POINT('',(151.,-82.1,-4.6E-02));
#12540 = VECTOR('',#12541,1.);
#12541 = DIRECTION('',(0.,0.,1.));
#12542 = ORIENTED_EDGE('',*,*,#12344,.F.);
#12543 = ORIENTED_EDGE('',*,*,#12537,.F.);
#12544 = CYLINDRICAL_SURFACE('',#12545,1.1);
#12545 = AXIS2_PLACEMENT_3D('',#12546,#12547,#12548);
#12546 = CARTESIAN_POINT('',(151.,-81.,-4.6E-02));
#12547 = DIRECTION('',(-0.,-0.,-1.));
#12548 = DIRECTION('',(-0.,-1.,0.));
#12549 = ADVANCED_FACE('',(#12550),#12561,.F.);
#12550 = FACE_BOUND('',#12551,.T.);
#12551 = EDGE_LOOP('',(#12552,#12553,#12559,#12560));
#12552 = ORIENTED_EDGE('',*,*,#12215,.T.);
#12553 = ORIENTED_EDGE('',*,*,#12554,.T.);
#12554 = EDGE_CURVE('',#12216,#12356,#12555,.T.);
#12555 = LINE('',#12556,#12557);
#12556 = CARTESIAN_POINT('',(143.,-73.23,-4.6E-02));
#12557 = VECTOR('',#12558,1.);
#12558 = DIRECTION('',(0.,0.,1.));
#12559 = ORIENTED_EDGE('',*,*,#12355,.F.);
#12560 = ORIENTED_EDGE('',*,*,#12554,.F.);
#12561 = CYLINDRICAL_SURFACE('',#12562,0.5);
#12562 = AXIS2_PLACEMENT_3D('',#12563,#12564,#12565);
#12563 = CARTESIAN_POINT('',(143.,-72.73,-4.6E-02));
#12564 = DIRECTION('',(-0.,-0.,-1.));
#12565 = DIRECTION('',(-0.,-1.,0.));
#12566 = ADVANCED_FACE('',(#12567),#12578,.F.);
#12567 = FACE_BOUND('',#12568,.T.);
#12568 = EDGE_LOOP('',(#12569,#12570,#12576,#12577));
#12569 = ORIENTED_EDGE('',*,*,#12226,.T.);
#12570 = ORIENTED_EDGE('',*,*,#12571,.T.);
#12571 = EDGE_CURVE('',#12227,#12367,#12572,.T.);
#12572 = LINE('',#12573,#12574);
#12573 = CARTESIAN_POINT('',(143.,-70.69,-4.6E-02));
#12574 = VECTOR('',#12575,1.);
#12575 = DIRECTION('',(0.,0.,1.));
#12576 = ORIENTED_EDGE('',*,*,#12366,.F.);
#12577 = ORIENTED_EDGE('',*,*,#12571,.F.);
#12578 = CYLINDRICAL_SURFACE('',#12579,0.5);
#12579 = AXIS2_PLACEMENT_3D('',#12580,#12581,#12582);
#12580 = CARTESIAN_POINT('',(143.,-70.19,-4.6E-02));
#12581 = DIRECTION('',(-0.,-0.,-1.));
#12582 = DIRECTION('',(-0.,-1.,0.));
#12583 = ADVANCED_FACE('',(#12584),#12595,.F.);
#12584 = FACE_BOUND('',#12585,.T.);
#12585 = EDGE_LOOP('',(#12586,#12587,#12593,#12594));
#12586 = ORIENTED_EDGE('',*,*,#12237,.T.);
#12587 = ORIENTED_EDGE('',*,*,#12588,.T.);
#12588 = EDGE_CURVE('',#12238,#12378,#12589,.T.);
#12589 = LINE('',#12590,#12591);
#12590 = CARTESIAN_POINT('',(143.,-68.15,-4.6E-02));
#12591 = VECTOR('',#12592,1.);
#12592 = DIRECTION('',(0.,0.,1.));
#12593 = ORIENTED_EDGE('',*,*,#12377,.F.);
#12594 = ORIENTED_EDGE('',*,*,#12588,.F.);
#12595 = CYLINDRICAL_SURFACE('',#12596,0.5);
#12596 = AXIS2_PLACEMENT_3D('',#12597,#12598,#12599);
#12597 = CARTESIAN_POINT('',(143.,-67.65,-4.6E-02));
#12598 = DIRECTION('',(-0.,-0.,-1.));
#12599 = DIRECTION('',(-0.,-1.,0.));
#12600 = ADVANCED_FACE('',(#12601),#12612,.F.);
#12601 = FACE_BOUND('',#12602,.T.);
#12602 = EDGE_LOOP('',(#12603,#12604,#12610,#12611));
#12603 = ORIENTED_EDGE('',*,*,#12248,.T.);
#12604 = ORIENTED_EDGE('',*,*,#12605,.T.);
#12605 = EDGE_CURVE('',#12249,#12389,#12606,.T.);
#12606 = LINE('',#12607,#12608);
#12607 = CARTESIAN_POINT('',(151.,-68.1,-4.6E-02));
#12608 = VECTOR('',#12609,1.);
#12609 = DIRECTION('',(0.,0.,1.));
#12610 = ORIENTED_EDGE('',*,*,#12388,.F.);
#12611 = ORIENTED_EDGE('',*,*,#12605,.F.);
#12612 = CYLINDRICAL_SURFACE('',#12613,1.1);
#12613 = AXIS2_PLACEMENT_3D('',#12614,#12615,#12616);
#12614 = CARTESIAN_POINT('',(151.,-67.,-4.6E-02));
#12615 = DIRECTION('',(-0.,-0.,-1.));
#12616 = DIRECTION('',(-0.,-1.,0.));
#12617 = ( GEOMETRIC_REPRESENTATION_CONTEXT(3) 
GLOBAL_UNCERTAINTY_ASSIGNED_CONTEXT((#12621)) 
GLOBAL_UNIT_ASSIGNED_CONTEXT((#12618,#12619,#12620)) 
REPRESENTATION_CONTEXT('Context #1',
  '3D Context with UNIT and UNCERTAINTY') );
#12618 = ( LENGTH_UNIT() NAMED_UNIT(*) SI_UNIT(.MILLI.,.METRE.) );
#12619 = ( NAMED_UNIT(*) PLANE_ANGLE_UNIT() SI_UNIT($,.RADIAN.) );
#12620 = ( NAMED_UNIT(*) SI_UNIT($,.STERADIAN.) SOLID_ANGLE_UNIT() );
#12621 = UNCERTAINTY_MEASURE_WITH_UNIT(LENGTH_MEASURE(1.E-07),#12618,
  'distance_accuracy_value','confusion accuracy');
#12622 = CONTEXT_DEPENDENT_SHAPE_REPRESENTATION(#12623,#12625);
#12623 = ( REPRESENTATION_RELATIONSHIP('','',#12014,#10) 
REPRESENTATION_RELATIONSHIP_WITH_TRANSFORMATION(#12624) 
SHAPE_REPRESENTATION_RELATIONSHIP() );
#12624 = ITEM_DEFINED_TRANSFORMATION('','',#11,#75);
#12625 = PRODUCT_DEFINITION_SHAPE('Placement','Placement of an item',
  #12626);
#12626 = NEXT_ASSEMBLY_USAGE_OCCURRENCE('16','=>[0:1:1:8]','',#5,#12009,
  $);
#12627 = PRODUCT_RELATED_PRODUCT_CATEGORY('part',$,(#12011));
#12628 = MECHANICAL_DESIGN_GEOMETRIC_PRESENTATION_REPRESENTATION('',(
    #12629),#12617);
#12629 = STYLED_ITEM('color',(#12630),#12015);
#12630 = PRESENTATION_STYLE_ASSIGNMENT((#12631));
#12631 = SURFACE_STYLE_USAGE(.BOTH.,#12632);
#12632 = SURFACE_SIDE_STYLE('',(#12633));
#12633 = SURFACE_STYLE_FILL_AREA(#12634);
#12634 = FILL_AREA_STYLE('',(#12635));
#12635 = FILL_AREA_STYLE_COLOUR('',#12636);
#12636 = COLOUR_RGB('',0.313304153717,0.484529207832,0.410020903123);
#12637 = MECHANICAL_DESIGN_GEOMETRIC_PRESENTATION_REPRESENTATION('',(
    #12638,#12646,#12653,#12660,#12667,#12674,#12681,#12688,#12696,
    #12703,#12710,#12717,#12724,#12731,#12738,#12745,#12752,#12759,
    #12766,#12773,#12780,#12787,#12794,#12801,#12808,#12815,#12822,
    #12829,#12836,#12843,#12850,#12857,#12864,#12871,#12878,#12885,
    #12893,#12900,#12907,#12914,#12921,#12928,#12935,#12942,#12949,
    #12956,#12963,#12970,#12977,#12984),#7470);
#12638 = STYLED_ITEM('color',(#12639),#5949);
#12639 = PRESENTATION_STYLE_ASSIGNMENT((#12640));
#12640 = SURFACE_STYLE_USAGE(.BOTH.,#12641);
#12641 = SURFACE_SIDE_STYLE('',(#12642));
#12642 = SURFACE_STYLE_FILL_AREA(#12643);
#12643 = FILL_AREA_STYLE('',(#12644));
#12644 = FILL_AREA_STYLE_COLOUR('',#12645);
#12645 = COLOUR_RGB('',0.894999966383,0.890999961016,0.813000030345);
#12646 = STYLED_ITEM('color',(#12647),#5989);
#12647 = PRESENTATION_STYLE_ASSIGNMENT((#12648));
#12648 = SURFACE_STYLE_USAGE(.BOTH.,#12649);
#12649 = SURFACE_SIDE_STYLE('',(#12650));
#12650 = SURFACE_STYLE_FILL_AREA(#12651);
#12651 = FILL_AREA_STYLE('',(#12652));
#12652 = FILL_AREA_STYLE_COLOUR('',#12645);
#12653 = STYLED_ITEM('color',(#12654),#6036);
#12654 = PRESENTATION_STYLE_ASSIGNMENT((#12655));
#12655 = SURFACE_STYLE_USAGE(.BOTH.,#12656);
#12656 = SURFACE_SIDE_STYLE('',(#12657));
#12657 = SURFACE_STYLE_FILL_AREA(#12658);
#12658 = FILL_AREA_STYLE('',(#12659));
#12659 = FILL_AREA_STYLE_COLOUR('',#12645);
#12660 = STYLED_ITEM('color',(#12661),#6115);
#12661 = PRESENTATION_STYLE_ASSIGNMENT((#12662));
#12662 = SURFACE_STYLE_USAGE(.BOTH.,#12663);
#12663 = SURFACE_SIDE_STYLE('',(#12664));
#12664 = SURFACE_STYLE_FILL_AREA(#12665);
#12665 = FILL_AREA_STYLE('',(#12666));
#12666 = FILL_AREA_STYLE_COLOUR('',#12645);
#12667 = STYLED_ITEM('color',(#12668),#6139);
#12668 = PRESENTATION_STYLE_ASSIGNMENT((#12669));
#12669 = SURFACE_STYLE_USAGE(.BOTH.,#12670);
#12670 = SURFACE_SIDE_STYLE('',(#12671));
#12671 = SURFACE_STYLE_FILL_AREA(#12672);
#12672 = FILL_AREA_STYLE('',(#12673));
#12673 = FILL_AREA_STYLE_COLOUR('',#12645);
#12674 = STYLED_ITEM('color',(#12675),#6179);
#12675 = PRESENTATION_STYLE_ASSIGNMENT((#12676));
#12676 = SURFACE_STYLE_USAGE(.BOTH.,#12677);
#12677 = SURFACE_SIDE_STYLE('',(#12678));
#12678 = SURFACE_STYLE_FILL_AREA(#12679);
#12679 = FILL_AREA_STYLE('',(#12680));
#12680 = FILL_AREA_STYLE_COLOUR('',#12645);
#12681 = STYLED_ITEM('color',(#12682),#6210);
#12682 = PRESENTATION_STYLE_ASSIGNMENT((#12683));
#12683 = SURFACE_STYLE_USAGE(.BOTH.,#12684);
#12684 = SURFACE_SIDE_STYLE('',(#12685));
#12685 = SURFACE_STYLE_FILL_AREA(#12686);
#12686 = FILL_AREA_STYLE('',(#12687));
#12687 = FILL_AREA_STYLE_COLOUR('',#12645);
#12688 = STYLED_ITEM('color',(#12689),#6227);
#12689 = PRESENTATION_STYLE_ASSIGNMENT((#12690));
#12690 = SURFACE_STYLE_USAGE(.BOTH.,#12691);
#12691 = SURFACE_SIDE_STYLE('',(#12692));
#12692 = SURFACE_STYLE_FILL_AREA(#12693);
#12693 = FILL_AREA_STYLE('',(#12694));
#12694 = FILL_AREA_STYLE_COLOUR('',#12695);
#12695 = COLOUR_RGB('',0.859000020776,0.737999965183,0.495999988746);
#12696 = STYLED_ITEM('color',(#12697),#6260);
#12697 = PRESENTATION_STYLE_ASSIGNMENT((#12698));
#12698 = SURFACE_STYLE_USAGE(.BOTH.,#12699);
#12699 = SURFACE_SIDE_STYLE('',(#12700));
#12700 = SURFACE_STYLE_FILL_AREA(#12701);
#12701 = FILL_AREA_STYLE('',(#12702));
#12702 = FILL_AREA_STYLE_COLOUR('',#12645);
#12703 = STYLED_ITEM('color',(#12704),#6284);
#12704 = PRESENTATION_STYLE_ASSIGNMENT((#12705));
#12705 = SURFACE_STYLE_USAGE(.BOTH.,#12706);
#12706 = SURFACE_SIDE_STYLE('',(#12707));
#12707 = SURFACE_STYLE_FILL_AREA(#12708);
#12708 = FILL_AREA_STYLE('',(#12709));
#12709 = FILL_AREA_STYLE_COLOUR('',#12695);
#12710 = STYLED_ITEM('color',(#12711),#6351);
#12711 = PRESENTATION_STYLE_ASSIGNMENT((#12712));
#12712 = SURFACE_STYLE_USAGE(.BOTH.,#12713);
#12713 = SURFACE_SIDE_STYLE('',(#12714));
#12714 = SURFACE_STYLE_FILL_AREA(#12715);
#12715 = FILL_AREA_STYLE('',(#12716));
#12716 = FILL_AREA_STYLE_COLOUR('',#12645);
#12717 = STYLED_ITEM('color',(#12718),#6472);
#12718 = PRESENTATION_STYLE_ASSIGNMENT((#12719));
#12719 = SURFACE_STYLE_USAGE(.BOTH.,#12720);
#12720 = SURFACE_SIDE_STYLE('',(#12721));
#12721 = SURFACE_STYLE_FILL_AREA(#12722);
#12722 = FILL_AREA_STYLE('',(#12723));
#12723 = FILL_AREA_STYLE_COLOUR('',#12695);
#12724 = STYLED_ITEM('color',(#12725),#6539);
#12725 = PRESENTATION_STYLE_ASSIGNMENT((#12726));
#12726 = SURFACE_STYLE_USAGE(.BOTH.,#12727);
#12727 = SURFACE_SIDE_STYLE('',(#12728));
#12728 = SURFACE_STYLE_FILL_AREA(#12729);
#12729 = FILL_AREA_STYLE('',(#12730));
#12730 = FILL_AREA_STYLE_COLOUR('',#12645);
#12731 = STYLED_ITEM('color',(#12732),#6563);
#12732 = PRESENTATION_STYLE_ASSIGNMENT((#12733));
#12733 = SURFACE_STYLE_USAGE(.BOTH.,#12734);
#12734 = SURFACE_SIDE_STYLE('',(#12735));
#12735 = SURFACE_STYLE_FILL_AREA(#12736);
#12736 = FILL_AREA_STYLE('',(#12737));
#12737 = FILL_AREA_STYLE_COLOUR('',#12645);
#12738 = STYLED_ITEM('color',(#12739),#6594);
#12739 = PRESENTATION_STYLE_ASSIGNMENT((#12740));
#12740 = SURFACE_STYLE_USAGE(.BOTH.,#12741);
#12741 = SURFACE_SIDE_STYLE('',(#12742));
#12742 = SURFACE_STYLE_FILL_AREA(#12743);
#12743 = FILL_AREA_STYLE('',(#12744));
#12744 = FILL_AREA_STYLE_COLOUR('',#12695);
#12745 = STYLED_ITEM('color',(#12746),#6627);
#12746 = PRESENTATION_STYLE_ASSIGNMENT((#12747));
#12747 = SURFACE_STYLE_USAGE(.BOTH.,#12748);
#12748 = SURFACE_SIDE_STYLE('',(#12749));
#12749 = SURFACE_STYLE_FILL_AREA(#12750);
#12750 = FILL_AREA_STYLE('',(#12751));
#12751 = FILL_AREA_STYLE_COLOUR('',#12645);
#12752 = STYLED_ITEM('color',(#12753),#6683);
#12753 = PRESENTATION_STYLE_ASSIGNMENT((#12754));
#12754 = SURFACE_STYLE_USAGE(.BOTH.,#12755);
#12755 = SURFACE_SIDE_STYLE('',(#12756));
#12756 = SURFACE_STYLE_FILL_AREA(#12757);
#12757 = FILL_AREA_STYLE('',(#12758));
#12758 = FILL_AREA_STYLE_COLOUR('',#12695);
#12759 = STYLED_ITEM('color',(#12760),#6707);
#12760 = PRESENTATION_STYLE_ASSIGNMENT((#12761));
#12761 = SURFACE_STYLE_USAGE(.BOTH.,#12762);
#12762 = SURFACE_SIDE_STYLE('',(#12763));
#12763 = SURFACE_STYLE_FILL_AREA(#12764);
#12764 = FILL_AREA_STYLE('',(#12765));
#12765 = FILL_AREA_STYLE_COLOUR('',#12695);
#12766 = STYLED_ITEM('color',(#12767),#6731);
#12767 = PRESENTATION_STYLE_ASSIGNMENT((#12768));
#12768 = SURFACE_STYLE_USAGE(.BOTH.,#12769);
#12769 = SURFACE_SIDE_STYLE('',(#12770));
#12770 = SURFACE_STYLE_FILL_AREA(#12771);
#12771 = FILL_AREA_STYLE('',(#12772));
#12772 = FILL_AREA_STYLE_COLOUR('',#12695);
#12773 = STYLED_ITEM('color',(#12774),#6755);
#12774 = PRESENTATION_STYLE_ASSIGNMENT((#12775));
#12775 = SURFACE_STYLE_USAGE(.BOTH.,#12776);
#12776 = SURFACE_SIDE_STYLE('',(#12777));
#12777 = SURFACE_STYLE_FILL_AREA(#12778);
#12778 = FILL_AREA_STYLE('',(#12779));
#12779 = FILL_AREA_STYLE_COLOUR('',#12695);
#12780 = STYLED_ITEM('color',(#12781),#6788);
#12781 = PRESENTATION_STYLE_ASSIGNMENT((#12782));
#12782 = SURFACE_STYLE_USAGE(.BOTH.,#12783);
#12783 = SURFACE_SIDE_STYLE('',(#12784));
#12784 = SURFACE_STYLE_FILL_AREA(#12785);
#12785 = FILL_AREA_STYLE('',(#12786));
#12786 = FILL_AREA_STYLE_COLOUR('',#12695);
#12787 = STYLED_ITEM('color',(#12788),#6800);
#12788 = PRESENTATION_STYLE_ASSIGNMENT((#12789));
#12789 = SURFACE_STYLE_USAGE(.BOTH.,#12790);
#12790 = SURFACE_SIDE_STYLE('',(#12791));
#12791 = SURFACE_STYLE_FILL_AREA(#12792);
#12792 = FILL_AREA_STYLE('',(#12793));
#12793 = FILL_AREA_STYLE_COLOUR('',#12695);
#12794 = STYLED_ITEM('color',(#12795),#6863);
#12795 = PRESENTATION_STYLE_ASSIGNMENT((#12796));
#12796 = SURFACE_STYLE_USAGE(.BOTH.,#12797);
#12797 = SURFACE_SIDE_STYLE('',(#12798));
#12798 = SURFACE_STYLE_FILL_AREA(#12799);
#12799 = FILL_AREA_STYLE('',(#12800));
#12800 = FILL_AREA_STYLE_COLOUR('',#12695);
#12801 = STYLED_ITEM('color',(#12802),#6888);
#12802 = PRESENTATION_STYLE_ASSIGNMENT((#12803));
#12803 = SURFACE_STYLE_USAGE(.BOTH.,#12804);
#12804 = SURFACE_SIDE_STYLE('',(#12805));
#12805 = SURFACE_STYLE_FILL_AREA(#12806);
#12806 = FILL_AREA_STYLE('',(#12807));
#12807 = FILL_AREA_STYLE_COLOUR('',#12695);
#12808 = STYLED_ITEM('color',(#12809),#6905);
#12809 = PRESENTATION_STYLE_ASSIGNMENT((#12810));
#12810 = SURFACE_STYLE_USAGE(.BOTH.,#12811);
#12811 = SURFACE_SIDE_STYLE('',(#12812));
#12812 = SURFACE_STYLE_FILL_AREA(#12813);
#12813 = FILL_AREA_STYLE('',(#12814));
#12814 = FILL_AREA_STYLE_COLOUR('',#12695);
#12815 = STYLED_ITEM('color',(#12816),#6929);
#12816 = PRESENTATION_STYLE_ASSIGNMENT((#12817));
#12817 = SURFACE_STYLE_USAGE(.BOTH.,#12818);
#12818 = SURFACE_SIDE_STYLE('',(#12819));
#12819 = SURFACE_STYLE_FILL_AREA(#12820);
#12820 = FILL_AREA_STYLE('',(#12821));
#12821 = FILL_AREA_STYLE_COLOUR('',#12695);
#12822 = STYLED_ITEM('color',(#12823),#6947);
#12823 = PRESENTATION_STYLE_ASSIGNMENT((#12824));
#12824 = SURFACE_STYLE_USAGE(.BOTH.,#12825);
#12825 = SURFACE_SIDE_STYLE('',(#12826));
#12826 = SURFACE_STYLE_FILL_AREA(#12827);
#12827 = FILL_AREA_STYLE('',(#12828));
#12828 = FILL_AREA_STYLE_COLOUR('',#12695);
#12829 = STYLED_ITEM('color',(#12830),#6965);
#12830 = PRESENTATION_STYLE_ASSIGNMENT((#12831));
#12831 = SURFACE_STYLE_USAGE(.BOTH.,#12832);
#12832 = SURFACE_SIDE_STYLE('',(#12833));
#12833 = SURFACE_STYLE_FILL_AREA(#12834);
#12834 = FILL_AREA_STYLE('',(#12835));
#12835 = FILL_AREA_STYLE_COLOUR('',#12695);
#12836 = STYLED_ITEM('color',(#12837),#6983);
#12837 = PRESENTATION_STYLE_ASSIGNMENT((#12838));
#12838 = SURFACE_STYLE_USAGE(.BOTH.,#12839);
#12839 = SURFACE_SIDE_STYLE('',(#12840));
#12840 = SURFACE_STYLE_FILL_AREA(#12841);
#12841 = FILL_AREA_STYLE('',(#12842));
#12842 = FILL_AREA_STYLE_COLOUR('',#12695);
#12843 = STYLED_ITEM('color',(#12844),#7000);
#12844 = PRESENTATION_STYLE_ASSIGNMENT((#12845));
#12845 = SURFACE_STYLE_USAGE(.BOTH.,#12846);
#12846 = SURFACE_SIDE_STYLE('',(#12847));
#12847 = SURFACE_STYLE_FILL_AREA(#12848);
#12848 = FILL_AREA_STYLE('',(#12849));
#12849 = FILL_AREA_STYLE_COLOUR('',#12695);
#12850 = STYLED_ITEM('color',(#12851),#7017);
#12851 = PRESENTATION_STYLE_ASSIGNMENT((#12852));
#12852 = SURFACE_STYLE_USAGE(.BOTH.,#12853);
#12853 = SURFACE_SIDE_STYLE('',(#12854));
#12854 = SURFACE_STYLE_FILL_AREA(#12855);
#12855 = FILL_AREA_STYLE('',(#12856));
#12856 = FILL_AREA_STYLE_COLOUR('',#12695);
#12857 = STYLED_ITEM('color',(#12858),#7048);
#12858 = PRESENTATION_STYLE_ASSIGNMENT((#12859));
#12859 = SURFACE_STYLE_USAGE(.BOTH.,#12860);
#12860 = SURFACE_SIDE_STYLE('',(#12861));
#12861 = SURFACE_STYLE_FILL_AREA(#12862);
#12862 = FILL_AREA_STYLE('',(#12863));
#12863 = FILL_AREA_STYLE_COLOUR('',#12695);
#12864 = STYLED_ITEM('color',(#12865),#7073);
#12865 = PRESENTATION_STYLE_ASSIGNMENT((#12866));
#12866 = SURFACE_STYLE_USAGE(.BOTH.,#12867);
#12867 = SURFACE_SIDE_STYLE('',(#12868));
#12868 = SURFACE_STYLE_FILL_AREA(#12869);
#12869 = FILL_AREA_STYLE('',(#12870));
#12870 = FILL_AREA_STYLE_COLOUR('',#12695);
#12871 = STYLED_ITEM('color',(#12872),#7098);
#12872 = PRESENTATION_STYLE_ASSIGNMENT((#12873));
#12873 = SURFACE_STYLE_USAGE(.BOTH.,#12874);
#12874 = SURFACE_SIDE_STYLE('',(#12875));
#12875 = SURFACE_STYLE_FILL_AREA(#12876);
#12876 = FILL_AREA_STYLE('',(#12877));
#12877 = FILL_AREA_STYLE_COLOUR('',#12695);
#12878 = STYLED_ITEM('color',(#12879),#7122);
#12879 = PRESENTATION_STYLE_ASSIGNMENT((#12880));
#12880 = SURFACE_STYLE_USAGE(.BOTH.,#12881);
#12881 = SURFACE_SIDE_STYLE('',(#12882));
#12882 = SURFACE_STYLE_FILL_AREA(#12883);
#12883 = FILL_AREA_STYLE('',(#12884));
#12884 = FILL_AREA_STYLE_COLOUR('',#12695);
#12885 = STYLED_ITEM('color',(#12886),#7139);
#12886 = PRESENTATION_STYLE_ASSIGNMENT((#12887));
#12887 = SURFACE_STYLE_USAGE(.BOTH.,#12888);
#12888 = SURFACE_SIDE_STYLE('',(#12889));
#12889 = SURFACE_STYLE_FILL_AREA(#12890);
#12890 = FILL_AREA_STYLE('',(#12891));
#12891 = FILL_AREA_STYLE_COLOUR('',#12892);
#12892 = COLOUR_RGB('',0.340000006699,0.68000001254,0.444999988852);
#12893 = STYLED_ITEM('color',(#12894),#7170);
#12894 = PRESENTATION_STYLE_ASSIGNMENT((#12895));
#12895 = SURFACE_STYLE_USAGE(.BOTH.,#12896);
#12896 = SURFACE_SIDE_STYLE('',(#12897));
#12897 = SURFACE_STYLE_FILL_AREA(#12898);
#12898 = FILL_AREA_STYLE('',(#12899));
#12899 = FILL_AREA_STYLE_COLOUR('',#12892);
#12900 = STYLED_ITEM('color',(#12901),#7194);
#12901 = PRESENTATION_STYLE_ASSIGNMENT((#12902));
#12902 = SURFACE_STYLE_USAGE(.BOTH.,#12903);
#12903 = SURFACE_SIDE_STYLE('',(#12904));
#12904 = SURFACE_STYLE_FILL_AREA(#12905);
#12905 = FILL_AREA_STYLE('',(#12906));
#12906 = FILL_AREA_STYLE_COLOUR('',#12892);
#12907 = STYLED_ITEM('color',(#12908),#7211);
#12908 = PRESENTATION_STYLE_ASSIGNMENT((#12909));
#12909 = SURFACE_STYLE_USAGE(.BOTH.,#12910);
#12910 = SURFACE_SIDE_STYLE('',(#12911));
#12911 = SURFACE_STYLE_FILL_AREA(#12912);
#12912 = FILL_AREA_STYLE('',(#12913));
#12913 = FILL_AREA_STYLE_COLOUR('',#12695);
#12914 = STYLED_ITEM('color',(#12915),#7239);
#12915 = PRESENTATION_STYLE_ASSIGNMENT((#12916));
#12916 = SURFACE_STYLE_USAGE(.BOTH.,#12917);
#12917 = SURFACE_SIDE_STYLE('',(#12918));
#12918 = SURFACE_STYLE_FILL_AREA(#12919);
#12919 = FILL_AREA_STYLE('',(#12920));
#12920 = FILL_AREA_STYLE_COLOUR('',#12695);
#12921 = STYLED_ITEM('color',(#12922),#7264);
#12922 = PRESENTATION_STYLE_ASSIGNMENT((#12923));
#12923 = SURFACE_STYLE_USAGE(.BOTH.,#12924);
#12924 = SURFACE_SIDE_STYLE('',(#12925));
#12925 = SURFACE_STYLE_FILL_AREA(#12926);
#12926 = FILL_AREA_STYLE('',(#12927));
#12927 = FILL_AREA_STYLE_COLOUR('',#12695);
#12928 = STYLED_ITEM('color',(#12929),#7288);
#12929 = PRESENTATION_STYLE_ASSIGNMENT((#12930));
#12930 = SURFACE_STYLE_USAGE(.BOTH.,#12931);
#12931 = SURFACE_SIDE_STYLE('',(#12932));
#12932 = SURFACE_STYLE_FILL_AREA(#12933);
#12933 = FILL_AREA_STYLE('',(#12934));
#12934 = FILL_AREA_STYLE_COLOUR('',#12695);
#12935 = STYLED_ITEM('color',(#12936),#7313);
#12936 = PRESENTATION_STYLE_ASSIGNMENT((#12937));
#12937 = SURFACE_STYLE_USAGE(.BOTH.,#12938);
#12938 = SURFACE_SIDE_STYLE('',(#12939));
#12939 = SURFACE_STYLE_FILL_AREA(#12940);
#12940 = FILL_AREA_STYLE('',(#12941));
#12941 = FILL_AREA_STYLE_COLOUR('',#12695);
#12942 = STYLED_ITEM('color',(#12943),#7360);
#12943 = PRESENTATION_STYLE_ASSIGNMENT((#12944));
#12944 = SURFACE_STYLE_USAGE(.BOTH.,#12945);
#12945 = SURFACE_SIDE_STYLE('',(#12946));
#12946 = SURFACE_STYLE_FILL_AREA(#12947);
#12947 = FILL_AREA_STYLE('',(#12948));
#12948 = FILL_AREA_STYLE_COLOUR('',#12695);
#12949 = STYLED_ITEM('color',(#12950),#7377);
#12950 = PRESENTATION_STYLE_ASSIGNMENT((#12951));
#12951 = SURFACE_STYLE_USAGE(.BOTH.,#12952);
#12952 = SURFACE_SIDE_STYLE('',(#12953));
#12953 = SURFACE_STYLE_FILL_AREA(#12954);
#12954 = FILL_AREA_STYLE('',(#12955));
#12955 = FILL_AREA_STYLE_COLOUR('',#12695);
#12956 = STYLED_ITEM('color',(#12957),#7389);
#12957 = PRESENTATION_STYLE_ASSIGNMENT((#12958));
#12958 = SURFACE_STYLE_USAGE(.BOTH.,#12959);
#12959 = SURFACE_SIDE_STYLE('',(#12960));
#12960 = SURFACE_STYLE_FILL_AREA(#12961);
#12961 = FILL_AREA_STYLE('',(#12962));
#12962 = FILL_AREA_STYLE_COLOUR('',#12695);
#12963 = STYLED_ITEM('color',(#12964),#7411);
#12964 = PRESENTATION_STYLE_ASSIGNMENT((#12965));
#12965 = SURFACE_STYLE_USAGE(.BOTH.,#12966);
#12966 = SURFACE_SIDE_STYLE('',(#12967));
#12967 = SURFACE_STYLE_FILL_AREA(#12968);
#12968 = FILL_AREA_STYLE('',(#12969));
#12969 = FILL_AREA_STYLE_COLOUR('',#12695);
#12970 = STYLED_ITEM('color',(#12971),#7423);
#12971 = PRESENTATION_STYLE_ASSIGNMENT((#12972));
#12972 = SURFACE_STYLE_USAGE(.BOTH.,#12973);
#12973 = SURFACE_SIDE_STYLE('',(#12974));
#12974 = SURFACE_STYLE_FILL_AREA(#12975);
#12975 = FILL_AREA_STYLE('',(#12976));
#12976 = FILL_AREA_STYLE_COLOUR('',#12695);
#12977 = STYLED_ITEM('color',(#12978),#7441);
#12978 = PRESENTATION_STYLE_ASSIGNMENT((#12979));
#12979 = SURFACE_STYLE_USAGE(.BOTH.,#12980);
#12980 = SURFACE_SIDE_STYLE('',(#12981));
#12981 = SURFACE_STYLE_FILL_AREA(#12982);
#12982 = FILL_AREA_STYLE('',(#12983));
#12983 = FILL_AREA_STYLE_COLOUR('',#12695);
#12984 = STYLED_ITEM('color',(#12985),#7459);
#12985 = PRESENTATION_STYLE_ASSIGNMENT((#12986));
#12986 = SURFACE_STYLE_USAGE(.BOTH.,#12987);
#12987 = SURFACE_SIDE_STYLE('',(#12988));
#12988 = SURFACE_STYLE_FILL_AREA(#12989);
#12989 = FILL_AREA_STYLE('',(#12990));
#12990 = FILL_AREA_STYLE_COLOUR('',#12892);
#12991 = MECHANICAL_DESIGN_GEOMETRIC_PRESENTATION_REPRESENTATION('',(
    #12992,#13000,#13007,#13014,#13021,#13028,#13035,#13042,#13049,
    #13056,#13063,#13070,#13077,#13084,#13092,#13099,#13106,#13113,
    #13120,#13127,#13134,#13141,#13148,#13155,#13162,#13169),#1756);
#12992 = STYLED_ITEM('color',(#12993),#968);
#12993 = PRESENTATION_STYLE_ASSIGNMENT((#12994));
#12994 = SURFACE_STYLE_USAGE(.BOTH.,#12995);
#12995 = SURFACE_SIDE_STYLE('',(#12996));
#12996 = SURFACE_STYLE_FILL_AREA(#12997);
#12997 = FILL_AREA_STYLE('',(#12998));
#12998 = FILL_AREA_STYLE_COLOUR('',#12999);
#12999 = COLOUR_RGB('',0.823999987314,0.819999987296,0.781000009244);
#13000 = STYLED_ITEM('color',(#13001),#1008);
#13001 = PRESENTATION_STYLE_ASSIGNMENT((#13002));
#13002 = SURFACE_STYLE_USAGE(.BOTH.,#13003);
#13003 = SURFACE_SIDE_STYLE('',(#13004));
#13004 = SURFACE_STYLE_FILL_AREA(#13005);
#13005 = FILL_AREA_STYLE('',(#13006));
#13006 = FILL_AREA_STYLE_COLOUR('',#12999);
#13007 = STYLED_ITEM('color',(#13008),#1091);
#13008 = PRESENTATION_STYLE_ASSIGNMENT((#13009));
#13009 = SURFACE_STYLE_USAGE(.BOTH.,#13010);
#13010 = SURFACE_SIDE_STYLE('',(#13011));
#13011 = SURFACE_STYLE_FILL_AREA(#13012);
#13012 = FILL_AREA_STYLE('',(#13013));
#13013 = FILL_AREA_STYLE_COLOUR('',#12999);
#13014 = STYLED_ITEM('color',(#13015),#1116);
#13015 = PRESENTATION_STYLE_ASSIGNMENT((#13016));
#13016 = SURFACE_STYLE_USAGE(.BOTH.,#13017);
#13017 = SURFACE_SIDE_STYLE('',(#13018));
#13018 = SURFACE_STYLE_FILL_AREA(#13019);
#13019 = FILL_AREA_STYLE('',(#13020));
#13020 = FILL_AREA_STYLE_COLOUR('',#12999);
#13021 = STYLED_ITEM('color',(#13022),#1141);
#13022 = PRESENTATION_STYLE_ASSIGNMENT((#13023));
#13023 = SURFACE_STYLE_USAGE(.BOTH.,#13024);
#13024 = SURFACE_SIDE_STYLE('',(#13025));
#13025 = SURFACE_STYLE_FILL_AREA(#13026);
#13026 = FILL_AREA_STYLE('',(#13027));
#13027 = FILL_AREA_STYLE_COLOUR('',#12999);
#13028 = STYLED_ITEM('color',(#13029),#1208);
#13029 = PRESENTATION_STYLE_ASSIGNMENT((#13030));
#13030 = SURFACE_STYLE_USAGE(.BOTH.,#13031);
#13031 = SURFACE_SIDE_STYLE('',(#13032));
#13032 = SURFACE_STYLE_FILL_AREA(#13033);
#13033 = FILL_AREA_STYLE('',(#13034));
#13034 = FILL_AREA_STYLE_COLOUR('',#12999);
#13035 = STYLED_ITEM('color',(#13036),#1225);
#13036 = PRESENTATION_STYLE_ASSIGNMENT((#13037));
#13037 = SURFACE_STYLE_USAGE(.BOTH.,#13038);
#13038 = SURFACE_SIDE_STYLE('',(#13039));
#13039 = SURFACE_STYLE_FILL_AREA(#13040);
#13040 = FILL_AREA_STYLE('',(#13041));
#13041 = FILL_AREA_STYLE_COLOUR('',#12999);
#13042 = STYLED_ITEM('color',(#13043),#1242);
#13043 = PRESENTATION_STYLE_ASSIGNMENT((#13044));
#13044 = SURFACE_STYLE_USAGE(.BOTH.,#13045);
#13045 = SURFACE_SIDE_STYLE('',(#13046));
#13046 = SURFACE_STYLE_FILL_AREA(#13047);
#13047 = FILL_AREA_STYLE('',(#13048));
#13048 = FILL_AREA_STYLE_COLOUR('',#12645);
#13049 = STYLED_ITEM('color',(#13050),#1291);
#13050 = PRESENTATION_STYLE_ASSIGNMENT((#13051));
#13051 = SURFACE_STYLE_USAGE(.BOTH.,#13052);
#13052 = SURFACE_SIDE_STYLE('',(#13053));
#13053 = SURFACE_STYLE_FILL_AREA(#13054);
#13054 = FILL_AREA_STYLE('',(#13055));
#13055 = FILL_AREA_STYLE_COLOUR('',#12999);
#13056 = STYLED_ITEM('color',(#13057),#1308);
#13057 = PRESENTATION_STYLE_ASSIGNMENT((#13058));
#13058 = SURFACE_STYLE_USAGE(.BOTH.,#13059);
#13059 = SURFACE_SIDE_STYLE('',(#13060));
#13060 = SURFACE_STYLE_FILL_AREA(#13061);
#13061 = FILL_AREA_STYLE('',(#13062));
#13062 = FILL_AREA_STYLE_COLOUR('',#12999);
#13063 = STYLED_ITEM('color',(#13064),#1325);
#13064 = PRESENTATION_STYLE_ASSIGNMENT((#13065));
#13065 = SURFACE_STYLE_USAGE(.BOTH.,#13066);
#13066 = SURFACE_SIDE_STYLE('',(#13067));
#13067 = SURFACE_STYLE_FILL_AREA(#13068);
#13068 = FILL_AREA_STYLE('',(#13069));
#13069 = FILL_AREA_STYLE_COLOUR('',#12645);
#13070 = STYLED_ITEM('color',(#13071),#1374);
#13071 = PRESENTATION_STYLE_ASSIGNMENT((#13072));
#13072 = SURFACE_STYLE_USAGE(.BOTH.,#13073);
#13073 = SURFACE_SIDE_STYLE('',(#13074));
#13074 = SURFACE_STYLE_FILL_AREA(#13075);
#13075 = FILL_AREA_STYLE('',(#13076));
#13076 = FILL_AREA_STYLE_COLOUR('',#12645);
#13077 = STYLED_ITEM('color',(#13078),#1391);
#13078 = PRESENTATION_STYLE_ASSIGNMENT((#13079));
#13079 = SURFACE_STYLE_USAGE(.BOTH.,#13080);
#13080 = SURFACE_SIDE_STYLE('',(#13081));
#13081 = SURFACE_STYLE_FILL_AREA(#13082);
#13082 = FILL_AREA_STYLE('',(#13083));
#13083 = FILL_AREA_STYLE_COLOUR('',#12999);
#13084 = STYLED_ITEM('color',(#13085),#1460);
#13085 = PRESENTATION_STYLE_ASSIGNMENT((#13086));
#13086 = SURFACE_STYLE_USAGE(.BOTH.,#13087);
#13087 = SURFACE_SIDE_STYLE('',(#13088));
#13088 = SURFACE_STYLE_FILL_AREA(#13089);
#13089 = FILL_AREA_STYLE('',(#13090));
#13090 = FILL_AREA_STYLE_COLOUR('',#13091);
#13091 = COLOUR_RGB('',8.200000279077E-02,8.600000121357E-02,
  9.399999706163E-02);
#13092 = STYLED_ITEM('color',(#13093),#1491);
#13093 = PRESENTATION_STYLE_ASSIGNMENT((#13094));
#13094 = SURFACE_STYLE_USAGE(.BOTH.,#13095);
#13095 = SURFACE_SIDE_STYLE('',(#13096));
#13096 = SURFACE_STYLE_FILL_AREA(#13097);
#13097 = FILL_AREA_STYLE('',(#13098));
#13098 = FILL_AREA_STYLE_COLOUR('',#13091);
#13099 = STYLED_ITEM('color',(#13100),#1515);
#13100 = PRESENTATION_STYLE_ASSIGNMENT((#13101));
#13101 = SURFACE_STYLE_USAGE(.BOTH.,#13102);
#13102 = SURFACE_SIDE_STYLE('',(#13103));
#13103 = SURFACE_STYLE_FILL_AREA(#13104);
#13104 = FILL_AREA_STYLE('',(#13105));
#13105 = FILL_AREA_STYLE_COLOUR('',#12999);
#13106 = STYLED_ITEM('color',(#13107),#1584);
#13107 = PRESENTATION_STYLE_ASSIGNMENT((#13108));
#13108 = SURFACE_STYLE_USAGE(.BOTH.,#13109);
#13109 = SURFACE_SIDE_STYLE('',(#13110));
#13110 = SURFACE_STYLE_FILL_AREA(#13111);
#13111 = FILL_AREA_STYLE('',(#13112));
#13112 = FILL_AREA_STYLE_COLOUR('',#13091);
#13113 = STYLED_ITEM('color',(#13114),#1608);
#13114 = PRESENTATION_STYLE_ASSIGNMENT((#13115));
#13115 = SURFACE_STYLE_USAGE(.BOTH.,#13116);
#13116 = SURFACE_SIDE_STYLE('',(#13117));
#13117 = SURFACE_STYLE_FILL_AREA(#13118);
#13118 = FILL_AREA_STYLE('',(#13119));
#13119 = FILL_AREA_STYLE_COLOUR('',#12999);
#13120 = STYLED_ITEM('color',(#13121),#1625);
#13121 = PRESENTATION_STYLE_ASSIGNMENT((#13122));
#13122 = SURFACE_STYLE_USAGE(.BOTH.,#13123);
#13123 = SURFACE_SIDE_STYLE('',(#13124));
#13124 = SURFACE_STYLE_FILL_AREA(#13125);
#13125 = FILL_AREA_STYLE('',(#13126));
#13126 = FILL_AREA_STYLE_COLOUR('',#12999);
#13127 = STYLED_ITEM('color',(#13128),#1642);
#13128 = PRESENTATION_STYLE_ASSIGNMENT((#13129));
#13129 = SURFACE_STYLE_USAGE(.BOTH.,#13130);
#13130 = SURFACE_SIDE_STYLE('',(#13131));
#13131 = SURFACE_STYLE_FILL_AREA(#13132);
#13132 = FILL_AREA_STYLE('',(#13133));
#13133 = FILL_AREA_STYLE_COLOUR('',#12999);
#13134 = STYLED_ITEM('color',(#13135),#1659);
#13135 = PRESENTATION_STYLE_ASSIGNMENT((#13136));
#13136 = SURFACE_STYLE_USAGE(.BOTH.,#13137);
#13137 = SURFACE_SIDE_STYLE('',(#13138));
#13138 = SURFACE_STYLE_FILL_AREA(#13139);
#13139 = FILL_AREA_STYLE('',(#13140));
#13140 = FILL_AREA_STYLE_COLOUR('',#12999);
#13141 = STYLED_ITEM('color',(#13142),#1676);
#13142 = PRESENTATION_STYLE_ASSIGNMENT((#13143));
#13143 = SURFACE_STYLE_USAGE(.BOTH.,#13144);
#13144 = SURFACE_SIDE_STYLE('',(#13145));
#13145 = SURFACE_STYLE_FILL_AREA(#13146);
#13146 = FILL_AREA_STYLE('',(#13147));
#13147 = FILL_AREA_STYLE_COLOUR('',#12999);
#13148 = STYLED_ITEM('color',(#13149),#1693);
#13149 = PRESENTATION_STYLE_ASSIGNMENT((#13150));
#13150 = SURFACE_STYLE_USAGE(.BOTH.,#13151);
#13151 = SURFACE_SIDE_STYLE('',(#13152));
#13152 = SURFACE_STYLE_FILL_AREA(#13153);
#13153 = FILL_AREA_STYLE('',(#13154));
#13154 = FILL_AREA_STYLE_COLOUR('',#12999);
#13155 = STYLED_ITEM('color',(#13156),#1710);
#13156 = PRESENTATION_STYLE_ASSIGNMENT((#13157));
#13157 = SURFACE_STYLE_USAGE(.BOTH.,#13158);
#13158 = SURFACE_SIDE_STYLE('',(#13159));
#13159 = SURFACE_STYLE_FILL_AREA(#13160);
#13160 = FILL_AREA_STYLE('',(#13161));
#13161 = FILL_AREA_STYLE_COLOUR('',#12999);
#13162 = STYLED_ITEM('color',(#13163),#1727);
#13163 = PRESENTATION_STYLE_ASSIGNMENT((#13164));
#13164 = SURFACE_STYLE_USAGE(.BOTH.,#13165);
#13165 = SURFACE_SIDE_STYLE('',(#13166));
#13166 = SURFACE_STYLE_FILL_AREA(#13167);
#13167 = FILL_AREA_STYLE('',(#13168));
#13168 = FILL_AREA_STYLE_COLOUR('',#13091);
#13169 = STYLED_ITEM('color',(#13170),#1744);
#13170 = PRESENTATION_STYLE_ASSIGNMENT((#13171));
#13171 = SURFACE_STYLE_USAGE(.BOTH.,#13172);
#13172 = SURFACE_SIDE_STYLE('',(#13173));
#13173 = SURFACE_STYLE_FILL_AREA(#13174);
#13174 = FILL_AREA_STYLE('',(#13175));
#13175 = FILL_AREA_STYLE_COLOUR('',#13091);
#13176 = MECHANICAL_DESIGN_GEOMETRIC_PRESENTATION_REPRESENTATION('',(
    #13177,#13185,#13192,#13199,#13206,#13213,#13220,#13227,#13234,
    #13241,#13248,#13255,#13262,#13269,#13276,#13283,#13290,#13297,
    #13304,#13311,#13318,#13325,#13332,#13339,#13346,#13353,#13360,
    #13367,#13374,#13381,#13388,#13395,#13402,#13409,#13416,#13423,
    #13430,#13437,#13444,#13451,#13458,#13465,#13472,#13479,#13486,
    #13493,#13500,#13507,#13514,#13521,#13528,#13535,#13542,#13549,
    #13556,#13563,#13570,#13577,#13584,#13591,#13598,#13605,#13612,
    #13619,#13626,#13633,#13640,#13647,#13654,#13661,#13668,#13675,
    #13682,#13689,#13696,#13703,#13710,#13717,#13724,#13731,#13738,
    #13745,#13752,#13759,#13766,#13773,#13780,#13787,#13794,#13801,
    #13808,#13815,#13822,#13829,#13836,#13843,#13850,#13857,#13864,
    #13871,#13878,#13885,#13892,#13899,#13906,#13913,#13920,#13927,
    #13934,#13941,#13948,#13955,#13962,#13969,#13976,#13983,#13990,
    #13997,#14004,#14011,#14018,#14025,#14032,#14039,#14046,#14053,
    #14060,#14067,#14074,#14081,#14088,#14095,#14102,#14109,#14116,
    #14123,#14130,#14137,#14144,#14151,#14158,#14165,#14172,#14179,
    #14186,#14193,#14200,#14207),#5903);
#13177 = STYLED_ITEM('color',(#13178),#1777);
#13178 = PRESENTATION_STYLE_ASSIGNMENT((#13179));
#13179 = SURFACE_STYLE_USAGE(.BOTH.,#13180);
#13180 = SURFACE_SIDE_STYLE('',(#13181));
#13181 = SURFACE_STYLE_FILL_AREA(#13182);
#13182 = FILL_AREA_STYLE('',(#13183));
#13183 = FILL_AREA_STYLE_COLOUR('',#13184);
#13184 = COLOUR_RGB('',0.147999998088,0.144999993226,0.144999993226);
#13185 = STYLED_ITEM('color',(#13186),#1817);
#13186 = PRESENTATION_STYLE_ASSIGNMENT((#13187));
#13187 = SURFACE_STYLE_USAGE(.BOTH.,#13188);
#13188 = SURFACE_SIDE_STYLE('',(#13189));
#13189 = SURFACE_STYLE_FILL_AREA(#13190);
#13190 = FILL_AREA_STYLE('',(#13191));
#13191 = FILL_AREA_STYLE_COLOUR('',#13184);
#13192 = STYLED_ITEM('color',(#13193),#1848);
#13193 = PRESENTATION_STYLE_ASSIGNMENT((#13194));
#13194 = SURFACE_STYLE_USAGE(.BOTH.,#13195);
#13195 = SURFACE_SIDE_STYLE('',(#13196));
#13196 = SURFACE_STYLE_FILL_AREA(#13197);
#13197 = FILL_AREA_STYLE('',(#13198));
#13198 = FILL_AREA_STYLE_COLOUR('',#13184);
#13199 = STYLED_ITEM('color',(#13200),#1879);
#13200 = PRESENTATION_STYLE_ASSIGNMENT((#13201));
#13201 = SURFACE_STYLE_USAGE(.BOTH.,#13202);
#13202 = SURFACE_SIDE_STYLE('',(#13203));
#13203 = SURFACE_STYLE_FILL_AREA(#13204);
#13204 = FILL_AREA_STYLE('',(#13205));
#13205 = FILL_AREA_STYLE_COLOUR('',#13184);
#13206 = STYLED_ITEM('color',(#13207),#2372);
#13207 = PRESENTATION_STYLE_ASSIGNMENT((#13208));
#13208 = SURFACE_STYLE_USAGE(.BOTH.,#13209);
#13209 = SURFACE_SIDE_STYLE('',(#13210));
#13210 = SURFACE_STYLE_FILL_AREA(#13211);
#13211 = FILL_AREA_STYLE('',(#13212));
#13212 = FILL_AREA_STYLE_COLOUR('',#13184);
#13213 = STYLED_ITEM('color',(#13214),#2865);
#13214 = PRESENTATION_STYLE_ASSIGNMENT((#13215));
#13215 = SURFACE_STYLE_USAGE(.BOTH.,#13216);
#13216 = SURFACE_SIDE_STYLE('',(#13217));
#13217 = SURFACE_STYLE_FILL_AREA(#13218);
#13218 = FILL_AREA_STYLE('',(#13219));
#13219 = FILL_AREA_STYLE_COLOUR('',#13184);
#13220 = STYLED_ITEM('color',(#13221),#2882);
#13221 = PRESENTATION_STYLE_ASSIGNMENT((#13222));
#13222 = SURFACE_STYLE_USAGE(.BOTH.,#13223);
#13223 = SURFACE_SIDE_STYLE('',(#13224));
#13224 = SURFACE_STYLE_FILL_AREA(#13225);
#13225 = FILL_AREA_STYLE('',(#13226));
#13226 = FILL_AREA_STYLE_COLOUR('',#13184);
#13227 = STYLED_ITEM('color',(#13228),#2899);
#13228 = PRESENTATION_STYLE_ASSIGNMENT((#13229));
#13229 = SURFACE_STYLE_USAGE(.BOTH.,#13230);
#13230 = SURFACE_SIDE_STYLE('',(#13231));
#13231 = SURFACE_STYLE_FILL_AREA(#13232);
#13232 = FILL_AREA_STYLE('',(#13233));
#13233 = FILL_AREA_STYLE_COLOUR('',#13184);
#13234 = STYLED_ITEM('color',(#13235),#2916);
#13235 = PRESENTATION_STYLE_ASSIGNMENT((#13236));
#13236 = SURFACE_STYLE_USAGE(.BOTH.,#13237);
#13237 = SURFACE_SIDE_STYLE('',(#13238));
#13238 = SURFACE_STYLE_FILL_AREA(#13239);
#13239 = FILL_AREA_STYLE('',(#13240));
#13240 = FILL_AREA_STYLE_COLOUR('',#13184);
#13241 = STYLED_ITEM('color',(#13242),#2933);
#13242 = PRESENTATION_STYLE_ASSIGNMENT((#13243));
#13243 = SURFACE_STYLE_USAGE(.BOTH.,#13244);
#13244 = SURFACE_SIDE_STYLE('',(#13245));
#13245 = SURFACE_STYLE_FILL_AREA(#13246);
#13246 = FILL_AREA_STYLE('',(#13247));
#13247 = FILL_AREA_STYLE_COLOUR('',#13184);
#13248 = STYLED_ITEM('color',(#13249),#2950);
#13249 = PRESENTATION_STYLE_ASSIGNMENT((#13250));
#13250 = SURFACE_STYLE_USAGE(.BOTH.,#13251);
#13251 = SURFACE_SIDE_STYLE('',(#13252));
#13252 = SURFACE_STYLE_FILL_AREA(#13253);
#13253 = FILL_AREA_STYLE('',(#13254));
#13254 = FILL_AREA_STYLE_COLOUR('',#13184);
#13255 = STYLED_ITEM('color',(#13256),#2967);
#13256 = PRESENTATION_STYLE_ASSIGNMENT((#13257));
#13257 = SURFACE_STYLE_USAGE(.BOTH.,#13258);
#13258 = SURFACE_SIDE_STYLE('',(#13259));
#13259 = SURFACE_STYLE_FILL_AREA(#13260);
#13260 = FILL_AREA_STYLE('',(#13261));
#13261 = FILL_AREA_STYLE_COLOUR('',#13184);
#13262 = STYLED_ITEM('color',(#13263),#2984);
#13263 = PRESENTATION_STYLE_ASSIGNMENT((#13264));
#13264 = SURFACE_STYLE_USAGE(.BOTH.,#13265);
#13265 = SURFACE_SIDE_STYLE('',(#13266));
#13266 = SURFACE_STYLE_FILL_AREA(#13267);
#13267 = FILL_AREA_STYLE('',(#13268));
#13268 = FILL_AREA_STYLE_COLOUR('',#13184);
#13269 = STYLED_ITEM('color',(#13270),#3001);
#13270 = PRESENTATION_STYLE_ASSIGNMENT((#13271));
#13271 = SURFACE_STYLE_USAGE(.BOTH.,#13272);
#13272 = SURFACE_SIDE_STYLE('',(#13273));
#13273 = SURFACE_STYLE_FILL_AREA(#13274);
#13274 = FILL_AREA_STYLE('',(#13275));
#13275 = FILL_AREA_STYLE_COLOUR('',#13184);
#13276 = STYLED_ITEM('color',(#13277),#3018);
#13277 = PRESENTATION_STYLE_ASSIGNMENT((#13278));
#13278 = SURFACE_STYLE_USAGE(.BOTH.,#13279);
#13279 = SURFACE_SIDE_STYLE('',(#13280));
#13280 = SURFACE_STYLE_FILL_AREA(#13281);
#13281 = FILL_AREA_STYLE('',(#13282));
#13282 = FILL_AREA_STYLE_COLOUR('',#13184);
#13283 = STYLED_ITEM('color',(#13284),#3035);
#13284 = PRESENTATION_STYLE_ASSIGNMENT((#13285));
#13285 = SURFACE_STYLE_USAGE(.BOTH.,#13286);
#13286 = SURFACE_SIDE_STYLE('',(#13287));
#13287 = SURFACE_STYLE_FILL_AREA(#13288);
#13288 = FILL_AREA_STYLE('',(#13289));
#13289 = FILL_AREA_STYLE_COLOUR('',#13184);
#13290 = STYLED_ITEM('color',(#13291),#3052);
#13291 = PRESENTATION_STYLE_ASSIGNMENT((#13292));
#13292 = SURFACE_STYLE_USAGE(.BOTH.,#13293);
#13293 = SURFACE_SIDE_STYLE('',(#13294));
#13294 = SURFACE_STYLE_FILL_AREA(#13295);
#13295 = FILL_AREA_STYLE('',(#13296));
#13296 = FILL_AREA_STYLE_COLOUR('',#13184);
#13297 = STYLED_ITEM('color',(#13298),#3069);
#13298 = PRESENTATION_STYLE_ASSIGNMENT((#13299));
#13299 = SURFACE_STYLE_USAGE(.BOTH.,#13300);
#13300 = SURFACE_SIDE_STYLE('',(#13301));
#13301 = SURFACE_STYLE_FILL_AREA(#13302);
#13302 = FILL_AREA_STYLE('',(#13303));
#13303 = FILL_AREA_STYLE_COLOUR('',#13184);
#13304 = STYLED_ITEM('color',(#13305),#3086);
#13305 = PRESENTATION_STYLE_ASSIGNMENT((#13306));
#13306 = SURFACE_STYLE_USAGE(.BOTH.,#13307);
#13307 = SURFACE_SIDE_STYLE('',(#13308));
#13308 = SURFACE_STYLE_FILL_AREA(#13309);
#13309 = FILL_AREA_STYLE('',(#13310));
#13310 = FILL_AREA_STYLE_COLOUR('',#13184);
#13311 = STYLED_ITEM('color',(#13312),#3103);
#13312 = PRESENTATION_STYLE_ASSIGNMENT((#13313));
#13313 = SURFACE_STYLE_USAGE(.BOTH.,#13314);
#13314 = SURFACE_SIDE_STYLE('',(#13315));
#13315 = SURFACE_STYLE_FILL_AREA(#13316);
#13316 = FILL_AREA_STYLE('',(#13317));
#13317 = FILL_AREA_STYLE_COLOUR('',#13184);
#13318 = STYLED_ITEM('color',(#13319),#3120);
#13319 = PRESENTATION_STYLE_ASSIGNMENT((#13320));
#13320 = SURFACE_STYLE_USAGE(.BOTH.,#13321);
#13321 = SURFACE_SIDE_STYLE('',(#13322));
#13322 = SURFACE_STYLE_FILL_AREA(#13323);
#13323 = FILL_AREA_STYLE('',(#13324));
#13324 = FILL_AREA_STYLE_COLOUR('',#13184);
#13325 = STYLED_ITEM('color',(#13326),#3137);
#13326 = PRESENTATION_STYLE_ASSIGNMENT((#13327));
#13327 = SURFACE_STYLE_USAGE(.BOTH.,#13328);
#13328 = SURFACE_SIDE_STYLE('',(#13329));
#13329 = SURFACE_STYLE_FILL_AREA(#13330);
#13330 = FILL_AREA_STYLE('',(#13331));
#13331 = FILL_AREA_STYLE_COLOUR('',#13184);
#13332 = STYLED_ITEM('color',(#13333),#3154);
#13333 = PRESENTATION_STYLE_ASSIGNMENT((#13334));
#13334 = SURFACE_STYLE_USAGE(.BOTH.,#13335);
#13335 = SURFACE_SIDE_STYLE('',(#13336));
#13336 = SURFACE_STYLE_FILL_AREA(#13337);
#13337 = FILL_AREA_STYLE('',(#13338));
#13338 = FILL_AREA_STYLE_COLOUR('',#13184);
#13339 = STYLED_ITEM('color',(#13340),#3171);
#13340 = PRESENTATION_STYLE_ASSIGNMENT((#13341));
#13341 = SURFACE_STYLE_USAGE(.BOTH.,#13342);
#13342 = SURFACE_SIDE_STYLE('',(#13343));
#13343 = SURFACE_STYLE_FILL_AREA(#13344);
#13344 = FILL_AREA_STYLE('',(#13345));
#13345 = FILL_AREA_STYLE_COLOUR('',#13184);
#13346 = STYLED_ITEM('color',(#13347),#3188);
#13347 = PRESENTATION_STYLE_ASSIGNMENT((#13348));
#13348 = SURFACE_STYLE_USAGE(.BOTH.,#13349);
#13349 = SURFACE_SIDE_STYLE('',(#13350));
#13350 = SURFACE_STYLE_FILL_AREA(#13351);
#13351 = FILL_AREA_STYLE('',(#13352));
#13352 = FILL_AREA_STYLE_COLOUR('',#13184);
#13353 = STYLED_ITEM('color',(#13354),#3205);
#13354 = PRESENTATION_STYLE_ASSIGNMENT((#13355));
#13355 = SURFACE_STYLE_USAGE(.BOTH.,#13356);
#13356 = SURFACE_SIDE_STYLE('',(#13357));
#13357 = SURFACE_STYLE_FILL_AREA(#13358);
#13358 = FILL_AREA_STYLE('',(#13359));
#13359 = FILL_AREA_STYLE_COLOUR('',#13184);
#13360 = STYLED_ITEM('color',(#13361),#3222);
#13361 = PRESENTATION_STYLE_ASSIGNMENT((#13362));
#13362 = SURFACE_STYLE_USAGE(.BOTH.,#13363);
#13363 = SURFACE_SIDE_STYLE('',(#13364));
#13364 = SURFACE_STYLE_FILL_AREA(#13365);
#13365 = FILL_AREA_STYLE('',(#13366));
#13366 = FILL_AREA_STYLE_COLOUR('',#13184);
#13367 = STYLED_ITEM('color',(#13368),#3239);
#13368 = PRESENTATION_STYLE_ASSIGNMENT((#13369));
#13369 = SURFACE_STYLE_USAGE(.BOTH.,#13370);
#13370 = SURFACE_SIDE_STYLE('',(#13371));
#13371 = SURFACE_STYLE_FILL_AREA(#13372);
#13372 = FILL_AREA_STYLE('',(#13373));
#13373 = FILL_AREA_STYLE_COLOUR('',#13184);
#13374 = STYLED_ITEM('color',(#13375),#3256);
#13375 = PRESENTATION_STYLE_ASSIGNMENT((#13376));
#13376 = SURFACE_STYLE_USAGE(.BOTH.,#13377);
#13377 = SURFACE_SIDE_STYLE('',(#13378));
#13378 = SURFACE_STYLE_FILL_AREA(#13379);
#13379 = FILL_AREA_STYLE('',(#13380));
#13380 = FILL_AREA_STYLE_COLOUR('',#13184);
#13381 = STYLED_ITEM('color',(#13382),#3273);
#13382 = PRESENTATION_STYLE_ASSIGNMENT((#13383));
#13383 = SURFACE_STYLE_USAGE(.BOTH.,#13384);
#13384 = SURFACE_SIDE_STYLE('',(#13385));
#13385 = SURFACE_STYLE_FILL_AREA(#13386);
#13386 = FILL_AREA_STYLE('',(#13387));
#13387 = FILL_AREA_STYLE_COLOUR('',#13184);
#13388 = STYLED_ITEM('color',(#13389),#3290);
#13389 = PRESENTATION_STYLE_ASSIGNMENT((#13390));
#13390 = SURFACE_STYLE_USAGE(.BOTH.,#13391);
#13391 = SURFACE_SIDE_STYLE('',(#13392));
#13392 = SURFACE_STYLE_FILL_AREA(#13393);
#13393 = FILL_AREA_STYLE('',(#13394));
#13394 = FILL_AREA_STYLE_COLOUR('',#13184);
#13395 = STYLED_ITEM('color',(#13396),#3307);
#13396 = PRESENTATION_STYLE_ASSIGNMENT((#13397));
#13397 = SURFACE_STYLE_USAGE(.BOTH.,#13398);
#13398 = SURFACE_SIDE_STYLE('',(#13399));
#13399 = SURFACE_STYLE_FILL_AREA(#13400);
#13400 = FILL_AREA_STYLE('',(#13401));
#13401 = FILL_AREA_STYLE_COLOUR('',#13184);
#13402 = STYLED_ITEM('color',(#13403),#3324);
#13403 = PRESENTATION_STYLE_ASSIGNMENT((#13404));
#13404 = SURFACE_STYLE_USAGE(.BOTH.,#13405);
#13405 = SURFACE_SIDE_STYLE('',(#13406));
#13406 = SURFACE_STYLE_FILL_AREA(#13407);
#13407 = FILL_AREA_STYLE('',(#13408));
#13408 = FILL_AREA_STYLE_COLOUR('',#13184);
#13409 = STYLED_ITEM('color',(#13410),#3341);
#13410 = PRESENTATION_STYLE_ASSIGNMENT((#13411));
#13411 = SURFACE_STYLE_USAGE(.BOTH.,#13412);
#13412 = SURFACE_SIDE_STYLE('',(#13413));
#13413 = SURFACE_STYLE_FILL_AREA(#13414);
#13414 = FILL_AREA_STYLE('',(#13415));
#13415 = FILL_AREA_STYLE_COLOUR('',#13184);
#13416 = STYLED_ITEM('color',(#13417),#3358);
#13417 = PRESENTATION_STYLE_ASSIGNMENT((#13418));
#13418 = SURFACE_STYLE_USAGE(.BOTH.,#13419);
#13419 = SURFACE_SIDE_STYLE('',(#13420));
#13420 = SURFACE_STYLE_FILL_AREA(#13421);
#13421 = FILL_AREA_STYLE('',(#13422));
#13422 = FILL_AREA_STYLE_COLOUR('',#13184);
#13423 = STYLED_ITEM('color',(#13424),#3375);
#13424 = PRESENTATION_STYLE_ASSIGNMENT((#13425));
#13425 = SURFACE_STYLE_USAGE(.BOTH.,#13426);
#13426 = SURFACE_SIDE_STYLE('',(#13427));
#13427 = SURFACE_STYLE_FILL_AREA(#13428);
#13428 = FILL_AREA_STYLE('',(#13429));
#13429 = FILL_AREA_STYLE_COLOUR('',#13184);
#13430 = STYLED_ITEM('color',(#13431),#3392);
#13431 = PRESENTATION_STYLE_ASSIGNMENT((#13432));
#13432 = SURFACE_STYLE_USAGE(.BOTH.,#13433);
#13433 = SURFACE_SIDE_STYLE('',(#13434));
#13434 = SURFACE_STYLE_FILL_AREA(#13435);
#13435 = FILL_AREA_STYLE('',(#13436));
#13436 = FILL_AREA_STYLE_COLOUR('',#13184);
#13437 = STYLED_ITEM('color',(#13438),#3409);
#13438 = PRESENTATION_STYLE_ASSIGNMENT((#13439));
#13439 = SURFACE_STYLE_USAGE(.BOTH.,#13440);
#13440 = SURFACE_SIDE_STYLE('',(#13441));
#13441 = SURFACE_STYLE_FILL_AREA(#13442);
#13442 = FILL_AREA_STYLE('',(#13443));
#13443 = FILL_AREA_STYLE_COLOUR('',#13184);
#13444 = STYLED_ITEM('color',(#13445),#3426);
#13445 = PRESENTATION_STYLE_ASSIGNMENT((#13446));
#13446 = SURFACE_STYLE_USAGE(.BOTH.,#13447);
#13447 = SURFACE_SIDE_STYLE('',(#13448));
#13448 = SURFACE_STYLE_FILL_AREA(#13449);
#13449 = FILL_AREA_STYLE('',(#13450));
#13450 = FILL_AREA_STYLE_COLOUR('',#13184);
#13451 = STYLED_ITEM('color',(#13452),#3443);
#13452 = PRESENTATION_STYLE_ASSIGNMENT((#13453));
#13453 = SURFACE_STYLE_USAGE(.BOTH.,#13454);
#13454 = SURFACE_SIDE_STYLE('',(#13455));
#13455 = SURFACE_STYLE_FILL_AREA(#13456);
#13456 = FILL_AREA_STYLE('',(#13457));
#13457 = FILL_AREA_STYLE_COLOUR('',#13184);
#13458 = STYLED_ITEM('color',(#13459),#3455);
#13459 = PRESENTATION_STYLE_ASSIGNMENT((#13460));
#13460 = SURFACE_STYLE_USAGE(.BOTH.,#13461);
#13461 = SURFACE_SIDE_STYLE('',(#13462));
#13462 = SURFACE_STYLE_FILL_AREA(#13463);
#13463 = FILL_AREA_STYLE('',(#13464));
#13464 = FILL_AREA_STYLE_COLOUR('',#12695);
#13465 = STYLED_ITEM('color',(#13466),#3486);
#13466 = PRESENTATION_STYLE_ASSIGNMENT((#13467));
#13467 = SURFACE_STYLE_USAGE(.BOTH.,#13468);
#13468 = SURFACE_SIDE_STYLE('',(#13469));
#13469 = SURFACE_STYLE_FILL_AREA(#13470);
#13470 = FILL_AREA_STYLE('',(#13471));
#13471 = FILL_AREA_STYLE_COLOUR('',#12695);
#13472 = STYLED_ITEM('color',(#13473),#3510);
#13473 = PRESENTATION_STYLE_ASSIGNMENT((#13474));
#13474 = SURFACE_STYLE_USAGE(.BOTH.,#13475);
#13475 = SURFACE_SIDE_STYLE('',(#13476));
#13476 = SURFACE_STYLE_FILL_AREA(#13477);
#13477 = FILL_AREA_STYLE('',(#13478));
#13478 = FILL_AREA_STYLE_COLOUR('',#12695);
#13479 = STYLED_ITEM('color',(#13480),#3534);
#13480 = PRESENTATION_STYLE_ASSIGNMENT((#13481));
#13481 = SURFACE_STYLE_USAGE(.BOTH.,#13482);
#13482 = SURFACE_SIDE_STYLE('',(#13483));
#13483 = SURFACE_STYLE_FILL_AREA(#13484);
#13484 = FILL_AREA_STYLE('',(#13485));
#13485 = FILL_AREA_STYLE_COLOUR('',#12695);
#13486 = STYLED_ITEM('color',(#13487),#3551);
#13487 = PRESENTATION_STYLE_ASSIGNMENT((#13488));
#13488 = SURFACE_STYLE_USAGE(.BOTH.,#13489);
#13489 = SURFACE_SIDE_STYLE('',(#13490));
#13490 = SURFACE_STYLE_FILL_AREA(#13491);
#13491 = FILL_AREA_STYLE('',(#13492));
#13492 = FILL_AREA_STYLE_COLOUR('',#12695);
#13493 = STYLED_ITEM('color',(#13494),#3582);
#13494 = PRESENTATION_STYLE_ASSIGNMENT((#13495));
#13495 = SURFACE_STYLE_USAGE(.BOTH.,#13496);
#13496 = SURFACE_SIDE_STYLE('',(#13497));
#13497 = SURFACE_STYLE_FILL_AREA(#13498);
#13498 = FILL_AREA_STYLE('',(#13499));
#13499 = FILL_AREA_STYLE_COLOUR('',#12695);
#13500 = STYLED_ITEM('color',(#13501),#3606);
#13501 = PRESENTATION_STYLE_ASSIGNMENT((#13502));
#13502 = SURFACE_STYLE_USAGE(.BOTH.,#13503);
#13503 = SURFACE_SIDE_STYLE('',(#13504));
#13504 = SURFACE_STYLE_FILL_AREA(#13505);
#13505 = FILL_AREA_STYLE('',(#13506));
#13506 = FILL_AREA_STYLE_COLOUR('',#12695);
#13507 = STYLED_ITEM('color',(#13508),#3630);
#13508 = PRESENTATION_STYLE_ASSIGNMENT((#13509));
#13509 = SURFACE_STYLE_USAGE(.BOTH.,#13510);
#13510 = SURFACE_SIDE_STYLE('',(#13511));
#13511 = SURFACE_STYLE_FILL_AREA(#13512);
#13512 = FILL_AREA_STYLE('',(#13513));
#13513 = FILL_AREA_STYLE_COLOUR('',#12695);
#13514 = STYLED_ITEM('color',(#13515),#3647);
#13515 = PRESENTATION_STYLE_ASSIGNMENT((#13516));
#13516 = SURFACE_STYLE_USAGE(.BOTH.,#13517);
#13517 = SURFACE_SIDE_STYLE('',(#13518));
#13518 = SURFACE_STYLE_FILL_AREA(#13519);
#13519 = FILL_AREA_STYLE('',(#13520));
#13520 = FILL_AREA_STYLE_COLOUR('',#12695);
#13521 = STYLED_ITEM('color',(#13522),#3678);
#13522 = PRESENTATION_STYLE_ASSIGNMENT((#13523));
#13523 = SURFACE_STYLE_USAGE(.BOTH.,#13524);
#13524 = SURFACE_SIDE_STYLE('',(#13525));
#13525 = SURFACE_STYLE_FILL_AREA(#13526);
#13526 = FILL_AREA_STYLE('',(#13527));
#13527 = FILL_AREA_STYLE_COLOUR('',#12695);
#13528 = STYLED_ITEM('color',(#13529),#3702);
#13529 = PRESENTATION_STYLE_ASSIGNMENT((#13530));
#13530 = SURFACE_STYLE_USAGE(.BOTH.,#13531);
#13531 = SURFACE_SIDE_STYLE('',(#13532));
#13532 = SURFACE_STYLE_FILL_AREA(#13533);
#13533 = FILL_AREA_STYLE('',(#13534));
#13534 = FILL_AREA_STYLE_COLOUR('',#12695);
#13535 = STYLED_ITEM('color',(#13536),#3726);
#13536 = PRESENTATION_STYLE_ASSIGNMENT((#13537));
#13537 = SURFACE_STYLE_USAGE(.BOTH.,#13538);
#13538 = SURFACE_SIDE_STYLE('',(#13539));
#13539 = SURFACE_STYLE_FILL_AREA(#13540);
#13540 = FILL_AREA_STYLE('',(#13541));
#13541 = FILL_AREA_STYLE_COLOUR('',#12695);
#13542 = STYLED_ITEM('color',(#13543),#3743);
#13543 = PRESENTATION_STYLE_ASSIGNMENT((#13544));
#13544 = SURFACE_STYLE_USAGE(.BOTH.,#13545);
#13545 = SURFACE_SIDE_STYLE('',(#13546));
#13546 = SURFACE_STYLE_FILL_AREA(#13547);
#13547 = FILL_AREA_STYLE('',(#13548));
#13548 = FILL_AREA_STYLE_COLOUR('',#12695);
#13549 = STYLED_ITEM('color',(#13550),#3774);
#13550 = PRESENTATION_STYLE_ASSIGNMENT((#13551));
#13551 = SURFACE_STYLE_USAGE(.BOTH.,#13552);
#13552 = SURFACE_SIDE_STYLE('',(#13553));
#13553 = SURFACE_STYLE_FILL_AREA(#13554);
#13554 = FILL_AREA_STYLE('',(#13555));
#13555 = FILL_AREA_STYLE_COLOUR('',#12695);
#13556 = STYLED_ITEM('color',(#13557),#3798);
#13557 = PRESENTATION_STYLE_ASSIGNMENT((#13558));
#13558 = SURFACE_STYLE_USAGE(.BOTH.,#13559);
#13559 = SURFACE_SIDE_STYLE('',(#13560));
#13560 = SURFACE_STYLE_FILL_AREA(#13561);
#13561 = FILL_AREA_STYLE('',(#13562));
#13562 = FILL_AREA_STYLE_COLOUR('',#12695);
#13563 = STYLED_ITEM('color',(#13564),#3822);
#13564 = PRESENTATION_STYLE_ASSIGNMENT((#13565));
#13565 = SURFACE_STYLE_USAGE(.BOTH.,#13566);
#13566 = SURFACE_SIDE_STYLE('',(#13567));
#13567 = SURFACE_STYLE_FILL_AREA(#13568);
#13568 = FILL_AREA_STYLE('',(#13569));
#13569 = FILL_AREA_STYLE_COLOUR('',#12695);
#13570 = STYLED_ITEM('color',(#13571),#3839);
#13571 = PRESENTATION_STYLE_ASSIGNMENT((#13572));
#13572 = SURFACE_STYLE_USAGE(.BOTH.,#13573);
#13573 = SURFACE_SIDE_STYLE('',(#13574));
#13574 = SURFACE_STYLE_FILL_AREA(#13575);
#13575 = FILL_AREA_STYLE('',(#13576));
#13576 = FILL_AREA_STYLE_COLOUR('',#12695);
#13577 = STYLED_ITEM('color',(#13578),#3870);
#13578 = PRESENTATION_STYLE_ASSIGNMENT((#13579));
#13579 = SURFACE_STYLE_USAGE(.BOTH.,#13580);
#13580 = SURFACE_SIDE_STYLE('',(#13581));
#13581 = SURFACE_STYLE_FILL_AREA(#13582);
#13582 = FILL_AREA_STYLE('',(#13583));
#13583 = FILL_AREA_STYLE_COLOUR('',#12695);
#13584 = STYLED_ITEM('color',(#13585),#3894);
#13585 = PRESENTATION_STYLE_ASSIGNMENT((#13586));
#13586 = SURFACE_STYLE_USAGE(.BOTH.,#13587);
#13587 = SURFACE_SIDE_STYLE('',(#13588));
#13588 = SURFACE_STYLE_FILL_AREA(#13589);
#13589 = FILL_AREA_STYLE('',(#13590));
#13590 = FILL_AREA_STYLE_COLOUR('',#12695);
#13591 = STYLED_ITEM('color',(#13592),#3918);
#13592 = PRESENTATION_STYLE_ASSIGNMENT((#13593));
#13593 = SURFACE_STYLE_USAGE(.BOTH.,#13594);
#13594 = SURFACE_SIDE_STYLE('',(#13595));
#13595 = SURFACE_STYLE_FILL_AREA(#13596);
#13596 = FILL_AREA_STYLE('',(#13597));
#13597 = FILL_AREA_STYLE_COLOUR('',#12695);
#13598 = STYLED_ITEM('color',(#13599),#3935);
#13599 = PRESENTATION_STYLE_ASSIGNMENT((#13600));
#13600 = SURFACE_STYLE_USAGE(.BOTH.,#13601);
#13601 = SURFACE_SIDE_STYLE('',(#13602));
#13602 = SURFACE_STYLE_FILL_AREA(#13603);
#13603 = FILL_AREA_STYLE('',(#13604));
#13604 = FILL_AREA_STYLE_COLOUR('',#12695);
#13605 = STYLED_ITEM('color',(#13606),#3966);
#13606 = PRESENTATION_STYLE_ASSIGNMENT((#13607));
#13607 = SURFACE_STYLE_USAGE(.BOTH.,#13608);
#13608 = SURFACE_SIDE_STYLE('',(#13609));
#13609 = SURFACE_STYLE_FILL_AREA(#13610);
#13610 = FILL_AREA_STYLE('',(#13611));
#13611 = FILL_AREA_STYLE_COLOUR('',#12695);
#13612 = STYLED_ITEM('color',(#13613),#3990);
#13613 = PRESENTATION_STYLE_ASSIGNMENT((#13614));
#13614 = SURFACE_STYLE_USAGE(.BOTH.,#13615);
#13615 = SURFACE_SIDE_STYLE('',(#13616));
#13616 = SURFACE_STYLE_FILL_AREA(#13617);
#13617 = FILL_AREA_STYLE('',(#13618));
#13618 = FILL_AREA_STYLE_COLOUR('',#12695);
#13619 = STYLED_ITEM('color',(#13620),#4014);
#13620 = PRESENTATION_STYLE_ASSIGNMENT((#13621));
#13621 = SURFACE_STYLE_USAGE(.BOTH.,#13622);
#13622 = SURFACE_SIDE_STYLE('',(#13623));
#13623 = SURFACE_STYLE_FILL_AREA(#13624);
#13624 = FILL_AREA_STYLE('',(#13625));
#13625 = FILL_AREA_STYLE_COLOUR('',#12695);
#13626 = STYLED_ITEM('color',(#13627),#4031);
#13627 = PRESENTATION_STYLE_ASSIGNMENT((#13628));
#13628 = SURFACE_STYLE_USAGE(.BOTH.,#13629);
#13629 = SURFACE_SIDE_STYLE('',(#13630));
#13630 = SURFACE_STYLE_FILL_AREA(#13631);
#13631 = FILL_AREA_STYLE('',(#13632));
#13632 = FILL_AREA_STYLE_COLOUR('',#12695);
#13633 = STYLED_ITEM('color',(#13634),#4062);
#13634 = PRESENTATION_STYLE_ASSIGNMENT((#13635));
#13635 = SURFACE_STYLE_USAGE(.BOTH.,#13636);
#13636 = SURFACE_SIDE_STYLE('',(#13637));
#13637 = SURFACE_STYLE_FILL_AREA(#13638);
#13638 = FILL_AREA_STYLE('',(#13639));
#13639 = FILL_AREA_STYLE_COLOUR('',#12695);
#13640 = STYLED_ITEM('color',(#13641),#4086);
#13641 = PRESENTATION_STYLE_ASSIGNMENT((#13642));
#13642 = SURFACE_STYLE_USAGE(.BOTH.,#13643);
#13643 = SURFACE_SIDE_STYLE('',(#13644));
#13644 = SURFACE_STYLE_FILL_AREA(#13645);
#13645 = FILL_AREA_STYLE('',(#13646));
#13646 = FILL_AREA_STYLE_COLOUR('',#12695);
#13647 = STYLED_ITEM('color',(#13648),#4110);
#13648 = PRESENTATION_STYLE_ASSIGNMENT((#13649));
#13649 = SURFACE_STYLE_USAGE(.BOTH.,#13650);
#13650 = SURFACE_SIDE_STYLE('',(#13651));
#13651 = SURFACE_STYLE_FILL_AREA(#13652);
#13652 = FILL_AREA_STYLE('',(#13653));
#13653 = FILL_AREA_STYLE_COLOUR('',#12695);
#13654 = STYLED_ITEM('color',(#13655),#4127);
#13655 = PRESENTATION_STYLE_ASSIGNMENT((#13656));
#13656 = SURFACE_STYLE_USAGE(.BOTH.,#13657);
#13657 = SURFACE_SIDE_STYLE('',(#13658));
#13658 = SURFACE_STYLE_FILL_AREA(#13659);
#13659 = FILL_AREA_STYLE('',(#13660));
#13660 = FILL_AREA_STYLE_COLOUR('',#12695);
#13661 = STYLED_ITEM('color',(#13662),#4158);
#13662 = PRESENTATION_STYLE_ASSIGNMENT((#13663));
#13663 = SURFACE_STYLE_USAGE(.BOTH.,#13664);
#13664 = SURFACE_SIDE_STYLE('',(#13665));
#13665 = SURFACE_STYLE_FILL_AREA(#13666);
#13666 = FILL_AREA_STYLE('',(#13667));
#13667 = FILL_AREA_STYLE_COLOUR('',#12695);
#13668 = STYLED_ITEM('color',(#13669),#4182);
#13669 = PRESENTATION_STYLE_ASSIGNMENT((#13670));
#13670 = SURFACE_STYLE_USAGE(.BOTH.,#13671);
#13671 = SURFACE_SIDE_STYLE('',(#13672));
#13672 = SURFACE_STYLE_FILL_AREA(#13673);
#13673 = FILL_AREA_STYLE('',(#13674));
#13674 = FILL_AREA_STYLE_COLOUR('',#12695);
#13675 = STYLED_ITEM('color',(#13676),#4206);
#13676 = PRESENTATION_STYLE_ASSIGNMENT((#13677));
#13677 = SURFACE_STYLE_USAGE(.BOTH.,#13678);
#13678 = SURFACE_SIDE_STYLE('',(#13679));
#13679 = SURFACE_STYLE_FILL_AREA(#13680);
#13680 = FILL_AREA_STYLE('',(#13681));
#13681 = FILL_AREA_STYLE_COLOUR('',#12695);
#13682 = STYLED_ITEM('color',(#13683),#4223);
#13683 = PRESENTATION_STYLE_ASSIGNMENT((#13684));
#13684 = SURFACE_STYLE_USAGE(.BOTH.,#13685);
#13685 = SURFACE_SIDE_STYLE('',(#13686));
#13686 = SURFACE_STYLE_FILL_AREA(#13687);
#13687 = FILL_AREA_STYLE('',(#13688));
#13688 = FILL_AREA_STYLE_COLOUR('',#12695);
#13689 = STYLED_ITEM('color',(#13690),#4254);
#13690 = PRESENTATION_STYLE_ASSIGNMENT((#13691));
#13691 = SURFACE_STYLE_USAGE(.BOTH.,#13692);
#13692 = SURFACE_SIDE_STYLE('',(#13693));
#13693 = SURFACE_STYLE_FILL_AREA(#13694);
#13694 = FILL_AREA_STYLE('',(#13695));
#13695 = FILL_AREA_STYLE_COLOUR('',#12695);
#13696 = STYLED_ITEM('color',(#13697),#4278);
#13697 = PRESENTATION_STYLE_ASSIGNMENT((#13698));
#13698 = SURFACE_STYLE_USAGE(.BOTH.,#13699);
#13699 = SURFACE_SIDE_STYLE('',(#13700));
#13700 = SURFACE_STYLE_FILL_AREA(#13701);
#13701 = FILL_AREA_STYLE('',(#13702));
#13702 = FILL_AREA_STYLE_COLOUR('',#12695);
#13703 = STYLED_ITEM('color',(#13704),#4302);
#13704 = PRESENTATION_STYLE_ASSIGNMENT((#13705));
#13705 = SURFACE_STYLE_USAGE(.BOTH.,#13706);
#13706 = SURFACE_SIDE_STYLE('',(#13707));
#13707 = SURFACE_STYLE_FILL_AREA(#13708);
#13708 = FILL_AREA_STYLE('',(#13709));
#13709 = FILL_AREA_STYLE_COLOUR('',#12695);
#13710 = STYLED_ITEM('color',(#13711),#4319);
#13711 = PRESENTATION_STYLE_ASSIGNMENT((#13712));
#13712 = SURFACE_STYLE_USAGE(.BOTH.,#13713);
#13713 = SURFACE_SIDE_STYLE('',(#13714));
#13714 = SURFACE_STYLE_FILL_AREA(#13715);
#13715 = FILL_AREA_STYLE('',(#13716));
#13716 = FILL_AREA_STYLE_COLOUR('',#12695);
#13717 = STYLED_ITEM('color',(#13718),#4350);
#13718 = PRESENTATION_STYLE_ASSIGNMENT((#13719));
#13719 = SURFACE_STYLE_USAGE(.BOTH.,#13720);
#13720 = SURFACE_SIDE_STYLE('',(#13721));
#13721 = SURFACE_STYLE_FILL_AREA(#13722);
#13722 = FILL_AREA_STYLE('',(#13723));
#13723 = FILL_AREA_STYLE_COLOUR('',#12695);
#13724 = STYLED_ITEM('color',(#13725),#4374);
#13725 = PRESENTATION_STYLE_ASSIGNMENT((#13726));
#13726 = SURFACE_STYLE_USAGE(.BOTH.,#13727);
#13727 = SURFACE_SIDE_STYLE('',(#13728));
#13728 = SURFACE_STYLE_FILL_AREA(#13729);
#13729 = FILL_AREA_STYLE('',(#13730));
#13730 = FILL_AREA_STYLE_COLOUR('',#12695);
#13731 = STYLED_ITEM('color',(#13732),#4398);
#13732 = PRESENTATION_STYLE_ASSIGNMENT((#13733));
#13733 = SURFACE_STYLE_USAGE(.BOTH.,#13734);
#13734 = SURFACE_SIDE_STYLE('',(#13735));
#13735 = SURFACE_STYLE_FILL_AREA(#13736);
#13736 = FILL_AREA_STYLE('',(#13737));
#13737 = FILL_AREA_STYLE_COLOUR('',#12695);
#13738 = STYLED_ITEM('color',(#13739),#4415);
#13739 = PRESENTATION_STYLE_ASSIGNMENT((#13740));
#13740 = SURFACE_STYLE_USAGE(.BOTH.,#13741);
#13741 = SURFACE_SIDE_STYLE('',(#13742));
#13742 = SURFACE_STYLE_FILL_AREA(#13743);
#13743 = FILL_AREA_STYLE('',(#13744));
#13744 = FILL_AREA_STYLE_COLOUR('',#12695);
#13745 = STYLED_ITEM('color',(#13746),#4446);
#13746 = PRESENTATION_STYLE_ASSIGNMENT((#13747));
#13747 = SURFACE_STYLE_USAGE(.BOTH.,#13748);
#13748 = SURFACE_SIDE_STYLE('',(#13749));
#13749 = SURFACE_STYLE_FILL_AREA(#13750);
#13750 = FILL_AREA_STYLE('',(#13751));
#13751 = FILL_AREA_STYLE_COLOUR('',#12695);
#13752 = STYLED_ITEM('color',(#13753),#4470);
#13753 = PRESENTATION_STYLE_ASSIGNMENT((#13754));
#13754 = SURFACE_STYLE_USAGE(.BOTH.,#13755);
#13755 = SURFACE_SIDE_STYLE('',(#13756));
#13756 = SURFACE_STYLE_FILL_AREA(#13757);
#13757 = FILL_AREA_STYLE('',(#13758));
#13758 = FILL_AREA_STYLE_COLOUR('',#12695);
#13759 = STYLED_ITEM('color',(#13760),#4494);
#13760 = PRESENTATION_STYLE_ASSIGNMENT((#13761));
#13761 = SURFACE_STYLE_USAGE(.BOTH.,#13762);
#13762 = SURFACE_SIDE_STYLE('',(#13763));
#13763 = SURFACE_STYLE_FILL_AREA(#13764);
#13764 = FILL_AREA_STYLE('',(#13765));
#13765 = FILL_AREA_STYLE_COLOUR('',#12695);
#13766 = STYLED_ITEM('color',(#13767),#4511);
#13767 = PRESENTATION_STYLE_ASSIGNMENT((#13768));
#13768 = SURFACE_STYLE_USAGE(.BOTH.,#13769);
#13769 = SURFACE_SIDE_STYLE('',(#13770));
#13770 = SURFACE_STYLE_FILL_AREA(#13771);
#13771 = FILL_AREA_STYLE('',(#13772));
#13772 = FILL_AREA_STYLE_COLOUR('',#12695);
#13773 = STYLED_ITEM('color',(#13774),#4542);
#13774 = PRESENTATION_STYLE_ASSIGNMENT((#13775));
#13775 = SURFACE_STYLE_USAGE(.BOTH.,#13776);
#13776 = SURFACE_SIDE_STYLE('',(#13777));
#13777 = SURFACE_STYLE_FILL_AREA(#13778);
#13778 = FILL_AREA_STYLE('',(#13779));
#13779 = FILL_AREA_STYLE_COLOUR('',#12695);
#13780 = STYLED_ITEM('color',(#13781),#4566);
#13781 = PRESENTATION_STYLE_ASSIGNMENT((#13782));
#13782 = SURFACE_STYLE_USAGE(.BOTH.,#13783);
#13783 = SURFACE_SIDE_STYLE('',(#13784));
#13784 = SURFACE_STYLE_FILL_AREA(#13785);
#13785 = FILL_AREA_STYLE('',(#13786));
#13786 = FILL_AREA_STYLE_COLOUR('',#12695);
#13787 = STYLED_ITEM('color',(#13788),#4590);
#13788 = PRESENTATION_STYLE_ASSIGNMENT((#13789));
#13789 = SURFACE_STYLE_USAGE(.BOTH.,#13790);
#13790 = SURFACE_SIDE_STYLE('',(#13791));
#13791 = SURFACE_STYLE_FILL_AREA(#13792);
#13792 = FILL_AREA_STYLE('',(#13793));
#13793 = FILL_AREA_STYLE_COLOUR('',#12695);
#13794 = STYLED_ITEM('color',(#13795),#4607);
#13795 = PRESENTATION_STYLE_ASSIGNMENT((#13796));
#13796 = SURFACE_STYLE_USAGE(.BOTH.,#13797);
#13797 = SURFACE_SIDE_STYLE('',(#13798));
#13798 = SURFACE_STYLE_FILL_AREA(#13799);
#13799 = FILL_AREA_STYLE('',(#13800));
#13800 = FILL_AREA_STYLE_COLOUR('',#12695);
#13801 = STYLED_ITEM('color',(#13802),#4638);
#13802 = PRESENTATION_STYLE_ASSIGNMENT((#13803));
#13803 = SURFACE_STYLE_USAGE(.BOTH.,#13804);
#13804 = SURFACE_SIDE_STYLE('',(#13805));
#13805 = SURFACE_STYLE_FILL_AREA(#13806);
#13806 = FILL_AREA_STYLE('',(#13807));
#13807 = FILL_AREA_STYLE_COLOUR('',#12695);
#13808 = STYLED_ITEM('color',(#13809),#4662);
#13809 = PRESENTATION_STYLE_ASSIGNMENT((#13810));
#13810 = SURFACE_STYLE_USAGE(.BOTH.,#13811);
#13811 = SURFACE_SIDE_STYLE('',(#13812));
#13812 = SURFACE_STYLE_FILL_AREA(#13813);
#13813 = FILL_AREA_STYLE('',(#13814));
#13814 = FILL_AREA_STYLE_COLOUR('',#12695);
#13815 = STYLED_ITEM('color',(#13816),#4686);
#13816 = PRESENTATION_STYLE_ASSIGNMENT((#13817));
#13817 = SURFACE_STYLE_USAGE(.BOTH.,#13818);
#13818 = SURFACE_SIDE_STYLE('',(#13819));
#13819 = SURFACE_STYLE_FILL_AREA(#13820);
#13820 = FILL_AREA_STYLE('',(#13821));
#13821 = FILL_AREA_STYLE_COLOUR('',#12695);
#13822 = STYLED_ITEM('color',(#13823),#4703);
#13823 = PRESENTATION_STYLE_ASSIGNMENT((#13824));
#13824 = SURFACE_STYLE_USAGE(.BOTH.,#13825);
#13825 = SURFACE_SIDE_STYLE('',(#13826));
#13826 = SURFACE_STYLE_FILL_AREA(#13827);
#13827 = FILL_AREA_STYLE('',(#13828));
#13828 = FILL_AREA_STYLE_COLOUR('',#12695);
#13829 = STYLED_ITEM('color',(#13830),#4734);
#13830 = PRESENTATION_STYLE_ASSIGNMENT((#13831));
#13831 = SURFACE_STYLE_USAGE(.BOTH.,#13832);
#13832 = SURFACE_SIDE_STYLE('',(#13833));
#13833 = SURFACE_STYLE_FILL_AREA(#13834);
#13834 = FILL_AREA_STYLE('',(#13835));
#13835 = FILL_AREA_STYLE_COLOUR('',#12695);
#13836 = STYLED_ITEM('color',(#13837),#4758);
#13837 = PRESENTATION_STYLE_ASSIGNMENT((#13838));
#13838 = SURFACE_STYLE_USAGE(.BOTH.,#13839);
#13839 = SURFACE_SIDE_STYLE('',(#13840));
#13840 = SURFACE_STYLE_FILL_AREA(#13841);
#13841 = FILL_AREA_STYLE('',(#13842));
#13842 = FILL_AREA_STYLE_COLOUR('',#12695);
#13843 = STYLED_ITEM('color',(#13844),#4782);
#13844 = PRESENTATION_STYLE_ASSIGNMENT((#13845));
#13845 = SURFACE_STYLE_USAGE(.BOTH.,#13846);
#13846 = SURFACE_SIDE_STYLE('',(#13847));
#13847 = SURFACE_STYLE_FILL_AREA(#13848);
#13848 = FILL_AREA_STYLE('',(#13849));
#13849 = FILL_AREA_STYLE_COLOUR('',#12695);
#13850 = STYLED_ITEM('color',(#13851),#4799);
#13851 = PRESENTATION_STYLE_ASSIGNMENT((#13852));
#13852 = SURFACE_STYLE_USAGE(.BOTH.,#13853);
#13853 = SURFACE_SIDE_STYLE('',(#13854));
#13854 = SURFACE_STYLE_FILL_AREA(#13855);
#13855 = FILL_AREA_STYLE('',(#13856));
#13856 = FILL_AREA_STYLE_COLOUR('',#12695);
#13857 = STYLED_ITEM('color',(#13858),#4830);
#13858 = PRESENTATION_STYLE_ASSIGNMENT((#13859));
#13859 = SURFACE_STYLE_USAGE(.BOTH.,#13860);
#13860 = SURFACE_SIDE_STYLE('',(#13861));
#13861 = SURFACE_STYLE_FILL_AREA(#13862);
#13862 = FILL_AREA_STYLE('',(#13863));
#13863 = FILL_AREA_STYLE_COLOUR('',#12695);
#13864 = STYLED_ITEM('color',(#13865),#4854);
#13865 = PRESENTATION_STYLE_ASSIGNMENT((#13866));
#13866 = SURFACE_STYLE_USAGE(.BOTH.,#13867);
#13867 = SURFACE_SIDE_STYLE('',(#13868));
#13868 = SURFACE_STYLE_FILL_AREA(#13869);
#13869 = FILL_AREA_STYLE('',(#13870));
#13870 = FILL_AREA_STYLE_COLOUR('',#12695);
#13871 = STYLED_ITEM('color',(#13872),#4878);
#13872 = PRESENTATION_STYLE_ASSIGNMENT((#13873));
#13873 = SURFACE_STYLE_USAGE(.BOTH.,#13874);
#13874 = SURFACE_SIDE_STYLE('',(#13875));
#13875 = SURFACE_STYLE_FILL_AREA(#13876);
#13876 = FILL_AREA_STYLE('',(#13877));
#13877 = FILL_AREA_STYLE_COLOUR('',#12695);
#13878 = STYLED_ITEM('color',(#13879),#4895);
#13879 = PRESENTATION_STYLE_ASSIGNMENT((#13880));
#13880 = SURFACE_STYLE_USAGE(.BOTH.,#13881);
#13881 = SURFACE_SIDE_STYLE('',(#13882));
#13882 = SURFACE_STYLE_FILL_AREA(#13883);
#13883 = FILL_AREA_STYLE('',(#13884));
#13884 = FILL_AREA_STYLE_COLOUR('',#12695);
#13885 = STYLED_ITEM('color',(#13886),#4926);
#13886 = PRESENTATION_STYLE_ASSIGNMENT((#13887));
#13887 = SURFACE_STYLE_USAGE(.BOTH.,#13888);
#13888 = SURFACE_SIDE_STYLE('',(#13889));
#13889 = SURFACE_STYLE_FILL_AREA(#13890);
#13890 = FILL_AREA_STYLE('',(#13891));
#13891 = FILL_AREA_STYLE_COLOUR('',#12695);
#13892 = STYLED_ITEM('color',(#13893),#4950);
#13893 = PRESENTATION_STYLE_ASSIGNMENT((#13894));
#13894 = SURFACE_STYLE_USAGE(.BOTH.,#13895);
#13895 = SURFACE_SIDE_STYLE('',(#13896));
#13896 = SURFACE_STYLE_FILL_AREA(#13897);
#13897 = FILL_AREA_STYLE('',(#13898));
#13898 = FILL_AREA_STYLE_COLOUR('',#12695);
#13899 = STYLED_ITEM('color',(#13900),#4974);
#13900 = PRESENTATION_STYLE_ASSIGNMENT((#13901));
#13901 = SURFACE_STYLE_USAGE(.BOTH.,#13902);
#13902 = SURFACE_SIDE_STYLE('',(#13903));
#13903 = SURFACE_STYLE_FILL_AREA(#13904);
#13904 = FILL_AREA_STYLE('',(#13905));
#13905 = FILL_AREA_STYLE_COLOUR('',#12695);
#13906 = STYLED_ITEM('color',(#13907),#4991);
#13907 = PRESENTATION_STYLE_ASSIGNMENT((#13908));
#13908 = SURFACE_STYLE_USAGE(.BOTH.,#13909);
#13909 = SURFACE_SIDE_STYLE('',(#13910));
#13910 = SURFACE_STYLE_FILL_AREA(#13911);
#13911 = FILL_AREA_STYLE('',(#13912));
#13912 = FILL_AREA_STYLE_COLOUR('',#12695);
#13913 = STYLED_ITEM('color',(#13914),#5022);
#13914 = PRESENTATION_STYLE_ASSIGNMENT((#13915));
#13915 = SURFACE_STYLE_USAGE(.BOTH.,#13916);
#13916 = SURFACE_SIDE_STYLE('',(#13917));
#13917 = SURFACE_STYLE_FILL_AREA(#13918);
#13918 = FILL_AREA_STYLE('',(#13919));
#13919 = FILL_AREA_STYLE_COLOUR('',#12695);
#13920 = STYLED_ITEM('color',(#13921),#5046);
#13921 = PRESENTATION_STYLE_ASSIGNMENT((#13922));
#13922 = SURFACE_STYLE_USAGE(.BOTH.,#13923);
#13923 = SURFACE_SIDE_STYLE('',(#13924));
#13924 = SURFACE_STYLE_FILL_AREA(#13925);
#13925 = FILL_AREA_STYLE('',(#13926));
#13926 = FILL_AREA_STYLE_COLOUR('',#12695);
#13927 = STYLED_ITEM('color',(#13928),#5070);
#13928 = PRESENTATION_STYLE_ASSIGNMENT((#13929));
#13929 = SURFACE_STYLE_USAGE(.BOTH.,#13930);
#13930 = SURFACE_SIDE_STYLE('',(#13931));
#13931 = SURFACE_STYLE_FILL_AREA(#13932);
#13932 = FILL_AREA_STYLE('',(#13933));
#13933 = FILL_AREA_STYLE_COLOUR('',#12695);
#13934 = STYLED_ITEM('color',(#13935),#5087);
#13935 = PRESENTATION_STYLE_ASSIGNMENT((#13936));
#13936 = SURFACE_STYLE_USAGE(.BOTH.,#13937);
#13937 = SURFACE_SIDE_STYLE('',(#13938));
#13938 = SURFACE_STYLE_FILL_AREA(#13939);
#13939 = FILL_AREA_STYLE('',(#13940));
#13940 = FILL_AREA_STYLE_COLOUR('',#12695);
#13941 = STYLED_ITEM('color',(#13942),#5118);
#13942 = PRESENTATION_STYLE_ASSIGNMENT((#13943));
#13943 = SURFACE_STYLE_USAGE(.BOTH.,#13944);
#13944 = SURFACE_SIDE_STYLE('',(#13945));
#13945 = SURFACE_STYLE_FILL_AREA(#13946);
#13946 = FILL_AREA_STYLE('',(#13947));
#13947 = FILL_AREA_STYLE_COLOUR('',#12695);
#13948 = STYLED_ITEM('color',(#13949),#5142);
#13949 = PRESENTATION_STYLE_ASSIGNMENT((#13950));
#13950 = SURFACE_STYLE_USAGE(.BOTH.,#13951);
#13951 = SURFACE_SIDE_STYLE('',(#13952));
#13952 = SURFACE_STYLE_FILL_AREA(#13953);
#13953 = FILL_AREA_STYLE('',(#13954));
#13954 = FILL_AREA_STYLE_COLOUR('',#12695);
#13955 = STYLED_ITEM('color',(#13956),#5166);
#13956 = PRESENTATION_STYLE_ASSIGNMENT((#13957));
#13957 = SURFACE_STYLE_USAGE(.BOTH.,#13958);
#13958 = SURFACE_SIDE_STYLE('',(#13959));
#13959 = SURFACE_STYLE_FILL_AREA(#13960);
#13960 = FILL_AREA_STYLE('',(#13961));
#13961 = FILL_AREA_STYLE_COLOUR('',#12695);
#13962 = STYLED_ITEM('color',(#13963),#5183);
#13963 = PRESENTATION_STYLE_ASSIGNMENT((#13964));
#13964 = SURFACE_STYLE_USAGE(.BOTH.,#13965);
#13965 = SURFACE_SIDE_STYLE('',(#13966));
#13966 = SURFACE_STYLE_FILL_AREA(#13967);
#13967 = FILL_AREA_STYLE('',(#13968));
#13968 = FILL_AREA_STYLE_COLOUR('',#12695);
#13969 = STYLED_ITEM('color',(#13970),#5214);
#13970 = PRESENTATION_STYLE_ASSIGNMENT((#13971));
#13971 = SURFACE_STYLE_USAGE(.BOTH.,#13972);
#13972 = SURFACE_SIDE_STYLE('',(#13973));
#13973 = SURFACE_STYLE_FILL_AREA(#13974);
#13974 = FILL_AREA_STYLE('',(#13975));
#13975 = FILL_AREA_STYLE_COLOUR('',#12695);
#13976 = STYLED_ITEM('color',(#13977),#5238);
#13977 = PRESENTATION_STYLE_ASSIGNMENT((#13978));
#13978 = SURFACE_STYLE_USAGE(.BOTH.,#13979);
#13979 = SURFACE_SIDE_STYLE('',(#13980));
#13980 = SURFACE_STYLE_FILL_AREA(#13981);
#13981 = FILL_AREA_STYLE('',(#13982));
#13982 = FILL_AREA_STYLE_COLOUR('',#12695);
#13983 = STYLED_ITEM('color',(#13984),#5262);
#13984 = PRESENTATION_STYLE_ASSIGNMENT((#13985));
#13985 = SURFACE_STYLE_USAGE(.BOTH.,#13986);
#13986 = SURFACE_SIDE_STYLE('',(#13987));
#13987 = SURFACE_STYLE_FILL_AREA(#13988);
#13988 = FILL_AREA_STYLE('',(#13989));
#13989 = FILL_AREA_STYLE_COLOUR('',#12695);
#13990 = STYLED_ITEM('color',(#13991),#5279);
#13991 = PRESENTATION_STYLE_ASSIGNMENT((#13992));
#13992 = SURFACE_STYLE_USAGE(.BOTH.,#13993);
#13993 = SURFACE_SIDE_STYLE('',(#13994));
#13994 = SURFACE_STYLE_FILL_AREA(#13995);
#13995 = FILL_AREA_STYLE('',(#13996));
#13996 = FILL_AREA_STYLE_COLOUR('',#12695);
#13997 = STYLED_ITEM('color',(#13998),#5310);
#13998 = PRESENTATION_STYLE_ASSIGNMENT((#13999));
#13999 = SURFACE_STYLE_USAGE(.BOTH.,#14000);
#14000 = SURFACE_SIDE_STYLE('',(#14001));
#14001 = SURFACE_STYLE_FILL_AREA(#14002);
#14002 = FILL_AREA_STYLE('',(#14003));
#14003 = FILL_AREA_STYLE_COLOUR('',#12695);
#14004 = STYLED_ITEM('color',(#14005),#5334);
#14005 = PRESENTATION_STYLE_ASSIGNMENT((#14006));
#14006 = SURFACE_STYLE_USAGE(.BOTH.,#14007);
#14007 = SURFACE_SIDE_STYLE('',(#14008));
#14008 = SURFACE_STYLE_FILL_AREA(#14009);
#14009 = FILL_AREA_STYLE('',(#14010));
#14010 = FILL_AREA_STYLE_COLOUR('',#12695);
#14011 = STYLED_ITEM('color',(#14012),#5358);
#14012 = PRESENTATION_STYLE_ASSIGNMENT((#14013));
#14013 = SURFACE_STYLE_USAGE(.BOTH.,#14014);
#14014 = SURFACE_SIDE_STYLE('',(#14015));
#14015 = SURFACE_STYLE_FILL_AREA(#14016);
#14016 = FILL_AREA_STYLE('',(#14017));
#14017 = FILL_AREA_STYLE_COLOUR('',#12695);
#14018 = STYLED_ITEM('color',(#14019),#5375);
#14019 = PRESENTATION_STYLE_ASSIGNMENT((#14020));
#14020 = SURFACE_STYLE_USAGE(.BOTH.,#14021);
#14021 = SURFACE_SIDE_STYLE('',(#14022));
#14022 = SURFACE_STYLE_FILL_AREA(#14023);
#14023 = FILL_AREA_STYLE('',(#14024));
#14024 = FILL_AREA_STYLE_COLOUR('',#12695);
#14025 = STYLED_ITEM('color',(#14026),#5406);
#14026 = PRESENTATION_STYLE_ASSIGNMENT((#14027));
#14027 = SURFACE_STYLE_USAGE(.BOTH.,#14028);
#14028 = SURFACE_SIDE_STYLE('',(#14029));
#14029 = SURFACE_STYLE_FILL_AREA(#14030);
#14030 = FILL_AREA_STYLE('',(#14031));
#14031 = FILL_AREA_STYLE_COLOUR('',#12695);
#14032 = STYLED_ITEM('color',(#14033),#5430);
#14033 = PRESENTATION_STYLE_ASSIGNMENT((#14034));
#14034 = SURFACE_STYLE_USAGE(.BOTH.,#14035);
#14035 = SURFACE_SIDE_STYLE('',(#14036));
#14036 = SURFACE_STYLE_FILL_AREA(#14037);
#14037 = FILL_AREA_STYLE('',(#14038));
#14038 = FILL_AREA_STYLE_COLOUR('',#12695);
#14039 = STYLED_ITEM('color',(#14040),#5454);
#14040 = PRESENTATION_STYLE_ASSIGNMENT((#14041));
#14041 = SURFACE_STYLE_USAGE(.BOTH.,#14042);
#14042 = SURFACE_SIDE_STYLE('',(#14043));
#14043 = SURFACE_STYLE_FILL_AREA(#14044);
#14044 = FILL_AREA_STYLE('',(#14045));
#14045 = FILL_AREA_STYLE_COLOUR('',#12695);
#14046 = STYLED_ITEM('color',(#14047),#5471);
#14047 = PRESENTATION_STYLE_ASSIGNMENT((#14048));
#14048 = SURFACE_STYLE_USAGE(.BOTH.,#14049);
#14049 = SURFACE_SIDE_STYLE('',(#14050));
#14050 = SURFACE_STYLE_FILL_AREA(#14051);
#14051 = FILL_AREA_STYLE('',(#14052));
#14052 = FILL_AREA_STYLE_COLOUR('',#12695);
#14053 = STYLED_ITEM('color',(#14054),#5502);
#14054 = PRESENTATION_STYLE_ASSIGNMENT((#14055));
#14055 = SURFACE_STYLE_USAGE(.BOTH.,#14056);
#14056 = SURFACE_SIDE_STYLE('',(#14057));
#14057 = SURFACE_STYLE_FILL_AREA(#14058);
#14058 = FILL_AREA_STYLE('',(#14059));
#14059 = FILL_AREA_STYLE_COLOUR('',#12695);
#14060 = STYLED_ITEM('color',(#14061),#5526);
#14061 = PRESENTATION_STYLE_ASSIGNMENT((#14062));
#14062 = SURFACE_STYLE_USAGE(.BOTH.,#14063);
#14063 = SURFACE_SIDE_STYLE('',(#14064));
#14064 = SURFACE_STYLE_FILL_AREA(#14065);
#14065 = FILL_AREA_STYLE('',(#14066));
#14066 = FILL_AREA_STYLE_COLOUR('',#12695);
#14067 = STYLED_ITEM('color',(#14068),#5550);
#14068 = PRESENTATION_STYLE_ASSIGNMENT((#14069));
#14069 = SURFACE_STYLE_USAGE(.BOTH.,#14070);
#14070 = SURFACE_SIDE_STYLE('',(#14071));
#14071 = SURFACE_STYLE_FILL_AREA(#14072);
#14072 = FILL_AREA_STYLE('',(#14073));
#14073 = FILL_AREA_STYLE_COLOUR('',#12695);
#14074 = STYLED_ITEM('color',(#14075),#5567);
#14075 = PRESENTATION_STYLE_ASSIGNMENT((#14076));
#14076 = SURFACE_STYLE_USAGE(.BOTH.,#14077);
#14077 = SURFACE_SIDE_STYLE('',(#14078));
#14078 = SURFACE_STYLE_FILL_AREA(#14079);
#14079 = FILL_AREA_STYLE('',(#14080));
#14080 = FILL_AREA_STYLE_COLOUR('',#12695);
#14081 = STYLED_ITEM('color',(#14082),#5598);
#14082 = PRESENTATION_STYLE_ASSIGNMENT((#14083));
#14083 = SURFACE_STYLE_USAGE(.BOTH.,#14084);
#14084 = SURFACE_SIDE_STYLE('',(#14085));
#14085 = SURFACE_STYLE_FILL_AREA(#14086);
#14086 = FILL_AREA_STYLE('',(#14087));
#14087 = FILL_AREA_STYLE_COLOUR('',#12695);
#14088 = STYLED_ITEM('color',(#14089),#5622);
#14089 = PRESENTATION_STYLE_ASSIGNMENT((#14090));
#14090 = SURFACE_STYLE_USAGE(.BOTH.,#14091);
#14091 = SURFACE_SIDE_STYLE('',(#14092));
#14092 = SURFACE_STYLE_FILL_AREA(#14093);
#14093 = FILL_AREA_STYLE('',(#14094));
#14094 = FILL_AREA_STYLE_COLOUR('',#12695);
#14095 = STYLED_ITEM('color',(#14096),#5646);
#14096 = PRESENTATION_STYLE_ASSIGNMENT((#14097));
#14097 = SURFACE_STYLE_USAGE(.BOTH.,#14098);
#14098 = SURFACE_SIDE_STYLE('',(#14099));
#14099 = SURFACE_STYLE_FILL_AREA(#14100);
#14100 = FILL_AREA_STYLE('',(#14101));
#14101 = FILL_AREA_STYLE_COLOUR('',#12695);
#14102 = STYLED_ITEM('color',(#14103),#5663);
#14103 = PRESENTATION_STYLE_ASSIGNMENT((#14104));
#14104 = SURFACE_STYLE_USAGE(.BOTH.,#14105);
#14105 = SURFACE_SIDE_STYLE('',(#14106));
#14106 = SURFACE_STYLE_FILL_AREA(#14107);
#14107 = FILL_AREA_STYLE('',(#14108));
#14108 = FILL_AREA_STYLE_COLOUR('',#12695);
#14109 = STYLED_ITEM('color',(#14110),#5694);
#14110 = PRESENTATION_STYLE_ASSIGNMENT((#14111));
#14111 = SURFACE_STYLE_USAGE(.BOTH.,#14112);
#14112 = SURFACE_SIDE_STYLE('',(#14113));
#14113 = SURFACE_STYLE_FILL_AREA(#14114);
#14114 = FILL_AREA_STYLE('',(#14115));
#14115 = FILL_AREA_STYLE_COLOUR('',#12695);
#14116 = STYLED_ITEM('color',(#14117),#5718);
#14117 = PRESENTATION_STYLE_ASSIGNMENT((#14118));
#14118 = SURFACE_STYLE_USAGE(.BOTH.,#14119);
#14119 = SURFACE_SIDE_STYLE('',(#14120));
#14120 = SURFACE_STYLE_FILL_AREA(#14121);
#14121 = FILL_AREA_STYLE('',(#14122));
#14122 = FILL_AREA_STYLE_COLOUR('',#12695);
#14123 = STYLED_ITEM('color',(#14124),#5742);
#14124 = PRESENTATION_STYLE_ASSIGNMENT((#14125));
#14125 = SURFACE_STYLE_USAGE(.BOTH.,#14126);
#14126 = SURFACE_SIDE_STYLE('',(#14127));
#14127 = SURFACE_STYLE_FILL_AREA(#14128);
#14128 = FILL_AREA_STYLE('',(#14129));
#14129 = FILL_AREA_STYLE_COLOUR('',#12695);
#14130 = STYLED_ITEM('color',(#14131),#5759);
#14131 = PRESENTATION_STYLE_ASSIGNMENT((#14132));
#14132 = SURFACE_STYLE_USAGE(.BOTH.,#14133);
#14133 = SURFACE_SIDE_STYLE('',(#14134));
#14134 = SURFACE_STYLE_FILL_AREA(#14135);
#14135 = FILL_AREA_STYLE('',(#14136));
#14136 = FILL_AREA_STYLE_COLOUR('',#12695);
#14137 = STYLED_ITEM('color',(#14138),#5771);
#14138 = PRESENTATION_STYLE_ASSIGNMENT((#14139));
#14139 = SURFACE_STYLE_USAGE(.BOTH.,#14140);
#14140 = SURFACE_SIDE_STYLE('',(#14141));
#14141 = SURFACE_STYLE_FILL_AREA(#14142);
#14142 = FILL_AREA_STYLE('',(#14143));
#14143 = FILL_AREA_STYLE_COLOUR('',#12695);
#14144 = STYLED_ITEM('color',(#14145),#5783);
#14145 = PRESENTATION_STYLE_ASSIGNMENT((#14146));
#14146 = SURFACE_STYLE_USAGE(.BOTH.,#14147);
#14147 = SURFACE_SIDE_STYLE('',(#14148));
#14148 = SURFACE_STYLE_FILL_AREA(#14149);
#14149 = FILL_AREA_STYLE('',(#14150));
#14150 = FILL_AREA_STYLE_COLOUR('',#12695);
#14151 = STYLED_ITEM('color',(#14152),#5795);
#14152 = PRESENTATION_STYLE_ASSIGNMENT((#14153));
#14153 = SURFACE_STYLE_USAGE(.BOTH.,#14154);
#14154 = SURFACE_SIDE_STYLE('',(#14155));
#14155 = SURFACE_STYLE_FILL_AREA(#14156);
#14156 = FILL_AREA_STYLE('',(#14157));
#14157 = FILL_AREA_STYLE_COLOUR('',#12695);
#14158 = STYLED_ITEM('color',(#14159),#5807);
#14159 = PRESENTATION_STYLE_ASSIGNMENT((#14160));
#14160 = SURFACE_STYLE_USAGE(.BOTH.,#14161);
#14161 = SURFACE_SIDE_STYLE('',(#14162));
#14162 = SURFACE_STYLE_FILL_AREA(#14163);
#14163 = FILL_AREA_STYLE('',(#14164));
#14164 = FILL_AREA_STYLE_COLOUR('',#12695);
#14165 = STYLED_ITEM('color',(#14166),#5819);
#14166 = PRESENTATION_STYLE_ASSIGNMENT((#14167));
#14167 = SURFACE_STYLE_USAGE(.BOTH.,#14168);
#14168 = SURFACE_SIDE_STYLE('',(#14169));
#14169 = SURFACE_STYLE_FILL_AREA(#14170);
#14170 = FILL_AREA_STYLE('',(#14171));
#14171 = FILL_AREA_STYLE_COLOUR('',#12695);
#14172 = STYLED_ITEM('color',(#14173),#5831);
#14173 = PRESENTATION_STYLE_ASSIGNMENT((#14174));
#14174 = SURFACE_STYLE_USAGE(.BOTH.,#14175);
#14175 = SURFACE_SIDE_STYLE('',(#14176));
#14176 = SURFACE_STYLE_FILL_AREA(#14177);
#14177 = FILL_AREA_STYLE('',(#14178));
#14178 = FILL_AREA_STYLE_COLOUR('',#12695);
#14179 = STYLED_ITEM('color',(#14180),#5843);
#14180 = PRESENTATION_STYLE_ASSIGNMENT((#14181));
#14181 = SURFACE_STYLE_USAGE(.BOTH.,#14182);
#14182 = SURFACE_SIDE_STYLE('',(#14183));
#14183 = SURFACE_STYLE_FILL_AREA(#14184);
#14184 = FILL_AREA_STYLE('',(#14185));
#14185 = FILL_AREA_STYLE_COLOUR('',#12695);
#14186 = STYLED_ITEM('color',(#14187),#5855);
#14187 = PRESENTATION_STYLE_ASSIGNMENT((#14188));
#14188 = SURFACE_STYLE_USAGE(.BOTH.,#14189);
#14189 = SURFACE_SIDE_STYLE('',(#14190));
#14190 = SURFACE_STYLE_FILL_AREA(#14191);
#14191 = FILL_AREA_STYLE('',(#14192));
#14192 = FILL_AREA_STYLE_COLOUR('',#12695);
#14193 = STYLED_ITEM('color',(#14194),#5867);
#14194 = PRESENTATION_STYLE_ASSIGNMENT((#14195));
#14195 = SURFACE_STYLE_USAGE(.BOTH.,#14196);
#14196 = SURFACE_SIDE_STYLE('',(#14197));
#14197 = SURFACE_STYLE_FILL_AREA(#14198);
#14198 = FILL_AREA_STYLE('',(#14199));
#14199 = FILL_AREA_STYLE_COLOUR('',#12695);
#14200 = STYLED_ITEM('color',(#14201),#5879);
#14201 = PRESENTATION_STYLE_ASSIGNMENT((#14202));
#14202 = SURFACE_STYLE_USAGE(.BOTH.,#14203);
#14203 = SURFACE_SIDE_STYLE('',(#14204));
#14204 = SURFACE_STYLE_FILL_AREA(#14205);
#14205 = FILL_AREA_STYLE('',(#14206));
#14206 = FILL_AREA_STYLE_COLOUR('',#12695);
#14207 = STYLED_ITEM('color',(#14208),#5891);
#14208 = PRESENTATION_STYLE_ASSIGNMENT((#14209));
#14209 = SURFACE_STYLE_USAGE(.BOTH.,#14210);
#14210 = SURFACE_SIDE_STYLE('',(#14211));
#14211 = SURFACE_STYLE_FILL_AREA(#14212);
#14212 = FILL_AREA_STYLE('',(#14213));
#14213 = FILL_AREA_STYLE_COLOUR('',#12695);
#14214 = MECHANICAL_DESIGN_GEOMETRIC_PRESENTATION_REPRESENTATION('',(
    #14215,#14222,#14229,#14236,#14243,#14250,#14257,#14264,#14271,
    #14278,#14285,#14293,#14300,#14307,#14314,#14321,#14328,#14335,
    #14342,#14349,#14356,#14363,#14370,#14377,#14384,#14391,#14398,
    #14405),#8363);
#14215 = STYLED_ITEM('color',(#14216),#7511);
#14216 = PRESENTATION_STYLE_ASSIGNMENT((#14217));
#14217 = SURFACE_STYLE_USAGE(.BOTH.,#14218);
#14218 = SURFACE_SIDE_STYLE('',(#14219));
#14219 = SURFACE_STYLE_FILL_AREA(#14220);
#14220 = FILL_AREA_STYLE('',(#14221));
#14221 = FILL_AREA_STYLE_COLOUR('',#12999);
#14222 = STYLED_ITEM('color',(#14223),#7587);
#14223 = PRESENTATION_STYLE_ASSIGNMENT((#14224));
#14224 = SURFACE_STYLE_USAGE(.BOTH.,#14225);
#14225 = SURFACE_SIDE_STYLE('',(#14226));
#14226 = SURFACE_STYLE_FILL_AREA(#14227);
#14227 = FILL_AREA_STYLE('',(#14228));
#14228 = FILL_AREA_STYLE_COLOUR('',#12999);
#14229 = STYLED_ITEM('color',(#14230),#7618);
#14230 = PRESENTATION_STYLE_ASSIGNMENT((#14231));
#14231 = SURFACE_STYLE_USAGE(.BOTH.,#14232);
#14232 = SURFACE_SIDE_STYLE('',(#14233));
#14233 = SURFACE_STYLE_FILL_AREA(#14234);
#14234 = FILL_AREA_STYLE('',(#14235));
#14235 = FILL_AREA_STYLE_COLOUR('',#12999);
#14236 = STYLED_ITEM('color',(#14237),#7643);
#14237 = PRESENTATION_STYLE_ASSIGNMENT((#14238));
#14238 = SURFACE_STYLE_USAGE(.BOTH.,#14239);
#14239 = SURFACE_SIDE_STYLE('',(#14240));
#14240 = SURFACE_STYLE_FILL_AREA(#14241);
#14241 = FILL_AREA_STYLE('',(#14242));
#14242 = FILL_AREA_STYLE_COLOUR('',#12999);
#14243 = STYLED_ITEM('color',(#14244),#7668);
#14244 = PRESENTATION_STYLE_ASSIGNMENT((#14245));
#14245 = SURFACE_STYLE_USAGE(.BOTH.,#14246);
#14246 = SURFACE_SIDE_STYLE('',(#14247));
#14247 = SURFACE_STYLE_FILL_AREA(#14248);
#14248 = FILL_AREA_STYLE('',(#14249));
#14249 = FILL_AREA_STYLE_COLOUR('',#12999);
#14250 = STYLED_ITEM('color',(#14251),#7692);
#14251 = PRESENTATION_STYLE_ASSIGNMENT((#14252));
#14252 = SURFACE_STYLE_USAGE(.BOTH.,#14253);
#14253 = SURFACE_SIDE_STYLE('',(#14254));
#14254 = SURFACE_STYLE_FILL_AREA(#14255);
#14255 = FILL_AREA_STYLE('',(#14256));
#14256 = FILL_AREA_STYLE_COLOUR('',#12999);
#14257 = STYLED_ITEM('color',(#14258),#7716);
#14258 = PRESENTATION_STYLE_ASSIGNMENT((#14259));
#14259 = SURFACE_STYLE_USAGE(.BOTH.,#14260);
#14260 = SURFACE_SIDE_STYLE('',(#14261));
#14261 = SURFACE_STYLE_FILL_AREA(#14262);
#14262 = FILL_AREA_STYLE('',(#14263));
#14263 = FILL_AREA_STYLE_COLOUR('',#12999);
#14264 = STYLED_ITEM('color',(#14265),#7741);
#14265 = PRESENTATION_STYLE_ASSIGNMENT((#14266));
#14266 = SURFACE_STYLE_USAGE(.BOTH.,#14267);
#14267 = SURFACE_SIDE_STYLE('',(#14268));
#14268 = SURFACE_STYLE_FILL_AREA(#14269);
#14269 = FILL_AREA_STYLE('',(#14270));
#14270 = FILL_AREA_STYLE_COLOUR('',#12999);
#14271 = STYLED_ITEM('color',(#14272),#7766);
#14272 = PRESENTATION_STYLE_ASSIGNMENT((#14273));
#14273 = SURFACE_STYLE_USAGE(.BOTH.,#14274);
#14274 = SURFACE_SIDE_STYLE('',(#14275));
#14275 = SURFACE_STYLE_FILL_AREA(#14276);
#14276 = FILL_AREA_STYLE('',(#14277));
#14277 = FILL_AREA_STYLE_COLOUR('',#12999);
#14278 = STYLED_ITEM('color',(#14279),#7783);
#14279 = PRESENTATION_STYLE_ASSIGNMENT((#14280));
#14280 = SURFACE_STYLE_USAGE(.BOTH.,#14281);
#14281 = SURFACE_SIDE_STYLE('',(#14282));
#14282 = SURFACE_STYLE_FILL_AREA(#14283);
#14283 = FILL_AREA_STYLE('',(#14284));
#14284 = FILL_AREA_STYLE_COLOUR('',#12999);
#14285 = STYLED_ITEM('color',(#14286),#7869);
#14286 = PRESENTATION_STYLE_ASSIGNMENT((#14287));
#14287 = SURFACE_STYLE_USAGE(.BOTH.,#14288);
#14288 = SURFACE_SIDE_STYLE('',(#14289));
#14289 = SURFACE_STYLE_FILL_AREA(#14290);
#14290 = FILL_AREA_STYLE('',(#14291));
#14291 = FILL_AREA_STYLE_COLOUR('',#14292);
#14292 = COLOUR_RGB('',0.379000005575,0.270000008848,0.214999999939);
#14293 = STYLED_ITEM('color',(#14294),#7901);
#14294 = PRESENTATION_STYLE_ASSIGNMENT((#14295));
#14295 = SURFACE_STYLE_USAGE(.BOTH.,#14296);
#14296 = SURFACE_SIDE_STYLE('',(#14297));
#14297 = SURFACE_STYLE_FILL_AREA(#14298);
#14298 = FILL_AREA_STYLE('',(#14299));
#14299 = FILL_AREA_STYLE_COLOUR('',#14292);
#14300 = STYLED_ITEM('color',(#14301),#7925);
#14301 = PRESENTATION_STYLE_ASSIGNMENT((#14302));
#14302 = SURFACE_STYLE_USAGE(.BOTH.,#14303);
#14303 = SURFACE_SIDE_STYLE('',(#14304));
#14304 = SURFACE_STYLE_FILL_AREA(#14305);
#14305 = FILL_AREA_STYLE('',(#14306));
#14306 = FILL_AREA_STYLE_COLOUR('',#14292);
#14307 = STYLED_ITEM('color',(#14308),#7950);
#14308 = PRESENTATION_STYLE_ASSIGNMENT((#14309));
#14309 = SURFACE_STYLE_USAGE(.BOTH.,#14310);
#14310 = SURFACE_SIDE_STYLE('',(#14311));
#14311 = SURFACE_STYLE_FILL_AREA(#14312);
#14312 = FILL_AREA_STYLE('',(#14313));
#14313 = FILL_AREA_STYLE_COLOUR('',#14292);
#14314 = STYLED_ITEM('color',(#14315),#7974);
#14315 = PRESENTATION_STYLE_ASSIGNMENT((#14316));
#14316 = SURFACE_STYLE_USAGE(.BOTH.,#14317);
#14317 = SURFACE_SIDE_STYLE('',(#14318));
#14318 = SURFACE_STYLE_FILL_AREA(#14319);
#14319 = FILL_AREA_STYLE('',(#14320));
#14320 = FILL_AREA_STYLE_COLOUR('',#14292);
#14321 = STYLED_ITEM('color',(#14322),#7999);
#14322 = PRESENTATION_STYLE_ASSIGNMENT((#14323));
#14323 = SURFACE_STYLE_USAGE(.BOTH.,#14324);
#14324 = SURFACE_SIDE_STYLE('',(#14325));
#14325 = SURFACE_STYLE_FILL_AREA(#14326);
#14326 = FILL_AREA_STYLE('',(#14327));
#14327 = FILL_AREA_STYLE_COLOUR('',#14292);
#14328 = STYLED_ITEM('color',(#14329),#8023);
#14329 = PRESENTATION_STYLE_ASSIGNMENT((#14330));
#14330 = SURFACE_STYLE_USAGE(.BOTH.,#14331);
#14331 = SURFACE_SIDE_STYLE('',(#14332));
#14332 = SURFACE_STYLE_FILL_AREA(#14333);
#14333 = FILL_AREA_STYLE('',(#14334));
#14334 = FILL_AREA_STYLE_COLOUR('',#14292);
#14335 = STYLED_ITEM('color',(#14336),#8048);
#14336 = PRESENTATION_STYLE_ASSIGNMENT((#14337));
#14337 = SURFACE_STYLE_USAGE(.BOTH.,#14338);
#14338 = SURFACE_SIDE_STYLE('',(#14339));
#14339 = SURFACE_STYLE_FILL_AREA(#14340);
#14340 = FILL_AREA_STYLE('',(#14341));
#14341 = FILL_AREA_STYLE_COLOUR('',#14292);
#14342 = STYLED_ITEM('color',(#14343),#8065);
#14343 = PRESENTATION_STYLE_ASSIGNMENT((#14344));
#14344 = SURFACE_STYLE_USAGE(.BOTH.,#14345);
#14345 = SURFACE_SIDE_STYLE('',(#14346));
#14346 = SURFACE_STYLE_FILL_AREA(#14347);
#14347 = FILL_AREA_STYLE('',(#14348));
#14348 = FILL_AREA_STYLE_COLOUR('',#12999);
#14349 = STYLED_ITEM('color',(#14350),#8151);
#14350 = PRESENTATION_STYLE_ASSIGNMENT((#14351));
#14351 = SURFACE_STYLE_USAGE(.BOTH.,#14352);
#14352 = SURFACE_SIDE_STYLE('',(#14353));
#14353 = SURFACE_STYLE_FILL_AREA(#14354);
#14354 = FILL_AREA_STYLE('',(#14355));
#14355 = FILL_AREA_STYLE_COLOUR('',#12999);
#14356 = STYLED_ITEM('color',(#14357),#8182);
#14357 = PRESENTATION_STYLE_ASSIGNMENT((#14358));
#14358 = SURFACE_STYLE_USAGE(.BOTH.,#14359);
#14359 = SURFACE_SIDE_STYLE('',(#14360));
#14360 = SURFACE_STYLE_FILL_AREA(#14361);
#14361 = FILL_AREA_STYLE('',(#14362));
#14362 = FILL_AREA_STYLE_COLOUR('',#12999);
#14363 = STYLED_ITEM('color',(#14364),#8207);
#14364 = PRESENTATION_STYLE_ASSIGNMENT((#14365));
#14365 = SURFACE_STYLE_USAGE(.BOTH.,#14366);
#14366 = SURFACE_SIDE_STYLE('',(#14367));
#14367 = SURFACE_STYLE_FILL_AREA(#14368);
#14368 = FILL_AREA_STYLE('',(#14369));
#14369 = FILL_AREA_STYLE_COLOUR('',#12999);
#14370 = STYLED_ITEM('color',(#14371),#8232);
#14371 = PRESENTATION_STYLE_ASSIGNMENT((#14372));
#14372 = SURFACE_STYLE_USAGE(.BOTH.,#14373);
#14373 = SURFACE_SIDE_STYLE('',(#14374));
#14374 = SURFACE_STYLE_FILL_AREA(#14375);
#14375 = FILL_AREA_STYLE('',(#14376));
#14376 = FILL_AREA_STYLE_COLOUR('',#12999);
#14377 = STYLED_ITEM('color',(#14378),#8256);
#14378 = PRESENTATION_STYLE_ASSIGNMENT((#14379));
#14379 = SURFACE_STYLE_USAGE(.BOTH.,#14380);
#14380 = SURFACE_SIDE_STYLE('',(#14381));
#14381 = SURFACE_STYLE_FILL_AREA(#14382);
#14382 = FILL_AREA_STYLE('',(#14383));
#14383 = FILL_AREA_STYLE_COLOUR('',#12999);
#14384 = STYLED_ITEM('color',(#14385),#8280);
#14385 = PRESENTATION_STYLE_ASSIGNMENT((#14386));
#14386 = SURFACE_STYLE_USAGE(.BOTH.,#14387);
#14387 = SURFACE_SIDE_STYLE('',(#14388));
#14388 = SURFACE_STYLE_FILL_AREA(#14389);
#14389 = FILL_AREA_STYLE('',(#14390));
#14390 = FILL_AREA_STYLE_COLOUR('',#12999);
#14391 = STYLED_ITEM('color',(#14392),#8305);
#14392 = PRESENTATION_STYLE_ASSIGNMENT((#14393));
#14393 = SURFACE_STYLE_USAGE(.BOTH.,#14394);
#14394 = SURFACE_SIDE_STYLE('',(#14395));
#14395 = SURFACE_STYLE_FILL_AREA(#14396);
#14396 = FILL_AREA_STYLE('',(#14397));
#14397 = FILL_AREA_STYLE_COLOUR('',#12999);
#14398 = STYLED_ITEM('color',(#14399),#8330);
#14399 = PRESENTATION_STYLE_ASSIGNMENT((#14400));
#14400 = SURFACE_STYLE_USAGE(.BOTH.,#14401);
#14401 = SURFACE_SIDE_STYLE('',(#14402));
#14402 = SURFACE_STYLE_FILL_AREA(#14403);
#14403 = FILL_AREA_STYLE('',(#14404));
#14404 = FILL_AREA_STYLE_COLOUR('',#12999);
#14405 = STYLED_ITEM('color',(#14406),#8347);
#14406 = PRESENTATION_STYLE_ASSIGNMENT((#14407));
#14407 = SURFACE_STYLE_USAGE(.BOTH.,#14408);
#14408 = SURFACE_SIDE_STYLE('',(#14409));
#14409 = SURFACE_STYLE_FILL_AREA(#14410);
#14410 = FILL_AREA_STYLE('',(#14411));
#14411 = FILL_AREA_STYLE_COLOUR('',#12999);
#14412 = MECHANICAL_DESIGN_GEOMETRIC_PRESENTATION_REPRESENTATION('',(
    #14413,#14424,#14432,#14439,#14446,#14453,#14460,#14467,#14476,
    #14483,#14490,#14497,#14504,#14511,#14518,#14525,#14532,#14539,
    #14546,#14553,#14560,#14567,#14574,#14581,#14588,#14595,#14602,
    #14609,#14616,#14623,#14630,#14637,#14644,#14651,#14658,#14665,
    #14672,#14679,#14686,#14693,#14700,#14707,#14714,#14721,#14728,
    #14735,#14742,#14749,#14756,#14765,#14775,#14784,#14793,#14802,
    #14811,#14820,#14829,#14837,#14844,#14853,#14860,#14867,#14876,
    #14885,#14894,#14903,#14912,#14921,#14930,#14939,#14946,#14953,
    #14960,#14967,#14974,#14981,#14988,#14995,#15004,#15011,#15018,
    #15025,#15032,#15039,#15046,#15055,#15062,#15069,#15076,#15083,
    #15090,#15097,#15106,#15113,#15120,#15127,#15134,#15141,#15148,
    #15157,#15164,#15171,#15178,#15185,#15192,#15199,#15208,#15215,
    #15222,#15229,#15236,#15243,#15250,#15259,#15266,#15273,#15280,
    #15287,#15294,#15301,#15310,#15317,#15324,#15331,#15338,#15345,
    #15352,#15361,#15368,#15375,#15382,#15389,#15396,#15403,#15412,
    #15419,#15426,#15433,#15440,#15447,#15454,#15463,#15470,#15477,
    #15484,#15491,#15498,#15505,#15514,#15521,#15528,#15535,#15542,
    #15549),#11996);
#14413 = STYLED_ITEM('color',(#14414),#8382);
#14414 = PRESENTATION_STYLE_ASSIGNMENT((#14415,#14421));
#14415 = SURFACE_STYLE_USAGE(.BOTH.,#14416);
#14416 = SURFACE_SIDE_STYLE('',(#14417));
#14417 = SURFACE_STYLE_FILL_AREA(#14418);
#14418 = FILL_AREA_STYLE('',(#14419));
#14419 = FILL_AREA_STYLE_COLOUR('',#14420);
#14420 = COLOUR_RGB('',0.800000010877,0.800000010877,0.800000010877);
#14421 = CURVE_STYLE('',#14422,POSITIVE_LENGTH_MEASURE(0.1),#14423);
#14422 = DRAUGHTING_PRE_DEFINED_CURVE_FONT('continuous');
#14423 = COLOUR_RGB('',9.803921802644E-02,9.803921802644E-02,
  9.803921802644E-02);
#14424 = OVER_RIDING_STYLED_ITEM('overriding color',(#14425),#8384,
  #14413);
#14425 = PRESENTATION_STYLE_ASSIGNMENT((#14426));
#14426 = SURFACE_STYLE_USAGE(.BOTH.,#14427);
#14427 = SURFACE_SIDE_STYLE('',(#14428));
#14428 = SURFACE_STYLE_FILL_AREA(#14429);
#14429 = FILL_AREA_STYLE('',(#14430));
#14430 = FILL_AREA_STYLE_COLOUR('',#14431);
#14431 = COLOUR_RGB('',7.000000150072E-02,0.300000011149,0.119999996332
  );
#14432 = OVER_RIDING_STYLED_ITEM('overriding color',(#14433),#8424,
  #14413);
#14433 = PRESENTATION_STYLE_ASSIGNMENT((#14434));
#14434 = SURFACE_STYLE_USAGE(.BOTH.,#14435);
#14435 = SURFACE_SIDE_STYLE('',(#14436));
#14436 = SURFACE_STYLE_FILL_AREA(#14437);
#14437 = FILL_AREA_STYLE('',(#14438));
#14438 = FILL_AREA_STYLE_COLOUR('',#14431);
#14439 = OVER_RIDING_STYLED_ITEM('overriding color',(#14440),#8455,
  #14413);
#14440 = PRESENTATION_STYLE_ASSIGNMENT((#14441));
#14441 = SURFACE_STYLE_USAGE(.BOTH.,#14442);
#14442 = SURFACE_SIDE_STYLE('',(#14443));
#14443 = SURFACE_STYLE_FILL_AREA(#14444);
#14444 = FILL_AREA_STYLE('',(#14445));
#14445 = FILL_AREA_STYLE_COLOUR('',#14431);
#14446 = OVER_RIDING_STYLED_ITEM('overriding color',(#14447),#8486,
  #14413);
#14447 = PRESENTATION_STYLE_ASSIGNMENT((#14448));
#14448 = SURFACE_STYLE_USAGE(.BOTH.,#14449);
#14449 = SURFACE_SIDE_STYLE('',(#14450));
#14450 = SURFACE_STYLE_FILL_AREA(#14451);
#14451 = FILL_AREA_STYLE('',(#14452));
#14452 = FILL_AREA_STYLE_COLOUR('',#14431);
#14453 = OVER_RIDING_STYLED_ITEM('overriding color',(#14454),#8508,
  #14413);
#14454 = PRESENTATION_STYLE_ASSIGNMENT((#14455));
#14455 = SURFACE_STYLE_USAGE(.BOTH.,#14456);
#14456 = SURFACE_SIDE_STYLE('',(#14457));
#14457 = SURFACE_STYLE_FILL_AREA(#14458);
#14458 = FILL_AREA_STYLE('',(#14459));
#14459 = FILL_AREA_STYLE_COLOUR('',#14431);
#14460 = OVER_RIDING_STYLED_ITEM('overriding color',(#14461),#8520,
  #14413);
#14461 = PRESENTATION_STYLE_ASSIGNMENT((#14462));
#14462 = SURFACE_STYLE_USAGE(.BOTH.,#14463);
#14463 = SURFACE_SIDE_STYLE('',(#14464));
#14464 = SURFACE_STYLE_FILL_AREA(#14465);
#14465 = FILL_AREA_STYLE('',(#14466));
#14466 = FILL_AREA_STYLE_COLOUR('',#14431);
#14467 = STYLED_ITEM('color',(#14468),#8532);
#14468 = PRESENTATION_STYLE_ASSIGNMENT((#14469,#14474));
#14469 = SURFACE_STYLE_USAGE(.BOTH.,#14470);
#14470 = SURFACE_SIDE_STYLE('',(#14471));
#14471 = SURFACE_STYLE_FILL_AREA(#14472);
#14472 = FILL_AREA_STYLE('',(#14473));
#14473 = FILL_AREA_STYLE_COLOUR('',#14420);
#14474 = CURVE_STYLE('',#14475,POSITIVE_LENGTH_MEASURE(0.1),#14423);
#14475 = DRAUGHTING_PRE_DEFINED_CURVE_FONT('continuous');
#14476 = OVER_RIDING_STYLED_ITEM('overriding color',(#14477),#8534,
  #14467);
#14477 = PRESENTATION_STYLE_ASSIGNMENT((#14478));
#14478 = SURFACE_STYLE_USAGE(.BOTH.,#14479);
#14479 = SURFACE_SIDE_STYLE('',(#14480));
#14480 = SURFACE_STYLE_FILL_AREA(#14481);
#14481 = FILL_AREA_STYLE('',(#14482));
#14482 = FILL_AREA_STYLE_COLOUR('',#13184);
#14483 = OVER_RIDING_STYLED_ITEM('overriding color',(#14484),#8576,
  #14467);
#14484 = PRESENTATION_STYLE_ASSIGNMENT((#14485));
#14485 = SURFACE_STYLE_USAGE(.BOTH.,#14486);
#14486 = SURFACE_SIDE_STYLE('',(#14487));
#14487 = SURFACE_STYLE_FILL_AREA(#14488);
#14488 = FILL_AREA_STYLE('',(#14489));
#14489 = FILL_AREA_STYLE_COLOUR('',#13184);
#14490 = OVER_RIDING_STYLED_ITEM('overriding color',(#14491),#8607,
  #14467);
#14491 = PRESENTATION_STYLE_ASSIGNMENT((#14492));
#14492 = SURFACE_STYLE_USAGE(.BOTH.,#14493);
#14493 = SURFACE_SIDE_STYLE('',(#14494));
#14494 = SURFACE_STYLE_FILL_AREA(#14495);
#14495 = FILL_AREA_STYLE('',(#14496));
#14496 = FILL_AREA_STYLE_COLOUR('',#13184);
#14497 = OVER_RIDING_STYLED_ITEM('overriding color',(#14498),#8638,
  #14467);
#14498 = PRESENTATION_STYLE_ASSIGNMENT((#14499));
#14499 = SURFACE_STYLE_USAGE(.BOTH.,#14500);
#14500 = SURFACE_SIDE_STYLE('',(#14501));
#14501 = SURFACE_STYLE_FILL_AREA(#14502);
#14502 = FILL_AREA_STYLE('',(#14503));
#14503 = FILL_AREA_STYLE_COLOUR('',#13184);
#14504 = OVER_RIDING_STYLED_ITEM('overriding color',(#14505),#8753,
  #14467);
#14505 = PRESENTATION_STYLE_ASSIGNMENT((#14506));
#14506 = SURFACE_STYLE_USAGE(.BOTH.,#14507);
#14507 = SURFACE_SIDE_STYLE('',(#14508));
#14508 = SURFACE_STYLE_FILL_AREA(#14509);
#14509 = FILL_AREA_STYLE('',(#14510));
#14510 = FILL_AREA_STYLE_COLOUR('',#13184);
#14511 = OVER_RIDING_STYLED_ITEM('overriding color',(#14512),#9001,
  #14467);
#14512 = PRESENTATION_STYLE_ASSIGNMENT((#14513));
#14513 = SURFACE_STYLE_USAGE(.BOTH.,#14514);
#14514 = SURFACE_SIDE_STYLE('',(#14515));
#14515 = SURFACE_STYLE_FILL_AREA(#14516);
#14516 = FILL_AREA_STYLE('',(#14517));
#14517 = FILL_AREA_STYLE_COLOUR('',#13184);
#14518 = OVER_RIDING_STYLED_ITEM('overriding color',(#14519),#9018,
  #14467);
#14519 = PRESENTATION_STYLE_ASSIGNMENT((#14520));
#14520 = SURFACE_STYLE_USAGE(.BOTH.,#14521);
#14521 = SURFACE_SIDE_STYLE('',(#14522));
#14522 = SURFACE_STYLE_FILL_AREA(#14523);
#14523 = FILL_AREA_STYLE('',(#14524));
#14524 = FILL_AREA_STYLE_COLOUR('',#13184);
#14525 = OVER_RIDING_STYLED_ITEM('overriding color',(#14526),#9035,
  #14467);
#14526 = PRESENTATION_STYLE_ASSIGNMENT((#14527));
#14527 = SURFACE_STYLE_USAGE(.BOTH.,#14528);
#14528 = SURFACE_SIDE_STYLE('',(#14529));
#14529 = SURFACE_STYLE_FILL_AREA(#14530);
#14530 = FILL_AREA_STYLE('',(#14531));
#14531 = FILL_AREA_STYLE_COLOUR('',#13184);
#14532 = OVER_RIDING_STYLED_ITEM('overriding color',(#14533),#9052,
  #14467);
#14533 = PRESENTATION_STYLE_ASSIGNMENT((#14534));
#14534 = SURFACE_STYLE_USAGE(.BOTH.,#14535);
#14535 = SURFACE_SIDE_STYLE('',(#14536));
#14536 = SURFACE_STYLE_FILL_AREA(#14537);
#14537 = FILL_AREA_STYLE('',(#14538));
#14538 = FILL_AREA_STYLE_COLOUR('',#13184);
#14539 = OVER_RIDING_STYLED_ITEM('overriding color',(#14540),#9069,
  #14467);
#14540 = PRESENTATION_STYLE_ASSIGNMENT((#14541));
#14541 = SURFACE_STYLE_USAGE(.BOTH.,#14542);
#14542 = SURFACE_SIDE_STYLE('',(#14543));
#14543 = SURFACE_STYLE_FILL_AREA(#14544);
#14544 = FILL_AREA_STYLE('',(#14545));
#14545 = FILL_AREA_STYLE_COLOUR('',#13184);
#14546 = OVER_RIDING_STYLED_ITEM('overriding color',(#14547),#9109,
  #14467);
#14547 = PRESENTATION_STYLE_ASSIGNMENT((#14548));
#14548 = SURFACE_STYLE_USAGE(.BOTH.,#14549);
#14549 = SURFACE_SIDE_STYLE('',(#14550));
#14550 = SURFACE_STYLE_FILL_AREA(#14551);
#14551 = FILL_AREA_STYLE('',(#14552));
#14552 = FILL_AREA_STYLE_COLOUR('',#13184);
#14553 = OVER_RIDING_STYLED_ITEM('overriding color',(#14554),#9126,
  #14467);
#14554 = PRESENTATION_STYLE_ASSIGNMENT((#14555));
#14555 = SURFACE_STYLE_USAGE(.BOTH.,#14556);
#14556 = SURFACE_SIDE_STYLE('',(#14557));
#14557 = SURFACE_STYLE_FILL_AREA(#14558);
#14558 = FILL_AREA_STYLE('',(#14559));
#14559 = FILL_AREA_STYLE_COLOUR('',#13184);
#14560 = OVER_RIDING_STYLED_ITEM('overriding color',(#14561),#9143,
  #14467);
#14561 = PRESENTATION_STYLE_ASSIGNMENT((#14562));
#14562 = SURFACE_STYLE_USAGE(.BOTH.,#14563);
#14563 = SURFACE_SIDE_STYLE('',(#14564));
#14564 = SURFACE_STYLE_FILL_AREA(#14565);
#14565 = FILL_AREA_STYLE('',(#14566));
#14566 = FILL_AREA_STYLE_COLOUR('',#13184);
#14567 = OVER_RIDING_STYLED_ITEM('overriding color',(#14568),#9160,
  #14467);
#14568 = PRESENTATION_STYLE_ASSIGNMENT((#14569));
#14569 = SURFACE_STYLE_USAGE(.BOTH.,#14570);
#14570 = SURFACE_SIDE_STYLE('',(#14571));
#14571 = SURFACE_STYLE_FILL_AREA(#14572);
#14572 = FILL_AREA_STYLE('',(#14573));
#14573 = FILL_AREA_STYLE_COLOUR('',#13184);
#14574 = OVER_RIDING_STYLED_ITEM('overriding color',(#14575),#9177,
  #14467);
#14575 = PRESENTATION_STYLE_ASSIGNMENT((#14576));
#14576 = SURFACE_STYLE_USAGE(.BOTH.,#14577);
#14577 = SURFACE_SIDE_STYLE('',(#14578));
#14578 = SURFACE_STYLE_FILL_AREA(#14579);
#14579 = FILL_AREA_STYLE('',(#14580));
#14580 = FILL_AREA_STYLE_COLOUR('',#13184);
#14581 = OVER_RIDING_STYLED_ITEM('overriding color',(#14582),#9194,
  #14467);
#14582 = PRESENTATION_STYLE_ASSIGNMENT((#14583));
#14583 = SURFACE_STYLE_USAGE(.BOTH.,#14584);
#14584 = SURFACE_SIDE_STYLE('',(#14585));
#14585 = SURFACE_STYLE_FILL_AREA(#14586);
#14586 = FILL_AREA_STYLE('',(#14587));
#14587 = FILL_AREA_STYLE_COLOUR('',#13184);
#14588 = OVER_RIDING_STYLED_ITEM('overriding color',(#14589),#9211,
  #14467);
#14589 = PRESENTATION_STYLE_ASSIGNMENT((#14590));
#14590 = SURFACE_STYLE_USAGE(.BOTH.,#14591);
#14591 = SURFACE_SIDE_STYLE('',(#14592));
#14592 = SURFACE_STYLE_FILL_AREA(#14593);
#14593 = FILL_AREA_STYLE('',(#14594));
#14594 = FILL_AREA_STYLE_COLOUR('',#13184);
#14595 = OVER_RIDING_STYLED_ITEM('overriding color',(#14596),#9228,
  #14467);
#14596 = PRESENTATION_STYLE_ASSIGNMENT((#14597));
#14597 = SURFACE_STYLE_USAGE(.BOTH.,#14598);
#14598 = SURFACE_SIDE_STYLE('',(#14599));
#14599 = SURFACE_STYLE_FILL_AREA(#14600);
#14600 = FILL_AREA_STYLE('',(#14601));
#14601 = FILL_AREA_STYLE_COLOUR('',#13184);
#14602 = OVER_RIDING_STYLED_ITEM('overriding color',(#14603),#9263,
  #14467);
#14603 = PRESENTATION_STYLE_ASSIGNMENT((#14604));
#14604 = SURFACE_STYLE_USAGE(.BOTH.,#14605);
#14605 = SURFACE_SIDE_STYLE('',(#14606));
#14606 = SURFACE_STYLE_FILL_AREA(#14607);
#14607 = FILL_AREA_STYLE('',(#14608));
#14608 = FILL_AREA_STYLE_COLOUR('',#13184);
#14609 = OVER_RIDING_STYLED_ITEM('overriding color',(#14610),#9287,
  #14467);
#14610 = PRESENTATION_STYLE_ASSIGNMENT((#14611));
#14611 = SURFACE_STYLE_USAGE(.BOTH.,#14612);
#14612 = SURFACE_SIDE_STYLE('',(#14613));
#14613 = SURFACE_STYLE_FILL_AREA(#14614);
#14614 = FILL_AREA_STYLE('',(#14615));
#14615 = FILL_AREA_STYLE_COLOUR('',#13184);
#14616 = OVER_RIDING_STYLED_ITEM('overriding color',(#14617),#9311,
  #14467);
#14617 = PRESENTATION_STYLE_ASSIGNMENT((#14618));
#14618 = SURFACE_STYLE_USAGE(.BOTH.,#14619);
#14619 = SURFACE_SIDE_STYLE('',(#14620));
#14620 = SURFACE_STYLE_FILL_AREA(#14621);
#14621 = FILL_AREA_STYLE('',(#14622));
#14622 = FILL_AREA_STYLE_COLOUR('',#13184);
#14623 = OVER_RIDING_STYLED_ITEM('overriding color',(#14624),#9335,
  #14467);
#14624 = PRESENTATION_STYLE_ASSIGNMENT((#14625));
#14625 = SURFACE_STYLE_USAGE(.BOTH.,#14626);
#14626 = SURFACE_SIDE_STYLE('',(#14627));
#14627 = SURFACE_STYLE_FILL_AREA(#14628);
#14628 = FILL_AREA_STYLE('',(#14629));
#14629 = FILL_AREA_STYLE_COLOUR('',#13184);
#14630 = OVER_RIDING_STYLED_ITEM('overriding color',(#14631),#9360,
  #14467);
#14631 = PRESENTATION_STYLE_ASSIGNMENT((#14632));
#14632 = SURFACE_STYLE_USAGE(.BOTH.,#14633);
#14633 = SURFACE_SIDE_STYLE('',(#14634));
#14634 = SURFACE_STYLE_FILL_AREA(#14635);
#14635 = FILL_AREA_STYLE('',(#14636));
#14636 = FILL_AREA_STYLE_COLOUR('',#13184);
#14637 = OVER_RIDING_STYLED_ITEM('overriding color',(#14638),#9377,
  #14467);
#14638 = PRESENTATION_STYLE_ASSIGNMENT((#14639));
#14639 = SURFACE_STYLE_USAGE(.BOTH.,#14640);
#14640 = SURFACE_SIDE_STYLE('',(#14641));
#14641 = SURFACE_STYLE_FILL_AREA(#14642);
#14642 = FILL_AREA_STYLE('',(#14643));
#14643 = FILL_AREA_STYLE_COLOUR('',#13184);
#14644 = OVER_RIDING_STYLED_ITEM('overriding color',(#14645),#9394,
  #14467);
#14645 = PRESENTATION_STYLE_ASSIGNMENT((#14646));
#14646 = SURFACE_STYLE_USAGE(.BOTH.,#14647);
#14647 = SURFACE_SIDE_STYLE('',(#14648));
#14648 = SURFACE_STYLE_FILL_AREA(#14649);
#14649 = FILL_AREA_STYLE('',(#14650));
#14650 = FILL_AREA_STYLE_COLOUR('',#13184);
#14651 = OVER_RIDING_STYLED_ITEM('overriding color',(#14652),#9425,
  #14467);
#14652 = PRESENTATION_STYLE_ASSIGNMENT((#14653));
#14653 = SURFACE_STYLE_USAGE(.BOTH.,#14654);
#14654 = SURFACE_SIDE_STYLE('',(#14655));
#14655 = SURFACE_STYLE_FILL_AREA(#14656);
#14656 = FILL_AREA_STYLE('',(#14657));
#14657 = FILL_AREA_STYLE_COLOUR('',#13184);
#14658 = OVER_RIDING_STYLED_ITEM('overriding color',(#14659),#9449,
  #14467);
#14659 = PRESENTATION_STYLE_ASSIGNMENT((#14660));
#14660 = SURFACE_STYLE_USAGE(.BOTH.,#14661);
#14661 = SURFACE_SIDE_STYLE('',(#14662));
#14662 = SURFACE_STYLE_FILL_AREA(#14663);
#14663 = FILL_AREA_STYLE('',(#14664));
#14664 = FILL_AREA_STYLE_COLOUR('',#13184);
#14665 = OVER_RIDING_STYLED_ITEM('overriding color',(#14666),#9473,
  #14467);
#14666 = PRESENTATION_STYLE_ASSIGNMENT((#14667));
#14667 = SURFACE_STYLE_USAGE(.BOTH.,#14668);
#14668 = SURFACE_SIDE_STYLE('',(#14669));
#14669 = SURFACE_STYLE_FILL_AREA(#14670);
#14670 = FILL_AREA_STYLE('',(#14671));
#14671 = FILL_AREA_STYLE_COLOUR('',#13184);
#14672 = OVER_RIDING_STYLED_ITEM('overriding color',(#14673),#9490,
  #14467);
#14673 = PRESENTATION_STYLE_ASSIGNMENT((#14674));
#14674 = SURFACE_STYLE_USAGE(.BOTH.,#14675);
#14675 = SURFACE_SIDE_STYLE('',(#14676));
#14676 = SURFACE_STYLE_FILL_AREA(#14677);
#14677 = FILL_AREA_STYLE('',(#14678));
#14678 = FILL_AREA_STYLE_COLOUR('',#13184);
#14679 = OVER_RIDING_STYLED_ITEM('overriding color',(#14680),#9521,
  #14467);
#14680 = PRESENTATION_STYLE_ASSIGNMENT((#14681));
#14681 = SURFACE_STYLE_USAGE(.BOTH.,#14682);
#14682 = SURFACE_SIDE_STYLE('',(#14683));
#14683 = SURFACE_STYLE_FILL_AREA(#14684);
#14684 = FILL_AREA_STYLE('',(#14685));
#14685 = FILL_AREA_STYLE_COLOUR('',#13184);
#14686 = OVER_RIDING_STYLED_ITEM('overriding color',(#14687),#9545,
  #14467);
#14687 = PRESENTATION_STYLE_ASSIGNMENT((#14688));
#14688 = SURFACE_STYLE_USAGE(.BOTH.,#14689);
#14689 = SURFACE_SIDE_STYLE('',(#14690));
#14690 = SURFACE_STYLE_FILL_AREA(#14691);
#14691 = FILL_AREA_STYLE('',(#14692));
#14692 = FILL_AREA_STYLE_COLOUR('',#13184);
#14693 = OVER_RIDING_STYLED_ITEM('overriding color',(#14694),#9569,
  #14467);
#14694 = PRESENTATION_STYLE_ASSIGNMENT((#14695));
#14695 = SURFACE_STYLE_USAGE(.BOTH.,#14696);
#14696 = SURFACE_SIDE_STYLE('',(#14697));
#14697 = SURFACE_STYLE_FILL_AREA(#14698);
#14698 = FILL_AREA_STYLE('',(#14699));
#14699 = FILL_AREA_STYLE_COLOUR('',#13184);
#14700 = OVER_RIDING_STYLED_ITEM('overriding color',(#14701),#9586,
  #14467);
#14701 = PRESENTATION_STYLE_ASSIGNMENT((#14702));
#14702 = SURFACE_STYLE_USAGE(.BOTH.,#14703);
#14703 = SURFACE_SIDE_STYLE('',(#14704));
#14704 = SURFACE_STYLE_FILL_AREA(#14705);
#14705 = FILL_AREA_STYLE('',(#14706));
#14706 = FILL_AREA_STYLE_COLOUR('',#13184);
#14707 = OVER_RIDING_STYLED_ITEM('overriding color',(#14708),#9609,
  #14467);
#14708 = PRESENTATION_STYLE_ASSIGNMENT((#14709));
#14709 = SURFACE_STYLE_USAGE(.BOTH.,#14710);
#14710 = SURFACE_SIDE_STYLE('',(#14711));
#14711 = SURFACE_STYLE_FILL_AREA(#14712);
#14712 = FILL_AREA_STYLE('',(#14713));
#14713 = FILL_AREA_STYLE_COLOUR('',#13184);
#14714 = OVER_RIDING_STYLED_ITEM('overriding color',(#14715),#9632,
  #14467);
#14715 = PRESENTATION_STYLE_ASSIGNMENT((#14716));
#14716 = SURFACE_STYLE_USAGE(.BOTH.,#14717);
#14717 = SURFACE_SIDE_STYLE('',(#14718));
#14718 = SURFACE_STYLE_FILL_AREA(#14719);
#14719 = FILL_AREA_STYLE('',(#14720));
#14720 = FILL_AREA_STYLE_COLOUR('',#13184);
#14721 = OVER_RIDING_STYLED_ITEM('overriding color',(#14722),#9644,
  #14467);
#14722 = PRESENTATION_STYLE_ASSIGNMENT((#14723));
#14723 = SURFACE_STYLE_USAGE(.BOTH.,#14724);
#14724 = SURFACE_SIDE_STYLE('',(#14725));
#14725 = SURFACE_STYLE_FILL_AREA(#14726);
#14726 = FILL_AREA_STYLE('',(#14727));
#14727 = FILL_AREA_STYLE_COLOUR('',#13184);
#14728 = OVER_RIDING_STYLED_ITEM('overriding color',(#14729),#9656,
  #14467);
#14729 = PRESENTATION_STYLE_ASSIGNMENT((#14730));
#14730 = SURFACE_STYLE_USAGE(.BOTH.,#14731);
#14731 = SURFACE_SIDE_STYLE('',(#14732));
#14732 = SURFACE_STYLE_FILL_AREA(#14733);
#14733 = FILL_AREA_STYLE('',(#14734));
#14734 = FILL_AREA_STYLE_COLOUR('',#13184);
#14735 = OVER_RIDING_STYLED_ITEM('overriding color',(#14736),#9681,
  #14467);
#14736 = PRESENTATION_STYLE_ASSIGNMENT((#14737));
#14737 = SURFACE_STYLE_USAGE(.BOTH.,#14738);
#14738 = SURFACE_SIDE_STYLE('',(#14739));
#14739 = SURFACE_STYLE_FILL_AREA(#14740);
#14740 = FILL_AREA_STYLE('',(#14741));
#14741 = FILL_AREA_STYLE_COLOUR('',#13184);
#14742 = OVER_RIDING_STYLED_ITEM('overriding color',(#14743),#9706,
  #14467);
#14743 = PRESENTATION_STYLE_ASSIGNMENT((#14744));
#14744 = SURFACE_STYLE_USAGE(.BOTH.,#14745);
#14745 = SURFACE_SIDE_STYLE('',(#14746));
#14746 = SURFACE_STYLE_FILL_AREA(#14747);
#14747 = FILL_AREA_STYLE('',(#14748));
#14748 = FILL_AREA_STYLE_COLOUR('',#13184);
#14749 = OVER_RIDING_STYLED_ITEM('overriding color',(#14750),#9715,
  #14467);
#14750 = PRESENTATION_STYLE_ASSIGNMENT((#14751));
#14751 = SURFACE_STYLE_USAGE(.BOTH.,#14752);
#14752 = SURFACE_SIDE_STYLE('',(#14753));
#14753 = SURFACE_STYLE_FILL_AREA(#14754);
#14754 = FILL_AREA_STYLE('',(#14755));
#14755 = FILL_AREA_STYLE_COLOUR('',#13184);
#14756 = STYLED_ITEM('color',(#14757),#9724);
#14757 = PRESENTATION_STYLE_ASSIGNMENT((#14758,#14763));
#14758 = SURFACE_STYLE_USAGE(.BOTH.,#14759);
#14759 = SURFACE_SIDE_STYLE('',(#14760));
#14760 = SURFACE_STYLE_FILL_AREA(#14761);
#14761 = FILL_AREA_STYLE('',(#14762));
#14762 = FILL_AREA_STYLE_COLOUR('',#14420);
#14763 = CURVE_STYLE('',#14764,POSITIVE_LENGTH_MEASURE(0.1),#14423);
#14764 = DRAUGHTING_PRE_DEFINED_CURVE_FONT('continuous');
#14765 = OVER_RIDING_STYLED_ITEM('overriding color',(#14766),#9726,
  #14756);
#14766 = PRESENTATION_STYLE_ASSIGNMENT((#14767));
#14767 = SURFACE_STYLE_USAGE(.BOTH.,#14768);
#14768 = SURFACE_SIDE_STYLE('',(#14769,#14773));
#14769 = SURFACE_STYLE_FILL_AREA(#14770);
#14770 = FILL_AREA_STYLE('',(#14771));
#14771 = FILL_AREA_STYLE_COLOUR('',#14772);
#14772 = COLOUR_RGB('',0.750000000934,0.439999992444,0.);
#14773 = SURFACE_STYLE_RENDERING_WITH_PROPERTIES(.NORMAL_SHADING.,#14772
  ,(#14774));
#14774 = SURFACE_STYLE_TRANSPARENT(0.389999985695);
#14775 = OVER_RIDING_STYLED_ITEM('overriding color',(#14776),#9766,
  #14756);
#14776 = PRESENTATION_STYLE_ASSIGNMENT((#14777));
#14777 = SURFACE_STYLE_USAGE(.BOTH.,#14778);
#14778 = SURFACE_SIDE_STYLE('',(#14779,#14782));
#14779 = SURFACE_STYLE_FILL_AREA(#14780);
#14780 = FILL_AREA_STYLE('',(#14781));
#14781 = FILL_AREA_STYLE_COLOUR('',#14772);
#14782 = SURFACE_STYLE_RENDERING_WITH_PROPERTIES(.NORMAL_SHADING.,#14772
  ,(#14783));
#14783 = SURFACE_STYLE_TRANSPARENT(0.389999985695);
#14784 = OVER_RIDING_STYLED_ITEM('overriding color',(#14785),#9797,
  #14756);
#14785 = PRESENTATION_STYLE_ASSIGNMENT((#14786));
#14786 = SURFACE_STYLE_USAGE(.BOTH.,#14787);
#14787 = SURFACE_SIDE_STYLE('',(#14788,#14791));
#14788 = SURFACE_STYLE_FILL_AREA(#14789);
#14789 = FILL_AREA_STYLE('',(#14790));
#14790 = FILL_AREA_STYLE_COLOUR('',#14772);
#14791 = SURFACE_STYLE_RENDERING_WITH_PROPERTIES(.NORMAL_SHADING.,#14772
  ,(#14792));
#14792 = SURFACE_STYLE_TRANSPARENT(0.389999985695);
#14793 = OVER_RIDING_STYLED_ITEM('overriding color',(#14794),#9828,
  #14756);
#14794 = PRESENTATION_STYLE_ASSIGNMENT((#14795));
#14795 = SURFACE_STYLE_USAGE(.BOTH.,#14796);
#14796 = SURFACE_SIDE_STYLE('',(#14797,#14800));
#14797 = SURFACE_STYLE_FILL_AREA(#14798);
#14798 = FILL_AREA_STYLE('',(#14799));
#14799 = FILL_AREA_STYLE_COLOUR('',#14772);
#14800 = SURFACE_STYLE_RENDERING_WITH_PROPERTIES(.NORMAL_SHADING.,#14772
  ,(#14801));
#14801 = SURFACE_STYLE_TRANSPARENT(0.389999985695);
#14802 = OVER_RIDING_STYLED_ITEM('overriding color',(#14803),#9850,
  #14756);
#14803 = PRESENTATION_STYLE_ASSIGNMENT((#14804));
#14804 = SURFACE_STYLE_USAGE(.BOTH.,#14805);
#14805 = SURFACE_SIDE_STYLE('',(#14806,#14809));
#14806 = SURFACE_STYLE_FILL_AREA(#14807);
#14807 = FILL_AREA_STYLE('',(#14808));
#14808 = FILL_AREA_STYLE_COLOUR('',#14772);
#14809 = SURFACE_STYLE_RENDERING_WITH_PROPERTIES(.NORMAL_SHADING.,#14772
  ,(#14810));
#14810 = SURFACE_STYLE_TRANSPARENT(0.389999985695);
#14811 = OVER_RIDING_STYLED_ITEM('overriding color',(#14812),#9862,
  #14756);
#14812 = PRESENTATION_STYLE_ASSIGNMENT((#14813));
#14813 = SURFACE_STYLE_USAGE(.BOTH.,#14814);
#14814 = SURFACE_SIDE_STYLE('',(#14815,#14818));
#14815 = SURFACE_STYLE_FILL_AREA(#14816);
#14816 = FILL_AREA_STYLE('',(#14817));
#14817 = FILL_AREA_STYLE_COLOUR('',#14772);
#14818 = SURFACE_STYLE_RENDERING_WITH_PROPERTIES(.NORMAL_SHADING.,#14772
  ,(#14819));
#14819 = SURFACE_STYLE_TRANSPARENT(0.389999985695);
#14820 = STYLED_ITEM('color',(#14821),#9874);
#14821 = PRESENTATION_STYLE_ASSIGNMENT((#14822,#14827));
#14822 = SURFACE_STYLE_USAGE(.BOTH.,#14823);
#14823 = SURFACE_SIDE_STYLE('',(#14824));
#14824 = SURFACE_STYLE_FILL_AREA(#14825);
#14825 = FILL_AREA_STYLE('',(#14826));
#14826 = FILL_AREA_STYLE_COLOUR('',#14420);
#14827 = CURVE_STYLE('',#14828,POSITIVE_LENGTH_MEASURE(0.1),#14423);
#14828 = DRAUGHTING_PRE_DEFINED_CURVE_FONT('continuous');
#14829 = OVER_RIDING_STYLED_ITEM('overriding color',(#14830),#9876,
  #14820);
#14830 = PRESENTATION_STYLE_ASSIGNMENT((#14831));
#14831 = SURFACE_STYLE_USAGE(.BOTH.,#14832);
#14832 = SURFACE_SIDE_STYLE('',(#14833));
#14833 = SURFACE_STYLE_FILL_AREA(#14834);
#14834 = FILL_AREA_STYLE('',(#14835));
#14835 = FILL_AREA_STYLE_COLOUR('',#14836);
#14836 = COLOUR_RGB('',0.809000013735,0.426000008053,0.147999998088);
#14837 = OVER_RIDING_STYLED_ITEM('overriding color',(#14838),#9909,
  #14820);
#14838 = PRESENTATION_STYLE_ASSIGNMENT((#14839));
#14839 = SURFACE_STYLE_USAGE(.BOTH.,#14840);
#14840 = SURFACE_SIDE_STYLE('',(#14841));
#14841 = SURFACE_STYLE_FILL_AREA(#14842);
#14842 = FILL_AREA_STYLE('',(#14843));
#14843 = FILL_AREA_STYLE_COLOUR('',#14836);
#14844 = STYLED_ITEM('color',(#14845),#9927);
#14845 = PRESENTATION_STYLE_ASSIGNMENT((#14846,#14851));
#14846 = SURFACE_STYLE_USAGE(.BOTH.,#14847);
#14847 = SURFACE_SIDE_STYLE('',(#14848));
#14848 = SURFACE_STYLE_FILL_AREA(#14849);
#14849 = FILL_AREA_STYLE('',(#14850));
#14850 = FILL_AREA_STYLE_COLOUR('',#14420);
#14851 = CURVE_STYLE('',#14852,POSITIVE_LENGTH_MEASURE(0.1),#14423);
#14852 = DRAUGHTING_PRE_DEFINED_CURVE_FONT('continuous');
#14853 = OVER_RIDING_STYLED_ITEM('overriding color',(#14854),#9929,
  #14844);
#14854 = PRESENTATION_STYLE_ASSIGNMENT((#14855));
#14855 = SURFACE_STYLE_USAGE(.BOTH.,#14856);
#14856 = SURFACE_SIDE_STYLE('',(#14857));
#14857 = SURFACE_STYLE_FILL_AREA(#14858);
#14858 = FILL_AREA_STYLE('',(#14859));
#14859 = FILL_AREA_STYLE_COLOUR('',#14836);
#14860 = OVER_RIDING_STYLED_ITEM('overriding color',(#14861),#9962,
  #14844);
#14861 = PRESENTATION_STYLE_ASSIGNMENT((#14862));
#14862 = SURFACE_STYLE_USAGE(.BOTH.,#14863);
#14863 = SURFACE_SIDE_STYLE('',(#14864));
#14864 = SURFACE_STYLE_FILL_AREA(#14865);
#14865 = FILL_AREA_STYLE('',(#14866));
#14866 = FILL_AREA_STYLE_COLOUR('',#14836);
#14867 = STYLED_ITEM('color',(#14868),#9980);
#14868 = PRESENTATION_STYLE_ASSIGNMENT((#14869,#14874));
#14869 = SURFACE_STYLE_USAGE(.BOTH.,#14870);
#14870 = SURFACE_SIDE_STYLE('',(#14871));
#14871 = SURFACE_STYLE_FILL_AREA(#14872);
#14872 = FILL_AREA_STYLE('',(#14873));
#14873 = FILL_AREA_STYLE_COLOUR('',#14420);
#14874 = CURVE_STYLE('',#14875,POSITIVE_LENGTH_MEASURE(0.1),#14423);
#14875 = DRAUGHTING_PRE_DEFINED_CURVE_FONT('continuous');
#14876 = OVER_RIDING_STYLED_ITEM('overriding color',(#14877),#9982,
  #14867);
#14877 = PRESENTATION_STYLE_ASSIGNMENT((#14878));
#14878 = SURFACE_STYLE_USAGE(.BOTH.,#14879);
#14879 = SURFACE_SIDE_STYLE('',(#14880,#14883));
#14880 = SURFACE_STYLE_FILL_AREA(#14881);
#14881 = FILL_AREA_STYLE('',(#14882));
#14882 = FILL_AREA_STYLE_COLOUR('',#14772);
#14883 = SURFACE_STYLE_RENDERING_WITH_PROPERTIES(.NORMAL_SHADING.,#14772
  ,(#14884));
#14884 = SURFACE_STYLE_TRANSPARENT(0.389999985695);
#14885 = OVER_RIDING_STYLED_ITEM('overriding color',(#14886),#10022,
  #14867);
#14886 = PRESENTATION_STYLE_ASSIGNMENT((#14887));
#14887 = SURFACE_STYLE_USAGE(.BOTH.,#14888);
#14888 = SURFACE_SIDE_STYLE('',(#14889,#14892));
#14889 = SURFACE_STYLE_FILL_AREA(#14890);
#14890 = FILL_AREA_STYLE('',(#14891));
#14891 = FILL_AREA_STYLE_COLOUR('',#14772);
#14892 = SURFACE_STYLE_RENDERING_WITH_PROPERTIES(.NORMAL_SHADING.,#14772
  ,(#14893));
#14893 = SURFACE_STYLE_TRANSPARENT(0.389999985695);
#14894 = OVER_RIDING_STYLED_ITEM('overriding color',(#14895),#10053,
  #14867);
#14895 = PRESENTATION_STYLE_ASSIGNMENT((#14896));
#14896 = SURFACE_STYLE_USAGE(.BOTH.,#14897);
#14897 = SURFACE_SIDE_STYLE('',(#14898,#14901));
#14898 = SURFACE_STYLE_FILL_AREA(#14899);
#14899 = FILL_AREA_STYLE('',(#14900));
#14900 = FILL_AREA_STYLE_COLOUR('',#14772);
#14901 = SURFACE_STYLE_RENDERING_WITH_PROPERTIES(.NORMAL_SHADING.,#14772
  ,(#14902));
#14902 = SURFACE_STYLE_TRANSPARENT(0.389999985695);
#14903 = OVER_RIDING_STYLED_ITEM('overriding color',(#14904),#10084,
  #14867);
#14904 = PRESENTATION_STYLE_ASSIGNMENT((#14905));
#14905 = SURFACE_STYLE_USAGE(.BOTH.,#14906);
#14906 = SURFACE_SIDE_STYLE('',(#14907,#14910));
#14907 = SURFACE_STYLE_FILL_AREA(#14908);
#14908 = FILL_AREA_STYLE('',(#14909));
#14909 = FILL_AREA_STYLE_COLOUR('',#14772);
#14910 = SURFACE_STYLE_RENDERING_WITH_PROPERTIES(.NORMAL_SHADING.,#14772
  ,(#14911));
#14911 = SURFACE_STYLE_TRANSPARENT(0.389999985695);
#14912 = OVER_RIDING_STYLED_ITEM('overriding color',(#14913),#10106,
  #14867);
#14913 = PRESENTATION_STYLE_ASSIGNMENT((#14914));
#14914 = SURFACE_STYLE_USAGE(.BOTH.,#14915);
#14915 = SURFACE_SIDE_STYLE('',(#14916,#14919));
#14916 = SURFACE_STYLE_FILL_AREA(#14917);
#14917 = FILL_AREA_STYLE('',(#14918));
#14918 = FILL_AREA_STYLE_COLOUR('',#14772);
#14919 = SURFACE_STYLE_RENDERING_WITH_PROPERTIES(.NORMAL_SHADING.,#14772
  ,(#14920));
#14920 = SURFACE_STYLE_TRANSPARENT(0.389999985695);
#14921 = OVER_RIDING_STYLED_ITEM('overriding color',(#14922),#10118,
  #14867);
#14922 = PRESENTATION_STYLE_ASSIGNMENT((#14923));
#14923 = SURFACE_STYLE_USAGE(.BOTH.,#14924);
#14924 = SURFACE_SIDE_STYLE('',(#14925,#14928));
#14925 = SURFACE_STYLE_FILL_AREA(#14926);
#14926 = FILL_AREA_STYLE('',(#14927));
#14927 = FILL_AREA_STYLE_COLOUR('',#14772);
#14928 = SURFACE_STYLE_RENDERING_WITH_PROPERTIES(.NORMAL_SHADING.,#14772
  ,(#14929));
#14929 = SURFACE_STYLE_TRANSPARENT(0.389999985695);
#14930 = STYLED_ITEM('color',(#14931),#10130);
#14931 = PRESENTATION_STYLE_ASSIGNMENT((#14932,#14937));
#14932 = SURFACE_STYLE_USAGE(.BOTH.,#14933);
#14933 = SURFACE_SIDE_STYLE('',(#14934));
#14934 = SURFACE_STYLE_FILL_AREA(#14935);
#14935 = FILL_AREA_STYLE('',(#14936));
#14936 = FILL_AREA_STYLE_COLOUR('',#14420);
#14937 = CURVE_STYLE('',#14938,POSITIVE_LENGTH_MEASURE(0.1),#14423);
#14938 = DRAUGHTING_PRE_DEFINED_CURVE_FONT('continuous');
#14939 = OVER_RIDING_STYLED_ITEM('overriding color',(#14940),#10132,
  #14930);
#14940 = PRESENTATION_STYLE_ASSIGNMENT((#14941));
#14941 = SURFACE_STYLE_USAGE(.BOTH.,#14942);
#14942 = SURFACE_SIDE_STYLE('',(#14943));
#14943 = SURFACE_STYLE_FILL_AREA(#14944);
#14944 = FILL_AREA_STYLE('',(#14945));
#14945 = FILL_AREA_STYLE_COLOUR('',#12695);
#14946 = OVER_RIDING_STYLED_ITEM('overriding color',(#14947),#10172,
  #14930);
#14947 = PRESENTATION_STYLE_ASSIGNMENT((#14948));
#14948 = SURFACE_STYLE_USAGE(.BOTH.,#14949);
#14949 = SURFACE_SIDE_STYLE('',(#14950));
#14950 = SURFACE_STYLE_FILL_AREA(#14951);
#14951 = FILL_AREA_STYLE('',(#14952));
#14952 = FILL_AREA_STYLE_COLOUR('',#12695);
#14953 = OVER_RIDING_STYLED_ITEM('overriding color',(#14954),#10203,
  #14930);
#14954 = PRESENTATION_STYLE_ASSIGNMENT((#14955));
#14955 = SURFACE_STYLE_USAGE(.BOTH.,#14956);
#14956 = SURFACE_SIDE_STYLE('',(#14957));
#14957 = SURFACE_STYLE_FILL_AREA(#14958);
#14958 = FILL_AREA_STYLE('',(#14959));
#14959 = FILL_AREA_STYLE_COLOUR('',#12695);
#14960 = OVER_RIDING_STYLED_ITEM('overriding color',(#14961),#10234,
  #14930);
#14961 = PRESENTATION_STYLE_ASSIGNMENT((#14962));
#14962 = SURFACE_STYLE_USAGE(.BOTH.,#14963);
#14963 = SURFACE_SIDE_STYLE('',(#14964));
#14964 = SURFACE_STYLE_FILL_AREA(#14965);
#14965 = FILL_AREA_STYLE('',(#14966));
#14966 = FILL_AREA_STYLE_COLOUR('',#12695);
#14967 = OVER_RIDING_STYLED_ITEM('overriding color',(#14968),#10265,
  #14930);
#14968 = PRESENTATION_STYLE_ASSIGNMENT((#14969));
#14969 = SURFACE_STYLE_USAGE(.BOTH.,#14970);
#14970 = SURFACE_SIDE_STYLE('',(#14971));
#14971 = SURFACE_STYLE_FILL_AREA(#14972);
#14972 = FILL_AREA_STYLE('',(#14973));
#14973 = FILL_AREA_STYLE_COLOUR('',#12695);
#14974 = OVER_RIDING_STYLED_ITEM('overriding color',(#14975),#10296,
  #14930);
#14975 = PRESENTATION_STYLE_ASSIGNMENT((#14976));
#14976 = SURFACE_STYLE_USAGE(.BOTH.,#14977);
#14977 = SURFACE_SIDE_STYLE('',(#14978));
#14978 = SURFACE_STYLE_FILL_AREA(#14979);
#14979 = FILL_AREA_STYLE('',(#14980));
#14980 = FILL_AREA_STYLE_COLOUR('',#12695);
#14981 = OVER_RIDING_STYLED_ITEM('overriding color',(#14982),#10318,
  #14930);
#14982 = PRESENTATION_STYLE_ASSIGNMENT((#14983));
#14983 = SURFACE_STYLE_USAGE(.BOTH.,#14984);
#14984 = SURFACE_SIDE_STYLE('',(#14985));
#14985 = SURFACE_STYLE_FILL_AREA(#14986);
#14986 = FILL_AREA_STYLE('',(#14987));
#14987 = FILL_AREA_STYLE_COLOUR('',#12695);
#14988 = OVER_RIDING_STYLED_ITEM('overriding color',(#14989),#10332,
  #14930);
#14989 = PRESENTATION_STYLE_ASSIGNMENT((#14990));
#14990 = SURFACE_STYLE_USAGE(.BOTH.,#14991);
#14991 = SURFACE_SIDE_STYLE('',(#14992));
#14992 = SURFACE_STYLE_FILL_AREA(#14993);
#14993 = FILL_AREA_STYLE('',(#14994));
#14994 = FILL_AREA_STYLE_COLOUR('',#12695);
#14995 = STYLED_ITEM('color',(#14996),#10346);
#14996 = PRESENTATION_STYLE_ASSIGNMENT((#14997,#15002));
#14997 = SURFACE_STYLE_USAGE(.BOTH.,#14998);
#14998 = SURFACE_SIDE_STYLE('',(#14999));
#14999 = SURFACE_STYLE_FILL_AREA(#15000);
#15000 = FILL_AREA_STYLE('',(#15001));
#15001 = FILL_AREA_STYLE_COLOUR('',#14420);
#15002 = CURVE_STYLE('',#15003,POSITIVE_LENGTH_MEASURE(0.1),#14423);
#15003 = DRAUGHTING_PRE_DEFINED_CURVE_FONT('continuous');
#15004 = OVER_RIDING_STYLED_ITEM('overriding color',(#15005),#10348,
  #14995);
#15005 = PRESENTATION_STYLE_ASSIGNMENT((#15006));
#15006 = SURFACE_STYLE_USAGE(.BOTH.,#15007);
#15007 = SURFACE_SIDE_STYLE('',(#15008));
#15008 = SURFACE_STYLE_FILL_AREA(#15009);
#15009 = FILL_AREA_STYLE('',(#15010));
#15010 = FILL_AREA_STYLE_COLOUR('',#12695);
#15011 = OVER_RIDING_STYLED_ITEM('overriding color',(#15012),#10388,
  #14995);
#15012 = PRESENTATION_STYLE_ASSIGNMENT((#15013));
#15013 = SURFACE_STYLE_USAGE(.BOTH.,#15014);
#15014 = SURFACE_SIDE_STYLE('',(#15015));
#15015 = SURFACE_STYLE_FILL_AREA(#15016);
#15016 = FILL_AREA_STYLE('',(#15017));
#15017 = FILL_AREA_STYLE_COLOUR('',#12695);
#15018 = OVER_RIDING_STYLED_ITEM('overriding color',(#15019),#10428,
  #14995);
#15019 = PRESENTATION_STYLE_ASSIGNMENT((#15020));
#15020 = SURFACE_STYLE_USAGE(.BOTH.,#15021);
#15021 = SURFACE_SIDE_STYLE('',(#15022));
#15022 = SURFACE_STYLE_FILL_AREA(#15023);
#15023 = FILL_AREA_STYLE('',(#15024));
#15024 = FILL_AREA_STYLE_COLOUR('',#12695);
#15025 = OVER_RIDING_STYLED_ITEM('overriding color',(#15026),#10450,
  #14995);
#15026 = PRESENTATION_STYLE_ASSIGNMENT((#15027));
#15027 = SURFACE_STYLE_USAGE(.BOTH.,#15028);
#15028 = SURFACE_SIDE_STYLE('',(#15029));
#15029 = SURFACE_STYLE_FILL_AREA(#15030);
#15030 = FILL_AREA_STYLE('',(#15031));
#15031 = FILL_AREA_STYLE_COLOUR('',#12695);
#15032 = OVER_RIDING_STYLED_ITEM('overriding color',(#15033),#10472,
  #14995);
#15033 = PRESENTATION_STYLE_ASSIGNMENT((#15034));
#15034 = SURFACE_STYLE_USAGE(.BOTH.,#15035);
#15035 = SURFACE_SIDE_STYLE('',(#15036));
#15036 = SURFACE_STYLE_FILL_AREA(#15037);
#15037 = FILL_AREA_STYLE('',(#15038));
#15038 = FILL_AREA_STYLE_COLOUR('',#12695);
#15039 = OVER_RIDING_STYLED_ITEM('overriding color',(#15040),#10484,
  #14995);
#15040 = PRESENTATION_STYLE_ASSIGNMENT((#15041));
#15041 = SURFACE_STYLE_USAGE(.BOTH.,#15042);
#15042 = SURFACE_SIDE_STYLE('',(#15043));
#15043 = SURFACE_STYLE_FILL_AREA(#15044);
#15044 = FILL_AREA_STYLE('',(#15045));
#15045 = FILL_AREA_STYLE_COLOUR('',#12695);
#15046 = STYLED_ITEM('color',(#15047),#10496);
#15047 = PRESENTATION_STYLE_ASSIGNMENT((#15048,#15053));
#15048 = SURFACE_STYLE_USAGE(.BOTH.,#15049);
#15049 = SURFACE_SIDE_STYLE('',(#15050));
#15050 = SURFACE_STYLE_FILL_AREA(#15051);
#15051 = FILL_AREA_STYLE('',(#15052));
#15052 = FILL_AREA_STYLE_COLOUR('',#14420);
#15053 = CURVE_STYLE('',#15054,POSITIVE_LENGTH_MEASURE(0.1),#14423);
#15054 = DRAUGHTING_PRE_DEFINED_CURVE_FONT('continuous');
#15055 = OVER_RIDING_STYLED_ITEM('overriding color',(#15056),#10498,
  #15046);
#15056 = PRESENTATION_STYLE_ASSIGNMENT((#15057));
#15057 = SURFACE_STYLE_USAGE(.BOTH.,#15058);
#15058 = SURFACE_SIDE_STYLE('',(#15059));
#15059 = SURFACE_STYLE_FILL_AREA(#15060);
#15060 = FILL_AREA_STYLE('',(#15061));
#15061 = FILL_AREA_STYLE_COLOUR('',#12695);
#15062 = OVER_RIDING_STYLED_ITEM('overriding color',(#15063),#10538,
  #15046);
#15063 = PRESENTATION_STYLE_ASSIGNMENT((#15064));
#15064 = SURFACE_STYLE_USAGE(.BOTH.,#15065);
#15065 = SURFACE_SIDE_STYLE('',(#15066));
#15066 = SURFACE_STYLE_FILL_AREA(#15067);
#15067 = FILL_AREA_STYLE('',(#15068));
#15068 = FILL_AREA_STYLE_COLOUR('',#12695);
#15069 = OVER_RIDING_STYLED_ITEM('overriding color',(#15070),#10578,
  #15046);
#15070 = PRESENTATION_STYLE_ASSIGNMENT((#15071));
#15071 = SURFACE_STYLE_USAGE(.BOTH.,#15072);
#15072 = SURFACE_SIDE_STYLE('',(#15073));
#15073 = SURFACE_STYLE_FILL_AREA(#15074);
#15074 = FILL_AREA_STYLE('',(#15075));
#15075 = FILL_AREA_STYLE_COLOUR('',#12695);
#15076 = OVER_RIDING_STYLED_ITEM('overriding color',(#15077),#10600,
  #15046);
#15077 = PRESENTATION_STYLE_ASSIGNMENT((#15078));
#15078 = SURFACE_STYLE_USAGE(.BOTH.,#15079);
#15079 = SURFACE_SIDE_STYLE('',(#15080));
#15080 = SURFACE_STYLE_FILL_AREA(#15081);
#15081 = FILL_AREA_STYLE('',(#15082));
#15082 = FILL_AREA_STYLE_COLOUR('',#12695);
#15083 = OVER_RIDING_STYLED_ITEM('overriding color',(#15084),#10622,
  #15046);
#15084 = PRESENTATION_STYLE_ASSIGNMENT((#15085));
#15085 = SURFACE_STYLE_USAGE(.BOTH.,#15086);
#15086 = SURFACE_SIDE_STYLE('',(#15087));
#15087 = SURFACE_STYLE_FILL_AREA(#15088);
#15088 = FILL_AREA_STYLE('',(#15089));
#15089 = FILL_AREA_STYLE_COLOUR('',#12695);
#15090 = OVER_RIDING_STYLED_ITEM('overriding color',(#15091),#10634,
  #15046);
#15091 = PRESENTATION_STYLE_ASSIGNMENT((#15092));
#15092 = SURFACE_STYLE_USAGE(.BOTH.,#15093);
#15093 = SURFACE_SIDE_STYLE('',(#15094));
#15094 = SURFACE_STYLE_FILL_AREA(#15095);
#15095 = FILL_AREA_STYLE('',(#15096));
#15096 = FILL_AREA_STYLE_COLOUR('',#12695);
#15097 = STYLED_ITEM('color',(#15098),#10646);
#15098 = PRESENTATION_STYLE_ASSIGNMENT((#15099,#15104));
#15099 = SURFACE_STYLE_USAGE(.BOTH.,#15100);
#15100 = SURFACE_SIDE_STYLE('',(#15101));
#15101 = SURFACE_STYLE_FILL_AREA(#15102);
#15102 = FILL_AREA_STYLE('',(#15103));
#15103 = FILL_AREA_STYLE_COLOUR('',#14420);
#15104 = CURVE_STYLE('',#15105,POSITIVE_LENGTH_MEASURE(0.1),#14423);
#15105 = DRAUGHTING_PRE_DEFINED_CURVE_FONT('continuous');
#15106 = OVER_RIDING_STYLED_ITEM('overriding color',(#15107),#10648,
  #15097);
#15107 = PRESENTATION_STYLE_ASSIGNMENT((#15108));
#15108 = SURFACE_STYLE_USAGE(.BOTH.,#15109);
#15109 = SURFACE_SIDE_STYLE('',(#15110));
#15110 = SURFACE_STYLE_FILL_AREA(#15111);
#15111 = FILL_AREA_STYLE('',(#15112));
#15112 = FILL_AREA_STYLE_COLOUR('',#12695);
#15113 = OVER_RIDING_STYLED_ITEM('overriding color',(#15114),#10688,
  #15097);
#15114 = PRESENTATION_STYLE_ASSIGNMENT((#15115));
#15115 = SURFACE_STYLE_USAGE(.BOTH.,#15116);
#15116 = SURFACE_SIDE_STYLE('',(#15117));
#15117 = SURFACE_STYLE_FILL_AREA(#15118);
#15118 = FILL_AREA_STYLE('',(#15119));
#15119 = FILL_AREA_STYLE_COLOUR('',#12695);
#15120 = OVER_RIDING_STYLED_ITEM('overriding color',(#15121),#10728,
  #15097);
#15121 = PRESENTATION_STYLE_ASSIGNMENT((#15122));
#15122 = SURFACE_STYLE_USAGE(.BOTH.,#15123);
#15123 = SURFACE_SIDE_STYLE('',(#15124));
#15124 = SURFACE_STYLE_FILL_AREA(#15125);
#15125 = FILL_AREA_STYLE('',(#15126));
#15126 = FILL_AREA_STYLE_COLOUR('',#12695);
#15127 = OVER_RIDING_STYLED_ITEM('overriding color',(#15128),#10750,
  #15097);
#15128 = PRESENTATION_STYLE_ASSIGNMENT((#15129));
#15129 = SURFACE_STYLE_USAGE(.BOTH.,#15130);
#15130 = SURFACE_SIDE_STYLE('',(#15131));
#15131 = SURFACE_STYLE_FILL_AREA(#15132);
#15132 = FILL_AREA_STYLE('',(#15133));
#15133 = FILL_AREA_STYLE_COLOUR('',#12695);
#15134 = OVER_RIDING_STYLED_ITEM('overriding color',(#15135),#10772,
  #15097);
#15135 = PRESENTATION_STYLE_ASSIGNMENT((#15136));
#15136 = SURFACE_STYLE_USAGE(.BOTH.,#15137);
#15137 = SURFACE_SIDE_STYLE('',(#15138));
#15138 = SURFACE_STYLE_FILL_AREA(#15139);
#15139 = FILL_AREA_STYLE('',(#15140));
#15140 = FILL_AREA_STYLE_COLOUR('',#12695);
#15141 = OVER_RIDING_STYLED_ITEM('overriding color',(#15142),#10784,
  #15097);
#15142 = PRESENTATION_STYLE_ASSIGNMENT((#15143));
#15143 = SURFACE_STYLE_USAGE(.BOTH.,#15144);
#15144 = SURFACE_SIDE_STYLE('',(#15145));
#15145 = SURFACE_STYLE_FILL_AREA(#15146);
#15146 = FILL_AREA_STYLE('',(#15147));
#15147 = FILL_AREA_STYLE_COLOUR('',#12695);
#15148 = STYLED_ITEM('color',(#15149),#10796);
#15149 = PRESENTATION_STYLE_ASSIGNMENT((#15150,#15155));
#15150 = SURFACE_STYLE_USAGE(.BOTH.,#15151);
#15151 = SURFACE_SIDE_STYLE('',(#15152));
#15152 = SURFACE_STYLE_FILL_AREA(#15153);
#15153 = FILL_AREA_STYLE('',(#15154));
#15154 = FILL_AREA_STYLE_COLOUR('',#14420);
#15155 = CURVE_STYLE('',#15156,POSITIVE_LENGTH_MEASURE(0.1),#14423);
#15156 = DRAUGHTING_PRE_DEFINED_CURVE_FONT('continuous');
#15157 = OVER_RIDING_STYLED_ITEM('overriding color',(#15158),#10798,
  #15148);
#15158 = PRESENTATION_STYLE_ASSIGNMENT((#15159));
#15159 = SURFACE_STYLE_USAGE(.BOTH.,#15160);
#15160 = SURFACE_SIDE_STYLE('',(#15161));
#15161 = SURFACE_STYLE_FILL_AREA(#15162);
#15162 = FILL_AREA_STYLE('',(#15163));
#15163 = FILL_AREA_STYLE_COLOUR('',#12695);
#15164 = OVER_RIDING_STYLED_ITEM('overriding color',(#15165),#10838,
  #15148);
#15165 = PRESENTATION_STYLE_ASSIGNMENT((#15166));
#15166 = SURFACE_STYLE_USAGE(.BOTH.,#15167);
#15167 = SURFACE_SIDE_STYLE('',(#15168));
#15168 = SURFACE_STYLE_FILL_AREA(#15169);
#15169 = FILL_AREA_STYLE('',(#15170));
#15170 = FILL_AREA_STYLE_COLOUR('',#12695);
#15171 = OVER_RIDING_STYLED_ITEM('overriding color',(#15172),#10878,
  #15148);
#15172 = PRESENTATION_STYLE_ASSIGNMENT((#15173));
#15173 = SURFACE_STYLE_USAGE(.BOTH.,#15174);
#15174 = SURFACE_SIDE_STYLE('',(#15175));
#15175 = SURFACE_STYLE_FILL_AREA(#15176);
#15176 = FILL_AREA_STYLE('',(#15177));
#15177 = FILL_AREA_STYLE_COLOUR('',#12695);
#15178 = OVER_RIDING_STYLED_ITEM('overriding color',(#15179),#10900,
  #15148);
#15179 = PRESENTATION_STYLE_ASSIGNMENT((#15180));
#15180 = SURFACE_STYLE_USAGE(.BOTH.,#15181);
#15181 = SURFACE_SIDE_STYLE('',(#15182));
#15182 = SURFACE_STYLE_FILL_AREA(#15183);
#15183 = FILL_AREA_STYLE('',(#15184));
#15184 = FILL_AREA_STYLE_COLOUR('',#12695);
#15185 = OVER_RIDING_STYLED_ITEM('overriding color',(#15186),#10922,
  #15148);
#15186 = PRESENTATION_STYLE_ASSIGNMENT((#15187));
#15187 = SURFACE_STYLE_USAGE(.BOTH.,#15188);
#15188 = SURFACE_SIDE_STYLE('',(#15189));
#15189 = SURFACE_STYLE_FILL_AREA(#15190);
#15190 = FILL_AREA_STYLE('',(#15191));
#15191 = FILL_AREA_STYLE_COLOUR('',#12695);
#15192 = OVER_RIDING_STYLED_ITEM('overriding color',(#15193),#10934,
  #15148);
#15193 = PRESENTATION_STYLE_ASSIGNMENT((#15194));
#15194 = SURFACE_STYLE_USAGE(.BOTH.,#15195);
#15195 = SURFACE_SIDE_STYLE('',(#15196));
#15196 = SURFACE_STYLE_FILL_AREA(#15197);
#15197 = FILL_AREA_STYLE('',(#15198));
#15198 = FILL_AREA_STYLE_COLOUR('',#12695);
#15199 = STYLED_ITEM('color',(#15200),#10946);
#15200 = PRESENTATION_STYLE_ASSIGNMENT((#15201,#15206));
#15201 = SURFACE_STYLE_USAGE(.BOTH.,#15202);
#15202 = SURFACE_SIDE_STYLE('',(#15203));
#15203 = SURFACE_STYLE_FILL_AREA(#15204);
#15204 = FILL_AREA_STYLE('',(#15205));
#15205 = FILL_AREA_STYLE_COLOUR('',#14420);
#15206 = CURVE_STYLE('',#15207,POSITIVE_LENGTH_MEASURE(0.1),#14423);
#15207 = DRAUGHTING_PRE_DEFINED_CURVE_FONT('continuous');
#15208 = OVER_RIDING_STYLED_ITEM('overriding color',(#15209),#10948,
  #15199);
#15209 = PRESENTATION_STYLE_ASSIGNMENT((#15210));
#15210 = SURFACE_STYLE_USAGE(.BOTH.,#15211);
#15211 = SURFACE_SIDE_STYLE('',(#15212));
#15212 = SURFACE_STYLE_FILL_AREA(#15213);
#15213 = FILL_AREA_STYLE('',(#15214));
#15214 = FILL_AREA_STYLE_COLOUR('',#12695);
#15215 = OVER_RIDING_STYLED_ITEM('overriding color',(#15216),#10988,
  #15199);
#15216 = PRESENTATION_STYLE_ASSIGNMENT((#15217));
#15217 = SURFACE_STYLE_USAGE(.BOTH.,#15218);
#15218 = SURFACE_SIDE_STYLE('',(#15219));
#15219 = SURFACE_STYLE_FILL_AREA(#15220);
#15220 = FILL_AREA_STYLE('',(#15221));
#15221 = FILL_AREA_STYLE_COLOUR('',#12695);
#15222 = OVER_RIDING_STYLED_ITEM('overriding color',(#15223),#11028,
  #15199);
#15223 = PRESENTATION_STYLE_ASSIGNMENT((#15224));
#15224 = SURFACE_STYLE_USAGE(.BOTH.,#15225);
#15225 = SURFACE_SIDE_STYLE('',(#15226));
#15226 = SURFACE_STYLE_FILL_AREA(#15227);
#15227 = FILL_AREA_STYLE('',(#15228));
#15228 = FILL_AREA_STYLE_COLOUR('',#12695);
#15229 = OVER_RIDING_STYLED_ITEM('overriding color',(#15230),#11050,
  #15199);
#15230 = PRESENTATION_STYLE_ASSIGNMENT((#15231));
#15231 = SURFACE_STYLE_USAGE(.BOTH.,#15232);
#15232 = SURFACE_SIDE_STYLE('',(#15233));
#15233 = SURFACE_STYLE_FILL_AREA(#15234);
#15234 = FILL_AREA_STYLE('',(#15235));
#15235 = FILL_AREA_STYLE_COLOUR('',#12695);
#15236 = OVER_RIDING_STYLED_ITEM('overriding color',(#15237),#11072,
  #15199);
#15237 = PRESENTATION_STYLE_ASSIGNMENT((#15238));
#15238 = SURFACE_STYLE_USAGE(.BOTH.,#15239);
#15239 = SURFACE_SIDE_STYLE('',(#15240));
#15240 = SURFACE_STYLE_FILL_AREA(#15241);
#15241 = FILL_AREA_STYLE('',(#15242));
#15242 = FILL_AREA_STYLE_COLOUR('',#12695);
#15243 = OVER_RIDING_STYLED_ITEM('overriding color',(#15244),#11084,
  #15199);
#15244 = PRESENTATION_STYLE_ASSIGNMENT((#15245));
#15245 = SURFACE_STYLE_USAGE(.BOTH.,#15246);
#15246 = SURFACE_SIDE_STYLE('',(#15247));
#15247 = SURFACE_STYLE_FILL_AREA(#15248);
#15248 = FILL_AREA_STYLE('',(#15249));
#15249 = FILL_AREA_STYLE_COLOUR('',#12695);
#15250 = STYLED_ITEM('color',(#15251),#11096);
#15251 = PRESENTATION_STYLE_ASSIGNMENT((#15252,#15257));
#15252 = SURFACE_STYLE_USAGE(.BOTH.,#15253);
#15253 = SURFACE_SIDE_STYLE('',(#15254));
#15254 = SURFACE_STYLE_FILL_AREA(#15255);
#15255 = FILL_AREA_STYLE('',(#15256));
#15256 = FILL_AREA_STYLE_COLOUR('',#14420);
#15257 = CURVE_STYLE('',#15258,POSITIVE_LENGTH_MEASURE(0.1),#14423);
#15258 = DRAUGHTING_PRE_DEFINED_CURVE_FONT('continuous');
#15259 = OVER_RIDING_STYLED_ITEM('overriding color',(#15260),#11098,
  #15250);
#15260 = PRESENTATION_STYLE_ASSIGNMENT((#15261));
#15261 = SURFACE_STYLE_USAGE(.BOTH.,#15262);
#15262 = SURFACE_SIDE_STYLE('',(#15263));
#15263 = SURFACE_STYLE_FILL_AREA(#15264);
#15264 = FILL_AREA_STYLE('',(#15265));
#15265 = FILL_AREA_STYLE_COLOUR('',#12695);
#15266 = OVER_RIDING_STYLED_ITEM('overriding color',(#15267),#11138,
  #15250);
#15267 = PRESENTATION_STYLE_ASSIGNMENT((#15268));
#15268 = SURFACE_STYLE_USAGE(.BOTH.,#15269);
#15269 = SURFACE_SIDE_STYLE('',(#15270));
#15270 = SURFACE_STYLE_FILL_AREA(#15271);
#15271 = FILL_AREA_STYLE('',(#15272));
#15272 = FILL_AREA_STYLE_COLOUR('',#12695);
#15273 = OVER_RIDING_STYLED_ITEM('overriding color',(#15274),#11178,
  #15250);
#15274 = PRESENTATION_STYLE_ASSIGNMENT((#15275));
#15275 = SURFACE_STYLE_USAGE(.BOTH.,#15276);
#15276 = SURFACE_SIDE_STYLE('',(#15277));
#15277 = SURFACE_STYLE_FILL_AREA(#15278);
#15278 = FILL_AREA_STYLE('',(#15279));
#15279 = FILL_AREA_STYLE_COLOUR('',#12695);
#15280 = OVER_RIDING_STYLED_ITEM('overriding color',(#15281),#11200,
  #15250);
#15281 = PRESENTATION_STYLE_ASSIGNMENT((#15282));
#15282 = SURFACE_STYLE_USAGE(.BOTH.,#15283);
#15283 = SURFACE_SIDE_STYLE('',(#15284));
#15284 = SURFACE_STYLE_FILL_AREA(#15285);
#15285 = FILL_AREA_STYLE('',(#15286));
#15286 = FILL_AREA_STYLE_COLOUR('',#12695);
#15287 = OVER_RIDING_STYLED_ITEM('overriding color',(#15288),#11222,
  #15250);
#15288 = PRESENTATION_STYLE_ASSIGNMENT((#15289));
#15289 = SURFACE_STYLE_USAGE(.BOTH.,#15290);
#15290 = SURFACE_SIDE_STYLE('',(#15291));
#15291 = SURFACE_STYLE_FILL_AREA(#15292);
#15292 = FILL_AREA_STYLE('',(#15293));
#15293 = FILL_AREA_STYLE_COLOUR('',#12695);
#15294 = OVER_RIDING_STYLED_ITEM('overriding color',(#15295),#11234,
  #15250);
#15295 = PRESENTATION_STYLE_ASSIGNMENT((#15296));
#15296 = SURFACE_STYLE_USAGE(.BOTH.,#15297);
#15297 = SURFACE_SIDE_STYLE('',(#15298));
#15298 = SURFACE_STYLE_FILL_AREA(#15299);
#15299 = FILL_AREA_STYLE('',(#15300));
#15300 = FILL_AREA_STYLE_COLOUR('',#12695);
#15301 = STYLED_ITEM('color',(#15302),#11246);
#15302 = PRESENTATION_STYLE_ASSIGNMENT((#15303,#15308));
#15303 = SURFACE_STYLE_USAGE(.BOTH.,#15304);
#15304 = SURFACE_SIDE_STYLE('',(#15305));
#15305 = SURFACE_STYLE_FILL_AREA(#15306);
#15306 = FILL_AREA_STYLE('',(#15307));
#15307 = FILL_AREA_STYLE_COLOUR('',#14420);
#15308 = CURVE_STYLE('',#15309,POSITIVE_LENGTH_MEASURE(0.1),#14423);
#15309 = DRAUGHTING_PRE_DEFINED_CURVE_FONT('continuous');
#15310 = OVER_RIDING_STYLED_ITEM('overriding color',(#15311),#11248,
  #15301);
#15311 = PRESENTATION_STYLE_ASSIGNMENT((#15312));
#15312 = SURFACE_STYLE_USAGE(.BOTH.,#15313);
#15313 = SURFACE_SIDE_STYLE('',(#15314));
#15314 = SURFACE_STYLE_FILL_AREA(#15315);
#15315 = FILL_AREA_STYLE('',(#15316));
#15316 = FILL_AREA_STYLE_COLOUR('',#12695);
#15317 = OVER_RIDING_STYLED_ITEM('overriding color',(#15318),#11288,
  #15301);
#15318 = PRESENTATION_STYLE_ASSIGNMENT((#15319));
#15319 = SURFACE_STYLE_USAGE(.BOTH.,#15320);
#15320 = SURFACE_SIDE_STYLE('',(#15321));
#15321 = SURFACE_STYLE_FILL_AREA(#15322);
#15322 = FILL_AREA_STYLE('',(#15323));
#15323 = FILL_AREA_STYLE_COLOUR('',#12695);
#15324 = OVER_RIDING_STYLED_ITEM('overriding color',(#15325),#11328,
  #15301);
#15325 = PRESENTATION_STYLE_ASSIGNMENT((#15326));
#15326 = SURFACE_STYLE_USAGE(.BOTH.,#15327);
#15327 = SURFACE_SIDE_STYLE('',(#15328));
#15328 = SURFACE_STYLE_FILL_AREA(#15329);
#15329 = FILL_AREA_STYLE('',(#15330));
#15330 = FILL_AREA_STYLE_COLOUR('',#12695);
#15331 = OVER_RIDING_STYLED_ITEM('overriding color',(#15332),#11350,
  #15301);
#15332 = PRESENTATION_STYLE_ASSIGNMENT((#15333));
#15333 = SURFACE_STYLE_USAGE(.BOTH.,#15334);
#15334 = SURFACE_SIDE_STYLE('',(#15335));
#15335 = SURFACE_STYLE_FILL_AREA(#15336);
#15336 = FILL_AREA_STYLE('',(#15337));
#15337 = FILL_AREA_STYLE_COLOUR('',#12695);
#15338 = OVER_RIDING_STYLED_ITEM('overriding color',(#15339),#11372,
  #15301);
#15339 = PRESENTATION_STYLE_ASSIGNMENT((#15340));
#15340 = SURFACE_STYLE_USAGE(.BOTH.,#15341);
#15341 = SURFACE_SIDE_STYLE('',(#15342));
#15342 = SURFACE_STYLE_FILL_AREA(#15343);
#15343 = FILL_AREA_STYLE('',(#15344));
#15344 = FILL_AREA_STYLE_COLOUR('',#12695);
#15345 = OVER_RIDING_STYLED_ITEM('overriding color',(#15346),#11384,
  #15301);
#15346 = PRESENTATION_STYLE_ASSIGNMENT((#15347));
#15347 = SURFACE_STYLE_USAGE(.BOTH.,#15348);
#15348 = SURFACE_SIDE_STYLE('',(#15349));
#15349 = SURFACE_STYLE_FILL_AREA(#15350);
#15350 = FILL_AREA_STYLE('',(#15351));
#15351 = FILL_AREA_STYLE_COLOUR('',#12695);
#15352 = STYLED_ITEM('color',(#15353),#11396);
#15353 = PRESENTATION_STYLE_ASSIGNMENT((#15354,#15359));
#15354 = SURFACE_STYLE_USAGE(.BOTH.,#15355);
#15355 = SURFACE_SIDE_STYLE('',(#15356));
#15356 = SURFACE_STYLE_FILL_AREA(#15357);
#15357 = FILL_AREA_STYLE('',(#15358));
#15358 = FILL_AREA_STYLE_COLOUR('',#14420);
#15359 = CURVE_STYLE('',#15360,POSITIVE_LENGTH_MEASURE(0.1),#14423);
#15360 = DRAUGHTING_PRE_DEFINED_CURVE_FONT('continuous');
#15361 = OVER_RIDING_STYLED_ITEM('overriding color',(#15362),#11398,
  #15352);
#15362 = PRESENTATION_STYLE_ASSIGNMENT((#15363));
#15363 = SURFACE_STYLE_USAGE(.BOTH.,#15364);
#15364 = SURFACE_SIDE_STYLE('',(#15365));
#15365 = SURFACE_STYLE_FILL_AREA(#15366);
#15366 = FILL_AREA_STYLE('',(#15367));
#15367 = FILL_AREA_STYLE_COLOUR('',#12695);
#15368 = OVER_RIDING_STYLED_ITEM('overriding color',(#15369),#11438,
  #15352);
#15369 = PRESENTATION_STYLE_ASSIGNMENT((#15370));
#15370 = SURFACE_STYLE_USAGE(.BOTH.,#15371);
#15371 = SURFACE_SIDE_STYLE('',(#15372));
#15372 = SURFACE_STYLE_FILL_AREA(#15373);
#15373 = FILL_AREA_STYLE('',(#15374));
#15374 = FILL_AREA_STYLE_COLOUR('',#12695);
#15375 = OVER_RIDING_STYLED_ITEM('overriding color',(#15376),#11478,
  #15352);
#15376 = PRESENTATION_STYLE_ASSIGNMENT((#15377));
#15377 = SURFACE_STYLE_USAGE(.BOTH.,#15378);
#15378 = SURFACE_SIDE_STYLE('',(#15379));
#15379 = SURFACE_STYLE_FILL_AREA(#15380);
#15380 = FILL_AREA_STYLE('',(#15381));
#15381 = FILL_AREA_STYLE_COLOUR('',#12695);
#15382 = OVER_RIDING_STYLED_ITEM('overriding color',(#15383),#11500,
  #15352);
#15383 = PRESENTATION_STYLE_ASSIGNMENT((#15384));
#15384 = SURFACE_STYLE_USAGE(.BOTH.,#15385);
#15385 = SURFACE_SIDE_STYLE('',(#15386));
#15386 = SURFACE_STYLE_FILL_AREA(#15387);
#15387 = FILL_AREA_STYLE('',(#15388));
#15388 = FILL_AREA_STYLE_COLOUR('',#12695);
#15389 = OVER_RIDING_STYLED_ITEM('overriding color',(#15390),#11522,
  #15352);
#15390 = PRESENTATION_STYLE_ASSIGNMENT((#15391));
#15391 = SURFACE_STYLE_USAGE(.BOTH.,#15392);
#15392 = SURFACE_SIDE_STYLE('',(#15393));
#15393 = SURFACE_STYLE_FILL_AREA(#15394);
#15394 = FILL_AREA_STYLE('',(#15395));
#15395 = FILL_AREA_STYLE_COLOUR('',#12695);
#15396 = OVER_RIDING_STYLED_ITEM('overriding color',(#15397),#11534,
  #15352);
#15397 = PRESENTATION_STYLE_ASSIGNMENT((#15398));
#15398 = SURFACE_STYLE_USAGE(.BOTH.,#15399);
#15399 = SURFACE_SIDE_STYLE('',(#15400));
#15400 = SURFACE_STYLE_FILL_AREA(#15401);
#15401 = FILL_AREA_STYLE('',(#15402));
#15402 = FILL_AREA_STYLE_COLOUR('',#12695);
#15403 = STYLED_ITEM('color',(#15404),#11546);
#15404 = PRESENTATION_STYLE_ASSIGNMENT((#15405,#15410));
#15405 = SURFACE_STYLE_USAGE(.BOTH.,#15406);
#15406 = SURFACE_SIDE_STYLE('',(#15407));
#15407 = SURFACE_STYLE_FILL_AREA(#15408);
#15408 = FILL_AREA_STYLE('',(#15409));
#15409 = FILL_AREA_STYLE_COLOUR('',#14420);
#15410 = CURVE_STYLE('',#15411,POSITIVE_LENGTH_MEASURE(0.1),#14423);
#15411 = DRAUGHTING_PRE_DEFINED_CURVE_FONT('continuous');
#15412 = OVER_RIDING_STYLED_ITEM('overriding color',(#15413),#11548,
  #15403);
#15413 = PRESENTATION_STYLE_ASSIGNMENT((#15414));
#15414 = SURFACE_STYLE_USAGE(.BOTH.,#15415);
#15415 = SURFACE_SIDE_STYLE('',(#15416));
#15416 = SURFACE_STYLE_FILL_AREA(#15417);
#15417 = FILL_AREA_STYLE('',(#15418));
#15418 = FILL_AREA_STYLE_COLOUR('',#12695);
#15419 = OVER_RIDING_STYLED_ITEM('overriding color',(#15420),#11588,
  #15403);
#15420 = PRESENTATION_STYLE_ASSIGNMENT((#15421));
#15421 = SURFACE_STYLE_USAGE(.BOTH.,#15422);
#15422 = SURFACE_SIDE_STYLE('',(#15423));
#15423 = SURFACE_STYLE_FILL_AREA(#15424);
#15424 = FILL_AREA_STYLE('',(#15425));
#15425 = FILL_AREA_STYLE_COLOUR('',#12695);
#15426 = OVER_RIDING_STYLED_ITEM('overriding color',(#15427),#11628,
  #15403);
#15427 = PRESENTATION_STYLE_ASSIGNMENT((#15428));
#15428 = SURFACE_STYLE_USAGE(.BOTH.,#15429);
#15429 = SURFACE_SIDE_STYLE('',(#15430));
#15430 = SURFACE_STYLE_FILL_AREA(#15431);
#15431 = FILL_AREA_STYLE('',(#15432));
#15432 = FILL_AREA_STYLE_COLOUR('',#12695);
#15433 = OVER_RIDING_STYLED_ITEM('overriding color',(#15434),#11650,
  #15403);
#15434 = PRESENTATION_STYLE_ASSIGNMENT((#15435));
#15435 = SURFACE_STYLE_USAGE(.BOTH.,#15436);
#15436 = SURFACE_SIDE_STYLE('',(#15437));
#15437 = SURFACE_STYLE_FILL_AREA(#15438);
#15438 = FILL_AREA_STYLE('',(#15439));
#15439 = FILL_AREA_STYLE_COLOUR('',#12695);
#15440 = OVER_RIDING_STYLED_ITEM('overriding color',(#15441),#11672,
  #15403);
#15441 = PRESENTATION_STYLE_ASSIGNMENT((#15442));
#15442 = SURFACE_STYLE_USAGE(.BOTH.,#15443);
#15443 = SURFACE_SIDE_STYLE('',(#15444));
#15444 = SURFACE_STYLE_FILL_AREA(#15445);
#15445 = FILL_AREA_STYLE('',(#15446));
#15446 = FILL_AREA_STYLE_COLOUR('',#12695);
#15447 = OVER_RIDING_STYLED_ITEM('overriding color',(#15448),#11684,
  #15403);
#15448 = PRESENTATION_STYLE_ASSIGNMENT((#15449));
#15449 = SURFACE_STYLE_USAGE(.BOTH.,#15450);
#15450 = SURFACE_SIDE_STYLE('',(#15451));
#15451 = SURFACE_STYLE_FILL_AREA(#15452);
#15452 = FILL_AREA_STYLE('',(#15453));
#15453 = FILL_AREA_STYLE_COLOUR('',#12695);
#15454 = STYLED_ITEM('color',(#15455),#11696);
#15455 = PRESENTATION_STYLE_ASSIGNMENT((#15456,#15461));
#15456 = SURFACE_STYLE_USAGE(.BOTH.,#15457);
#15457 = SURFACE_SIDE_STYLE('',(#15458));
#15458 = SURFACE_STYLE_FILL_AREA(#15459);
#15459 = FILL_AREA_STYLE('',(#15460));
#15460 = FILL_AREA_STYLE_COLOUR('',#14420);
#15461 = CURVE_STYLE('',#15462,POSITIVE_LENGTH_MEASURE(0.1),#14423);
#15462 = DRAUGHTING_PRE_DEFINED_CURVE_FONT('continuous');
#15463 = OVER_RIDING_STYLED_ITEM('overriding color',(#15464),#11698,
  #15454);
#15464 = PRESENTATION_STYLE_ASSIGNMENT((#15465));
#15465 = SURFACE_STYLE_USAGE(.BOTH.,#15466);
#15466 = SURFACE_SIDE_STYLE('',(#15467));
#15467 = SURFACE_STYLE_FILL_AREA(#15468);
#15468 = FILL_AREA_STYLE('',(#15469));
#15469 = FILL_AREA_STYLE_COLOUR('',#12695);
#15470 = OVER_RIDING_STYLED_ITEM('overriding color',(#15471),#11738,
  #15454);
#15471 = PRESENTATION_STYLE_ASSIGNMENT((#15472));
#15472 = SURFACE_STYLE_USAGE(.BOTH.,#15473);
#15473 = SURFACE_SIDE_STYLE('',(#15474));
#15474 = SURFACE_STYLE_FILL_AREA(#15475);
#15475 = FILL_AREA_STYLE('',(#15476));
#15476 = FILL_AREA_STYLE_COLOUR('',#12695);
#15477 = OVER_RIDING_STYLED_ITEM('overriding color',(#15478),#11778,
  #15454);
#15478 = PRESENTATION_STYLE_ASSIGNMENT((#15479));
#15479 = SURFACE_STYLE_USAGE(.BOTH.,#15480);
#15480 = SURFACE_SIDE_STYLE('',(#15481));
#15481 = SURFACE_STYLE_FILL_AREA(#15482);
#15482 = FILL_AREA_STYLE('',(#15483));
#15483 = FILL_AREA_STYLE_COLOUR('',#12695);
#15484 = OVER_RIDING_STYLED_ITEM('overriding color',(#15485),#11800,
  #15454);
#15485 = PRESENTATION_STYLE_ASSIGNMENT((#15486));
#15486 = SURFACE_STYLE_USAGE(.BOTH.,#15487);
#15487 = SURFACE_SIDE_STYLE('',(#15488));
#15488 = SURFACE_STYLE_FILL_AREA(#15489);
#15489 = FILL_AREA_STYLE('',(#15490));
#15490 = FILL_AREA_STYLE_COLOUR('',#12695);
#15491 = OVER_RIDING_STYLED_ITEM('overriding color',(#15492),#11822,
  #15454);
#15492 = PRESENTATION_STYLE_ASSIGNMENT((#15493));
#15493 = SURFACE_STYLE_USAGE(.BOTH.,#15494);
#15494 = SURFACE_SIDE_STYLE('',(#15495));
#15495 = SURFACE_STYLE_FILL_AREA(#15496);
#15496 = FILL_AREA_STYLE('',(#15497));
#15497 = FILL_AREA_STYLE_COLOUR('',#12695);
#15498 = OVER_RIDING_STYLED_ITEM('overriding color',(#15499),#11834,
  #15454);
#15499 = PRESENTATION_STYLE_ASSIGNMENT((#15500));
#15500 = SURFACE_STYLE_USAGE(.BOTH.,#15501);
#15501 = SURFACE_SIDE_STYLE('',(#15502));
#15502 = SURFACE_STYLE_FILL_AREA(#15503);
#15503 = FILL_AREA_STYLE('',(#15504));
#15504 = FILL_AREA_STYLE_COLOUR('',#12695);
#15505 = STYLED_ITEM('color',(#15506),#11846);
#15506 = PRESENTATION_STYLE_ASSIGNMENT((#15507,#15512));
#15507 = SURFACE_STYLE_USAGE(.BOTH.,#15508);
#15508 = SURFACE_SIDE_STYLE('',(#15509));
#15509 = SURFACE_STYLE_FILL_AREA(#15510);
#15510 = FILL_AREA_STYLE('',(#15511));
#15511 = FILL_AREA_STYLE_COLOUR('',#14420);
#15512 = CURVE_STYLE('',#15513,POSITIVE_LENGTH_MEASURE(0.1),#14423);
#15513 = DRAUGHTING_PRE_DEFINED_CURVE_FONT('continuous');
#15514 = OVER_RIDING_STYLED_ITEM('overriding color',(#15515),#11848,
  #15505);
#15515 = PRESENTATION_STYLE_ASSIGNMENT((#15516));
#15516 = SURFACE_STYLE_USAGE(.BOTH.,#15517);
#15517 = SURFACE_SIDE_STYLE('',(#15518));
#15518 = SURFACE_STYLE_FILL_AREA(#15519);
#15519 = FILL_AREA_STYLE('',(#15520));
#15520 = FILL_AREA_STYLE_COLOUR('',#12695);
#15521 = OVER_RIDING_STYLED_ITEM('overriding color',(#15522),#11888,
  #15505);
#15522 = PRESENTATION_STYLE_ASSIGNMENT((#15523));
#15523 = SURFACE_STYLE_USAGE(.BOTH.,#15524);
#15524 = SURFACE_SIDE_STYLE('',(#15525));
#15525 = SURFACE_STYLE_FILL_AREA(#15526);
#15526 = FILL_AREA_STYLE('',(#15527));
#15527 = FILL_AREA_STYLE_COLOUR('',#12695);
#15528 = OVER_RIDING_STYLED_ITEM('overriding color',(#15529),#11928,
  #15505);
#15529 = PRESENTATION_STYLE_ASSIGNMENT((#15530));
#15530 = SURFACE_STYLE_USAGE(.BOTH.,#15531);
#15531 = SURFACE_SIDE_STYLE('',(#15532));
#15532 = SURFACE_STYLE_FILL_AREA(#15533);
#15533 = FILL_AREA_STYLE('',(#15534));
#15534 = FILL_AREA_STYLE_COLOUR('',#12695);
#15535 = OVER_RIDING_STYLED_ITEM('overriding color',(#15536),#11950,
  #15505);
#15536 = PRESENTATION_STYLE_ASSIGNMENT((#15537));
#15537 = SURFACE_STYLE_USAGE(.BOTH.,#15538);
#15538 = SURFACE_SIDE_STYLE('',(#15539));
#15539 = SURFACE_STYLE_FILL_AREA(#15540);
#15540 = FILL_AREA_STYLE('',(#15541));
#15541 = FILL_AREA_STYLE_COLOUR('',#12695);
#15542 = OVER_RIDING_STYLED_ITEM('overriding color',(#15543),#11972,
  #15505);
#15543 = PRESENTATION_STYLE_ASSIGNMENT((#15544));
#15544 = SURFACE_STYLE_USAGE(.BOTH.,#15545);
#15545 = SURFACE_SIDE_STYLE('',(#15546));
#15546 = SURFACE_STYLE_FILL_AREA(#15547);
#15547 = FILL_AREA_STYLE('',(#15548));
#15548 = FILL_AREA_STYLE_COLOUR('',#12695);
#15549 = OVER_RIDING_STYLED_ITEM('overriding color',(#15550),#11984,
  #15505);
#15550 = PRESENTATION_STYLE_ASSIGNMENT((#15551));
#15551 = SURFACE_STYLE_USAGE(.BOTH.,#15552);
#15552 = SURFACE_SIDE_STYLE('',(#15553));
#15553 = SURFACE_STYLE_FILL_AREA(#15554);
#15554 = FILL_AREA_STYLE('',(#15555));
#15555 = FILL_AREA_STYLE_COLOUR('',#12695);
#15556 = MECHANICAL_DESIGN_GEOMETRIC_PRESENTATION_REPRESENTATION('',(
    #15557,#15564,#15571,#15578,#15585,#15592,#15599,#15606,#15613,
    #15620,#15627,#15634,#15641,#15648,#15655,#15662,#15669,#15676,
    #15683,#15690,#15697,#15704,#15711,#15718,#15725,#15732,#15739,
    #15746),#947);
#15557 = STYLED_ITEM('color',(#15558),#95);
#15558 = PRESENTATION_STYLE_ASSIGNMENT((#15559));
#15559 = SURFACE_STYLE_USAGE(.BOTH.,#15560);
#15560 = SURFACE_SIDE_STYLE('',(#15561));
#15561 = SURFACE_STYLE_FILL_AREA(#15562);
#15562 = FILL_AREA_STYLE('',(#15563));
#15563 = FILL_AREA_STYLE_COLOUR('',#12999);
#15564 = STYLED_ITEM('color',(#15565),#171);
#15565 = PRESENTATION_STYLE_ASSIGNMENT((#15566));
#15566 = SURFACE_STYLE_USAGE(.BOTH.,#15567);
#15567 = SURFACE_SIDE_STYLE('',(#15568));
#15568 = SURFACE_STYLE_FILL_AREA(#15569);
#15569 = FILL_AREA_STYLE('',(#15570));
#15570 = FILL_AREA_STYLE_COLOUR('',#12999);
#15571 = STYLED_ITEM('color',(#15572),#202);
#15572 = PRESENTATION_STYLE_ASSIGNMENT((#15573));
#15573 = SURFACE_STYLE_USAGE(.BOTH.,#15574);
#15574 = SURFACE_SIDE_STYLE('',(#15575));
#15575 = SURFACE_STYLE_FILL_AREA(#15576);
#15576 = FILL_AREA_STYLE('',(#15577));
#15577 = FILL_AREA_STYLE_COLOUR('',#12999);
#15578 = STYLED_ITEM('color',(#15579),#227);
#15579 = PRESENTATION_STYLE_ASSIGNMENT((#15580));
#15580 = SURFACE_STYLE_USAGE(.BOTH.,#15581);
#15581 = SURFACE_SIDE_STYLE('',(#15582));
#15582 = SURFACE_STYLE_FILL_AREA(#15583);
#15583 = FILL_AREA_STYLE('',(#15584));
#15584 = FILL_AREA_STYLE_COLOUR('',#12999);
#15585 = STYLED_ITEM('color',(#15586),#252);
#15586 = PRESENTATION_STYLE_ASSIGNMENT((#15587));
#15587 = SURFACE_STYLE_USAGE(.BOTH.,#15588);
#15588 = SURFACE_SIDE_STYLE('',(#15589));
#15589 = SURFACE_STYLE_FILL_AREA(#15590);
#15590 = FILL_AREA_STYLE('',(#15591));
#15591 = FILL_AREA_STYLE_COLOUR('',#12999);
#15592 = STYLED_ITEM('color',(#15593),#276);
#15593 = PRESENTATION_STYLE_ASSIGNMENT((#15594));
#15594 = SURFACE_STYLE_USAGE(.BOTH.,#15595);
#15595 = SURFACE_SIDE_STYLE('',(#15596));
#15596 = SURFACE_STYLE_FILL_AREA(#15597);
#15597 = FILL_AREA_STYLE('',(#15598));
#15598 = FILL_AREA_STYLE_COLOUR('',#12999);
#15599 = STYLED_ITEM('color',(#15600),#300);
#15600 = PRESENTATION_STYLE_ASSIGNMENT((#15601));
#15601 = SURFACE_STYLE_USAGE(.BOTH.,#15602);
#15602 = SURFACE_SIDE_STYLE('',(#15603));
#15603 = SURFACE_STYLE_FILL_AREA(#15604);
#15604 = FILL_AREA_STYLE('',(#15605));
#15605 = FILL_AREA_STYLE_COLOUR('',#12999);
#15606 = STYLED_ITEM('color',(#15607),#325);
#15607 = PRESENTATION_STYLE_ASSIGNMENT((#15608));
#15608 = SURFACE_STYLE_USAGE(.BOTH.,#15609);
#15609 = SURFACE_SIDE_STYLE('',(#15610));
#15610 = SURFACE_STYLE_FILL_AREA(#15611);
#15611 = FILL_AREA_STYLE('',(#15612));
#15612 = FILL_AREA_STYLE_COLOUR('',#12999);
#15613 = STYLED_ITEM('color',(#15614),#350);
#15614 = PRESENTATION_STYLE_ASSIGNMENT((#15615));
#15615 = SURFACE_STYLE_USAGE(.BOTH.,#15616);
#15616 = SURFACE_SIDE_STYLE('',(#15617));
#15617 = SURFACE_STYLE_FILL_AREA(#15618);
#15618 = FILL_AREA_STYLE('',(#15619));
#15619 = FILL_AREA_STYLE_COLOUR('',#12999);
#15620 = STYLED_ITEM('color',(#15621),#367);
#15621 = PRESENTATION_STYLE_ASSIGNMENT((#15622));
#15622 = SURFACE_STYLE_USAGE(.BOTH.,#15623);
#15623 = SURFACE_SIDE_STYLE('',(#15624));
#15624 = SURFACE_STYLE_FILL_AREA(#15625);
#15625 = FILL_AREA_STYLE('',(#15626));
#15626 = FILL_AREA_STYLE_COLOUR('',#12999);
#15627 = STYLED_ITEM('color',(#15628),#453);
#15628 = PRESENTATION_STYLE_ASSIGNMENT((#15629));
#15629 = SURFACE_STYLE_USAGE(.BOTH.,#15630);
#15630 = SURFACE_SIDE_STYLE('',(#15631));
#15631 = SURFACE_STYLE_FILL_AREA(#15632);
#15632 = FILL_AREA_STYLE('',(#15633));
#15633 = FILL_AREA_STYLE_COLOUR('',#14292);
#15634 = STYLED_ITEM('color',(#15635),#485);
#15635 = PRESENTATION_STYLE_ASSIGNMENT((#15636));
#15636 = SURFACE_STYLE_USAGE(.BOTH.,#15637);
#15637 = SURFACE_SIDE_STYLE('',(#15638));
#15638 = SURFACE_STYLE_FILL_AREA(#15639);
#15639 = FILL_AREA_STYLE('',(#15640));
#15640 = FILL_AREA_STYLE_COLOUR('',#14292);
#15641 = STYLED_ITEM('color',(#15642),#509);
#15642 = PRESENTATION_STYLE_ASSIGNMENT((#15643));
#15643 = SURFACE_STYLE_USAGE(.BOTH.,#15644);
#15644 = SURFACE_SIDE_STYLE('',(#15645));
#15645 = SURFACE_STYLE_FILL_AREA(#15646);
#15646 = FILL_AREA_STYLE('',(#15647));
#15647 = FILL_AREA_STYLE_COLOUR('',#14292);
#15648 = STYLED_ITEM('color',(#15649),#534);
#15649 = PRESENTATION_STYLE_ASSIGNMENT((#15650));
#15650 = SURFACE_STYLE_USAGE(.BOTH.,#15651);
#15651 = SURFACE_SIDE_STYLE('',(#15652));
#15652 = SURFACE_STYLE_FILL_AREA(#15653);
#15653 = FILL_AREA_STYLE('',(#15654));
#15654 = FILL_AREA_STYLE_COLOUR('',#14292);
#15655 = STYLED_ITEM('color',(#15656),#558);
#15656 = PRESENTATION_STYLE_ASSIGNMENT((#15657));
#15657 = SURFACE_STYLE_USAGE(.BOTH.,#15658);
#15658 = SURFACE_SIDE_STYLE('',(#15659));
#15659 = SURFACE_STYLE_FILL_AREA(#15660);
#15660 = FILL_AREA_STYLE('',(#15661));
#15661 = FILL_AREA_STYLE_COLOUR('',#14292);
#15662 = STYLED_ITEM('color',(#15663),#583);
#15663 = PRESENTATION_STYLE_ASSIGNMENT((#15664));
#15664 = SURFACE_STYLE_USAGE(.BOTH.,#15665);
#15665 = SURFACE_SIDE_STYLE('',(#15666));
#15666 = SURFACE_STYLE_FILL_AREA(#15667);
#15667 = FILL_AREA_STYLE('',(#15668));
#15668 = FILL_AREA_STYLE_COLOUR('',#14292);
#15669 = STYLED_ITEM('color',(#15670),#607);
#15670 = PRESENTATION_STYLE_ASSIGNMENT((#15671));
#15671 = SURFACE_STYLE_USAGE(.BOTH.,#15672);
#15672 = SURFACE_SIDE_STYLE('',(#15673));
#15673 = SURFACE_STYLE_FILL_AREA(#15674);
#15674 = FILL_AREA_STYLE('',(#15675));
#15675 = FILL_AREA_STYLE_COLOUR('',#14292);
#15676 = STYLED_ITEM('color',(#15677),#632);
#15677 = PRESENTATION_STYLE_ASSIGNMENT((#15678));
#15678 = SURFACE_STYLE_USAGE(.BOTH.,#15679);
#15679 = SURFACE_SIDE_STYLE('',(#15680));
#15680 = SURFACE_STYLE_FILL_AREA(#15681);
#15681 = FILL_AREA_STYLE('',(#15682));
#15682 = FILL_AREA_STYLE_COLOUR('',#14292);
#15683 = STYLED_ITEM('color',(#15684),#649);
#15684 = PRESENTATION_STYLE_ASSIGNMENT((#15685));
#15685 = SURFACE_STYLE_USAGE(.BOTH.,#15686);
#15686 = SURFACE_SIDE_STYLE('',(#15687));
#15687 = SURFACE_STYLE_FILL_AREA(#15688);
#15688 = FILL_AREA_STYLE('',(#15689));
#15689 = FILL_AREA_STYLE_COLOUR('',#12999);
#15690 = STYLED_ITEM('color',(#15691),#735);
#15691 = PRESENTATION_STYLE_ASSIGNMENT((#15692));
#15692 = SURFACE_STYLE_USAGE(.BOTH.,#15693);
#15693 = SURFACE_SIDE_STYLE('',(#15694));
#15694 = SURFACE_STYLE_FILL_AREA(#15695);
#15695 = FILL_AREA_STYLE('',(#15696));
#15696 = FILL_AREA_STYLE_COLOUR('',#12999);
#15697 = STYLED_ITEM('color',(#15698),#766);
#15698 = PRESENTATION_STYLE_ASSIGNMENT((#15699));
#15699 = SURFACE_STYLE_USAGE(.BOTH.,#15700);
#15700 = SURFACE_SIDE_STYLE('',(#15701));
#15701 = SURFACE_STYLE_FILL_AREA(#15702);
#15702 = FILL_AREA_STYLE('',(#15703));
#15703 = FILL_AREA_STYLE_COLOUR('',#12999);
#15704 = STYLED_ITEM('color',(#15705),#791);
#15705 = PRESENTATION_STYLE_ASSIGNMENT((#15706));
#15706 = SURFACE_STYLE_USAGE(.BOTH.,#15707);
#15707 = SURFACE_SIDE_STYLE('',(#15708));
#15708 = SURFACE_STYLE_FILL_AREA(#15709);
#15709 = FILL_AREA_STYLE('',(#15710));
#15710 = FILL_AREA_STYLE_COLOUR('',#12999);
#15711 = STYLED_ITEM('color',(#15712),#816);
#15712 = PRESENTATION_STYLE_ASSIGNMENT((#15713));
#15713 = SURFACE_STYLE_USAGE(.BOTH.,#15714);
#15714 = SURFACE_SIDE_STYLE('',(#15715));
#15715 = SURFACE_STYLE_FILL_AREA(#15716);
#15716 = FILL_AREA_STYLE('',(#15717));
#15717 = FILL_AREA_STYLE_COLOUR('',#12999);
#15718 = STYLED_ITEM('color',(#15719),#840);
#15719 = PRESENTATION_STYLE_ASSIGNMENT((#15720));
#15720 = SURFACE_STYLE_USAGE(.BOTH.,#15721);
#15721 = SURFACE_SIDE_STYLE('',(#15722));
#15722 = SURFACE_STYLE_FILL_AREA(#15723);
#15723 = FILL_AREA_STYLE('',(#15724));
#15724 = FILL_AREA_STYLE_COLOUR('',#12999);
#15725 = STYLED_ITEM('color',(#15726),#864);
#15726 = PRESENTATION_STYLE_ASSIGNMENT((#15727));
#15727 = SURFACE_STYLE_USAGE(.BOTH.,#15728);
#15728 = SURFACE_SIDE_STYLE('',(#15729));
#15729 = SURFACE_STYLE_FILL_AREA(#15730);
#15730 = FILL_AREA_STYLE('',(#15731));
#15731 = FILL_AREA_STYLE_COLOUR('',#12999);
#15732 = STYLED_ITEM('color',(#15733),#889);
#15733 = PRESENTATION_STYLE_ASSIGNMENT((#15734));
#15734 = SURFACE_STYLE_USAGE(.BOTH.,#15735);
#15735 = SURFACE_SIDE_STYLE('',(#15736));
#15736 = SURFACE_STYLE_FILL_AREA(#15737);
#15737 = FILL_AREA_STYLE('',(#15738));
#15738 = FILL_AREA_STYLE_COLOUR('',#12999);
#15739 = STYLED_ITEM('color',(#15740),#914);
#15740 = PRESENTATION_STYLE_ASSIGNMENT((#15741));
#15741 = SURFACE_STYLE_USAGE(.BOTH.,#15742);
#15742 = SURFACE_SIDE_STYLE('',(#15743));
#15743 = SURFACE_STYLE_FILL_AREA(#15744);
#15744 = FILL_AREA_STYLE('',(#15745));
#15745 = FILL_AREA_STYLE_COLOUR('',#12999);
#15746 = STYLED_ITEM('color',(#15747),#931);
#15747 = PRESENTATION_STYLE_ASSIGNMENT((#15748));
#15748 = SURFACE_STYLE_USAGE(.BOTH.,#15749);
#15749 = SURFACE_SIDE_STYLE('',(#15750));
#15750 = SURFACE_STYLE_FILL_AREA(#15751);
#15751 = FILL_AREA_STYLE('',(#15752));
#15752 = FILL_AREA_STYLE_COLOUR('',#12999);
ENDSEC;
END-ISO-10303-21;
